
===========================================================================
report_checks -path_delay max (Setup)
============================================================================
======================= nom_tt_025C_1v80 Corner ===================================

Startpoint: uio_in[1] (input port clocked by clk)
Endpoint: _1237_ (rising edge-triggered flip-flop clocked by clk)
Path Group: clk
Path Type: max

Fanout         Cap        Slew       Delay        Time   Description
---------------------------------------------------------------------------------------------
                      0.150000    0.000000    0.000000   clock clk (rise edge)
                                  0.000000    0.000000   clock network delay (ideal)
                                  4.000000    4.000000 v input external delay
     3    0.007207    0.018830    0.012222    4.012222 v uio_in[1] (in)
                                                         uio_in[1] (net)
                      0.018830    0.000000    4.012222 v _0527_/A_N (sky130_fd_sc_hd__nand3b_2)
     2    0.005539    0.071598    0.202796    4.215017 v _0527_/Y (sky130_fd_sc_hd__nand3b_2)
                                                         _0204_ (net)
                      0.071598    0.000000    4.215017 v _0548_/B (sky130_fd_sc_hd__nor2_2)
    75    0.264599    2.713265    2.112248    6.327266 ^ _0548_/Y (sky130_fd_sc_hd__nor2_2)
                                                         _0218_ (net)
                      2.713265    0.000000    6.327266 ^ _0954_/B (sky130_fd_sc_hd__nor2_2)
    11    0.022480    0.440788    0.263710    6.590976 v _0954_/Y (sky130_fd_sc_hd__nor2_2)
                                                         _0486_ (net)
                      0.440788    0.000000    6.590976 v _1040_/D (sky130_fd_sc_hd__or4_2)
     1    0.001290    0.090103    0.684847    7.275823 v _1040_/X (sky130_fd_sc_hd__or4_2)
                                                         _0523_ (net)
                      0.090103    0.000000    7.275823 v _1041_/B1_N (sky130_fd_sc_hd__a21bo_2)
     1    0.002005    0.038370    0.205578    7.481400 ^ _1041_/X (sky130_fd_sc_hd__a21bo_2)
                                                         _0194_ (net)
                      0.038370    0.000000    7.481400 ^ _1237_/D (sky130_fd_sc_hd__dfrtp_2)
                                              7.481400   data arrival time

                      0.150000   20.000000   20.000000   clock clk (rise edge)
                                  0.000000   20.000000   clock network delay (ideal)
                                 -0.250000   19.750002   clock uncertainty
                                  0.000000   19.750002   clock reconvergence pessimism
                                             19.750002 ^ _1237_/CLK (sky130_fd_sc_hd__dfrtp_2)
                                 -0.045972   19.704029   library setup time
                                             19.704029   data required time
---------------------------------------------------------------------------------------------
                                             19.704029   data required time
                                             -7.481400   data arrival time
---------------------------------------------------------------------------------------------
                                             12.222629   slack (MET)


Startpoint: uio_in[1] (input port clocked by clk)
Endpoint: _1236_ (rising edge-triggered flip-flop clocked by clk)
Path Group: clk
Path Type: max

Fanout         Cap        Slew       Delay        Time   Description
---------------------------------------------------------------------------------------------
                      0.150000    0.000000    0.000000   clock clk (rise edge)
                                  0.000000    0.000000   clock network delay (ideal)
                                  4.000000    4.000000 v input external delay
     3    0.007207    0.018830    0.012222    4.012222 v uio_in[1] (in)
                                                         uio_in[1] (net)
                      0.018830    0.000000    4.012222 v _0527_/A_N (sky130_fd_sc_hd__nand3b_2)
     2    0.005539    0.071598    0.202796    4.215017 v _0527_/Y (sky130_fd_sc_hd__nand3b_2)
                                                         _0204_ (net)
                      0.071598    0.000000    4.215017 v _0548_/B (sky130_fd_sc_hd__nor2_2)
    75    0.264599    2.713265    2.112248    6.327266 ^ _0548_/Y (sky130_fd_sc_hd__nor2_2)
                                                         _0218_ (net)
                      2.713265    0.000000    6.327266 ^ _0954_/B (sky130_fd_sc_hd__nor2_2)
    11    0.022480    0.440788    0.263710    6.590976 v _0954_/Y (sky130_fd_sc_hd__nor2_2)
                                                         _0486_ (net)
                      0.440788    0.000000    6.590976 v _1038_/C (sky130_fd_sc_hd__or3_2)
     1    0.001290    0.068500    0.562166    7.153142 v _1038_/X (sky130_fd_sc_hd__or3_2)
                                                         _0522_ (net)
                      0.068500    0.000000    7.153142 v _1039_/B1_N (sky130_fd_sc_hd__a21bo_2)
     1    0.002005    0.038542    0.195196    7.348339 ^ _1039_/X (sky130_fd_sc_hd__a21bo_2)
                                                         _0193_ (net)
                      0.038542    0.000000    7.348339 ^ _1236_/D (sky130_fd_sc_hd__dfrtp_2)
                                              7.348339   data arrival time

                      0.150000   20.000000   20.000000   clock clk (rise edge)
                                  0.000000   20.000000   clock network delay (ideal)
                                 -0.250000   19.750002   clock uncertainty
                                  0.000000   19.750002   clock reconvergence pessimism
                                             19.750002 ^ _1236_/CLK (sky130_fd_sc_hd__dfrtp_2)
                                 -0.046011   19.703991   library setup time
                                             19.703991   data required time
---------------------------------------------------------------------------------------------
                                             19.703991   data required time
                                             -7.348339   data arrival time
---------------------------------------------------------------------------------------------
                                             12.355651   slack (MET)


Startpoint: rst_n (input port clocked by clk)
Endpoint: _1050_ (recovery check against rising-edge clock clk)
Path Group: asynchronous
Path Type: max

Fanout         Cap        Slew       Delay        Time   Description
---------------------------------------------------------------------------------------------
                      0.150000    0.000000    0.000000   clock clk (rise edge)
                                  0.000000    0.000000   clock network delay (ideal)
                                  4.000000    4.000000 ^ input external delay
   202    0.726937    3.254360    2.334211    6.334211 ^ rst_n (in)
                                                         rst_n (net)
                      3.254360    0.000000    6.334211 ^ _1050_/RESET_B (sky130_fd_sc_hd__dfrtp_2)
                                              6.334211   data arrival time

                      0.150000   20.000000   20.000000   clock clk (rise edge)
                                  0.000000   20.000000   clock network delay (ideal)
                                 -0.250000   19.750002   clock uncertainty
                                  0.000000   19.750002   clock reconvergence pessimism
                                             19.750002 ^ _1050_/CLK (sky130_fd_sc_hd__dfrtp_2)
                                 -0.820639   18.929361   library recovery time
                                             18.929361   data required time
---------------------------------------------------------------------------------------------
                                             18.929361   data required time
                                             -6.334211   data arrival time
---------------------------------------------------------------------------------------------
                                             12.595151   slack (MET)


Startpoint: rst_n (input port clocked by clk)
Endpoint: _1051_ (recovery check against rising-edge clock clk)
Path Group: asynchronous
Path Type: max

Fanout         Cap        Slew       Delay        Time   Description
---------------------------------------------------------------------------------------------
                      0.150000    0.000000    0.000000   clock clk (rise edge)
                                  0.000000    0.000000   clock network delay (ideal)
                                  4.000000    4.000000 ^ input external delay
   202    0.726937    3.254360    2.334211    6.334211 ^ rst_n (in)
                                                         rst_n (net)
                      3.254360    0.000000    6.334211 ^ _1051_/RESET_B (sky130_fd_sc_hd__dfrtp_2)
                                              6.334211   data arrival time

                      0.150000   20.000000   20.000000   clock clk (rise edge)
                                  0.000000   20.000000   clock network delay (ideal)
                                 -0.250000   19.750002   clock uncertainty
                                  0.000000   19.750002   clock reconvergence pessimism
                                             19.750002 ^ _1051_/CLK (sky130_fd_sc_hd__dfrtp_2)
                                 -0.820639   18.929361   library recovery time
                                             18.929361   data required time
---------------------------------------------------------------------------------------------
                                             18.929361   data required time
                                             -6.334211   data arrival time
---------------------------------------------------------------------------------------------
                                             12.595151   slack (MET)


Startpoint: rst_n (input port clocked by clk)
Endpoint: _1053_ (recovery check against rising-edge clock clk)
Path Group: asynchronous
Path Type: max

Fanout         Cap        Slew       Delay        Time   Description
---------------------------------------------------------------------------------------------
                      0.150000    0.000000    0.000000   clock clk (rise edge)
                                  0.000000    0.000000   clock network delay (ideal)
                                  4.000000    4.000000 ^ input external delay
   202    0.726937    3.254360    2.334211    6.334211 ^ rst_n (in)
                                                         rst_n (net)
                      3.254360    0.000000    6.334211 ^ _1053_/RESET_B (sky130_fd_sc_hd__dfrtp_2)
                                              6.334211   data arrival time

                      0.150000   20.000000   20.000000   clock clk (rise edge)
                                  0.000000   20.000000   clock network delay (ideal)
                                 -0.250000   19.750002   clock uncertainty
                                  0.000000   19.750002   clock reconvergence pessimism
                                             19.750002 ^ _1053_/CLK (sky130_fd_sc_hd__dfrtp_2)
                                 -0.820639   18.929361   library recovery time
                                             18.929361   data required time
---------------------------------------------------------------------------------------------
                                             18.929361   data required time
                                             -6.334211   data arrival time
---------------------------------------------------------------------------------------------
                                             12.595151   slack (MET)


Startpoint: rst_n (input port clocked by clk)
Endpoint: _1054_ (recovery check against rising-edge clock clk)
Path Group: asynchronous
Path Type: max

Fanout         Cap        Slew       Delay        Time   Description
---------------------------------------------------------------------------------------------
                      0.150000    0.000000    0.000000   clock clk (rise edge)
                                  0.000000    0.000000   clock network delay (ideal)
                                  4.000000    4.000000 ^ input external delay
   202    0.726937    3.254360    2.334211    6.334211 ^ rst_n (in)
                                                         rst_n (net)
                      3.254360    0.000000    6.334211 ^ _1054_/RESET_B (sky130_fd_sc_hd__dfrtp_2)
                                              6.334211   data arrival time

                      0.150000   20.000000   20.000000   clock clk (rise edge)
                                  0.000000   20.000000   clock network delay (ideal)
                                 -0.250000   19.750002   clock uncertainty
                                  0.000000   19.750002   clock reconvergence pessimism
                                             19.750002 ^ _1054_/CLK (sky130_fd_sc_hd__dfrtp_2)
                                 -0.820639   18.929361   library recovery time
                                             18.929361   data required time
---------------------------------------------------------------------------------------------
                                             18.929361   data required time
                                             -6.334211   data arrival time
---------------------------------------------------------------------------------------------
                                             12.595151   slack (MET)


Startpoint: rst_n (input port clocked by clk)
Endpoint: _1055_ (recovery check against rising-edge clock clk)
Path Group: asynchronous
Path Type: max

Fanout         Cap        Slew       Delay        Time   Description
---------------------------------------------------------------------------------------------
                      0.150000    0.000000    0.000000   clock clk (rise edge)
                                  0.000000    0.000000   clock network delay (ideal)
                                  4.000000    4.000000 ^ input external delay
   202    0.726937    3.254360    2.334211    6.334211 ^ rst_n (in)
                                                         rst_n (net)
                      3.254360    0.000000    6.334211 ^ _1055_/RESET_B (sky130_fd_sc_hd__dfrtp_2)
                                              6.334211   data arrival time

                      0.150000   20.000000   20.000000   clock clk (rise edge)
                                  0.000000   20.000000   clock network delay (ideal)
                                 -0.250000   19.750002   clock uncertainty
                                  0.000000   19.750002   clock reconvergence pessimism
                                             19.750002 ^ _1055_/CLK (sky130_fd_sc_hd__dfrtp_2)
                                 -0.820639   18.929361   library recovery time
                                             18.929361   data required time
---------------------------------------------------------------------------------------------
                                             18.929361   data required time
                                             -6.334211   data arrival time
---------------------------------------------------------------------------------------------
                                             12.595151   slack (MET)


Startpoint: rst_n (input port clocked by clk)
Endpoint: _1056_ (recovery check against rising-edge clock clk)
Path Group: asynchronous
Path Type: max

Fanout         Cap        Slew       Delay        Time   Description
---------------------------------------------------------------------------------------------
                      0.150000    0.000000    0.000000   clock clk (rise edge)
                                  0.000000    0.000000   clock network delay (ideal)
                                  4.000000    4.000000 ^ input external delay
   202    0.726937    3.254360    2.334211    6.334211 ^ rst_n (in)
                                                         rst_n (net)
                      3.254360    0.000000    6.334211 ^ _1056_/RESET_B (sky130_fd_sc_hd__dfrtp_2)
                                              6.334211   data arrival time

                      0.150000   20.000000   20.000000   clock clk (rise edge)
                                  0.000000   20.000000   clock network delay (ideal)
                                 -0.250000   19.750002   clock uncertainty
                                  0.000000   19.750002   clock reconvergence pessimism
                                             19.750002 ^ _1056_/CLK (sky130_fd_sc_hd__dfrtp_2)
                                 -0.820639   18.929361   library recovery time
                                             18.929361   data required time
---------------------------------------------------------------------------------------------
                                             18.929361   data required time
                                             -6.334211   data arrival time
---------------------------------------------------------------------------------------------
                                             12.595151   slack (MET)


Startpoint: rst_n (input port clocked by clk)
Endpoint: _1057_ (recovery check against rising-edge clock clk)
Path Group: asynchronous
Path Type: max

Fanout         Cap        Slew       Delay        Time   Description
---------------------------------------------------------------------------------------------
                      0.150000    0.000000    0.000000   clock clk (rise edge)
                                  0.000000    0.000000   clock network delay (ideal)
                                  4.000000    4.000000 ^ input external delay
   202    0.726937    3.254360    2.334211    6.334211 ^ rst_n (in)
                                                         rst_n (net)
                      3.254360    0.000000    6.334211 ^ _1057_/RESET_B (sky130_fd_sc_hd__dfrtp_2)
                                              6.334211   data arrival time

                      0.150000   20.000000   20.000000   clock clk (rise edge)
                                  0.000000   20.000000   clock network delay (ideal)
                                 -0.250000   19.750002   clock uncertainty
                                  0.000000   19.750002   clock reconvergence pessimism
                                             19.750002 ^ _1057_/CLK (sky130_fd_sc_hd__dfrtp_2)
                                 -0.820639   18.929361   library recovery time
                                             18.929361   data required time
---------------------------------------------------------------------------------------------
                                             18.929361   data required time
                                             -6.334211   data arrival time
---------------------------------------------------------------------------------------------
                                             12.595151   slack (MET)


Startpoint: rst_n (input port clocked by clk)
Endpoint: _1058_ (recovery check against rising-edge clock clk)
Path Group: asynchronous
Path Type: max

Fanout         Cap        Slew       Delay        Time   Description
---------------------------------------------------------------------------------------------
                      0.150000    0.000000    0.000000   clock clk (rise edge)
                                  0.000000    0.000000   clock network delay (ideal)
                                  4.000000    4.000000 ^ input external delay
   202    0.726937    3.254360    2.334211    6.334211 ^ rst_n (in)
                                                         rst_n (net)
                      3.254360    0.000000    6.334211 ^ _1058_/RESET_B (sky130_fd_sc_hd__dfrtp_2)
                                              6.334211   data arrival time

                      0.150000   20.000000   20.000000   clock clk (rise edge)
                                  0.000000   20.000000   clock network delay (ideal)
                                 -0.250000   19.750002   clock uncertainty
                                  0.000000   19.750002   clock reconvergence pessimism
                                             19.750002 ^ _1058_/CLK (sky130_fd_sc_hd__dfrtp_2)
                                 -0.820639   18.929361   library recovery time
                                             18.929361   data required time
---------------------------------------------------------------------------------------------
                                             18.929361   data required time
                                             -6.334211   data arrival time
---------------------------------------------------------------------------------------------
                                             12.595151   slack (MET)


Startpoint: rst_n (input port clocked by clk)
Endpoint: _1059_ (recovery check against rising-edge clock clk)
Path Group: asynchronous
Path Type: max

Fanout         Cap        Slew       Delay        Time   Description
---------------------------------------------------------------------------------------------
                      0.150000    0.000000    0.000000   clock clk (rise edge)
                                  0.000000    0.000000   clock network delay (ideal)
                                  4.000000    4.000000 ^ input external delay
   202    0.726937    3.254360    2.334211    6.334211 ^ rst_n (in)
                                                         rst_n (net)
                      3.254360    0.000000    6.334211 ^ _1059_/RESET_B (sky130_fd_sc_hd__dfrtp_2)
                                              6.334211   data arrival time

                      0.150000   20.000000   20.000000   clock clk (rise edge)
                                  0.000000   20.000000   clock network delay (ideal)
                                 -0.250000   19.750002   clock uncertainty
                                  0.000000   19.750002   clock reconvergence pessimism
                                             19.750002 ^ _1059_/CLK (sky130_fd_sc_hd__dfrtp_2)
                                 -0.820639   18.929361   library recovery time
                                             18.929361   data required time
---------------------------------------------------------------------------------------------
                                             18.929361   data required time
                                             -6.334211   data arrival time
---------------------------------------------------------------------------------------------
                                             12.595151   slack (MET)


Startpoint: rst_n (input port clocked by clk)
Endpoint: _1060_ (recovery check against rising-edge clock clk)
Path Group: asynchronous
Path Type: max

Fanout         Cap        Slew       Delay        Time   Description
---------------------------------------------------------------------------------------------
                      0.150000    0.000000    0.000000   clock clk (rise edge)
                                  0.000000    0.000000   clock network delay (ideal)
                                  4.000000    4.000000 ^ input external delay
   202    0.726937    3.254360    2.334211    6.334211 ^ rst_n (in)
                                                         rst_n (net)
                      3.254360    0.000000    6.334211 ^ _1060_/RESET_B (sky130_fd_sc_hd__dfrtp_2)
                                              6.334211   data arrival time

                      0.150000   20.000000   20.000000   clock clk (rise edge)
                                  0.000000   20.000000   clock network delay (ideal)
                                 -0.250000   19.750002   clock uncertainty
                                  0.000000   19.750002   clock reconvergence pessimism
                                             19.750002 ^ _1060_/CLK (sky130_fd_sc_hd__dfrtp_2)
                                 -0.820639   18.929361   library recovery time
                                             18.929361   data required time
---------------------------------------------------------------------------------------------
                                             18.929361   data required time
                                             -6.334211   data arrival time
---------------------------------------------------------------------------------------------
                                             12.595151   slack (MET)


Startpoint: rst_n (input port clocked by clk)
Endpoint: _1062_ (recovery check against rising-edge clock clk)
Path Group: asynchronous
Path Type: max

Fanout         Cap        Slew       Delay        Time   Description
---------------------------------------------------------------------------------------------
                      0.150000    0.000000    0.000000   clock clk (rise edge)
                                  0.000000    0.000000   clock network delay (ideal)
                                  4.000000    4.000000 ^ input external delay
   202    0.726937    3.254360    2.334211    6.334211 ^ rst_n (in)
                                                         rst_n (net)
                      3.254360    0.000000    6.334211 ^ _1062_/RESET_B (sky130_fd_sc_hd__dfrtp_2)
                                              6.334211   data arrival time

                      0.150000   20.000000   20.000000   clock clk (rise edge)
                                  0.000000   20.000000   clock network delay (ideal)
                                 -0.250000   19.750002   clock uncertainty
                                  0.000000   19.750002   clock reconvergence pessimism
                                             19.750002 ^ _1062_/CLK (sky130_fd_sc_hd__dfrtp_2)
                                 -0.820639   18.929361   library recovery time
                                             18.929361   data required time
---------------------------------------------------------------------------------------------
                                             18.929361   data required time
                                             -6.334211   data arrival time
---------------------------------------------------------------------------------------------
                                             12.595151   slack (MET)


Startpoint: rst_n (input port clocked by clk)
Endpoint: _1063_ (recovery check against rising-edge clock clk)
Path Group: asynchronous
Path Type: max

Fanout         Cap        Slew       Delay        Time   Description
---------------------------------------------------------------------------------------------
                      0.150000    0.000000    0.000000   clock clk (rise edge)
                                  0.000000    0.000000   clock network delay (ideal)
                                  4.000000    4.000000 ^ input external delay
   202    0.726937    3.254360    2.334211    6.334211 ^ rst_n (in)
                                                         rst_n (net)
                      3.254360    0.000000    6.334211 ^ _1063_/RESET_B (sky130_fd_sc_hd__dfrtp_2)
                                              6.334211   data arrival time

                      0.150000   20.000000   20.000000   clock clk (rise edge)
                                  0.000000   20.000000   clock network delay (ideal)
                                 -0.250000   19.750002   clock uncertainty
                                  0.000000   19.750002   clock reconvergence pessimism
                                             19.750002 ^ _1063_/CLK (sky130_fd_sc_hd__dfrtp_2)
                                 -0.820639   18.929361   library recovery time
                                             18.929361   data required time
---------------------------------------------------------------------------------------------
                                             18.929361   data required time
                                             -6.334211   data arrival time
---------------------------------------------------------------------------------------------
                                             12.595151   slack (MET)


Startpoint: rst_n (input port clocked by clk)
Endpoint: _1064_ (recovery check against rising-edge clock clk)
Path Group: asynchronous
Path Type: max

Fanout         Cap        Slew       Delay        Time   Description
---------------------------------------------------------------------------------------------
                      0.150000    0.000000    0.000000   clock clk (rise edge)
                                  0.000000    0.000000   clock network delay (ideal)
                                  4.000000    4.000000 ^ input external delay
   202    0.726937    3.254360    2.334211    6.334211 ^ rst_n (in)
                                                         rst_n (net)
                      3.254360    0.000000    6.334211 ^ _1064_/RESET_B (sky130_fd_sc_hd__dfrtp_2)
                                              6.334211   data arrival time

                      0.150000   20.000000   20.000000   clock clk (rise edge)
                                  0.000000   20.000000   clock network delay (ideal)
                                 -0.250000   19.750002   clock uncertainty
                                  0.000000   19.750002   clock reconvergence pessimism
                                             19.750002 ^ _1064_/CLK (sky130_fd_sc_hd__dfrtp_2)
                                 -0.820639   18.929361   library recovery time
                                             18.929361   data required time
---------------------------------------------------------------------------------------------
                                             18.929361   data required time
                                             -6.334211   data arrival time
---------------------------------------------------------------------------------------------
                                             12.595151   slack (MET)


Startpoint: rst_n (input port clocked by clk)
Endpoint: _1065_ (recovery check against rising-edge clock clk)
Path Group: asynchronous
Path Type: max

Fanout         Cap        Slew       Delay        Time   Description
---------------------------------------------------------------------------------------------
                      0.150000    0.000000    0.000000   clock clk (rise edge)
                                  0.000000    0.000000   clock network delay (ideal)
                                  4.000000    4.000000 ^ input external delay
   202    0.726937    3.254360    2.334211    6.334211 ^ rst_n (in)
                                                         rst_n (net)
                      3.254360    0.000000    6.334211 ^ _1065_/RESET_B (sky130_fd_sc_hd__dfrtp_2)
                                              6.334211   data arrival time

                      0.150000   20.000000   20.000000   clock clk (rise edge)
                                  0.000000   20.000000   clock network delay (ideal)
                                 -0.250000   19.750002   clock uncertainty
                                  0.000000   19.750002   clock reconvergence pessimism
                                             19.750002 ^ _1065_/CLK (sky130_fd_sc_hd__dfrtp_2)
                                 -0.820639   18.929361   library recovery time
                                             18.929361   data required time
---------------------------------------------------------------------------------------------
                                             18.929361   data required time
                                             -6.334211   data arrival time
---------------------------------------------------------------------------------------------
                                             12.595151   slack (MET)


Startpoint: rst_n (input port clocked by clk)
Endpoint: _1066_ (recovery check against rising-edge clock clk)
Path Group: asynchronous
Path Type: max

Fanout         Cap        Slew       Delay        Time   Description
---------------------------------------------------------------------------------------------
                      0.150000    0.000000    0.000000   clock clk (rise edge)
                                  0.000000    0.000000   clock network delay (ideal)
                                  4.000000    4.000000 ^ input external delay
   202    0.726937    3.254360    2.334211    6.334211 ^ rst_n (in)
                                                         rst_n (net)
                      3.254360    0.000000    6.334211 ^ _1066_/RESET_B (sky130_fd_sc_hd__dfrtp_2)
                                              6.334211   data arrival time

                      0.150000   20.000000   20.000000   clock clk (rise edge)
                                  0.000000   20.000000   clock network delay (ideal)
                                 -0.250000   19.750002   clock uncertainty
                                  0.000000   19.750002   clock reconvergence pessimism
                                             19.750002 ^ _1066_/CLK (sky130_fd_sc_hd__dfrtp_2)
                                 -0.820639   18.929361   library recovery time
                                             18.929361   data required time
---------------------------------------------------------------------------------------------
                                             18.929361   data required time
                                             -6.334211   data arrival time
---------------------------------------------------------------------------------------------
                                             12.595151   slack (MET)


Startpoint: rst_n (input port clocked by clk)
Endpoint: _1067_ (recovery check against rising-edge clock clk)
Path Group: asynchronous
Path Type: max

Fanout         Cap        Slew       Delay        Time   Description
---------------------------------------------------------------------------------------------
                      0.150000    0.000000    0.000000   clock clk (rise edge)
                                  0.000000    0.000000   clock network delay (ideal)
                                  4.000000    4.000000 ^ input external delay
   202    0.726937    3.254360    2.334211    6.334211 ^ rst_n (in)
                                                         rst_n (net)
                      3.254360    0.000000    6.334211 ^ _1067_/RESET_B (sky130_fd_sc_hd__dfrtp_2)
                                              6.334211   data arrival time

                      0.150000   20.000000   20.000000   clock clk (rise edge)
                                  0.000000   20.000000   clock network delay (ideal)
                                 -0.250000   19.750002   clock uncertainty
                                  0.000000   19.750002   clock reconvergence pessimism
                                             19.750002 ^ _1067_/CLK (sky130_fd_sc_hd__dfrtp_2)
                                 -0.820639   18.929361   library recovery time
                                             18.929361   data required time
---------------------------------------------------------------------------------------------
                                             18.929361   data required time
                                             -6.334211   data arrival time
---------------------------------------------------------------------------------------------
                                             12.595151   slack (MET)


Startpoint: rst_n (input port clocked by clk)
Endpoint: _1070_ (recovery check against rising-edge clock clk)
Path Group: asynchronous
Path Type: max

Fanout         Cap        Slew       Delay        Time   Description
---------------------------------------------------------------------------------------------
                      0.150000    0.000000    0.000000   clock clk (rise edge)
                                  0.000000    0.000000   clock network delay (ideal)
                                  4.000000    4.000000 ^ input external delay
   202    0.726937    3.254360    2.334211    6.334211 ^ rst_n (in)
                                                         rst_n (net)
                      3.254360    0.000000    6.334211 ^ _1070_/RESET_B (sky130_fd_sc_hd__dfrtp_2)
                                              6.334211   data arrival time

                      0.150000   20.000000   20.000000   clock clk (rise edge)
                                  0.000000   20.000000   clock network delay (ideal)
                                 -0.250000   19.750002   clock uncertainty
                                  0.000000   19.750002   clock reconvergence pessimism
                                             19.750002 ^ _1070_/CLK (sky130_fd_sc_hd__dfrtp_2)
                                 -0.820639   18.929361   library recovery time
                                             18.929361   data required time
---------------------------------------------------------------------------------------------
                                             18.929361   data required time
                                             -6.334211   data arrival time
---------------------------------------------------------------------------------------------
                                             12.595151   slack (MET)


Startpoint: rst_n (input port clocked by clk)
Endpoint: _1071_ (recovery check against rising-edge clock clk)
Path Group: asynchronous
Path Type: max

Fanout         Cap        Slew       Delay        Time   Description
---------------------------------------------------------------------------------------------
                      0.150000    0.000000    0.000000   clock clk (rise edge)
                                  0.000000    0.000000   clock network delay (ideal)
                                  4.000000    4.000000 ^ input external delay
   202    0.726937    3.254360    2.334211    6.334211 ^ rst_n (in)
                                                         rst_n (net)
                      3.254360    0.000000    6.334211 ^ _1071_/RESET_B (sky130_fd_sc_hd__dfrtp_2)
                                              6.334211   data arrival time

                      0.150000   20.000000   20.000000   clock clk (rise edge)
                                  0.000000   20.000000   clock network delay (ideal)
                                 -0.250000   19.750002   clock uncertainty
                                  0.000000   19.750002   clock reconvergence pessimism
                                             19.750002 ^ _1071_/CLK (sky130_fd_sc_hd__dfrtp_2)
                                 -0.820639   18.929361   library recovery time
                                             18.929361   data required time
---------------------------------------------------------------------------------------------
                                             18.929361   data required time
                                             -6.334211   data arrival time
---------------------------------------------------------------------------------------------
                                             12.595151   slack (MET)


Startpoint: rst_n (input port clocked by clk)
Endpoint: _1072_ (recovery check against rising-edge clock clk)
Path Group: asynchronous
Path Type: max

Fanout         Cap        Slew       Delay        Time   Description
---------------------------------------------------------------------------------------------
                      0.150000    0.000000    0.000000   clock clk (rise edge)
                                  0.000000    0.000000   clock network delay (ideal)
                                  4.000000    4.000000 ^ input external delay
   202    0.726937    3.254360    2.334211    6.334211 ^ rst_n (in)
                                                         rst_n (net)
                      3.254360    0.000000    6.334211 ^ _1072_/RESET_B (sky130_fd_sc_hd__dfrtp_2)
                                              6.334211   data arrival time

                      0.150000   20.000000   20.000000   clock clk (rise edge)
                                  0.000000   20.000000   clock network delay (ideal)
                                 -0.250000   19.750002   clock uncertainty
                                  0.000000   19.750002   clock reconvergence pessimism
                                             19.750002 ^ _1072_/CLK (sky130_fd_sc_hd__dfrtp_2)
                                 -0.820639   18.929361   library recovery time
                                             18.929361   data required time
---------------------------------------------------------------------------------------------
                                             18.929361   data required time
                                             -6.334211   data arrival time
---------------------------------------------------------------------------------------------
                                             12.595151   slack (MET)


Startpoint: rst_n (input port clocked by clk)
Endpoint: _1073_ (recovery check against rising-edge clock clk)
Path Group: asynchronous
Path Type: max

Fanout         Cap        Slew       Delay        Time   Description
---------------------------------------------------------------------------------------------
                      0.150000    0.000000    0.000000   clock clk (rise edge)
                                  0.000000    0.000000   clock network delay (ideal)
                                  4.000000    4.000000 ^ input external delay
   202    0.726937    3.254360    2.334211    6.334211 ^ rst_n (in)
                                                         rst_n (net)
                      3.254360    0.000000    6.334211 ^ _1073_/RESET_B (sky130_fd_sc_hd__dfrtp_2)
                                              6.334211   data arrival time

                      0.150000   20.000000   20.000000   clock clk (rise edge)
                                  0.000000   20.000000   clock network delay (ideal)
                                 -0.250000   19.750002   clock uncertainty
                                  0.000000   19.750002   clock reconvergence pessimism
                                             19.750002 ^ _1073_/CLK (sky130_fd_sc_hd__dfrtp_2)
                                 -0.820639   18.929361   library recovery time
                                             18.929361   data required time
---------------------------------------------------------------------------------------------
                                             18.929361   data required time
                                             -6.334211   data arrival time
---------------------------------------------------------------------------------------------
                                             12.595151   slack (MET)


Startpoint: rst_n (input port clocked by clk)
Endpoint: _1074_ (recovery check against rising-edge clock clk)
Path Group: asynchronous
Path Type: max

Fanout         Cap        Slew       Delay        Time   Description
---------------------------------------------------------------------------------------------
                      0.150000    0.000000    0.000000   clock clk (rise edge)
                                  0.000000    0.000000   clock network delay (ideal)
                                  4.000000    4.000000 ^ input external delay
   202    0.726937    3.254360    2.334211    6.334211 ^ rst_n (in)
                                                         rst_n (net)
                      3.254360    0.000000    6.334211 ^ _1074_/RESET_B (sky130_fd_sc_hd__dfrtp_2)
                                              6.334211   data arrival time

                      0.150000   20.000000   20.000000   clock clk (rise edge)
                                  0.000000   20.000000   clock network delay (ideal)
                                 -0.250000   19.750002   clock uncertainty
                                  0.000000   19.750002   clock reconvergence pessimism
                                             19.750002 ^ _1074_/CLK (sky130_fd_sc_hd__dfrtp_2)
                                 -0.820639   18.929361   library recovery time
                                             18.929361   data required time
---------------------------------------------------------------------------------------------
                                             18.929361   data required time
                                             -6.334211   data arrival time
---------------------------------------------------------------------------------------------
                                             12.595151   slack (MET)


Startpoint: rst_n (input port clocked by clk)
Endpoint: _1075_ (recovery check against rising-edge clock clk)
Path Group: asynchronous
Path Type: max

Fanout         Cap        Slew       Delay        Time   Description
---------------------------------------------------------------------------------------------
                      0.150000    0.000000    0.000000   clock clk (rise edge)
                                  0.000000    0.000000   clock network delay (ideal)
                                  4.000000    4.000000 ^ input external delay
   202    0.726937    3.254360    2.334211    6.334211 ^ rst_n (in)
                                                         rst_n (net)
                      3.254360    0.000000    6.334211 ^ _1075_/RESET_B (sky130_fd_sc_hd__dfrtp_2)
                                              6.334211   data arrival time

                      0.150000   20.000000   20.000000   clock clk (rise edge)
                                  0.000000   20.000000   clock network delay (ideal)
                                 -0.250000   19.750002   clock uncertainty
                                  0.000000   19.750002   clock reconvergence pessimism
                                             19.750002 ^ _1075_/CLK (sky130_fd_sc_hd__dfrtp_2)
                                 -0.820639   18.929361   library recovery time
                                             18.929361   data required time
---------------------------------------------------------------------------------------------
                                             18.929361   data required time
                                             -6.334211   data arrival time
---------------------------------------------------------------------------------------------
                                             12.595151   slack (MET)


Startpoint: rst_n (input port clocked by clk)
Endpoint: _1076_ (recovery check against rising-edge clock clk)
Path Group: asynchronous
Path Type: max

Fanout         Cap        Slew       Delay        Time   Description
---------------------------------------------------------------------------------------------
                      0.150000    0.000000    0.000000   clock clk (rise edge)
                                  0.000000    0.000000   clock network delay (ideal)
                                  4.000000    4.000000 ^ input external delay
   202    0.726937    3.254360    2.334211    6.334211 ^ rst_n (in)
                                                         rst_n (net)
                      3.254360    0.000000    6.334211 ^ _1076_/RESET_B (sky130_fd_sc_hd__dfrtp_2)
                                              6.334211   data arrival time

                      0.150000   20.000000   20.000000   clock clk (rise edge)
                                  0.000000   20.000000   clock network delay (ideal)
                                 -0.250000   19.750002   clock uncertainty
                                  0.000000   19.750002   clock reconvergence pessimism
                                             19.750002 ^ _1076_/CLK (sky130_fd_sc_hd__dfrtp_2)
                                 -0.820639   18.929361   library recovery time
                                             18.929361   data required time
---------------------------------------------------------------------------------------------
                                             18.929361   data required time
                                             -6.334211   data arrival time
---------------------------------------------------------------------------------------------
                                             12.595151   slack (MET)


Startpoint: rst_n (input port clocked by clk)
Endpoint: _1077_ (recovery check against rising-edge clock clk)
Path Group: asynchronous
Path Type: max

Fanout         Cap        Slew       Delay        Time   Description
---------------------------------------------------------------------------------------------
                      0.150000    0.000000    0.000000   clock clk (rise edge)
                                  0.000000    0.000000   clock network delay (ideal)
                                  4.000000    4.000000 ^ input external delay
   202    0.726937    3.254360    2.334211    6.334211 ^ rst_n (in)
                                                         rst_n (net)
                      3.254360    0.000000    6.334211 ^ _1077_/RESET_B (sky130_fd_sc_hd__dfrtp_2)
                                              6.334211   data arrival time

                      0.150000   20.000000   20.000000   clock clk (rise edge)
                                  0.000000   20.000000   clock network delay (ideal)
                                 -0.250000   19.750002   clock uncertainty
                                  0.000000   19.750002   clock reconvergence pessimism
                                             19.750002 ^ _1077_/CLK (sky130_fd_sc_hd__dfrtp_2)
                                 -0.820639   18.929361   library recovery time
                                             18.929361   data required time
---------------------------------------------------------------------------------------------
                                             18.929361   data required time
                                             -6.334211   data arrival time
---------------------------------------------------------------------------------------------
                                             12.595151   slack (MET)


Startpoint: rst_n (input port clocked by clk)
Endpoint: _1079_ (recovery check against rising-edge clock clk)
Path Group: asynchronous
Path Type: max

Fanout         Cap        Slew       Delay        Time   Description
---------------------------------------------------------------------------------------------
                      0.150000    0.000000    0.000000   clock clk (rise edge)
                                  0.000000    0.000000   clock network delay (ideal)
                                  4.000000    4.000000 ^ input external delay
   202    0.726937    3.254360    2.334211    6.334211 ^ rst_n (in)
                                                         rst_n (net)
                      3.254360    0.000000    6.334211 ^ _1079_/RESET_B (sky130_fd_sc_hd__dfrtp_2)
                                              6.334211   data arrival time

                      0.150000   20.000000   20.000000   clock clk (rise edge)
                                  0.000000   20.000000   clock network delay (ideal)
                                 -0.250000   19.750002   clock uncertainty
                                  0.000000   19.750002   clock reconvergence pessimism
                                             19.750002 ^ _1079_/CLK (sky130_fd_sc_hd__dfrtp_2)
                                 -0.820639   18.929361   library recovery time
                                             18.929361   data required time
---------------------------------------------------------------------------------------------
                                             18.929361   data required time
                                             -6.334211   data arrival time
---------------------------------------------------------------------------------------------
                                             12.595151   slack (MET)


Startpoint: rst_n (input port clocked by clk)
Endpoint: _1080_ (recovery check against rising-edge clock clk)
Path Group: asynchronous
Path Type: max

Fanout         Cap        Slew       Delay        Time   Description
---------------------------------------------------------------------------------------------
                      0.150000    0.000000    0.000000   clock clk (rise edge)
                                  0.000000    0.000000   clock network delay (ideal)
                                  4.000000    4.000000 ^ input external delay
   202    0.726937    3.254360    2.334211    6.334211 ^ rst_n (in)
                                                         rst_n (net)
                      3.254360    0.000000    6.334211 ^ _1080_/RESET_B (sky130_fd_sc_hd__dfrtp_2)
                                              6.334211   data arrival time

                      0.150000   20.000000   20.000000   clock clk (rise edge)
                                  0.000000   20.000000   clock network delay (ideal)
                                 -0.250000   19.750002   clock uncertainty
                                  0.000000   19.750002   clock reconvergence pessimism
                                             19.750002 ^ _1080_/CLK (sky130_fd_sc_hd__dfrtp_2)
                                 -0.820639   18.929361   library recovery time
                                             18.929361   data required time
---------------------------------------------------------------------------------------------
                                             18.929361   data required time
                                             -6.334211   data arrival time
---------------------------------------------------------------------------------------------
                                             12.595151   slack (MET)


Startpoint: rst_n (input port clocked by clk)
Endpoint: _1081_ (recovery check against rising-edge clock clk)
Path Group: asynchronous
Path Type: max

Fanout         Cap        Slew       Delay        Time   Description
---------------------------------------------------------------------------------------------
                      0.150000    0.000000    0.000000   clock clk (rise edge)
                                  0.000000    0.000000   clock network delay (ideal)
                                  4.000000    4.000000 ^ input external delay
   202    0.726937    3.254360    2.334211    6.334211 ^ rst_n (in)
                                                         rst_n (net)
                      3.254360    0.000000    6.334211 ^ _1081_/RESET_B (sky130_fd_sc_hd__dfrtp_2)
                                              6.334211   data arrival time

                      0.150000   20.000000   20.000000   clock clk (rise edge)
                                  0.000000   20.000000   clock network delay (ideal)
                                 -0.250000   19.750002   clock uncertainty
                                  0.000000   19.750002   clock reconvergence pessimism
                                             19.750002 ^ _1081_/CLK (sky130_fd_sc_hd__dfrtp_2)
                                 -0.820639   18.929361   library recovery time
                                             18.929361   data required time
---------------------------------------------------------------------------------------------
                                             18.929361   data required time
                                             -6.334211   data arrival time
---------------------------------------------------------------------------------------------
                                             12.595151   slack (MET)


Startpoint: rst_n (input port clocked by clk)
Endpoint: _1082_ (recovery check against rising-edge clock clk)
Path Group: asynchronous
Path Type: max

Fanout         Cap        Slew       Delay        Time   Description
---------------------------------------------------------------------------------------------
                      0.150000    0.000000    0.000000   clock clk (rise edge)
                                  0.000000    0.000000   clock network delay (ideal)
                                  4.000000    4.000000 ^ input external delay
   202    0.726937    3.254360    2.334211    6.334211 ^ rst_n (in)
                                                         rst_n (net)
                      3.254360    0.000000    6.334211 ^ _1082_/RESET_B (sky130_fd_sc_hd__dfrtp_2)
                                              6.334211   data arrival time

                      0.150000   20.000000   20.000000   clock clk (rise edge)
                                  0.000000   20.000000   clock network delay (ideal)
                                 -0.250000   19.750002   clock uncertainty
                                  0.000000   19.750002   clock reconvergence pessimism
                                             19.750002 ^ _1082_/CLK (sky130_fd_sc_hd__dfrtp_2)
                                 -0.820639   18.929361   library recovery time
                                             18.929361   data required time
---------------------------------------------------------------------------------------------
                                             18.929361   data required time
                                             -6.334211   data arrival time
---------------------------------------------------------------------------------------------
                                             12.595151   slack (MET)


Startpoint: rst_n (input port clocked by clk)
Endpoint: _1083_ (recovery check against rising-edge clock clk)
Path Group: asynchronous
Path Type: max

Fanout         Cap        Slew       Delay        Time   Description
---------------------------------------------------------------------------------------------
                      0.150000    0.000000    0.000000   clock clk (rise edge)
                                  0.000000    0.000000   clock network delay (ideal)
                                  4.000000    4.000000 ^ input external delay
   202    0.726937    3.254360    2.334211    6.334211 ^ rst_n (in)
                                                         rst_n (net)
                      3.254360    0.000000    6.334211 ^ _1083_/RESET_B (sky130_fd_sc_hd__dfrtp_2)
                                              6.334211   data arrival time

                      0.150000   20.000000   20.000000   clock clk (rise edge)
                                  0.000000   20.000000   clock network delay (ideal)
                                 -0.250000   19.750002   clock uncertainty
                                  0.000000   19.750002   clock reconvergence pessimism
                                             19.750002 ^ _1083_/CLK (sky130_fd_sc_hd__dfrtp_2)
                                 -0.820639   18.929361   library recovery time
                                             18.929361   data required time
---------------------------------------------------------------------------------------------
                                             18.929361   data required time
                                             -6.334211   data arrival time
---------------------------------------------------------------------------------------------
                                             12.595151   slack (MET)


Startpoint: rst_n (input port clocked by clk)
Endpoint: _1085_ (recovery check against rising-edge clock clk)
Path Group: asynchronous
Path Type: max

Fanout         Cap        Slew       Delay        Time   Description
---------------------------------------------------------------------------------------------
                      0.150000    0.000000    0.000000   clock clk (rise edge)
                                  0.000000    0.000000   clock network delay (ideal)
                                  4.000000    4.000000 ^ input external delay
   202    0.726937    3.254360    2.334211    6.334211 ^ rst_n (in)
                                                         rst_n (net)
                      3.254360    0.000000    6.334211 ^ _1085_/RESET_B (sky130_fd_sc_hd__dfrtp_2)
                                              6.334211   data arrival time

                      0.150000   20.000000   20.000000   clock clk (rise edge)
                                  0.000000   20.000000   clock network delay (ideal)
                                 -0.250000   19.750002   clock uncertainty
                                  0.000000   19.750002   clock reconvergence pessimism
                                             19.750002 ^ _1085_/CLK (sky130_fd_sc_hd__dfrtp_2)
                                 -0.820639   18.929361   library recovery time
                                             18.929361   data required time
---------------------------------------------------------------------------------------------
                                             18.929361   data required time
                                             -6.334211   data arrival time
---------------------------------------------------------------------------------------------
                                             12.595151   slack (MET)


Startpoint: rst_n (input port clocked by clk)
Endpoint: _1087_ (recovery check against rising-edge clock clk)
Path Group: asynchronous
Path Type: max

Fanout         Cap        Slew       Delay        Time   Description
---------------------------------------------------------------------------------------------
                      0.150000    0.000000    0.000000   clock clk (rise edge)
                                  0.000000    0.000000   clock network delay (ideal)
                                  4.000000    4.000000 ^ input external delay
   202    0.726937    3.254360    2.334211    6.334211 ^ rst_n (in)
                                                         rst_n (net)
                      3.254360    0.000000    6.334211 ^ _1087_/RESET_B (sky130_fd_sc_hd__dfrtp_2)
                                              6.334211   data arrival time

                      0.150000   20.000000   20.000000   clock clk (rise edge)
                                  0.000000   20.000000   clock network delay (ideal)
                                 -0.250000   19.750002   clock uncertainty
                                  0.000000   19.750002   clock reconvergence pessimism
                                             19.750002 ^ _1087_/CLK (sky130_fd_sc_hd__dfrtp_2)
                                 -0.820639   18.929361   library recovery time
                                             18.929361   data required time
---------------------------------------------------------------------------------------------
                                             18.929361   data required time
                                             -6.334211   data arrival time
---------------------------------------------------------------------------------------------
                                             12.595151   slack (MET)


Startpoint: rst_n (input port clocked by clk)
Endpoint: _1088_ (recovery check against rising-edge clock clk)
Path Group: asynchronous
Path Type: max

Fanout         Cap        Slew       Delay        Time   Description
---------------------------------------------------------------------------------------------
                      0.150000    0.000000    0.000000   clock clk (rise edge)
                                  0.000000    0.000000   clock network delay (ideal)
                                  4.000000    4.000000 ^ input external delay
   202    0.726937    3.254360    2.334211    6.334211 ^ rst_n (in)
                                                         rst_n (net)
                      3.254360    0.000000    6.334211 ^ _1088_/RESET_B (sky130_fd_sc_hd__dfrtp_2)
                                              6.334211   data arrival time

                      0.150000   20.000000   20.000000   clock clk (rise edge)
                                  0.000000   20.000000   clock network delay (ideal)
                                 -0.250000   19.750002   clock uncertainty
                                  0.000000   19.750002   clock reconvergence pessimism
                                             19.750002 ^ _1088_/CLK (sky130_fd_sc_hd__dfrtp_2)
                                 -0.820639   18.929361   library recovery time
                                             18.929361   data required time
---------------------------------------------------------------------------------------------
                                             18.929361   data required time
                                             -6.334211   data arrival time
---------------------------------------------------------------------------------------------
                                             12.595151   slack (MET)


Startpoint: rst_n (input port clocked by clk)
Endpoint: _1089_ (recovery check against rising-edge clock clk)
Path Group: asynchronous
Path Type: max

Fanout         Cap        Slew       Delay        Time   Description
---------------------------------------------------------------------------------------------
                      0.150000    0.000000    0.000000   clock clk (rise edge)
                                  0.000000    0.000000   clock network delay (ideal)
                                  4.000000    4.000000 ^ input external delay
   202    0.726937    3.254360    2.334211    6.334211 ^ rst_n (in)
                                                         rst_n (net)
                      3.254360    0.000000    6.334211 ^ _1089_/RESET_B (sky130_fd_sc_hd__dfrtp_2)
                                              6.334211   data arrival time

                      0.150000   20.000000   20.000000   clock clk (rise edge)
                                  0.000000   20.000000   clock network delay (ideal)
                                 -0.250000   19.750002   clock uncertainty
                                  0.000000   19.750002   clock reconvergence pessimism
                                             19.750002 ^ _1089_/CLK (sky130_fd_sc_hd__dfrtp_2)
                                 -0.820639   18.929361   library recovery time
                                             18.929361   data required time
---------------------------------------------------------------------------------------------
                                             18.929361   data required time
                                             -6.334211   data arrival time
---------------------------------------------------------------------------------------------
                                             12.595151   slack (MET)


Startpoint: rst_n (input port clocked by clk)
Endpoint: _1090_ (recovery check against rising-edge clock clk)
Path Group: asynchronous
Path Type: max

Fanout         Cap        Slew       Delay        Time   Description
---------------------------------------------------------------------------------------------
                      0.150000    0.000000    0.000000   clock clk (rise edge)
                                  0.000000    0.000000   clock network delay (ideal)
                                  4.000000    4.000000 ^ input external delay
   202    0.726937    3.254360    2.334211    6.334211 ^ rst_n (in)
                                                         rst_n (net)
                      3.254360    0.000000    6.334211 ^ _1090_/RESET_B (sky130_fd_sc_hd__dfrtp_2)
                                              6.334211   data arrival time

                      0.150000   20.000000   20.000000   clock clk (rise edge)
                                  0.000000   20.000000   clock network delay (ideal)
                                 -0.250000   19.750002   clock uncertainty
                                  0.000000   19.750002   clock reconvergence pessimism
                                             19.750002 ^ _1090_/CLK (sky130_fd_sc_hd__dfrtp_2)
                                 -0.820639   18.929361   library recovery time
                                             18.929361   data required time
---------------------------------------------------------------------------------------------
                                             18.929361   data required time
                                             -6.334211   data arrival time
---------------------------------------------------------------------------------------------
                                             12.595151   slack (MET)


Startpoint: rst_n (input port clocked by clk)
Endpoint: _1091_ (recovery check against rising-edge clock clk)
Path Group: asynchronous
Path Type: max

Fanout         Cap        Slew       Delay        Time   Description
---------------------------------------------------------------------------------------------
                      0.150000    0.000000    0.000000   clock clk (rise edge)
                                  0.000000    0.000000   clock network delay (ideal)
                                  4.000000    4.000000 ^ input external delay
   202    0.726937    3.254360    2.334211    6.334211 ^ rst_n (in)
                                                         rst_n (net)
                      3.254360    0.000000    6.334211 ^ _1091_/RESET_B (sky130_fd_sc_hd__dfrtp_2)
                                              6.334211   data arrival time

                      0.150000   20.000000   20.000000   clock clk (rise edge)
                                  0.000000   20.000000   clock network delay (ideal)
                                 -0.250000   19.750002   clock uncertainty
                                  0.000000   19.750002   clock reconvergence pessimism
                                             19.750002 ^ _1091_/CLK (sky130_fd_sc_hd__dfrtp_2)
                                 -0.820639   18.929361   library recovery time
                                             18.929361   data required time
---------------------------------------------------------------------------------------------
                                             18.929361   data required time
                                             -6.334211   data arrival time
---------------------------------------------------------------------------------------------
                                             12.595151   slack (MET)


Startpoint: rst_n (input port clocked by clk)
Endpoint: _1092_ (recovery check against rising-edge clock clk)
Path Group: asynchronous
Path Type: max

Fanout         Cap        Slew       Delay        Time   Description
---------------------------------------------------------------------------------------------
                      0.150000    0.000000    0.000000   clock clk (rise edge)
                                  0.000000    0.000000   clock network delay (ideal)
                                  4.000000    4.000000 ^ input external delay
   202    0.726937    3.254360    2.334211    6.334211 ^ rst_n (in)
                                                         rst_n (net)
                      3.254360    0.000000    6.334211 ^ _1092_/RESET_B (sky130_fd_sc_hd__dfrtp_2)
                                              6.334211   data arrival time

                      0.150000   20.000000   20.000000   clock clk (rise edge)
                                  0.000000   20.000000   clock network delay (ideal)
                                 -0.250000   19.750002   clock uncertainty
                                  0.000000   19.750002   clock reconvergence pessimism
                                             19.750002 ^ _1092_/CLK (sky130_fd_sc_hd__dfrtp_2)
                                 -0.820639   18.929361   library recovery time
                                             18.929361   data required time
---------------------------------------------------------------------------------------------
                                             18.929361   data required time
                                             -6.334211   data arrival time
---------------------------------------------------------------------------------------------
                                             12.595151   slack (MET)


Startpoint: rst_n (input port clocked by clk)
Endpoint: _1095_ (recovery check against rising-edge clock clk)
Path Group: asynchronous
Path Type: max

Fanout         Cap        Slew       Delay        Time   Description
---------------------------------------------------------------------------------------------
                      0.150000    0.000000    0.000000   clock clk (rise edge)
                                  0.000000    0.000000   clock network delay (ideal)
                                  4.000000    4.000000 ^ input external delay
   202    0.726937    3.254360    2.334211    6.334211 ^ rst_n (in)
                                                         rst_n (net)
                      3.254360    0.000000    6.334211 ^ _1095_/RESET_B (sky130_fd_sc_hd__dfrtp_2)
                                              6.334211   data arrival time

                      0.150000   20.000000   20.000000   clock clk (rise edge)
                                  0.000000   20.000000   clock network delay (ideal)
                                 -0.250000   19.750002   clock uncertainty
                                  0.000000   19.750002   clock reconvergence pessimism
                                             19.750002 ^ _1095_/CLK (sky130_fd_sc_hd__dfrtp_2)
                                 -0.820639   18.929361   library recovery time
                                             18.929361   data required time
---------------------------------------------------------------------------------------------
                                             18.929361   data required time
                                             -6.334211   data arrival time
---------------------------------------------------------------------------------------------
                                             12.595151   slack (MET)


Startpoint: rst_n (input port clocked by clk)
Endpoint: _1096_ (recovery check against rising-edge clock clk)
Path Group: asynchronous
Path Type: max

Fanout         Cap        Slew       Delay        Time   Description
---------------------------------------------------------------------------------------------
                      0.150000    0.000000    0.000000   clock clk (rise edge)
                                  0.000000    0.000000   clock network delay (ideal)
                                  4.000000    4.000000 ^ input external delay
   202    0.726937    3.254360    2.334211    6.334211 ^ rst_n (in)
                                                         rst_n (net)
                      3.254360    0.000000    6.334211 ^ _1096_/RESET_B (sky130_fd_sc_hd__dfrtp_2)
                                              6.334211   data arrival time

                      0.150000   20.000000   20.000000   clock clk (rise edge)
                                  0.000000   20.000000   clock network delay (ideal)
                                 -0.250000   19.750002   clock uncertainty
                                  0.000000   19.750002   clock reconvergence pessimism
                                             19.750002 ^ _1096_/CLK (sky130_fd_sc_hd__dfrtp_2)
                                 -0.820639   18.929361   library recovery time
                                             18.929361   data required time
---------------------------------------------------------------------------------------------
                                             18.929361   data required time
                                             -6.334211   data arrival time
---------------------------------------------------------------------------------------------
                                             12.595151   slack (MET)


Startpoint: rst_n (input port clocked by clk)
Endpoint: _1097_ (recovery check against rising-edge clock clk)
Path Group: asynchronous
Path Type: max

Fanout         Cap        Slew       Delay        Time   Description
---------------------------------------------------------------------------------------------
                      0.150000    0.000000    0.000000   clock clk (rise edge)
                                  0.000000    0.000000   clock network delay (ideal)
                                  4.000000    4.000000 ^ input external delay
   202    0.726937    3.254360    2.334211    6.334211 ^ rst_n (in)
                                                         rst_n (net)
                      3.254360    0.000000    6.334211 ^ _1097_/RESET_B (sky130_fd_sc_hd__dfrtp_2)
                                              6.334211   data arrival time

                      0.150000   20.000000   20.000000   clock clk (rise edge)
                                  0.000000   20.000000   clock network delay (ideal)
                                 -0.250000   19.750002   clock uncertainty
                                  0.000000   19.750002   clock reconvergence pessimism
                                             19.750002 ^ _1097_/CLK (sky130_fd_sc_hd__dfrtp_2)
                                 -0.820639   18.929361   library recovery time
                                             18.929361   data required time
---------------------------------------------------------------------------------------------
                                             18.929361   data required time
                                             -6.334211   data arrival time
---------------------------------------------------------------------------------------------
                                             12.595151   slack (MET)


Startpoint: rst_n (input port clocked by clk)
Endpoint: _1098_ (recovery check against rising-edge clock clk)
Path Group: asynchronous
Path Type: max

Fanout         Cap        Slew       Delay        Time   Description
---------------------------------------------------------------------------------------------
                      0.150000    0.000000    0.000000   clock clk (rise edge)
                                  0.000000    0.000000   clock network delay (ideal)
                                  4.000000    4.000000 ^ input external delay
   202    0.726937    3.254360    2.334211    6.334211 ^ rst_n (in)
                                                         rst_n (net)
                      3.254360    0.000000    6.334211 ^ _1098_/RESET_B (sky130_fd_sc_hd__dfrtp_2)
                                              6.334211   data arrival time

                      0.150000   20.000000   20.000000   clock clk (rise edge)
                                  0.000000   20.000000   clock network delay (ideal)
                                 -0.250000   19.750002   clock uncertainty
                                  0.000000   19.750002   clock reconvergence pessimism
                                             19.750002 ^ _1098_/CLK (sky130_fd_sc_hd__dfrtp_2)
                                 -0.820639   18.929361   library recovery time
                                             18.929361   data required time
---------------------------------------------------------------------------------------------
                                             18.929361   data required time
                                             -6.334211   data arrival time
---------------------------------------------------------------------------------------------
                                             12.595151   slack (MET)


Startpoint: rst_n (input port clocked by clk)
Endpoint: _1099_ (recovery check against rising-edge clock clk)
Path Group: asynchronous
Path Type: max

Fanout         Cap        Slew       Delay        Time   Description
---------------------------------------------------------------------------------------------
                      0.150000    0.000000    0.000000   clock clk (rise edge)
                                  0.000000    0.000000   clock network delay (ideal)
                                  4.000000    4.000000 ^ input external delay
   202    0.726937    3.254360    2.334211    6.334211 ^ rst_n (in)
                                                         rst_n (net)
                      3.254360    0.000000    6.334211 ^ _1099_/RESET_B (sky130_fd_sc_hd__dfrtp_2)
                                              6.334211   data arrival time

                      0.150000   20.000000   20.000000   clock clk (rise edge)
                                  0.000000   20.000000   clock network delay (ideal)
                                 -0.250000   19.750002   clock uncertainty
                                  0.000000   19.750002   clock reconvergence pessimism
                                             19.750002 ^ _1099_/CLK (sky130_fd_sc_hd__dfrtp_2)
                                 -0.820639   18.929361   library recovery time
                                             18.929361   data required time
---------------------------------------------------------------------------------------------
                                             18.929361   data required time
                                             -6.334211   data arrival time
---------------------------------------------------------------------------------------------
                                             12.595151   slack (MET)


Startpoint: rst_n (input port clocked by clk)
Endpoint: _1103_ (recovery check against rising-edge clock clk)
Path Group: asynchronous
Path Type: max

Fanout         Cap        Slew       Delay        Time   Description
---------------------------------------------------------------------------------------------
                      0.150000    0.000000    0.000000   clock clk (rise edge)
                                  0.000000    0.000000   clock network delay (ideal)
                                  4.000000    4.000000 ^ input external delay
   202    0.726937    3.254360    2.334211    6.334211 ^ rst_n (in)
                                                         rst_n (net)
                      3.254360    0.000000    6.334211 ^ _1103_/RESET_B (sky130_fd_sc_hd__dfrtp_2)
                                              6.334211   data arrival time

                      0.150000   20.000000   20.000000   clock clk (rise edge)
                                  0.000000   20.000000   clock network delay (ideal)
                                 -0.250000   19.750002   clock uncertainty
                                  0.000000   19.750002   clock reconvergence pessimism
                                             19.750002 ^ _1103_/CLK (sky130_fd_sc_hd__dfrtp_2)
                                 -0.820639   18.929361   library recovery time
                                             18.929361   data required time
---------------------------------------------------------------------------------------------
                                             18.929361   data required time
                                             -6.334211   data arrival time
---------------------------------------------------------------------------------------------
                                             12.595151   slack (MET)


Startpoint: rst_n (input port clocked by clk)
Endpoint: _1104_ (recovery check against rising-edge clock clk)
Path Group: asynchronous
Path Type: max

Fanout         Cap        Slew       Delay        Time   Description
---------------------------------------------------------------------------------------------
                      0.150000    0.000000    0.000000   clock clk (rise edge)
                                  0.000000    0.000000   clock network delay (ideal)
                                  4.000000    4.000000 ^ input external delay
   202    0.726937    3.254360    2.334211    6.334211 ^ rst_n (in)
                                                         rst_n (net)
                      3.254360    0.000000    6.334211 ^ _1104_/RESET_B (sky130_fd_sc_hd__dfrtp_2)
                                              6.334211   data arrival time

                      0.150000   20.000000   20.000000   clock clk (rise edge)
                                  0.000000   20.000000   clock network delay (ideal)
                                 -0.250000   19.750002   clock uncertainty
                                  0.000000   19.750002   clock reconvergence pessimism
                                             19.750002 ^ _1104_/CLK (sky130_fd_sc_hd__dfrtp_2)
                                 -0.820639   18.929361   library recovery time
                                             18.929361   data required time
---------------------------------------------------------------------------------------------
                                             18.929361   data required time
                                             -6.334211   data arrival time
---------------------------------------------------------------------------------------------
                                             12.595151   slack (MET)


Startpoint: rst_n (input port clocked by clk)
Endpoint: _1105_ (recovery check against rising-edge clock clk)
Path Group: asynchronous
Path Type: max

Fanout         Cap        Slew       Delay        Time   Description
---------------------------------------------------------------------------------------------
                      0.150000    0.000000    0.000000   clock clk (rise edge)
                                  0.000000    0.000000   clock network delay (ideal)
                                  4.000000    4.000000 ^ input external delay
   202    0.726937    3.254360    2.334211    6.334211 ^ rst_n (in)
                                                         rst_n (net)
                      3.254360    0.000000    6.334211 ^ _1105_/RESET_B (sky130_fd_sc_hd__dfrtp_2)
                                              6.334211   data arrival time

                      0.150000   20.000000   20.000000   clock clk (rise edge)
                                  0.000000   20.000000   clock network delay (ideal)
                                 -0.250000   19.750002   clock uncertainty
                                  0.000000   19.750002   clock reconvergence pessimism
                                             19.750002 ^ _1105_/CLK (sky130_fd_sc_hd__dfrtp_2)
                                 -0.820639   18.929361   library recovery time
                                             18.929361   data required time
---------------------------------------------------------------------------------------------
                                             18.929361   data required time
                                             -6.334211   data arrival time
---------------------------------------------------------------------------------------------
                                             12.595151   slack (MET)


Startpoint: rst_n (input port clocked by clk)
Endpoint: _1106_ (recovery check against rising-edge clock clk)
Path Group: asynchronous
Path Type: max

Fanout         Cap        Slew       Delay        Time   Description
---------------------------------------------------------------------------------------------
                      0.150000    0.000000    0.000000   clock clk (rise edge)
                                  0.000000    0.000000   clock network delay (ideal)
                                  4.000000    4.000000 ^ input external delay
   202    0.726937    3.254360    2.334211    6.334211 ^ rst_n (in)
                                                         rst_n (net)
                      3.254360    0.000000    6.334211 ^ _1106_/RESET_B (sky130_fd_sc_hd__dfrtp_2)
                                              6.334211   data arrival time

                      0.150000   20.000000   20.000000   clock clk (rise edge)
                                  0.000000   20.000000   clock network delay (ideal)
                                 -0.250000   19.750002   clock uncertainty
                                  0.000000   19.750002   clock reconvergence pessimism
                                             19.750002 ^ _1106_/CLK (sky130_fd_sc_hd__dfrtp_2)
                                 -0.820639   18.929361   library recovery time
                                             18.929361   data required time
---------------------------------------------------------------------------------------------
                                             18.929361   data required time
                                             -6.334211   data arrival time
---------------------------------------------------------------------------------------------
                                             12.595151   slack (MET)


Startpoint: rst_n (input port clocked by clk)
Endpoint: _1107_ (recovery check against rising-edge clock clk)
Path Group: asynchronous
Path Type: max

Fanout         Cap        Slew       Delay        Time   Description
---------------------------------------------------------------------------------------------
                      0.150000    0.000000    0.000000   clock clk (rise edge)
                                  0.000000    0.000000   clock network delay (ideal)
                                  4.000000    4.000000 ^ input external delay
   202    0.726937    3.254360    2.334211    6.334211 ^ rst_n (in)
                                                         rst_n (net)
                      3.254360    0.000000    6.334211 ^ _1107_/RESET_B (sky130_fd_sc_hd__dfrtp_2)
                                              6.334211   data arrival time

                      0.150000   20.000000   20.000000   clock clk (rise edge)
                                  0.000000   20.000000   clock network delay (ideal)
                                 -0.250000   19.750002   clock uncertainty
                                  0.000000   19.750002   clock reconvergence pessimism
                                             19.750002 ^ _1107_/CLK (sky130_fd_sc_hd__dfrtp_2)
                                 -0.820639   18.929361   library recovery time
                                             18.929361   data required time
---------------------------------------------------------------------------------------------
                                             18.929361   data required time
                                             -6.334211   data arrival time
---------------------------------------------------------------------------------------------
                                             12.595151   slack (MET)


Startpoint: rst_n (input port clocked by clk)
Endpoint: _1108_ (recovery check against rising-edge clock clk)
Path Group: asynchronous
Path Type: max

Fanout         Cap        Slew       Delay        Time   Description
---------------------------------------------------------------------------------------------
                      0.150000    0.000000    0.000000   clock clk (rise edge)
                                  0.000000    0.000000   clock network delay (ideal)
                                  4.000000    4.000000 ^ input external delay
   202    0.726937    3.254360    2.334211    6.334211 ^ rst_n (in)
                                                         rst_n (net)
                      3.254360    0.000000    6.334211 ^ _1108_/RESET_B (sky130_fd_sc_hd__dfrtp_2)
                                              6.334211   data arrival time

                      0.150000   20.000000   20.000000   clock clk (rise edge)
                                  0.000000   20.000000   clock network delay (ideal)
                                 -0.250000   19.750002   clock uncertainty
                                  0.000000   19.750002   clock reconvergence pessimism
                                             19.750002 ^ _1108_/CLK (sky130_fd_sc_hd__dfrtp_2)
                                 -0.820639   18.929361   library recovery time
                                             18.929361   data required time
---------------------------------------------------------------------------------------------
                                             18.929361   data required time
                                             -6.334211   data arrival time
---------------------------------------------------------------------------------------------
                                             12.595151   slack (MET)


Startpoint: rst_n (input port clocked by clk)
Endpoint: _1109_ (recovery check against rising-edge clock clk)
Path Group: asynchronous
Path Type: max

Fanout         Cap        Slew       Delay        Time   Description
---------------------------------------------------------------------------------------------
                      0.150000    0.000000    0.000000   clock clk (rise edge)
                                  0.000000    0.000000   clock network delay (ideal)
                                  4.000000    4.000000 ^ input external delay
   202    0.726937    3.254360    2.334211    6.334211 ^ rst_n (in)
                                                         rst_n (net)
                      3.254360    0.000000    6.334211 ^ _1109_/RESET_B (sky130_fd_sc_hd__dfrtp_2)
                                              6.334211   data arrival time

                      0.150000   20.000000   20.000000   clock clk (rise edge)
                                  0.000000   20.000000   clock network delay (ideal)
                                 -0.250000   19.750002   clock uncertainty
                                  0.000000   19.750002   clock reconvergence pessimism
                                             19.750002 ^ _1109_/CLK (sky130_fd_sc_hd__dfrtp_2)
                                 -0.820639   18.929361   library recovery time
                                             18.929361   data required time
---------------------------------------------------------------------------------------------
                                             18.929361   data required time
                                             -6.334211   data arrival time
---------------------------------------------------------------------------------------------
                                             12.595151   slack (MET)


Startpoint: rst_n (input port clocked by clk)
Endpoint: _1110_ (recovery check against rising-edge clock clk)
Path Group: asynchronous
Path Type: max

Fanout         Cap        Slew       Delay        Time   Description
---------------------------------------------------------------------------------------------
                      0.150000    0.000000    0.000000   clock clk (rise edge)
                                  0.000000    0.000000   clock network delay (ideal)
                                  4.000000    4.000000 ^ input external delay
   202    0.726937    3.254360    2.334211    6.334211 ^ rst_n (in)
                                                         rst_n (net)
                      3.254360    0.000000    6.334211 ^ _1110_/RESET_B (sky130_fd_sc_hd__dfrtp_2)
                                              6.334211   data arrival time

                      0.150000   20.000000   20.000000   clock clk (rise edge)
                                  0.000000   20.000000   clock network delay (ideal)
                                 -0.250000   19.750002   clock uncertainty
                                  0.000000   19.750002   clock reconvergence pessimism
                                             19.750002 ^ _1110_/CLK (sky130_fd_sc_hd__dfrtp_2)
                                 -0.820639   18.929361   library recovery time
                                             18.929361   data required time
---------------------------------------------------------------------------------------------
                                             18.929361   data required time
                                             -6.334211   data arrival time
---------------------------------------------------------------------------------------------
                                             12.595151   slack (MET)


Startpoint: rst_n (input port clocked by clk)
Endpoint: _1112_ (recovery check against rising-edge clock clk)
Path Group: asynchronous
Path Type: max

Fanout         Cap        Slew       Delay        Time   Description
---------------------------------------------------------------------------------------------
                      0.150000    0.000000    0.000000   clock clk (rise edge)
                                  0.000000    0.000000   clock network delay (ideal)
                                  4.000000    4.000000 ^ input external delay
   202    0.726937    3.254360    2.334211    6.334211 ^ rst_n (in)
                                                         rst_n (net)
                      3.254360    0.000000    6.334211 ^ _1112_/RESET_B (sky130_fd_sc_hd__dfrtp_2)
                                              6.334211   data arrival time

                      0.150000   20.000000   20.000000   clock clk (rise edge)
                                  0.000000   20.000000   clock network delay (ideal)
                                 -0.250000   19.750002   clock uncertainty
                                  0.000000   19.750002   clock reconvergence pessimism
                                             19.750002 ^ _1112_/CLK (sky130_fd_sc_hd__dfrtp_2)
                                 -0.820639   18.929361   library recovery time
                                             18.929361   data required time
---------------------------------------------------------------------------------------------
                                             18.929361   data required time
                                             -6.334211   data arrival time
---------------------------------------------------------------------------------------------
                                             12.595151   slack (MET)


Startpoint: rst_n (input port clocked by clk)
Endpoint: _1113_ (recovery check against rising-edge clock clk)
Path Group: asynchronous
Path Type: max

Fanout         Cap        Slew       Delay        Time   Description
---------------------------------------------------------------------------------------------
                      0.150000    0.000000    0.000000   clock clk (rise edge)
                                  0.000000    0.000000   clock network delay (ideal)
                                  4.000000    4.000000 ^ input external delay
   202    0.726937    3.254360    2.334211    6.334211 ^ rst_n (in)
                                                         rst_n (net)
                      3.254360    0.000000    6.334211 ^ _1113_/RESET_B (sky130_fd_sc_hd__dfrtp_2)
                                              6.334211   data arrival time

                      0.150000   20.000000   20.000000   clock clk (rise edge)
                                  0.000000   20.000000   clock network delay (ideal)
                                 -0.250000   19.750002   clock uncertainty
                                  0.000000   19.750002   clock reconvergence pessimism
                                             19.750002 ^ _1113_/CLK (sky130_fd_sc_hd__dfrtp_2)
                                 -0.820639   18.929361   library recovery time
                                             18.929361   data required time
---------------------------------------------------------------------------------------------
                                             18.929361   data required time
                                             -6.334211   data arrival time
---------------------------------------------------------------------------------------------
                                             12.595151   slack (MET)


Startpoint: rst_n (input port clocked by clk)
Endpoint: _1114_ (recovery check against rising-edge clock clk)
Path Group: asynchronous
Path Type: max

Fanout         Cap        Slew       Delay        Time   Description
---------------------------------------------------------------------------------------------
                      0.150000    0.000000    0.000000   clock clk (rise edge)
                                  0.000000    0.000000   clock network delay (ideal)
                                  4.000000    4.000000 ^ input external delay
   202    0.726937    3.254360    2.334211    6.334211 ^ rst_n (in)
                                                         rst_n (net)
                      3.254360    0.000000    6.334211 ^ _1114_/RESET_B (sky130_fd_sc_hd__dfrtp_2)
                                              6.334211   data arrival time

                      0.150000   20.000000   20.000000   clock clk (rise edge)
                                  0.000000   20.000000   clock network delay (ideal)
                                 -0.250000   19.750002   clock uncertainty
                                  0.000000   19.750002   clock reconvergence pessimism
                                             19.750002 ^ _1114_/CLK (sky130_fd_sc_hd__dfrtp_2)
                                 -0.820639   18.929361   library recovery time
                                             18.929361   data required time
---------------------------------------------------------------------------------------------
                                             18.929361   data required time
                                             -6.334211   data arrival time
---------------------------------------------------------------------------------------------
                                             12.595151   slack (MET)


Startpoint: rst_n (input port clocked by clk)
Endpoint: _1115_ (recovery check against rising-edge clock clk)
Path Group: asynchronous
Path Type: max

Fanout         Cap        Slew       Delay        Time   Description
---------------------------------------------------------------------------------------------
                      0.150000    0.000000    0.000000   clock clk (rise edge)
                                  0.000000    0.000000   clock network delay (ideal)
                                  4.000000    4.000000 ^ input external delay
   202    0.726937    3.254360    2.334211    6.334211 ^ rst_n (in)
                                                         rst_n (net)
                      3.254360    0.000000    6.334211 ^ _1115_/RESET_B (sky130_fd_sc_hd__dfrtp_2)
                                              6.334211   data arrival time

                      0.150000   20.000000   20.000000   clock clk (rise edge)
                                  0.000000   20.000000   clock network delay (ideal)
                                 -0.250000   19.750002   clock uncertainty
                                  0.000000   19.750002   clock reconvergence pessimism
                                             19.750002 ^ _1115_/CLK (sky130_fd_sc_hd__dfrtp_2)
                                 -0.820639   18.929361   library recovery time
                                             18.929361   data required time
---------------------------------------------------------------------------------------------
                                             18.929361   data required time
                                             -6.334211   data arrival time
---------------------------------------------------------------------------------------------
                                             12.595151   slack (MET)


Startpoint: rst_n (input port clocked by clk)
Endpoint: _1116_ (recovery check against rising-edge clock clk)
Path Group: asynchronous
Path Type: max

Fanout         Cap        Slew       Delay        Time   Description
---------------------------------------------------------------------------------------------
                      0.150000    0.000000    0.000000   clock clk (rise edge)
                                  0.000000    0.000000   clock network delay (ideal)
                                  4.000000    4.000000 ^ input external delay
   202    0.726937    3.254360    2.334211    6.334211 ^ rst_n (in)
                                                         rst_n (net)
                      3.254360    0.000000    6.334211 ^ _1116_/RESET_B (sky130_fd_sc_hd__dfrtp_2)
                                              6.334211   data arrival time

                      0.150000   20.000000   20.000000   clock clk (rise edge)
                                  0.000000   20.000000   clock network delay (ideal)
                                 -0.250000   19.750002   clock uncertainty
                                  0.000000   19.750002   clock reconvergence pessimism
                                             19.750002 ^ _1116_/CLK (sky130_fd_sc_hd__dfrtp_2)
                                 -0.820639   18.929361   library recovery time
                                             18.929361   data required time
---------------------------------------------------------------------------------------------
                                             18.929361   data required time
                                             -6.334211   data arrival time
---------------------------------------------------------------------------------------------
                                             12.595151   slack (MET)


Startpoint: rst_n (input port clocked by clk)
Endpoint: _1117_ (recovery check against rising-edge clock clk)
Path Group: asynchronous
Path Type: max

Fanout         Cap        Slew       Delay        Time   Description
---------------------------------------------------------------------------------------------
                      0.150000    0.000000    0.000000   clock clk (rise edge)
                                  0.000000    0.000000   clock network delay (ideal)
                                  4.000000    4.000000 ^ input external delay
   202    0.726937    3.254360    2.334211    6.334211 ^ rst_n (in)
                                                         rst_n (net)
                      3.254360    0.000000    6.334211 ^ _1117_/RESET_B (sky130_fd_sc_hd__dfrtp_2)
                                              6.334211   data arrival time

                      0.150000   20.000000   20.000000   clock clk (rise edge)
                                  0.000000   20.000000   clock network delay (ideal)
                                 -0.250000   19.750002   clock uncertainty
                                  0.000000   19.750002   clock reconvergence pessimism
                                             19.750002 ^ _1117_/CLK (sky130_fd_sc_hd__dfrtp_2)
                                 -0.820639   18.929361   library recovery time
                                             18.929361   data required time
---------------------------------------------------------------------------------------------
                                             18.929361   data required time
                                             -6.334211   data arrival time
---------------------------------------------------------------------------------------------
                                             12.595151   slack (MET)


Startpoint: rst_n (input port clocked by clk)
Endpoint: _1118_ (recovery check against rising-edge clock clk)
Path Group: asynchronous
Path Type: max

Fanout         Cap        Slew       Delay        Time   Description
---------------------------------------------------------------------------------------------
                      0.150000    0.000000    0.000000   clock clk (rise edge)
                                  0.000000    0.000000   clock network delay (ideal)
                                  4.000000    4.000000 ^ input external delay
   202    0.726937    3.254360    2.334211    6.334211 ^ rst_n (in)
                                                         rst_n (net)
                      3.254360    0.000000    6.334211 ^ _1118_/RESET_B (sky130_fd_sc_hd__dfrtp_2)
                                              6.334211   data arrival time

                      0.150000   20.000000   20.000000   clock clk (rise edge)
                                  0.000000   20.000000   clock network delay (ideal)
                                 -0.250000   19.750002   clock uncertainty
                                  0.000000   19.750002   clock reconvergence pessimism
                                             19.750002 ^ _1118_/CLK (sky130_fd_sc_hd__dfrtp_2)
                                 -0.820639   18.929361   library recovery time
                                             18.929361   data required time
---------------------------------------------------------------------------------------------
                                             18.929361   data required time
                                             -6.334211   data arrival time
---------------------------------------------------------------------------------------------
                                             12.595151   slack (MET)


Startpoint: rst_n (input port clocked by clk)
Endpoint: _1119_ (recovery check against rising-edge clock clk)
Path Group: asynchronous
Path Type: max

Fanout         Cap        Slew       Delay        Time   Description
---------------------------------------------------------------------------------------------
                      0.150000    0.000000    0.000000   clock clk (rise edge)
                                  0.000000    0.000000   clock network delay (ideal)
                                  4.000000    4.000000 ^ input external delay
   202    0.726937    3.254360    2.334211    6.334211 ^ rst_n (in)
                                                         rst_n (net)
                      3.254360    0.000000    6.334211 ^ _1119_/RESET_B (sky130_fd_sc_hd__dfrtp_2)
                                              6.334211   data arrival time

                      0.150000   20.000000   20.000000   clock clk (rise edge)
                                  0.000000   20.000000   clock network delay (ideal)
                                 -0.250000   19.750002   clock uncertainty
                                  0.000000   19.750002   clock reconvergence pessimism
                                             19.750002 ^ _1119_/CLK (sky130_fd_sc_hd__dfrtp_2)
                                 -0.820639   18.929361   library recovery time
                                             18.929361   data required time
---------------------------------------------------------------------------------------------
                                             18.929361   data required time
                                             -6.334211   data arrival time
---------------------------------------------------------------------------------------------
                                             12.595151   slack (MET)


Startpoint: rst_n (input port clocked by clk)
Endpoint: _1120_ (recovery check against rising-edge clock clk)
Path Group: asynchronous
Path Type: max

Fanout         Cap        Slew       Delay        Time   Description
---------------------------------------------------------------------------------------------
                      0.150000    0.000000    0.000000   clock clk (rise edge)
                                  0.000000    0.000000   clock network delay (ideal)
                                  4.000000    4.000000 ^ input external delay
   202    0.726937    3.254360    2.334211    6.334211 ^ rst_n (in)
                                                         rst_n (net)
                      3.254360    0.000000    6.334211 ^ _1120_/RESET_B (sky130_fd_sc_hd__dfrtp_2)
                                              6.334211   data arrival time

                      0.150000   20.000000   20.000000   clock clk (rise edge)
                                  0.000000   20.000000   clock network delay (ideal)
                                 -0.250000   19.750002   clock uncertainty
                                  0.000000   19.750002   clock reconvergence pessimism
                                             19.750002 ^ _1120_/CLK (sky130_fd_sc_hd__dfrtp_2)
                                 -0.820639   18.929361   library recovery time
                                             18.929361   data required time
---------------------------------------------------------------------------------------------
                                             18.929361   data required time
                                             -6.334211   data arrival time
---------------------------------------------------------------------------------------------
                                             12.595151   slack (MET)


Startpoint: rst_n (input port clocked by clk)
Endpoint: _1121_ (recovery check against rising-edge clock clk)
Path Group: asynchronous
Path Type: max

Fanout         Cap        Slew       Delay        Time   Description
---------------------------------------------------------------------------------------------
                      0.150000    0.000000    0.000000   clock clk (rise edge)
                                  0.000000    0.000000   clock network delay (ideal)
                                  4.000000    4.000000 ^ input external delay
   202    0.726937    3.254360    2.334211    6.334211 ^ rst_n (in)
                                                         rst_n (net)
                      3.254360    0.000000    6.334211 ^ _1121_/RESET_B (sky130_fd_sc_hd__dfrtp_2)
                                              6.334211   data arrival time

                      0.150000   20.000000   20.000000   clock clk (rise edge)
                                  0.000000   20.000000   clock network delay (ideal)
                                 -0.250000   19.750002   clock uncertainty
                                  0.000000   19.750002   clock reconvergence pessimism
                                             19.750002 ^ _1121_/CLK (sky130_fd_sc_hd__dfrtp_2)
                                 -0.820639   18.929361   library recovery time
                                             18.929361   data required time
---------------------------------------------------------------------------------------------
                                             18.929361   data required time
                                             -6.334211   data arrival time
---------------------------------------------------------------------------------------------
                                             12.595151   slack (MET)


Startpoint: rst_n (input port clocked by clk)
Endpoint: _1122_ (recovery check against rising-edge clock clk)
Path Group: asynchronous
Path Type: max

Fanout         Cap        Slew       Delay        Time   Description
---------------------------------------------------------------------------------------------
                      0.150000    0.000000    0.000000   clock clk (rise edge)
                                  0.000000    0.000000   clock network delay (ideal)
                                  4.000000    4.000000 ^ input external delay
   202    0.726937    3.254360    2.334211    6.334211 ^ rst_n (in)
                                                         rst_n (net)
                      3.254360    0.000000    6.334211 ^ _1122_/RESET_B (sky130_fd_sc_hd__dfrtp_2)
                                              6.334211   data arrival time

                      0.150000   20.000000   20.000000   clock clk (rise edge)
                                  0.000000   20.000000   clock network delay (ideal)
                                 -0.250000   19.750002   clock uncertainty
                                  0.000000   19.750002   clock reconvergence pessimism
                                             19.750002 ^ _1122_/CLK (sky130_fd_sc_hd__dfrtp_2)
                                 -0.820639   18.929361   library recovery time
                                             18.929361   data required time
---------------------------------------------------------------------------------------------
                                             18.929361   data required time
                                             -6.334211   data arrival time
---------------------------------------------------------------------------------------------
                                             12.595151   slack (MET)


Startpoint: rst_n (input port clocked by clk)
Endpoint: _1123_ (recovery check against rising-edge clock clk)
Path Group: asynchronous
Path Type: max

Fanout         Cap        Slew       Delay        Time   Description
---------------------------------------------------------------------------------------------
                      0.150000    0.000000    0.000000   clock clk (rise edge)
                                  0.000000    0.000000   clock network delay (ideal)
                                  4.000000    4.000000 ^ input external delay
   202    0.726937    3.254360    2.334211    6.334211 ^ rst_n (in)
                                                         rst_n (net)
                      3.254360    0.000000    6.334211 ^ _1123_/RESET_B (sky130_fd_sc_hd__dfrtp_2)
                                              6.334211   data arrival time

                      0.150000   20.000000   20.000000   clock clk (rise edge)
                                  0.000000   20.000000   clock network delay (ideal)
                                 -0.250000   19.750002   clock uncertainty
                                  0.000000   19.750002   clock reconvergence pessimism
                                             19.750002 ^ _1123_/CLK (sky130_fd_sc_hd__dfrtp_2)
                                 -0.820639   18.929361   library recovery time
                                             18.929361   data required time
---------------------------------------------------------------------------------------------
                                             18.929361   data required time
                                             -6.334211   data arrival time
---------------------------------------------------------------------------------------------
                                             12.595151   slack (MET)


Startpoint: rst_n (input port clocked by clk)
Endpoint: _1124_ (recovery check against rising-edge clock clk)
Path Group: asynchronous
Path Type: max

Fanout         Cap        Slew       Delay        Time   Description
---------------------------------------------------------------------------------------------
                      0.150000    0.000000    0.000000   clock clk (rise edge)
                                  0.000000    0.000000   clock network delay (ideal)
                                  4.000000    4.000000 ^ input external delay
   202    0.726937    3.254360    2.334211    6.334211 ^ rst_n (in)
                                                         rst_n (net)
                      3.254360    0.000000    6.334211 ^ _1124_/RESET_B (sky130_fd_sc_hd__dfrtp_2)
                                              6.334211   data arrival time

                      0.150000   20.000000   20.000000   clock clk (rise edge)
                                  0.000000   20.000000   clock network delay (ideal)
                                 -0.250000   19.750002   clock uncertainty
                                  0.000000   19.750002   clock reconvergence pessimism
                                             19.750002 ^ _1124_/CLK (sky130_fd_sc_hd__dfrtp_2)
                                 -0.820639   18.929361   library recovery time
                                             18.929361   data required time
---------------------------------------------------------------------------------------------
                                             18.929361   data required time
                                             -6.334211   data arrival time
---------------------------------------------------------------------------------------------
                                             12.595151   slack (MET)


Startpoint: rst_n (input port clocked by clk)
Endpoint: _1125_ (recovery check against rising-edge clock clk)
Path Group: asynchronous
Path Type: max

Fanout         Cap        Slew       Delay        Time   Description
---------------------------------------------------------------------------------------------
                      0.150000    0.000000    0.000000   clock clk (rise edge)
                                  0.000000    0.000000   clock network delay (ideal)
                                  4.000000    4.000000 ^ input external delay
   202    0.726937    3.254360    2.334211    6.334211 ^ rst_n (in)
                                                         rst_n (net)
                      3.254360    0.000000    6.334211 ^ _1125_/RESET_B (sky130_fd_sc_hd__dfrtp_2)
                                              6.334211   data arrival time

                      0.150000   20.000000   20.000000   clock clk (rise edge)
                                  0.000000   20.000000   clock network delay (ideal)
                                 -0.250000   19.750002   clock uncertainty
                                  0.000000   19.750002   clock reconvergence pessimism
                                             19.750002 ^ _1125_/CLK (sky130_fd_sc_hd__dfrtp_2)
                                 -0.820639   18.929361   library recovery time
                                             18.929361   data required time
---------------------------------------------------------------------------------------------
                                             18.929361   data required time
                                             -6.334211   data arrival time
---------------------------------------------------------------------------------------------
                                             12.595151   slack (MET)


Startpoint: rst_n (input port clocked by clk)
Endpoint: _1126_ (recovery check against rising-edge clock clk)
Path Group: asynchronous
Path Type: max

Fanout         Cap        Slew       Delay        Time   Description
---------------------------------------------------------------------------------------------
                      0.150000    0.000000    0.000000   clock clk (rise edge)
                                  0.000000    0.000000   clock network delay (ideal)
                                  4.000000    4.000000 ^ input external delay
   202    0.726937    3.254360    2.334211    6.334211 ^ rst_n (in)
                                                         rst_n (net)
                      3.254360    0.000000    6.334211 ^ _1126_/RESET_B (sky130_fd_sc_hd__dfrtp_2)
                                              6.334211   data arrival time

                      0.150000   20.000000   20.000000   clock clk (rise edge)
                                  0.000000   20.000000   clock network delay (ideal)
                                 -0.250000   19.750002   clock uncertainty
                                  0.000000   19.750002   clock reconvergence pessimism
                                             19.750002 ^ _1126_/CLK (sky130_fd_sc_hd__dfrtp_2)
                                 -0.820639   18.929361   library recovery time
                                             18.929361   data required time
---------------------------------------------------------------------------------------------
                                             18.929361   data required time
                                             -6.334211   data arrival time
---------------------------------------------------------------------------------------------
                                             12.595151   slack (MET)


Startpoint: rst_n (input port clocked by clk)
Endpoint: _1127_ (recovery check against rising-edge clock clk)
Path Group: asynchronous
Path Type: max

Fanout         Cap        Slew       Delay        Time   Description
---------------------------------------------------------------------------------------------
                      0.150000    0.000000    0.000000   clock clk (rise edge)
                                  0.000000    0.000000   clock network delay (ideal)
                                  4.000000    4.000000 ^ input external delay
   202    0.726937    3.254360    2.334211    6.334211 ^ rst_n (in)
                                                         rst_n (net)
                      3.254360    0.000000    6.334211 ^ _1127_/RESET_B (sky130_fd_sc_hd__dfrtp_2)
                                              6.334211   data arrival time

                      0.150000   20.000000   20.000000   clock clk (rise edge)
                                  0.000000   20.000000   clock network delay (ideal)
                                 -0.250000   19.750002   clock uncertainty
                                  0.000000   19.750002   clock reconvergence pessimism
                                             19.750002 ^ _1127_/CLK (sky130_fd_sc_hd__dfrtp_2)
                                 -0.820639   18.929361   library recovery time
                                             18.929361   data required time
---------------------------------------------------------------------------------------------
                                             18.929361   data required time
                                             -6.334211   data arrival time
---------------------------------------------------------------------------------------------
                                             12.595151   slack (MET)


Startpoint: rst_n (input port clocked by clk)
Endpoint: _1128_ (recovery check against rising-edge clock clk)
Path Group: asynchronous
Path Type: max

Fanout         Cap        Slew       Delay        Time   Description
---------------------------------------------------------------------------------------------
                      0.150000    0.000000    0.000000   clock clk (rise edge)
                                  0.000000    0.000000   clock network delay (ideal)
                                  4.000000    4.000000 ^ input external delay
   202    0.726937    3.254360    2.334211    6.334211 ^ rst_n (in)
                                                         rst_n (net)
                      3.254360    0.000000    6.334211 ^ _1128_/RESET_B (sky130_fd_sc_hd__dfrtp_2)
                                              6.334211   data arrival time

                      0.150000   20.000000   20.000000   clock clk (rise edge)
                                  0.000000   20.000000   clock network delay (ideal)
                                 -0.250000   19.750002   clock uncertainty
                                  0.000000   19.750002   clock reconvergence pessimism
                                             19.750002 ^ _1128_/CLK (sky130_fd_sc_hd__dfrtp_2)
                                 -0.820639   18.929361   library recovery time
                                             18.929361   data required time
---------------------------------------------------------------------------------------------
                                             18.929361   data required time
                                             -6.334211   data arrival time
---------------------------------------------------------------------------------------------
                                             12.595151   slack (MET)


Startpoint: rst_n (input port clocked by clk)
Endpoint: _1129_ (recovery check against rising-edge clock clk)
Path Group: asynchronous
Path Type: max

Fanout         Cap        Slew       Delay        Time   Description
---------------------------------------------------------------------------------------------
                      0.150000    0.000000    0.000000   clock clk (rise edge)
                                  0.000000    0.000000   clock network delay (ideal)
                                  4.000000    4.000000 ^ input external delay
   202    0.726937    3.254360    2.334211    6.334211 ^ rst_n (in)
                                                         rst_n (net)
                      3.254360    0.000000    6.334211 ^ _1129_/RESET_B (sky130_fd_sc_hd__dfrtp_2)
                                              6.334211   data arrival time

                      0.150000   20.000000   20.000000   clock clk (rise edge)
                                  0.000000   20.000000   clock network delay (ideal)
                                 -0.250000   19.750002   clock uncertainty
                                  0.000000   19.750002   clock reconvergence pessimism
                                             19.750002 ^ _1129_/CLK (sky130_fd_sc_hd__dfrtp_2)
                                 -0.820639   18.929361   library recovery time
                                             18.929361   data required time
---------------------------------------------------------------------------------------------
                                             18.929361   data required time
                                             -6.334211   data arrival time
---------------------------------------------------------------------------------------------
                                             12.595151   slack (MET)


Startpoint: rst_n (input port clocked by clk)
Endpoint: _1130_ (recovery check against rising-edge clock clk)
Path Group: asynchronous
Path Type: max

Fanout         Cap        Slew       Delay        Time   Description
---------------------------------------------------------------------------------------------
                      0.150000    0.000000    0.000000   clock clk (rise edge)
                                  0.000000    0.000000   clock network delay (ideal)
                                  4.000000    4.000000 ^ input external delay
   202    0.726937    3.254360    2.334211    6.334211 ^ rst_n (in)
                                                         rst_n (net)
                      3.254360    0.000000    6.334211 ^ _1130_/RESET_B (sky130_fd_sc_hd__dfrtp_2)
                                              6.334211   data arrival time

                      0.150000   20.000000   20.000000   clock clk (rise edge)
                                  0.000000   20.000000   clock network delay (ideal)
                                 -0.250000   19.750002   clock uncertainty
                                  0.000000   19.750002   clock reconvergence pessimism
                                             19.750002 ^ _1130_/CLK (sky130_fd_sc_hd__dfrtp_2)
                                 -0.820639   18.929361   library recovery time
                                             18.929361   data required time
---------------------------------------------------------------------------------------------
                                             18.929361   data required time
                                             -6.334211   data arrival time
---------------------------------------------------------------------------------------------
                                             12.595151   slack (MET)


Startpoint: rst_n (input port clocked by clk)
Endpoint: _1131_ (recovery check against rising-edge clock clk)
Path Group: asynchronous
Path Type: max

Fanout         Cap        Slew       Delay        Time   Description
---------------------------------------------------------------------------------------------
                      0.150000    0.000000    0.000000   clock clk (rise edge)
                                  0.000000    0.000000   clock network delay (ideal)
                                  4.000000    4.000000 ^ input external delay
   202    0.726937    3.254360    2.334211    6.334211 ^ rst_n (in)
                                                         rst_n (net)
                      3.254360    0.000000    6.334211 ^ _1131_/RESET_B (sky130_fd_sc_hd__dfrtp_2)
                                              6.334211   data arrival time

                      0.150000   20.000000   20.000000   clock clk (rise edge)
                                  0.000000   20.000000   clock network delay (ideal)
                                 -0.250000   19.750002   clock uncertainty
                                  0.000000   19.750002   clock reconvergence pessimism
                                             19.750002 ^ _1131_/CLK (sky130_fd_sc_hd__dfrtp_2)
                                 -0.820639   18.929361   library recovery time
                                             18.929361   data required time
---------------------------------------------------------------------------------------------
                                             18.929361   data required time
                                             -6.334211   data arrival time
---------------------------------------------------------------------------------------------
                                             12.595151   slack (MET)


Startpoint: rst_n (input port clocked by clk)
Endpoint: _1132_ (recovery check against rising-edge clock clk)
Path Group: asynchronous
Path Type: max

Fanout         Cap        Slew       Delay        Time   Description
---------------------------------------------------------------------------------------------
                      0.150000    0.000000    0.000000   clock clk (rise edge)
                                  0.000000    0.000000   clock network delay (ideal)
                                  4.000000    4.000000 ^ input external delay
   202    0.726937    3.254360    2.334211    6.334211 ^ rst_n (in)
                                                         rst_n (net)
                      3.254360    0.000000    6.334211 ^ _1132_/RESET_B (sky130_fd_sc_hd__dfrtp_2)
                                              6.334211   data arrival time

                      0.150000   20.000000   20.000000   clock clk (rise edge)
                                  0.000000   20.000000   clock network delay (ideal)
                                 -0.250000   19.750002   clock uncertainty
                                  0.000000   19.750002   clock reconvergence pessimism
                                             19.750002 ^ _1132_/CLK (sky130_fd_sc_hd__dfrtp_2)
                                 -0.820639   18.929361   library recovery time
                                             18.929361   data required time
---------------------------------------------------------------------------------------------
                                             18.929361   data required time
                                             -6.334211   data arrival time
---------------------------------------------------------------------------------------------
                                             12.595151   slack (MET)


Startpoint: rst_n (input port clocked by clk)
Endpoint: _1133_ (recovery check against rising-edge clock clk)
Path Group: asynchronous
Path Type: max

Fanout         Cap        Slew       Delay        Time   Description
---------------------------------------------------------------------------------------------
                      0.150000    0.000000    0.000000   clock clk (rise edge)
                                  0.000000    0.000000   clock network delay (ideal)
                                  4.000000    4.000000 ^ input external delay
   202    0.726937    3.254360    2.334211    6.334211 ^ rst_n (in)
                                                         rst_n (net)
                      3.254360    0.000000    6.334211 ^ _1133_/RESET_B (sky130_fd_sc_hd__dfrtp_2)
                                              6.334211   data arrival time

                      0.150000   20.000000   20.000000   clock clk (rise edge)
                                  0.000000   20.000000   clock network delay (ideal)
                                 -0.250000   19.750002   clock uncertainty
                                  0.000000   19.750002   clock reconvergence pessimism
                                             19.750002 ^ _1133_/CLK (sky130_fd_sc_hd__dfrtp_2)
                                 -0.820639   18.929361   library recovery time
                                             18.929361   data required time
---------------------------------------------------------------------------------------------
                                             18.929361   data required time
                                             -6.334211   data arrival time
---------------------------------------------------------------------------------------------
                                             12.595151   slack (MET)


Startpoint: rst_n (input port clocked by clk)
Endpoint: _1134_ (recovery check against rising-edge clock clk)
Path Group: asynchronous
Path Type: max

Fanout         Cap        Slew       Delay        Time   Description
---------------------------------------------------------------------------------------------
                      0.150000    0.000000    0.000000   clock clk (rise edge)
                                  0.000000    0.000000   clock network delay (ideal)
                                  4.000000    4.000000 ^ input external delay
   202    0.726937    3.254360    2.334211    6.334211 ^ rst_n (in)
                                                         rst_n (net)
                      3.254360    0.000000    6.334211 ^ _1134_/RESET_B (sky130_fd_sc_hd__dfrtp_2)
                                              6.334211   data arrival time

                      0.150000   20.000000   20.000000   clock clk (rise edge)
                                  0.000000   20.000000   clock network delay (ideal)
                                 -0.250000   19.750002   clock uncertainty
                                  0.000000   19.750002   clock reconvergence pessimism
                                             19.750002 ^ _1134_/CLK (sky130_fd_sc_hd__dfrtp_2)
                                 -0.820639   18.929361   library recovery time
                                             18.929361   data required time
---------------------------------------------------------------------------------------------
                                             18.929361   data required time
                                             -6.334211   data arrival time
---------------------------------------------------------------------------------------------
                                             12.595151   slack (MET)


Startpoint: rst_n (input port clocked by clk)
Endpoint: _1135_ (recovery check against rising-edge clock clk)
Path Group: asynchronous
Path Type: max

Fanout         Cap        Slew       Delay        Time   Description
---------------------------------------------------------------------------------------------
                      0.150000    0.000000    0.000000   clock clk (rise edge)
                                  0.000000    0.000000   clock network delay (ideal)
                                  4.000000    4.000000 ^ input external delay
   202    0.726937    3.254360    2.334211    6.334211 ^ rst_n (in)
                                                         rst_n (net)
                      3.254360    0.000000    6.334211 ^ _1135_/RESET_B (sky130_fd_sc_hd__dfrtp_2)
                                              6.334211   data arrival time

                      0.150000   20.000000   20.000000   clock clk (rise edge)
                                  0.000000   20.000000   clock network delay (ideal)
                                 -0.250000   19.750002   clock uncertainty
                                  0.000000   19.750002   clock reconvergence pessimism
                                             19.750002 ^ _1135_/CLK (sky130_fd_sc_hd__dfrtp_2)
                                 -0.820639   18.929361   library recovery time
                                             18.929361   data required time
---------------------------------------------------------------------------------------------
                                             18.929361   data required time
                                             -6.334211   data arrival time
---------------------------------------------------------------------------------------------
                                             12.595151   slack (MET)


Startpoint: rst_n (input port clocked by clk)
Endpoint: _1136_ (recovery check against rising-edge clock clk)
Path Group: asynchronous
Path Type: max

Fanout         Cap        Slew       Delay        Time   Description
---------------------------------------------------------------------------------------------
                      0.150000    0.000000    0.000000   clock clk (rise edge)
                                  0.000000    0.000000   clock network delay (ideal)
                                  4.000000    4.000000 ^ input external delay
   202    0.726937    3.254360    2.334211    6.334211 ^ rst_n (in)
                                                         rst_n (net)
                      3.254360    0.000000    6.334211 ^ _1136_/RESET_B (sky130_fd_sc_hd__dfrtp_2)
                                              6.334211   data arrival time

                      0.150000   20.000000   20.000000   clock clk (rise edge)
                                  0.000000   20.000000   clock network delay (ideal)
                                 -0.250000   19.750002   clock uncertainty
                                  0.000000   19.750002   clock reconvergence pessimism
                                             19.750002 ^ _1136_/CLK (sky130_fd_sc_hd__dfrtp_2)
                                 -0.820639   18.929361   library recovery time
                                             18.929361   data required time
---------------------------------------------------------------------------------------------
                                             18.929361   data required time
                                             -6.334211   data arrival time
---------------------------------------------------------------------------------------------
                                             12.595151   slack (MET)


Startpoint: rst_n (input port clocked by clk)
Endpoint: _1137_ (recovery check against rising-edge clock clk)
Path Group: asynchronous
Path Type: max

Fanout         Cap        Slew       Delay        Time   Description
---------------------------------------------------------------------------------------------
                      0.150000    0.000000    0.000000   clock clk (rise edge)
                                  0.000000    0.000000   clock network delay (ideal)
                                  4.000000    4.000000 ^ input external delay
   202    0.726937    3.254360    2.334211    6.334211 ^ rst_n (in)
                                                         rst_n (net)
                      3.254360    0.000000    6.334211 ^ _1137_/RESET_B (sky130_fd_sc_hd__dfrtp_2)
                                              6.334211   data arrival time

                      0.150000   20.000000   20.000000   clock clk (rise edge)
                                  0.000000   20.000000   clock network delay (ideal)
                                 -0.250000   19.750002   clock uncertainty
                                  0.000000   19.750002   clock reconvergence pessimism
                                             19.750002 ^ _1137_/CLK (sky130_fd_sc_hd__dfrtp_2)
                                 -0.820639   18.929361   library recovery time
                                             18.929361   data required time
---------------------------------------------------------------------------------------------
                                             18.929361   data required time
                                             -6.334211   data arrival time
---------------------------------------------------------------------------------------------
                                             12.595151   slack (MET)


Startpoint: rst_n (input port clocked by clk)
Endpoint: _1138_ (recovery check against rising-edge clock clk)
Path Group: asynchronous
Path Type: max

Fanout         Cap        Slew       Delay        Time   Description
---------------------------------------------------------------------------------------------
                      0.150000    0.000000    0.000000   clock clk (rise edge)
                                  0.000000    0.000000   clock network delay (ideal)
                                  4.000000    4.000000 ^ input external delay
   202    0.726937    3.254360    2.334211    6.334211 ^ rst_n (in)
                                                         rst_n (net)
                      3.254360    0.000000    6.334211 ^ _1138_/RESET_B (sky130_fd_sc_hd__dfrtp_2)
                                              6.334211   data arrival time

                      0.150000   20.000000   20.000000   clock clk (rise edge)
                                  0.000000   20.000000   clock network delay (ideal)
                                 -0.250000   19.750002   clock uncertainty
                                  0.000000   19.750002   clock reconvergence pessimism
                                             19.750002 ^ _1138_/CLK (sky130_fd_sc_hd__dfrtp_2)
                                 -0.820639   18.929361   library recovery time
                                             18.929361   data required time
---------------------------------------------------------------------------------------------
                                             18.929361   data required time
                                             -6.334211   data arrival time
---------------------------------------------------------------------------------------------
                                             12.595151   slack (MET)


Startpoint: rst_n (input port clocked by clk)
Endpoint: _1139_ (recovery check against rising-edge clock clk)
Path Group: asynchronous
Path Type: max

Fanout         Cap        Slew       Delay        Time   Description
---------------------------------------------------------------------------------------------
                      0.150000    0.000000    0.000000   clock clk (rise edge)
                                  0.000000    0.000000   clock network delay (ideal)
                                  4.000000    4.000000 ^ input external delay
   202    0.726937    3.254360    2.334211    6.334211 ^ rst_n (in)
                                                         rst_n (net)
                      3.254360    0.000000    6.334211 ^ _1139_/RESET_B (sky130_fd_sc_hd__dfrtp_2)
                                              6.334211   data arrival time

                      0.150000   20.000000   20.000000   clock clk (rise edge)
                                  0.000000   20.000000   clock network delay (ideal)
                                 -0.250000   19.750002   clock uncertainty
                                  0.000000   19.750002   clock reconvergence pessimism
                                             19.750002 ^ _1139_/CLK (sky130_fd_sc_hd__dfrtp_2)
                                 -0.820639   18.929361   library recovery time
                                             18.929361   data required time
---------------------------------------------------------------------------------------------
                                             18.929361   data required time
                                             -6.334211   data arrival time
---------------------------------------------------------------------------------------------
                                             12.595151   slack (MET)


Startpoint: rst_n (input port clocked by clk)
Endpoint: _1140_ (recovery check against rising-edge clock clk)
Path Group: asynchronous
Path Type: max

Fanout         Cap        Slew       Delay        Time   Description
---------------------------------------------------------------------------------------------
                      0.150000    0.000000    0.000000   clock clk (rise edge)
                                  0.000000    0.000000   clock network delay (ideal)
                                  4.000000    4.000000 ^ input external delay
   202    0.726937    3.254360    2.334211    6.334211 ^ rst_n (in)
                                                         rst_n (net)
                      3.254360    0.000000    6.334211 ^ _1140_/RESET_B (sky130_fd_sc_hd__dfrtp_2)
                                              6.334211   data arrival time

                      0.150000   20.000000   20.000000   clock clk (rise edge)
                                  0.000000   20.000000   clock network delay (ideal)
                                 -0.250000   19.750002   clock uncertainty
                                  0.000000   19.750002   clock reconvergence pessimism
                                             19.750002 ^ _1140_/CLK (sky130_fd_sc_hd__dfrtp_2)
                                 -0.820639   18.929361   library recovery time
                                             18.929361   data required time
---------------------------------------------------------------------------------------------
                                             18.929361   data required time
                                             -6.334211   data arrival time
---------------------------------------------------------------------------------------------
                                             12.595151   slack (MET)


Startpoint: rst_n (input port clocked by clk)
Endpoint: _1141_ (recovery check against rising-edge clock clk)
Path Group: asynchronous
Path Type: max

Fanout         Cap        Slew       Delay        Time   Description
---------------------------------------------------------------------------------------------
                      0.150000    0.000000    0.000000   clock clk (rise edge)
                                  0.000000    0.000000   clock network delay (ideal)
                                  4.000000    4.000000 ^ input external delay
   202    0.726937    3.254360    2.334211    6.334211 ^ rst_n (in)
                                                         rst_n (net)
                      3.254360    0.000000    6.334211 ^ _1141_/RESET_B (sky130_fd_sc_hd__dfrtp_2)
                                              6.334211   data arrival time

                      0.150000   20.000000   20.000000   clock clk (rise edge)
                                  0.000000   20.000000   clock network delay (ideal)
                                 -0.250000   19.750002   clock uncertainty
                                  0.000000   19.750002   clock reconvergence pessimism
                                             19.750002 ^ _1141_/CLK (sky130_fd_sc_hd__dfrtp_2)
                                 -0.820639   18.929361   library recovery time
                                             18.929361   data required time
---------------------------------------------------------------------------------------------
                                             18.929361   data required time
                                             -6.334211   data arrival time
---------------------------------------------------------------------------------------------
                                             12.595151   slack (MET)


Startpoint: rst_n (input port clocked by clk)
Endpoint: _1142_ (recovery check against rising-edge clock clk)
Path Group: asynchronous
Path Type: max

Fanout         Cap        Slew       Delay        Time   Description
---------------------------------------------------------------------------------------------
                      0.150000    0.000000    0.000000   clock clk (rise edge)
                                  0.000000    0.000000   clock network delay (ideal)
                                  4.000000    4.000000 ^ input external delay
   202    0.726937    3.254360    2.334211    6.334211 ^ rst_n (in)
                                                         rst_n (net)
                      3.254360    0.000000    6.334211 ^ _1142_/RESET_B (sky130_fd_sc_hd__dfrtp_2)
                                              6.334211   data arrival time

                      0.150000   20.000000   20.000000   clock clk (rise edge)
                                  0.000000   20.000000   clock network delay (ideal)
                                 -0.250000   19.750002   clock uncertainty
                                  0.000000   19.750002   clock reconvergence pessimism
                                             19.750002 ^ _1142_/CLK (sky130_fd_sc_hd__dfrtp_2)
                                 -0.820639   18.929361   library recovery time
                                             18.929361   data required time
---------------------------------------------------------------------------------------------
                                             18.929361   data required time
                                             -6.334211   data arrival time
---------------------------------------------------------------------------------------------
                                             12.595151   slack (MET)


Startpoint: rst_n (input port clocked by clk)
Endpoint: _1143_ (recovery check against rising-edge clock clk)
Path Group: asynchronous
Path Type: max

Fanout         Cap        Slew       Delay        Time   Description
---------------------------------------------------------------------------------------------
                      0.150000    0.000000    0.000000   clock clk (rise edge)
                                  0.000000    0.000000   clock network delay (ideal)
                                  4.000000    4.000000 ^ input external delay
   202    0.726937    3.254360    2.334211    6.334211 ^ rst_n (in)
                                                         rst_n (net)
                      3.254360    0.000000    6.334211 ^ _1143_/RESET_B (sky130_fd_sc_hd__dfrtp_2)
                                              6.334211   data arrival time

                      0.150000   20.000000   20.000000   clock clk (rise edge)
                                  0.000000   20.000000   clock network delay (ideal)
                                 -0.250000   19.750002   clock uncertainty
                                  0.000000   19.750002   clock reconvergence pessimism
                                             19.750002 ^ _1143_/CLK (sky130_fd_sc_hd__dfrtp_2)
                                 -0.820639   18.929361   library recovery time
                                             18.929361   data required time
---------------------------------------------------------------------------------------------
                                             18.929361   data required time
                                             -6.334211   data arrival time
---------------------------------------------------------------------------------------------
                                             12.595151   slack (MET)


Startpoint: rst_n (input port clocked by clk)
Endpoint: _1144_ (recovery check against rising-edge clock clk)
Path Group: asynchronous
Path Type: max

Fanout         Cap        Slew       Delay        Time   Description
---------------------------------------------------------------------------------------------
                      0.150000    0.000000    0.000000   clock clk (rise edge)
                                  0.000000    0.000000   clock network delay (ideal)
                                  4.000000    4.000000 ^ input external delay
   202    0.726937    3.254360    2.334211    6.334211 ^ rst_n (in)
                                                         rst_n (net)
                      3.254360    0.000000    6.334211 ^ _1144_/RESET_B (sky130_fd_sc_hd__dfrtp_2)
                                              6.334211   data arrival time

                      0.150000   20.000000   20.000000   clock clk (rise edge)
                                  0.000000   20.000000   clock network delay (ideal)
                                 -0.250000   19.750002   clock uncertainty
                                  0.000000   19.750002   clock reconvergence pessimism
                                             19.750002 ^ _1144_/CLK (sky130_fd_sc_hd__dfrtp_2)
                                 -0.820639   18.929361   library recovery time
                                             18.929361   data required time
---------------------------------------------------------------------------------------------
                                             18.929361   data required time
                                             -6.334211   data arrival time
---------------------------------------------------------------------------------------------
                                             12.595151   slack (MET)


Startpoint: rst_n (input port clocked by clk)
Endpoint: _1145_ (recovery check against rising-edge clock clk)
Path Group: asynchronous
Path Type: max

Fanout         Cap        Slew       Delay        Time   Description
---------------------------------------------------------------------------------------------
                      0.150000    0.000000    0.000000   clock clk (rise edge)
                                  0.000000    0.000000   clock network delay (ideal)
                                  4.000000    4.000000 ^ input external delay
   202    0.726937    3.254360    2.334211    6.334211 ^ rst_n (in)
                                                         rst_n (net)
                      3.254360    0.000000    6.334211 ^ _1145_/RESET_B (sky130_fd_sc_hd__dfrtp_2)
                                              6.334211   data arrival time

                      0.150000   20.000000   20.000000   clock clk (rise edge)
                                  0.000000   20.000000   clock network delay (ideal)
                                 -0.250000   19.750002   clock uncertainty
                                  0.000000   19.750002   clock reconvergence pessimism
                                             19.750002 ^ _1145_/CLK (sky130_fd_sc_hd__dfrtp_2)
                                 -0.820639   18.929361   library recovery time
                                             18.929361   data required time
---------------------------------------------------------------------------------------------
                                             18.929361   data required time
                                             -6.334211   data arrival time
---------------------------------------------------------------------------------------------
                                             12.595151   slack (MET)


Startpoint: rst_n (input port clocked by clk)
Endpoint: _1146_ (recovery check against rising-edge clock clk)
Path Group: asynchronous
Path Type: max

Fanout         Cap        Slew       Delay        Time   Description
---------------------------------------------------------------------------------------------
                      0.150000    0.000000    0.000000   clock clk (rise edge)
                                  0.000000    0.000000   clock network delay (ideal)
                                  4.000000    4.000000 ^ input external delay
   202    0.726937    3.254360    2.334211    6.334211 ^ rst_n (in)
                                                         rst_n (net)
                      3.254360    0.000000    6.334211 ^ _1146_/RESET_B (sky130_fd_sc_hd__dfrtp_2)
                                              6.334211   data arrival time

                      0.150000   20.000000   20.000000   clock clk (rise edge)
                                  0.000000   20.000000   clock network delay (ideal)
                                 -0.250000   19.750002   clock uncertainty
                                  0.000000   19.750002   clock reconvergence pessimism
                                             19.750002 ^ _1146_/CLK (sky130_fd_sc_hd__dfrtp_2)
                                 -0.820639   18.929361   library recovery time
                                             18.929361   data required time
---------------------------------------------------------------------------------------------
                                             18.929361   data required time
                                             -6.334211   data arrival time
---------------------------------------------------------------------------------------------
                                             12.595151   slack (MET)


Startpoint: rst_n (input port clocked by clk)
Endpoint: _1147_ (recovery check against rising-edge clock clk)
Path Group: asynchronous
Path Type: max

Fanout         Cap        Slew       Delay        Time   Description
---------------------------------------------------------------------------------------------
                      0.150000    0.000000    0.000000   clock clk (rise edge)
                                  0.000000    0.000000   clock network delay (ideal)
                                  4.000000    4.000000 ^ input external delay
   202    0.726937    3.254360    2.334211    6.334211 ^ rst_n (in)
                                                         rst_n (net)
                      3.254360    0.000000    6.334211 ^ _1147_/RESET_B (sky130_fd_sc_hd__dfrtp_2)
                                              6.334211   data arrival time

                      0.150000   20.000000   20.000000   clock clk (rise edge)
                                  0.000000   20.000000   clock network delay (ideal)
                                 -0.250000   19.750002   clock uncertainty
                                  0.000000   19.750002   clock reconvergence pessimism
                                             19.750002 ^ _1147_/CLK (sky130_fd_sc_hd__dfrtp_2)
                                 -0.820639   18.929361   library recovery time
                                             18.929361   data required time
---------------------------------------------------------------------------------------------
                                             18.929361   data required time
                                             -6.334211   data arrival time
---------------------------------------------------------------------------------------------
                                             12.595151   slack (MET)


Startpoint: rst_n (input port clocked by clk)
Endpoint: _1148_ (recovery check against rising-edge clock clk)
Path Group: asynchronous
Path Type: max

Fanout         Cap        Slew       Delay        Time   Description
---------------------------------------------------------------------------------------------
                      0.150000    0.000000    0.000000   clock clk (rise edge)
                                  0.000000    0.000000   clock network delay (ideal)
                                  4.000000    4.000000 ^ input external delay
   202    0.726937    3.254360    2.334211    6.334211 ^ rst_n (in)
                                                         rst_n (net)
                      3.254360    0.000000    6.334211 ^ _1148_/RESET_B (sky130_fd_sc_hd__dfrtp_2)
                                              6.334211   data arrival time

                      0.150000   20.000000   20.000000   clock clk (rise edge)
                                  0.000000   20.000000   clock network delay (ideal)
                                 -0.250000   19.750002   clock uncertainty
                                  0.000000   19.750002   clock reconvergence pessimism
                                             19.750002 ^ _1148_/CLK (sky130_fd_sc_hd__dfrtp_2)
                                 -0.820639   18.929361   library recovery time
                                             18.929361   data required time
---------------------------------------------------------------------------------------------
                                             18.929361   data required time
                                             -6.334211   data arrival time
---------------------------------------------------------------------------------------------
                                             12.595151   slack (MET)


Startpoint: rst_n (input port clocked by clk)
Endpoint: _1149_ (recovery check against rising-edge clock clk)
Path Group: asynchronous
Path Type: max

Fanout         Cap        Slew       Delay        Time   Description
---------------------------------------------------------------------------------------------
                      0.150000    0.000000    0.000000   clock clk (rise edge)
                                  0.000000    0.000000   clock network delay (ideal)
                                  4.000000    4.000000 ^ input external delay
   202    0.726937    3.254360    2.334211    6.334211 ^ rst_n (in)
                                                         rst_n (net)
                      3.254360    0.000000    6.334211 ^ _1149_/RESET_B (sky130_fd_sc_hd__dfrtp_2)
                                              6.334211   data arrival time

                      0.150000   20.000000   20.000000   clock clk (rise edge)
                                  0.000000   20.000000   clock network delay (ideal)
                                 -0.250000   19.750002   clock uncertainty
                                  0.000000   19.750002   clock reconvergence pessimism
                                             19.750002 ^ _1149_/CLK (sky130_fd_sc_hd__dfrtp_2)
                                 -0.820639   18.929361   library recovery time
                                             18.929361   data required time
---------------------------------------------------------------------------------------------
                                             18.929361   data required time
                                             -6.334211   data arrival time
---------------------------------------------------------------------------------------------
                                             12.595151   slack (MET)


Startpoint: rst_n (input port clocked by clk)
Endpoint: _1150_ (recovery check against rising-edge clock clk)
Path Group: asynchronous
Path Type: max

Fanout         Cap        Slew       Delay        Time   Description
---------------------------------------------------------------------------------------------
                      0.150000    0.000000    0.000000   clock clk (rise edge)
                                  0.000000    0.000000   clock network delay (ideal)
                                  4.000000    4.000000 ^ input external delay
   202    0.726937    3.254360    2.334211    6.334211 ^ rst_n (in)
                                                         rst_n (net)
                      3.254360    0.000000    6.334211 ^ _1150_/RESET_B (sky130_fd_sc_hd__dfrtp_2)
                                              6.334211   data arrival time

                      0.150000   20.000000   20.000000   clock clk (rise edge)
                                  0.000000   20.000000   clock network delay (ideal)
                                 -0.250000   19.750002   clock uncertainty
                                  0.000000   19.750002   clock reconvergence pessimism
                                             19.750002 ^ _1150_/CLK (sky130_fd_sc_hd__dfrtp_2)
                                 -0.820639   18.929361   library recovery time
                                             18.929361   data required time
---------------------------------------------------------------------------------------------
                                             18.929361   data required time
                                             -6.334211   data arrival time
---------------------------------------------------------------------------------------------
                                             12.595151   slack (MET)


Startpoint: rst_n (input port clocked by clk)
Endpoint: _1151_ (recovery check against rising-edge clock clk)
Path Group: asynchronous
Path Type: max

Fanout         Cap        Slew       Delay        Time   Description
---------------------------------------------------------------------------------------------
                      0.150000    0.000000    0.000000   clock clk (rise edge)
                                  0.000000    0.000000   clock network delay (ideal)
                                  4.000000    4.000000 ^ input external delay
   202    0.726937    3.254360    2.334211    6.334211 ^ rst_n (in)
                                                         rst_n (net)
                      3.254360    0.000000    6.334211 ^ _1151_/RESET_B (sky130_fd_sc_hd__dfrtp_2)
                                              6.334211   data arrival time

                      0.150000   20.000000   20.000000   clock clk (rise edge)
                                  0.000000   20.000000   clock network delay (ideal)
                                 -0.250000   19.750002   clock uncertainty
                                  0.000000   19.750002   clock reconvergence pessimism
                                             19.750002 ^ _1151_/CLK (sky130_fd_sc_hd__dfrtp_2)
                                 -0.820639   18.929361   library recovery time
                                             18.929361   data required time
---------------------------------------------------------------------------------------------
                                             18.929361   data required time
                                             -6.334211   data arrival time
---------------------------------------------------------------------------------------------
                                             12.595151   slack (MET)


Startpoint: rst_n (input port clocked by clk)
Endpoint: _1152_ (recovery check against rising-edge clock clk)
Path Group: asynchronous
Path Type: max

Fanout         Cap        Slew       Delay        Time   Description
---------------------------------------------------------------------------------------------
                      0.150000    0.000000    0.000000   clock clk (rise edge)
                                  0.000000    0.000000   clock network delay (ideal)
                                  4.000000    4.000000 ^ input external delay
   202    0.726937    3.254360    2.334211    6.334211 ^ rst_n (in)
                                                         rst_n (net)
                      3.254360    0.000000    6.334211 ^ _1152_/RESET_B (sky130_fd_sc_hd__dfrtp_2)
                                              6.334211   data arrival time

                      0.150000   20.000000   20.000000   clock clk (rise edge)
                                  0.000000   20.000000   clock network delay (ideal)
                                 -0.250000   19.750002   clock uncertainty
                                  0.000000   19.750002   clock reconvergence pessimism
                                             19.750002 ^ _1152_/CLK (sky130_fd_sc_hd__dfrtp_2)
                                 -0.820639   18.929361   library recovery time
                                             18.929361   data required time
---------------------------------------------------------------------------------------------
                                             18.929361   data required time
                                             -6.334211   data arrival time
---------------------------------------------------------------------------------------------
                                             12.595151   slack (MET)


Startpoint: rst_n (input port clocked by clk)
Endpoint: _1153_ (recovery check against rising-edge clock clk)
Path Group: asynchronous
Path Type: max

Fanout         Cap        Slew       Delay        Time   Description
---------------------------------------------------------------------------------------------
                      0.150000    0.000000    0.000000   clock clk (rise edge)
                                  0.000000    0.000000   clock network delay (ideal)
                                  4.000000    4.000000 ^ input external delay
   202    0.726937    3.254360    2.334211    6.334211 ^ rst_n (in)
                                                         rst_n (net)
                      3.254360    0.000000    6.334211 ^ _1153_/RESET_B (sky130_fd_sc_hd__dfrtp_2)
                                              6.334211   data arrival time

                      0.150000   20.000000   20.000000   clock clk (rise edge)
                                  0.000000   20.000000   clock network delay (ideal)
                                 -0.250000   19.750002   clock uncertainty
                                  0.000000   19.750002   clock reconvergence pessimism
                                             19.750002 ^ _1153_/CLK (sky130_fd_sc_hd__dfrtp_2)
                                 -0.820639   18.929361   library recovery time
                                             18.929361   data required time
---------------------------------------------------------------------------------------------
                                             18.929361   data required time
                                             -6.334211   data arrival time
---------------------------------------------------------------------------------------------
                                             12.595151   slack (MET)


Startpoint: rst_n (input port clocked by clk)
Endpoint: _1154_ (recovery check against rising-edge clock clk)
Path Group: asynchronous
Path Type: max

Fanout         Cap        Slew       Delay        Time   Description
---------------------------------------------------------------------------------------------
                      0.150000    0.000000    0.000000   clock clk (rise edge)
                                  0.000000    0.000000   clock network delay (ideal)
                                  4.000000    4.000000 ^ input external delay
   202    0.726937    3.254360    2.334211    6.334211 ^ rst_n (in)
                                                         rst_n (net)
                      3.254360    0.000000    6.334211 ^ _1154_/RESET_B (sky130_fd_sc_hd__dfrtp_2)
                                              6.334211   data arrival time

                      0.150000   20.000000   20.000000   clock clk (rise edge)
                                  0.000000   20.000000   clock network delay (ideal)
                                 -0.250000   19.750002   clock uncertainty
                                  0.000000   19.750002   clock reconvergence pessimism
                                             19.750002 ^ _1154_/CLK (sky130_fd_sc_hd__dfrtp_2)
                                 -0.820639   18.929361   library recovery time
                                             18.929361   data required time
---------------------------------------------------------------------------------------------
                                             18.929361   data required time
                                             -6.334211   data arrival time
---------------------------------------------------------------------------------------------
                                             12.595151   slack (MET)


Startpoint: rst_n (input port clocked by clk)
Endpoint: _1155_ (recovery check against rising-edge clock clk)
Path Group: asynchronous
Path Type: max

Fanout         Cap        Slew       Delay        Time   Description
---------------------------------------------------------------------------------------------
                      0.150000    0.000000    0.000000   clock clk (rise edge)
                                  0.000000    0.000000   clock network delay (ideal)
                                  4.000000    4.000000 ^ input external delay
   202    0.726937    3.254360    2.334211    6.334211 ^ rst_n (in)
                                                         rst_n (net)
                      3.254360    0.000000    6.334211 ^ _1155_/RESET_B (sky130_fd_sc_hd__dfrtp_2)
                                              6.334211   data arrival time

                      0.150000   20.000000   20.000000   clock clk (rise edge)
                                  0.000000   20.000000   clock network delay (ideal)
                                 -0.250000   19.750002   clock uncertainty
                                  0.000000   19.750002   clock reconvergence pessimism
                                             19.750002 ^ _1155_/CLK (sky130_fd_sc_hd__dfrtp_2)
                                 -0.820639   18.929361   library recovery time
                                             18.929361   data required time
---------------------------------------------------------------------------------------------
                                             18.929361   data required time
                                             -6.334211   data arrival time
---------------------------------------------------------------------------------------------
                                             12.595151   slack (MET)


Startpoint: rst_n (input port clocked by clk)
Endpoint: _1156_ (recovery check against rising-edge clock clk)
Path Group: asynchronous
Path Type: max

Fanout         Cap        Slew       Delay        Time   Description
---------------------------------------------------------------------------------------------
                      0.150000    0.000000    0.000000   clock clk (rise edge)
                                  0.000000    0.000000   clock network delay (ideal)
                                  4.000000    4.000000 ^ input external delay
   202    0.726937    3.254360    2.334211    6.334211 ^ rst_n (in)
                                                         rst_n (net)
                      3.254360    0.000000    6.334211 ^ _1156_/RESET_B (sky130_fd_sc_hd__dfrtp_2)
                                              6.334211   data arrival time

                      0.150000   20.000000   20.000000   clock clk (rise edge)
                                  0.000000   20.000000   clock network delay (ideal)
                                 -0.250000   19.750002   clock uncertainty
                                  0.000000   19.750002   clock reconvergence pessimism
                                             19.750002 ^ _1156_/CLK (sky130_fd_sc_hd__dfrtp_2)
                                 -0.820639   18.929361   library recovery time
                                             18.929361   data required time
---------------------------------------------------------------------------------------------
                                             18.929361   data required time
                                             -6.334211   data arrival time
---------------------------------------------------------------------------------------------
                                             12.595151   slack (MET)


Startpoint: rst_n (input port clocked by clk)
Endpoint: _1157_ (recovery check against rising-edge clock clk)
Path Group: asynchronous
Path Type: max

Fanout         Cap        Slew       Delay        Time   Description
---------------------------------------------------------------------------------------------
                      0.150000    0.000000    0.000000   clock clk (rise edge)
                                  0.000000    0.000000   clock network delay (ideal)
                                  4.000000    4.000000 ^ input external delay
   202    0.726937    3.254360    2.334211    6.334211 ^ rst_n (in)
                                                         rst_n (net)
                      3.254360    0.000000    6.334211 ^ _1157_/RESET_B (sky130_fd_sc_hd__dfrtp_2)
                                              6.334211   data arrival time

                      0.150000   20.000000   20.000000   clock clk (rise edge)
                                  0.000000   20.000000   clock network delay (ideal)
                                 -0.250000   19.750002   clock uncertainty
                                  0.000000   19.750002   clock reconvergence pessimism
                                             19.750002 ^ _1157_/CLK (sky130_fd_sc_hd__dfrtp_2)
                                 -0.820639   18.929361   library recovery time
                                             18.929361   data required time
---------------------------------------------------------------------------------------------
                                             18.929361   data required time
                                             -6.334211   data arrival time
---------------------------------------------------------------------------------------------
                                             12.595151   slack (MET)


Startpoint: rst_n (input port clocked by clk)
Endpoint: _1158_ (recovery check against rising-edge clock clk)
Path Group: asynchronous
Path Type: max

Fanout         Cap        Slew       Delay        Time   Description
---------------------------------------------------------------------------------------------
                      0.150000    0.000000    0.000000   clock clk (rise edge)
                                  0.000000    0.000000   clock network delay (ideal)
                                  4.000000    4.000000 ^ input external delay
   202    0.726937    3.254360    2.334211    6.334211 ^ rst_n (in)
                                                         rst_n (net)
                      3.254360    0.000000    6.334211 ^ _1158_/RESET_B (sky130_fd_sc_hd__dfrtp_2)
                                              6.334211   data arrival time

                      0.150000   20.000000   20.000000   clock clk (rise edge)
                                  0.000000   20.000000   clock network delay (ideal)
                                 -0.250000   19.750002   clock uncertainty
                                  0.000000   19.750002   clock reconvergence pessimism
                                             19.750002 ^ _1158_/CLK (sky130_fd_sc_hd__dfrtp_2)
                                 -0.820639   18.929361   library recovery time
                                             18.929361   data required time
---------------------------------------------------------------------------------------------
                                             18.929361   data required time
                                             -6.334211   data arrival time
---------------------------------------------------------------------------------------------
                                             12.595151   slack (MET)


Startpoint: rst_n (input port clocked by clk)
Endpoint: _1159_ (recovery check against rising-edge clock clk)
Path Group: asynchronous
Path Type: max

Fanout         Cap        Slew       Delay        Time   Description
---------------------------------------------------------------------------------------------
                      0.150000    0.000000    0.000000   clock clk (rise edge)
                                  0.000000    0.000000   clock network delay (ideal)
                                  4.000000    4.000000 ^ input external delay
   202    0.726937    3.254360    2.334211    6.334211 ^ rst_n (in)
                                                         rst_n (net)
                      3.254360    0.000000    6.334211 ^ _1159_/RESET_B (sky130_fd_sc_hd__dfrtp_2)
                                              6.334211   data arrival time

                      0.150000   20.000000   20.000000   clock clk (rise edge)
                                  0.000000   20.000000   clock network delay (ideal)
                                 -0.250000   19.750002   clock uncertainty
                                  0.000000   19.750002   clock reconvergence pessimism
                                             19.750002 ^ _1159_/CLK (sky130_fd_sc_hd__dfrtp_2)
                                 -0.820639   18.929361   library recovery time
                                             18.929361   data required time
---------------------------------------------------------------------------------------------
                                             18.929361   data required time
                                             -6.334211   data arrival time
---------------------------------------------------------------------------------------------
                                             12.595151   slack (MET)


Startpoint: rst_n (input port clocked by clk)
Endpoint: _1160_ (recovery check against rising-edge clock clk)
Path Group: asynchronous
Path Type: max

Fanout         Cap        Slew       Delay        Time   Description
---------------------------------------------------------------------------------------------
                      0.150000    0.000000    0.000000   clock clk (rise edge)
                                  0.000000    0.000000   clock network delay (ideal)
                                  4.000000    4.000000 ^ input external delay
   202    0.726937    3.254360    2.334211    6.334211 ^ rst_n (in)
                                                         rst_n (net)
                      3.254360    0.000000    6.334211 ^ _1160_/RESET_B (sky130_fd_sc_hd__dfrtp_2)
                                              6.334211   data arrival time

                      0.150000   20.000000   20.000000   clock clk (rise edge)
                                  0.000000   20.000000   clock network delay (ideal)
                                 -0.250000   19.750002   clock uncertainty
                                  0.000000   19.750002   clock reconvergence pessimism
                                             19.750002 ^ _1160_/CLK (sky130_fd_sc_hd__dfrtp_2)
                                 -0.820639   18.929361   library recovery time
                                             18.929361   data required time
---------------------------------------------------------------------------------------------
                                             18.929361   data required time
                                             -6.334211   data arrival time
---------------------------------------------------------------------------------------------
                                             12.595151   slack (MET)


Startpoint: rst_n (input port clocked by clk)
Endpoint: _1161_ (recovery check against rising-edge clock clk)
Path Group: asynchronous
Path Type: max

Fanout         Cap        Slew       Delay        Time   Description
---------------------------------------------------------------------------------------------
                      0.150000    0.000000    0.000000   clock clk (rise edge)
                                  0.000000    0.000000   clock network delay (ideal)
                                  4.000000    4.000000 ^ input external delay
   202    0.726937    3.254360    2.334211    6.334211 ^ rst_n (in)
                                                         rst_n (net)
                      3.254360    0.000000    6.334211 ^ _1161_/RESET_B (sky130_fd_sc_hd__dfrtp_2)
                                              6.334211   data arrival time

                      0.150000   20.000000   20.000000   clock clk (rise edge)
                                  0.000000   20.000000   clock network delay (ideal)
                                 -0.250000   19.750002   clock uncertainty
                                  0.000000   19.750002   clock reconvergence pessimism
                                             19.750002 ^ _1161_/CLK (sky130_fd_sc_hd__dfrtp_2)
                                 -0.820639   18.929361   library recovery time
                                             18.929361   data required time
---------------------------------------------------------------------------------------------
                                             18.929361   data required time
                                             -6.334211   data arrival time
---------------------------------------------------------------------------------------------
                                             12.595151   slack (MET)


Startpoint: rst_n (input port clocked by clk)
Endpoint: _1162_ (recovery check against rising-edge clock clk)
Path Group: asynchronous
Path Type: max

Fanout         Cap        Slew       Delay        Time   Description
---------------------------------------------------------------------------------------------
                      0.150000    0.000000    0.000000   clock clk (rise edge)
                                  0.000000    0.000000   clock network delay (ideal)
                                  4.000000    4.000000 ^ input external delay
   202    0.726937    3.254360    2.334211    6.334211 ^ rst_n (in)
                                                         rst_n (net)
                      3.254360    0.000000    6.334211 ^ _1162_/RESET_B (sky130_fd_sc_hd__dfrtp_2)
                                              6.334211   data arrival time

                      0.150000   20.000000   20.000000   clock clk (rise edge)
                                  0.000000   20.000000   clock network delay (ideal)
                                 -0.250000   19.750002   clock uncertainty
                                  0.000000   19.750002   clock reconvergence pessimism
                                             19.750002 ^ _1162_/CLK (sky130_fd_sc_hd__dfrtp_2)
                                 -0.820639   18.929361   library recovery time
                                             18.929361   data required time
---------------------------------------------------------------------------------------------
                                             18.929361   data required time
                                             -6.334211   data arrival time
---------------------------------------------------------------------------------------------
                                             12.595151   slack (MET)


Startpoint: rst_n (input port clocked by clk)
Endpoint: _1163_ (recovery check against rising-edge clock clk)
Path Group: asynchronous
Path Type: max

Fanout         Cap        Slew       Delay        Time   Description
---------------------------------------------------------------------------------------------
                      0.150000    0.000000    0.000000   clock clk (rise edge)
                                  0.000000    0.000000   clock network delay (ideal)
                                  4.000000    4.000000 ^ input external delay
   202    0.726937    3.254360    2.334211    6.334211 ^ rst_n (in)
                                                         rst_n (net)
                      3.254360    0.000000    6.334211 ^ _1163_/RESET_B (sky130_fd_sc_hd__dfrtp_2)
                                              6.334211   data arrival time

                      0.150000   20.000000   20.000000   clock clk (rise edge)
                                  0.000000   20.000000   clock network delay (ideal)
                                 -0.250000   19.750002   clock uncertainty
                                  0.000000   19.750002   clock reconvergence pessimism
                                             19.750002 ^ _1163_/CLK (sky130_fd_sc_hd__dfrtp_2)
                                 -0.820639   18.929361   library recovery time
                                             18.929361   data required time
---------------------------------------------------------------------------------------------
                                             18.929361   data required time
                                             -6.334211   data arrival time
---------------------------------------------------------------------------------------------
                                             12.595151   slack (MET)


Startpoint: rst_n (input port clocked by clk)
Endpoint: _1164_ (recovery check against rising-edge clock clk)
Path Group: asynchronous
Path Type: max

Fanout         Cap        Slew       Delay        Time   Description
---------------------------------------------------------------------------------------------
                      0.150000    0.000000    0.000000   clock clk (rise edge)
                                  0.000000    0.000000   clock network delay (ideal)
                                  4.000000    4.000000 ^ input external delay
   202    0.726937    3.254360    2.334211    6.334211 ^ rst_n (in)
                                                         rst_n (net)
                      3.254360    0.000000    6.334211 ^ _1164_/RESET_B (sky130_fd_sc_hd__dfrtp_2)
                                              6.334211   data arrival time

                      0.150000   20.000000   20.000000   clock clk (rise edge)
                                  0.000000   20.000000   clock network delay (ideal)
                                 -0.250000   19.750002   clock uncertainty
                                  0.000000   19.750002   clock reconvergence pessimism
                                             19.750002 ^ _1164_/CLK (sky130_fd_sc_hd__dfrtp_2)
                                 -0.820639   18.929361   library recovery time
                                             18.929361   data required time
---------------------------------------------------------------------------------------------
                                             18.929361   data required time
                                             -6.334211   data arrival time
---------------------------------------------------------------------------------------------
                                             12.595151   slack (MET)


Startpoint: rst_n (input port clocked by clk)
Endpoint: _1165_ (recovery check against rising-edge clock clk)
Path Group: asynchronous
Path Type: max

Fanout         Cap        Slew       Delay        Time   Description
---------------------------------------------------------------------------------------------
                      0.150000    0.000000    0.000000   clock clk (rise edge)
                                  0.000000    0.000000   clock network delay (ideal)
                                  4.000000    4.000000 ^ input external delay
   202    0.726937    3.254360    2.334211    6.334211 ^ rst_n (in)
                                                         rst_n (net)
                      3.254360    0.000000    6.334211 ^ _1165_/RESET_B (sky130_fd_sc_hd__dfrtp_2)
                                              6.334211   data arrival time

                      0.150000   20.000000   20.000000   clock clk (rise edge)
                                  0.000000   20.000000   clock network delay (ideal)
                                 -0.250000   19.750002   clock uncertainty
                                  0.000000   19.750002   clock reconvergence pessimism
                                             19.750002 ^ _1165_/CLK (sky130_fd_sc_hd__dfrtp_2)
                                 -0.820639   18.929361   library recovery time
                                             18.929361   data required time
---------------------------------------------------------------------------------------------
                                             18.929361   data required time
                                             -6.334211   data arrival time
---------------------------------------------------------------------------------------------
                                             12.595151   slack (MET)


Startpoint: rst_n (input port clocked by clk)
Endpoint: _1166_ (recovery check against rising-edge clock clk)
Path Group: asynchronous
Path Type: max

Fanout         Cap        Slew       Delay        Time   Description
---------------------------------------------------------------------------------------------
                      0.150000    0.000000    0.000000   clock clk (rise edge)
                                  0.000000    0.000000   clock network delay (ideal)
                                  4.000000    4.000000 ^ input external delay
   202    0.726937    3.254360    2.334211    6.334211 ^ rst_n (in)
                                                         rst_n (net)
                      3.254360    0.000000    6.334211 ^ _1166_/RESET_B (sky130_fd_sc_hd__dfrtp_2)
                                              6.334211   data arrival time

                      0.150000   20.000000   20.000000   clock clk (rise edge)
                                  0.000000   20.000000   clock network delay (ideal)
                                 -0.250000   19.750002   clock uncertainty
                                  0.000000   19.750002   clock reconvergence pessimism
                                             19.750002 ^ _1166_/CLK (sky130_fd_sc_hd__dfrtp_2)
                                 -0.820639   18.929361   library recovery time
                                             18.929361   data required time
---------------------------------------------------------------------------------------------
                                             18.929361   data required time
                                             -6.334211   data arrival time
---------------------------------------------------------------------------------------------
                                             12.595151   slack (MET)


Startpoint: rst_n (input port clocked by clk)
Endpoint: _1167_ (recovery check against rising-edge clock clk)
Path Group: asynchronous
Path Type: max

Fanout         Cap        Slew       Delay        Time   Description
---------------------------------------------------------------------------------------------
                      0.150000    0.000000    0.000000   clock clk (rise edge)
                                  0.000000    0.000000   clock network delay (ideal)
                                  4.000000    4.000000 ^ input external delay
   202    0.726937    3.254360    2.334211    6.334211 ^ rst_n (in)
                                                         rst_n (net)
                      3.254360    0.000000    6.334211 ^ _1167_/RESET_B (sky130_fd_sc_hd__dfrtp_2)
                                              6.334211   data arrival time

                      0.150000   20.000000   20.000000   clock clk (rise edge)
                                  0.000000   20.000000   clock network delay (ideal)
                                 -0.250000   19.750002   clock uncertainty
                                  0.000000   19.750002   clock reconvergence pessimism
                                             19.750002 ^ _1167_/CLK (sky130_fd_sc_hd__dfrtp_2)
                                 -0.820639   18.929361   library recovery time
                                             18.929361   data required time
---------------------------------------------------------------------------------------------
                                             18.929361   data required time
                                             -6.334211   data arrival time
---------------------------------------------------------------------------------------------
                                             12.595151   slack (MET)


Startpoint: rst_n (input port clocked by clk)
Endpoint: _1168_ (recovery check against rising-edge clock clk)
Path Group: asynchronous
Path Type: max

Fanout         Cap        Slew       Delay        Time   Description
---------------------------------------------------------------------------------------------
                      0.150000    0.000000    0.000000   clock clk (rise edge)
                                  0.000000    0.000000   clock network delay (ideal)
                                  4.000000    4.000000 ^ input external delay
   202    0.726937    3.254360    2.334211    6.334211 ^ rst_n (in)
                                                         rst_n (net)
                      3.254360    0.000000    6.334211 ^ _1168_/RESET_B (sky130_fd_sc_hd__dfrtp_2)
                                              6.334211   data arrival time

                      0.150000   20.000000   20.000000   clock clk (rise edge)
                                  0.000000   20.000000   clock network delay (ideal)
                                 -0.250000   19.750002   clock uncertainty
                                  0.000000   19.750002   clock reconvergence pessimism
                                             19.750002 ^ _1168_/CLK (sky130_fd_sc_hd__dfrtp_2)
                                 -0.820639   18.929361   library recovery time
                                             18.929361   data required time
---------------------------------------------------------------------------------------------
                                             18.929361   data required time
                                             -6.334211   data arrival time
---------------------------------------------------------------------------------------------
                                             12.595151   slack (MET)


Startpoint: rst_n (input port clocked by clk)
Endpoint: _1169_ (recovery check against rising-edge clock clk)
Path Group: asynchronous
Path Type: max

Fanout         Cap        Slew       Delay        Time   Description
---------------------------------------------------------------------------------------------
                      0.150000    0.000000    0.000000   clock clk (rise edge)
                                  0.000000    0.000000   clock network delay (ideal)
                                  4.000000    4.000000 ^ input external delay
   202    0.726937    3.254360    2.334211    6.334211 ^ rst_n (in)
                                                         rst_n (net)
                      3.254360    0.000000    6.334211 ^ _1169_/RESET_B (sky130_fd_sc_hd__dfrtp_2)
                                              6.334211   data arrival time

                      0.150000   20.000000   20.000000   clock clk (rise edge)
                                  0.000000   20.000000   clock network delay (ideal)
                                 -0.250000   19.750002   clock uncertainty
                                  0.000000   19.750002   clock reconvergence pessimism
                                             19.750002 ^ _1169_/CLK (sky130_fd_sc_hd__dfrtp_2)
                                 -0.820639   18.929361   library recovery time
                                             18.929361   data required time
---------------------------------------------------------------------------------------------
                                             18.929361   data required time
                                             -6.334211   data arrival time
---------------------------------------------------------------------------------------------
                                             12.595151   slack (MET)


Startpoint: rst_n (input port clocked by clk)
Endpoint: _1170_ (recovery check against rising-edge clock clk)
Path Group: asynchronous
Path Type: max

Fanout         Cap        Slew       Delay        Time   Description
---------------------------------------------------------------------------------------------
                      0.150000    0.000000    0.000000   clock clk (rise edge)
                                  0.000000    0.000000   clock network delay (ideal)
                                  4.000000    4.000000 ^ input external delay
   202    0.726937    3.254360    2.334211    6.334211 ^ rst_n (in)
                                                         rst_n (net)
                      3.254360    0.000000    6.334211 ^ _1170_/RESET_B (sky130_fd_sc_hd__dfrtp_2)
                                              6.334211   data arrival time

                      0.150000   20.000000   20.000000   clock clk (rise edge)
                                  0.000000   20.000000   clock network delay (ideal)
                                 -0.250000   19.750002   clock uncertainty
                                  0.000000   19.750002   clock reconvergence pessimism
                                             19.750002 ^ _1170_/CLK (sky130_fd_sc_hd__dfrtp_2)
                                 -0.820639   18.929361   library recovery time
                                             18.929361   data required time
---------------------------------------------------------------------------------------------
                                             18.929361   data required time
                                             -6.334211   data arrival time
---------------------------------------------------------------------------------------------
                                             12.595151   slack (MET)


Startpoint: rst_n (input port clocked by clk)
Endpoint: _1171_ (recovery check against rising-edge clock clk)
Path Group: asynchronous
Path Type: max

Fanout         Cap        Slew       Delay        Time   Description
---------------------------------------------------------------------------------------------
                      0.150000    0.000000    0.000000   clock clk (rise edge)
                                  0.000000    0.000000   clock network delay (ideal)
                                  4.000000    4.000000 ^ input external delay
   202    0.726937    3.254360    2.334211    6.334211 ^ rst_n (in)
                                                         rst_n (net)
                      3.254360    0.000000    6.334211 ^ _1171_/RESET_B (sky130_fd_sc_hd__dfrtp_2)
                                              6.334211   data arrival time

                      0.150000   20.000000   20.000000   clock clk (rise edge)
                                  0.000000   20.000000   clock network delay (ideal)
                                 -0.250000   19.750002   clock uncertainty
                                  0.000000   19.750002   clock reconvergence pessimism
                                             19.750002 ^ _1171_/CLK (sky130_fd_sc_hd__dfrtp_2)
                                 -0.820639   18.929361   library recovery time
                                             18.929361   data required time
---------------------------------------------------------------------------------------------
                                             18.929361   data required time
                                             -6.334211   data arrival time
---------------------------------------------------------------------------------------------
                                             12.595151   slack (MET)


Startpoint: rst_n (input port clocked by clk)
Endpoint: _1172_ (recovery check against rising-edge clock clk)
Path Group: asynchronous
Path Type: max

Fanout         Cap        Slew       Delay        Time   Description
---------------------------------------------------------------------------------------------
                      0.150000    0.000000    0.000000   clock clk (rise edge)
                                  0.000000    0.000000   clock network delay (ideal)
                                  4.000000    4.000000 ^ input external delay
   202    0.726937    3.254360    2.334211    6.334211 ^ rst_n (in)
                                                         rst_n (net)
                      3.254360    0.000000    6.334211 ^ _1172_/RESET_B (sky130_fd_sc_hd__dfrtp_2)
                                              6.334211   data arrival time

                      0.150000   20.000000   20.000000   clock clk (rise edge)
                                  0.000000   20.000000   clock network delay (ideal)
                                 -0.250000   19.750002   clock uncertainty
                                  0.000000   19.750002   clock reconvergence pessimism
                                             19.750002 ^ _1172_/CLK (sky130_fd_sc_hd__dfrtp_2)
                                 -0.820639   18.929361   library recovery time
                                             18.929361   data required time
---------------------------------------------------------------------------------------------
                                             18.929361   data required time
                                             -6.334211   data arrival time
---------------------------------------------------------------------------------------------
                                             12.595151   slack (MET)


Startpoint: rst_n (input port clocked by clk)
Endpoint: _1173_ (recovery check against rising-edge clock clk)
Path Group: asynchronous
Path Type: max

Fanout         Cap        Slew       Delay        Time   Description
---------------------------------------------------------------------------------------------
                      0.150000    0.000000    0.000000   clock clk (rise edge)
                                  0.000000    0.000000   clock network delay (ideal)
                                  4.000000    4.000000 ^ input external delay
   202    0.726937    3.254360    2.334211    6.334211 ^ rst_n (in)
                                                         rst_n (net)
                      3.254360    0.000000    6.334211 ^ _1173_/RESET_B (sky130_fd_sc_hd__dfrtp_2)
                                              6.334211   data arrival time

                      0.150000   20.000000   20.000000   clock clk (rise edge)
                                  0.000000   20.000000   clock network delay (ideal)
                                 -0.250000   19.750002   clock uncertainty
                                  0.000000   19.750002   clock reconvergence pessimism
                                             19.750002 ^ _1173_/CLK (sky130_fd_sc_hd__dfrtp_2)
                                 -0.820639   18.929361   library recovery time
                                             18.929361   data required time
---------------------------------------------------------------------------------------------
                                             18.929361   data required time
                                             -6.334211   data arrival time
---------------------------------------------------------------------------------------------
                                             12.595151   slack (MET)


Startpoint: rst_n (input port clocked by clk)
Endpoint: _1174_ (recovery check against rising-edge clock clk)
Path Group: asynchronous
Path Type: max

Fanout         Cap        Slew       Delay        Time   Description
---------------------------------------------------------------------------------------------
                      0.150000    0.000000    0.000000   clock clk (rise edge)
                                  0.000000    0.000000   clock network delay (ideal)
                                  4.000000    4.000000 ^ input external delay
   202    0.726937    3.254360    2.334211    6.334211 ^ rst_n (in)
                                                         rst_n (net)
                      3.254360    0.000000    6.334211 ^ _1174_/RESET_B (sky130_fd_sc_hd__dfrtp_2)
                                              6.334211   data arrival time

                      0.150000   20.000000   20.000000   clock clk (rise edge)
                                  0.000000   20.000000   clock network delay (ideal)
                                 -0.250000   19.750002   clock uncertainty
                                  0.000000   19.750002   clock reconvergence pessimism
                                             19.750002 ^ _1174_/CLK (sky130_fd_sc_hd__dfrtp_2)
                                 -0.820639   18.929361   library recovery time
                                             18.929361   data required time
---------------------------------------------------------------------------------------------
                                             18.929361   data required time
                                             -6.334211   data arrival time
---------------------------------------------------------------------------------------------
                                             12.595151   slack (MET)


Startpoint: rst_n (input port clocked by clk)
Endpoint: _1175_ (recovery check against rising-edge clock clk)
Path Group: asynchronous
Path Type: max

Fanout         Cap        Slew       Delay        Time   Description
---------------------------------------------------------------------------------------------
                      0.150000    0.000000    0.000000   clock clk (rise edge)
                                  0.000000    0.000000   clock network delay (ideal)
                                  4.000000    4.000000 ^ input external delay
   202    0.726937    3.254360    2.334211    6.334211 ^ rst_n (in)
                                                         rst_n (net)
                      3.254360    0.000000    6.334211 ^ _1175_/RESET_B (sky130_fd_sc_hd__dfrtp_2)
                                              6.334211   data arrival time

                      0.150000   20.000000   20.000000   clock clk (rise edge)
                                  0.000000   20.000000   clock network delay (ideal)
                                 -0.250000   19.750002   clock uncertainty
                                  0.000000   19.750002   clock reconvergence pessimism
                                             19.750002 ^ _1175_/CLK (sky130_fd_sc_hd__dfrtp_2)
                                 -0.820639   18.929361   library recovery time
                                             18.929361   data required time
---------------------------------------------------------------------------------------------
                                             18.929361   data required time
                                             -6.334211   data arrival time
---------------------------------------------------------------------------------------------
                                             12.595151   slack (MET)


Startpoint: rst_n (input port clocked by clk)
Endpoint: _1176_ (recovery check against rising-edge clock clk)
Path Group: asynchronous
Path Type: max

Fanout         Cap        Slew       Delay        Time   Description
---------------------------------------------------------------------------------------------
                      0.150000    0.000000    0.000000   clock clk (rise edge)
                                  0.000000    0.000000   clock network delay (ideal)
                                  4.000000    4.000000 ^ input external delay
   202    0.726937    3.254360    2.334211    6.334211 ^ rst_n (in)
                                                         rst_n (net)
                      3.254360    0.000000    6.334211 ^ _1176_/RESET_B (sky130_fd_sc_hd__dfrtp_2)
                                              6.334211   data arrival time

                      0.150000   20.000000   20.000000   clock clk (rise edge)
                                  0.000000   20.000000   clock network delay (ideal)
                                 -0.250000   19.750002   clock uncertainty
                                  0.000000   19.750002   clock reconvergence pessimism
                                             19.750002 ^ _1176_/CLK (sky130_fd_sc_hd__dfrtp_2)
                                 -0.820639   18.929361   library recovery time
                                             18.929361   data required time
---------------------------------------------------------------------------------------------
                                             18.929361   data required time
                                             -6.334211   data arrival time
---------------------------------------------------------------------------------------------
                                             12.595151   slack (MET)


Startpoint: rst_n (input port clocked by clk)
Endpoint: _1177_ (recovery check against rising-edge clock clk)
Path Group: asynchronous
Path Type: max

Fanout         Cap        Slew       Delay        Time   Description
---------------------------------------------------------------------------------------------
                      0.150000    0.000000    0.000000   clock clk (rise edge)
                                  0.000000    0.000000   clock network delay (ideal)
                                  4.000000    4.000000 ^ input external delay
   202    0.726937    3.254360    2.334211    6.334211 ^ rst_n (in)
                                                         rst_n (net)
                      3.254360    0.000000    6.334211 ^ _1177_/RESET_B (sky130_fd_sc_hd__dfrtp_2)
                                              6.334211   data arrival time

                      0.150000   20.000000   20.000000   clock clk (rise edge)
                                  0.000000   20.000000   clock network delay (ideal)
                                 -0.250000   19.750002   clock uncertainty
                                  0.000000   19.750002   clock reconvergence pessimism
                                             19.750002 ^ _1177_/CLK (sky130_fd_sc_hd__dfrtp_2)
                                 -0.820639   18.929361   library recovery time
                                             18.929361   data required time
---------------------------------------------------------------------------------------------
                                             18.929361   data required time
                                             -6.334211   data arrival time
---------------------------------------------------------------------------------------------
                                             12.595151   slack (MET)


Startpoint: rst_n (input port clocked by clk)
Endpoint: _1178_ (recovery check against rising-edge clock clk)
Path Group: asynchronous
Path Type: max

Fanout         Cap        Slew       Delay        Time   Description
---------------------------------------------------------------------------------------------
                      0.150000    0.000000    0.000000   clock clk (rise edge)
                                  0.000000    0.000000   clock network delay (ideal)
                                  4.000000    4.000000 ^ input external delay
   202    0.726937    3.254360    2.334211    6.334211 ^ rst_n (in)
                                                         rst_n (net)
                      3.254360    0.000000    6.334211 ^ _1178_/RESET_B (sky130_fd_sc_hd__dfrtp_2)
                                              6.334211   data arrival time

                      0.150000   20.000000   20.000000   clock clk (rise edge)
                                  0.000000   20.000000   clock network delay (ideal)
                                 -0.250000   19.750002   clock uncertainty
                                  0.000000   19.750002   clock reconvergence pessimism
                                             19.750002 ^ _1178_/CLK (sky130_fd_sc_hd__dfrtp_2)
                                 -0.820639   18.929361   library recovery time
                                             18.929361   data required time
---------------------------------------------------------------------------------------------
                                             18.929361   data required time
                                             -6.334211   data arrival time
---------------------------------------------------------------------------------------------
                                             12.595151   slack (MET)


Startpoint: rst_n (input port clocked by clk)
Endpoint: _1179_ (recovery check against rising-edge clock clk)
Path Group: asynchronous
Path Type: max

Fanout         Cap        Slew       Delay        Time   Description
---------------------------------------------------------------------------------------------
                      0.150000    0.000000    0.000000   clock clk (rise edge)
                                  0.000000    0.000000   clock network delay (ideal)
                                  4.000000    4.000000 ^ input external delay
   202    0.726937    3.254360    2.334211    6.334211 ^ rst_n (in)
                                                         rst_n (net)
                      3.254360    0.000000    6.334211 ^ _1179_/RESET_B (sky130_fd_sc_hd__dfrtp_2)
                                              6.334211   data arrival time

                      0.150000   20.000000   20.000000   clock clk (rise edge)
                                  0.000000   20.000000   clock network delay (ideal)
                                 -0.250000   19.750002   clock uncertainty
                                  0.000000   19.750002   clock reconvergence pessimism
                                             19.750002 ^ _1179_/CLK (sky130_fd_sc_hd__dfrtp_2)
                                 -0.820639   18.929361   library recovery time
                                             18.929361   data required time
---------------------------------------------------------------------------------------------
                                             18.929361   data required time
                                             -6.334211   data arrival time
---------------------------------------------------------------------------------------------
                                             12.595151   slack (MET)


Startpoint: rst_n (input port clocked by clk)
Endpoint: _1180_ (recovery check against rising-edge clock clk)
Path Group: asynchronous
Path Type: max

Fanout         Cap        Slew       Delay        Time   Description
---------------------------------------------------------------------------------------------
                      0.150000    0.000000    0.000000   clock clk (rise edge)
                                  0.000000    0.000000   clock network delay (ideal)
                                  4.000000    4.000000 ^ input external delay
   202    0.726937    3.254360    2.334211    6.334211 ^ rst_n (in)
                                                         rst_n (net)
                      3.254360    0.000000    6.334211 ^ _1180_/RESET_B (sky130_fd_sc_hd__dfrtp_2)
                                              6.334211   data arrival time

                      0.150000   20.000000   20.000000   clock clk (rise edge)
                                  0.000000   20.000000   clock network delay (ideal)
                                 -0.250000   19.750002   clock uncertainty
                                  0.000000   19.750002   clock reconvergence pessimism
                                             19.750002 ^ _1180_/CLK (sky130_fd_sc_hd__dfrtp_2)
                                 -0.820639   18.929361   library recovery time
                                             18.929361   data required time
---------------------------------------------------------------------------------------------
                                             18.929361   data required time
                                             -6.334211   data arrival time
---------------------------------------------------------------------------------------------
                                             12.595151   slack (MET)


Startpoint: rst_n (input port clocked by clk)
Endpoint: _1181_ (recovery check against rising-edge clock clk)
Path Group: asynchronous
Path Type: max

Fanout         Cap        Slew       Delay        Time   Description
---------------------------------------------------------------------------------------------
                      0.150000    0.000000    0.000000   clock clk (rise edge)
                                  0.000000    0.000000   clock network delay (ideal)
                                  4.000000    4.000000 ^ input external delay
   202    0.726937    3.254360    2.334211    6.334211 ^ rst_n (in)
                                                         rst_n (net)
                      3.254360    0.000000    6.334211 ^ _1181_/RESET_B (sky130_fd_sc_hd__dfrtp_2)
                                              6.334211   data arrival time

                      0.150000   20.000000   20.000000   clock clk (rise edge)
                                  0.000000   20.000000   clock network delay (ideal)
                                 -0.250000   19.750002   clock uncertainty
                                  0.000000   19.750002   clock reconvergence pessimism
                                             19.750002 ^ _1181_/CLK (sky130_fd_sc_hd__dfrtp_2)
                                 -0.820639   18.929361   library recovery time
                                             18.929361   data required time
---------------------------------------------------------------------------------------------
                                             18.929361   data required time
                                             -6.334211   data arrival time
---------------------------------------------------------------------------------------------
                                             12.595151   slack (MET)


Startpoint: rst_n (input port clocked by clk)
Endpoint: _1182_ (recovery check against rising-edge clock clk)
Path Group: asynchronous
Path Type: max

Fanout         Cap        Slew       Delay        Time   Description
---------------------------------------------------------------------------------------------
                      0.150000    0.000000    0.000000   clock clk (rise edge)
                                  0.000000    0.000000   clock network delay (ideal)
                                  4.000000    4.000000 ^ input external delay
   202    0.726937    3.254360    2.334211    6.334211 ^ rst_n (in)
                                                         rst_n (net)
                      3.254360    0.000000    6.334211 ^ _1182_/RESET_B (sky130_fd_sc_hd__dfrtp_2)
                                              6.334211   data arrival time

                      0.150000   20.000000   20.000000   clock clk (rise edge)
                                  0.000000   20.000000   clock network delay (ideal)
                                 -0.250000   19.750002   clock uncertainty
                                  0.000000   19.750002   clock reconvergence pessimism
                                             19.750002 ^ _1182_/CLK (sky130_fd_sc_hd__dfrtp_2)
                                 -0.820639   18.929361   library recovery time
                                             18.929361   data required time
---------------------------------------------------------------------------------------------
                                             18.929361   data required time
                                             -6.334211   data arrival time
---------------------------------------------------------------------------------------------
                                             12.595151   slack (MET)


Startpoint: rst_n (input port clocked by clk)
Endpoint: _1183_ (recovery check against rising-edge clock clk)
Path Group: asynchronous
Path Type: max

Fanout         Cap        Slew       Delay        Time   Description
---------------------------------------------------------------------------------------------
                      0.150000    0.000000    0.000000   clock clk (rise edge)
                                  0.000000    0.000000   clock network delay (ideal)
                                  4.000000    4.000000 ^ input external delay
   202    0.726937    3.254360    2.334211    6.334211 ^ rst_n (in)
                                                         rst_n (net)
                      3.254360    0.000000    6.334211 ^ _1183_/RESET_B (sky130_fd_sc_hd__dfrtp_2)
                                              6.334211   data arrival time

                      0.150000   20.000000   20.000000   clock clk (rise edge)
                                  0.000000   20.000000   clock network delay (ideal)
                                 -0.250000   19.750002   clock uncertainty
                                  0.000000   19.750002   clock reconvergence pessimism
                                             19.750002 ^ _1183_/CLK (sky130_fd_sc_hd__dfrtp_2)
                                 -0.820639   18.929361   library recovery time
                                             18.929361   data required time
---------------------------------------------------------------------------------------------
                                             18.929361   data required time
                                             -6.334211   data arrival time
---------------------------------------------------------------------------------------------
                                             12.595151   slack (MET)


Startpoint: rst_n (input port clocked by clk)
Endpoint: _1184_ (recovery check against rising-edge clock clk)
Path Group: asynchronous
Path Type: max

Fanout         Cap        Slew       Delay        Time   Description
---------------------------------------------------------------------------------------------
                      0.150000    0.000000    0.000000   clock clk (rise edge)
                                  0.000000    0.000000   clock network delay (ideal)
                                  4.000000    4.000000 ^ input external delay
   202    0.726937    3.254360    2.334211    6.334211 ^ rst_n (in)
                                                         rst_n (net)
                      3.254360    0.000000    6.334211 ^ _1184_/RESET_B (sky130_fd_sc_hd__dfrtp_2)
                                              6.334211   data arrival time

                      0.150000   20.000000   20.000000   clock clk (rise edge)
                                  0.000000   20.000000   clock network delay (ideal)
                                 -0.250000   19.750002   clock uncertainty
                                  0.000000   19.750002   clock reconvergence pessimism
                                             19.750002 ^ _1184_/CLK (sky130_fd_sc_hd__dfrtp_2)
                                 -0.820639   18.929361   library recovery time
                                             18.929361   data required time
---------------------------------------------------------------------------------------------
                                             18.929361   data required time
                                             -6.334211   data arrival time
---------------------------------------------------------------------------------------------
                                             12.595151   slack (MET)


Startpoint: rst_n (input port clocked by clk)
Endpoint: _1185_ (recovery check against rising-edge clock clk)
Path Group: asynchronous
Path Type: max

Fanout         Cap        Slew       Delay        Time   Description
---------------------------------------------------------------------------------------------
                      0.150000    0.000000    0.000000   clock clk (rise edge)
                                  0.000000    0.000000   clock network delay (ideal)
                                  4.000000    4.000000 ^ input external delay
   202    0.726937    3.254360    2.334211    6.334211 ^ rst_n (in)
                                                         rst_n (net)
                      3.254360    0.000000    6.334211 ^ _1185_/RESET_B (sky130_fd_sc_hd__dfrtp_2)
                                              6.334211   data arrival time

                      0.150000   20.000000   20.000000   clock clk (rise edge)
                                  0.000000   20.000000   clock network delay (ideal)
                                 -0.250000   19.750002   clock uncertainty
                                  0.000000   19.750002   clock reconvergence pessimism
                                             19.750002 ^ _1185_/CLK (sky130_fd_sc_hd__dfrtp_2)
                                 -0.820639   18.929361   library recovery time
                                             18.929361   data required time
---------------------------------------------------------------------------------------------
                                             18.929361   data required time
                                             -6.334211   data arrival time
---------------------------------------------------------------------------------------------
                                             12.595151   slack (MET)


Startpoint: rst_n (input port clocked by clk)
Endpoint: _1186_ (recovery check against rising-edge clock clk)
Path Group: asynchronous
Path Type: max

Fanout         Cap        Slew       Delay        Time   Description
---------------------------------------------------------------------------------------------
                      0.150000    0.000000    0.000000   clock clk (rise edge)
                                  0.000000    0.000000   clock network delay (ideal)
                                  4.000000    4.000000 ^ input external delay
   202    0.726937    3.254360    2.334211    6.334211 ^ rst_n (in)
                                                         rst_n (net)
                      3.254360    0.000000    6.334211 ^ _1186_/RESET_B (sky130_fd_sc_hd__dfrtp_2)
                                              6.334211   data arrival time

                      0.150000   20.000000   20.000000   clock clk (rise edge)
                                  0.000000   20.000000   clock network delay (ideal)
                                 -0.250000   19.750002   clock uncertainty
                                  0.000000   19.750002   clock reconvergence pessimism
                                             19.750002 ^ _1186_/CLK (sky130_fd_sc_hd__dfrtp_2)
                                 -0.820639   18.929361   library recovery time
                                             18.929361   data required time
---------------------------------------------------------------------------------------------
                                             18.929361   data required time
                                             -6.334211   data arrival time
---------------------------------------------------------------------------------------------
                                             12.595151   slack (MET)


Startpoint: rst_n (input port clocked by clk)
Endpoint: _1187_ (recovery check against rising-edge clock clk)
Path Group: asynchronous
Path Type: max

Fanout         Cap        Slew       Delay        Time   Description
---------------------------------------------------------------------------------------------
                      0.150000    0.000000    0.000000   clock clk (rise edge)
                                  0.000000    0.000000   clock network delay (ideal)
                                  4.000000    4.000000 ^ input external delay
   202    0.726937    3.254360    2.334211    6.334211 ^ rst_n (in)
                                                         rst_n (net)
                      3.254360    0.000000    6.334211 ^ _1187_/RESET_B (sky130_fd_sc_hd__dfrtp_2)
                                              6.334211   data arrival time

                      0.150000   20.000000   20.000000   clock clk (rise edge)
                                  0.000000   20.000000   clock network delay (ideal)
                                 -0.250000   19.750002   clock uncertainty
                                  0.000000   19.750002   clock reconvergence pessimism
                                             19.750002 ^ _1187_/CLK (sky130_fd_sc_hd__dfrtp_2)
                                 -0.820639   18.929361   library recovery time
                                             18.929361   data required time
---------------------------------------------------------------------------------------------
                                             18.929361   data required time
                                             -6.334211   data arrival time
---------------------------------------------------------------------------------------------
                                             12.595151   slack (MET)


Startpoint: rst_n (input port clocked by clk)
Endpoint: _1188_ (recovery check against rising-edge clock clk)
Path Group: asynchronous
Path Type: max

Fanout         Cap        Slew       Delay        Time   Description
---------------------------------------------------------------------------------------------
                      0.150000    0.000000    0.000000   clock clk (rise edge)
                                  0.000000    0.000000   clock network delay (ideal)
                                  4.000000    4.000000 ^ input external delay
   202    0.726937    3.254360    2.334211    6.334211 ^ rst_n (in)
                                                         rst_n (net)
                      3.254360    0.000000    6.334211 ^ _1188_/RESET_B (sky130_fd_sc_hd__dfrtp_2)
                                              6.334211   data arrival time

                      0.150000   20.000000   20.000000   clock clk (rise edge)
                                  0.000000   20.000000   clock network delay (ideal)
                                 -0.250000   19.750002   clock uncertainty
                                  0.000000   19.750002   clock reconvergence pessimism
                                             19.750002 ^ _1188_/CLK (sky130_fd_sc_hd__dfrtp_2)
                                 -0.820639   18.929361   library recovery time
                                             18.929361   data required time
---------------------------------------------------------------------------------------------
                                             18.929361   data required time
                                             -6.334211   data arrival time
---------------------------------------------------------------------------------------------
                                             12.595151   slack (MET)


Startpoint: rst_n (input port clocked by clk)
Endpoint: _1189_ (recovery check against rising-edge clock clk)
Path Group: asynchronous
Path Type: max

Fanout         Cap        Slew       Delay        Time   Description
---------------------------------------------------------------------------------------------
                      0.150000    0.000000    0.000000   clock clk (rise edge)
                                  0.000000    0.000000   clock network delay (ideal)
                                  4.000000    4.000000 ^ input external delay
   202    0.726937    3.254360    2.334211    6.334211 ^ rst_n (in)
                                                         rst_n (net)
                      3.254360    0.000000    6.334211 ^ _1189_/RESET_B (sky130_fd_sc_hd__dfrtp_2)
                                              6.334211   data arrival time

                      0.150000   20.000000   20.000000   clock clk (rise edge)
                                  0.000000   20.000000   clock network delay (ideal)
                                 -0.250000   19.750002   clock uncertainty
                                  0.000000   19.750002   clock reconvergence pessimism
                                             19.750002 ^ _1189_/CLK (sky130_fd_sc_hd__dfrtp_2)
                                 -0.820639   18.929361   library recovery time
                                             18.929361   data required time
---------------------------------------------------------------------------------------------
                                             18.929361   data required time
                                             -6.334211   data arrival time
---------------------------------------------------------------------------------------------
                                             12.595151   slack (MET)


Startpoint: rst_n (input port clocked by clk)
Endpoint: _1190_ (recovery check against rising-edge clock clk)
Path Group: asynchronous
Path Type: max

Fanout         Cap        Slew       Delay        Time   Description
---------------------------------------------------------------------------------------------
                      0.150000    0.000000    0.000000   clock clk (rise edge)
                                  0.000000    0.000000   clock network delay (ideal)
                                  4.000000    4.000000 ^ input external delay
   202    0.726937    3.254360    2.334211    6.334211 ^ rst_n (in)
                                                         rst_n (net)
                      3.254360    0.000000    6.334211 ^ _1190_/RESET_B (sky130_fd_sc_hd__dfrtp_2)
                                              6.334211   data arrival time

                      0.150000   20.000000   20.000000   clock clk (rise edge)
                                  0.000000   20.000000   clock network delay (ideal)
                                 -0.250000   19.750002   clock uncertainty
                                  0.000000   19.750002   clock reconvergence pessimism
                                             19.750002 ^ _1190_/CLK (sky130_fd_sc_hd__dfrtp_2)
                                 -0.820639   18.929361   library recovery time
                                             18.929361   data required time
---------------------------------------------------------------------------------------------
                                             18.929361   data required time
                                             -6.334211   data arrival time
---------------------------------------------------------------------------------------------
                                             12.595151   slack (MET)


Startpoint: rst_n (input port clocked by clk)
Endpoint: _1191_ (recovery check against rising-edge clock clk)
Path Group: asynchronous
Path Type: max

Fanout         Cap        Slew       Delay        Time   Description
---------------------------------------------------------------------------------------------
                      0.150000    0.000000    0.000000   clock clk (rise edge)
                                  0.000000    0.000000   clock network delay (ideal)
                                  4.000000    4.000000 ^ input external delay
   202    0.726937    3.254360    2.334211    6.334211 ^ rst_n (in)
                                                         rst_n (net)
                      3.254360    0.000000    6.334211 ^ _1191_/RESET_B (sky130_fd_sc_hd__dfrtp_2)
                                              6.334211   data arrival time

                      0.150000   20.000000   20.000000   clock clk (rise edge)
                                  0.000000   20.000000   clock network delay (ideal)
                                 -0.250000   19.750002   clock uncertainty
                                  0.000000   19.750002   clock reconvergence pessimism
                                             19.750002 ^ _1191_/CLK (sky130_fd_sc_hd__dfrtp_2)
                                 -0.820639   18.929361   library recovery time
                                             18.929361   data required time
---------------------------------------------------------------------------------------------
                                             18.929361   data required time
                                             -6.334211   data arrival time
---------------------------------------------------------------------------------------------
                                             12.595151   slack (MET)


Startpoint: rst_n (input port clocked by clk)
Endpoint: _1192_ (recovery check against rising-edge clock clk)
Path Group: asynchronous
Path Type: max

Fanout         Cap        Slew       Delay        Time   Description
---------------------------------------------------------------------------------------------
                      0.150000    0.000000    0.000000   clock clk (rise edge)
                                  0.000000    0.000000   clock network delay (ideal)
                                  4.000000    4.000000 ^ input external delay
   202    0.726937    3.254360    2.334211    6.334211 ^ rst_n (in)
                                                         rst_n (net)
                      3.254360    0.000000    6.334211 ^ _1192_/RESET_B (sky130_fd_sc_hd__dfrtp_2)
                                              6.334211   data arrival time

                      0.150000   20.000000   20.000000   clock clk (rise edge)
                                  0.000000   20.000000   clock network delay (ideal)
                                 -0.250000   19.750002   clock uncertainty
                                  0.000000   19.750002   clock reconvergence pessimism
                                             19.750002 ^ _1192_/CLK (sky130_fd_sc_hd__dfrtp_2)
                                 -0.820639   18.929361   library recovery time
                                             18.929361   data required time
---------------------------------------------------------------------------------------------
                                             18.929361   data required time
                                             -6.334211   data arrival time
---------------------------------------------------------------------------------------------
                                             12.595151   slack (MET)


Startpoint: rst_n (input port clocked by clk)
Endpoint: _1193_ (recovery check against rising-edge clock clk)
Path Group: asynchronous
Path Type: max

Fanout         Cap        Slew       Delay        Time   Description
---------------------------------------------------------------------------------------------
                      0.150000    0.000000    0.000000   clock clk (rise edge)
                                  0.000000    0.000000   clock network delay (ideal)
                                  4.000000    4.000000 ^ input external delay
   202    0.726937    3.254360    2.334211    6.334211 ^ rst_n (in)
                                                         rst_n (net)
                      3.254360    0.000000    6.334211 ^ _1193_/RESET_B (sky130_fd_sc_hd__dfrtp_2)
                                              6.334211   data arrival time

                      0.150000   20.000000   20.000000   clock clk (rise edge)
                                  0.000000   20.000000   clock network delay (ideal)
                                 -0.250000   19.750002   clock uncertainty
                                  0.000000   19.750002   clock reconvergence pessimism
                                             19.750002 ^ _1193_/CLK (sky130_fd_sc_hd__dfrtp_2)
                                 -0.820639   18.929361   library recovery time
                                             18.929361   data required time
---------------------------------------------------------------------------------------------
                                             18.929361   data required time
                                             -6.334211   data arrival time
---------------------------------------------------------------------------------------------
                                             12.595151   slack (MET)


Startpoint: rst_n (input port clocked by clk)
Endpoint: _1194_ (recovery check against rising-edge clock clk)
Path Group: asynchronous
Path Type: max

Fanout         Cap        Slew       Delay        Time   Description
---------------------------------------------------------------------------------------------
                      0.150000    0.000000    0.000000   clock clk (rise edge)
                                  0.000000    0.000000   clock network delay (ideal)
                                  4.000000    4.000000 ^ input external delay
   202    0.726937    3.254360    2.334211    6.334211 ^ rst_n (in)
                                                         rst_n (net)
                      3.254360    0.000000    6.334211 ^ _1194_/RESET_B (sky130_fd_sc_hd__dfrtp_2)
                                              6.334211   data arrival time

                      0.150000   20.000000   20.000000   clock clk (rise edge)
                                  0.000000   20.000000   clock network delay (ideal)
                                 -0.250000   19.750002   clock uncertainty
                                  0.000000   19.750002   clock reconvergence pessimism
                                             19.750002 ^ _1194_/CLK (sky130_fd_sc_hd__dfrtp_2)
                                 -0.820639   18.929361   library recovery time
                                             18.929361   data required time
---------------------------------------------------------------------------------------------
                                             18.929361   data required time
                                             -6.334211   data arrival time
---------------------------------------------------------------------------------------------
                                             12.595151   slack (MET)


Startpoint: rst_n (input port clocked by clk)
Endpoint: _1195_ (recovery check against rising-edge clock clk)
Path Group: asynchronous
Path Type: max

Fanout         Cap        Slew       Delay        Time   Description
---------------------------------------------------------------------------------------------
                      0.150000    0.000000    0.000000   clock clk (rise edge)
                                  0.000000    0.000000   clock network delay (ideal)
                                  4.000000    4.000000 ^ input external delay
   202    0.726937    3.254360    2.334211    6.334211 ^ rst_n (in)
                                                         rst_n (net)
                      3.254360    0.000000    6.334211 ^ _1195_/RESET_B (sky130_fd_sc_hd__dfrtp_2)
                                              6.334211   data arrival time

                      0.150000   20.000000   20.000000   clock clk (rise edge)
                                  0.000000   20.000000   clock network delay (ideal)
                                 -0.250000   19.750002   clock uncertainty
                                  0.000000   19.750002   clock reconvergence pessimism
                                             19.750002 ^ _1195_/CLK (sky130_fd_sc_hd__dfrtp_2)
                                 -0.820639   18.929361   library recovery time
                                             18.929361   data required time
---------------------------------------------------------------------------------------------
                                             18.929361   data required time
                                             -6.334211   data arrival time
---------------------------------------------------------------------------------------------
                                             12.595151   slack (MET)


Startpoint: rst_n (input port clocked by clk)
Endpoint: _1196_ (recovery check against rising-edge clock clk)
Path Group: asynchronous
Path Type: max

Fanout         Cap        Slew       Delay        Time   Description
---------------------------------------------------------------------------------------------
                      0.150000    0.000000    0.000000   clock clk (rise edge)
                                  0.000000    0.000000   clock network delay (ideal)
                                  4.000000    4.000000 ^ input external delay
   202    0.726937    3.254360    2.334211    6.334211 ^ rst_n (in)
                                                         rst_n (net)
                      3.254360    0.000000    6.334211 ^ _1196_/RESET_B (sky130_fd_sc_hd__dfrtp_2)
                                              6.334211   data arrival time

                      0.150000   20.000000   20.000000   clock clk (rise edge)
                                  0.000000   20.000000   clock network delay (ideal)
                                 -0.250000   19.750002   clock uncertainty
                                  0.000000   19.750002   clock reconvergence pessimism
                                             19.750002 ^ _1196_/CLK (sky130_fd_sc_hd__dfrtp_2)
                                 -0.820639   18.929361   library recovery time
                                             18.929361   data required time
---------------------------------------------------------------------------------------------
                                             18.929361   data required time
                                             -6.334211   data arrival time
---------------------------------------------------------------------------------------------
                                             12.595151   slack (MET)


Startpoint: rst_n (input port clocked by clk)
Endpoint: _1197_ (recovery check against rising-edge clock clk)
Path Group: asynchronous
Path Type: max

Fanout         Cap        Slew       Delay        Time   Description
---------------------------------------------------------------------------------------------
                      0.150000    0.000000    0.000000   clock clk (rise edge)
                                  0.000000    0.000000   clock network delay (ideal)
                                  4.000000    4.000000 ^ input external delay
   202    0.726937    3.254360    2.334211    6.334211 ^ rst_n (in)
                                                         rst_n (net)
                      3.254360    0.000000    6.334211 ^ _1197_/RESET_B (sky130_fd_sc_hd__dfrtp_2)
                                              6.334211   data arrival time

                      0.150000   20.000000   20.000000   clock clk (rise edge)
                                  0.000000   20.000000   clock network delay (ideal)
                                 -0.250000   19.750002   clock uncertainty
                                  0.000000   19.750002   clock reconvergence pessimism
                                             19.750002 ^ _1197_/CLK (sky130_fd_sc_hd__dfrtp_2)
                                 -0.820639   18.929361   library recovery time
                                             18.929361   data required time
---------------------------------------------------------------------------------------------
                                             18.929361   data required time
                                             -6.334211   data arrival time
---------------------------------------------------------------------------------------------
                                             12.595151   slack (MET)


Startpoint: rst_n (input port clocked by clk)
Endpoint: _1198_ (recovery check against rising-edge clock clk)
Path Group: asynchronous
Path Type: max

Fanout         Cap        Slew       Delay        Time   Description
---------------------------------------------------------------------------------------------
                      0.150000    0.000000    0.000000   clock clk (rise edge)
                                  0.000000    0.000000   clock network delay (ideal)
                                  4.000000    4.000000 ^ input external delay
   202    0.726937    3.254360    2.334211    6.334211 ^ rst_n (in)
                                                         rst_n (net)
                      3.254360    0.000000    6.334211 ^ _1198_/RESET_B (sky130_fd_sc_hd__dfrtp_2)
                                              6.334211   data arrival time

                      0.150000   20.000000   20.000000   clock clk (rise edge)
                                  0.000000   20.000000   clock network delay (ideal)
                                 -0.250000   19.750002   clock uncertainty
                                  0.000000   19.750002   clock reconvergence pessimism
                                             19.750002 ^ _1198_/CLK (sky130_fd_sc_hd__dfrtp_2)
                                 -0.820639   18.929361   library recovery time
                                             18.929361   data required time
---------------------------------------------------------------------------------------------
                                             18.929361   data required time
                                             -6.334211   data arrival time
---------------------------------------------------------------------------------------------
                                             12.595151   slack (MET)


Startpoint: rst_n (input port clocked by clk)
Endpoint: _1199_ (recovery check against rising-edge clock clk)
Path Group: asynchronous
Path Type: max

Fanout         Cap        Slew       Delay        Time   Description
---------------------------------------------------------------------------------------------
                      0.150000    0.000000    0.000000   clock clk (rise edge)
                                  0.000000    0.000000   clock network delay (ideal)
                                  4.000000    4.000000 ^ input external delay
   202    0.726937    3.254360    2.334211    6.334211 ^ rst_n (in)
                                                         rst_n (net)
                      3.254360    0.000000    6.334211 ^ _1199_/RESET_B (sky130_fd_sc_hd__dfrtp_2)
                                              6.334211   data arrival time

                      0.150000   20.000000   20.000000   clock clk (rise edge)
                                  0.000000   20.000000   clock network delay (ideal)
                                 -0.250000   19.750002   clock uncertainty
                                  0.000000   19.750002   clock reconvergence pessimism
                                             19.750002 ^ _1199_/CLK (sky130_fd_sc_hd__dfrtp_2)
                                 -0.820639   18.929361   library recovery time
                                             18.929361   data required time
---------------------------------------------------------------------------------------------
                                             18.929361   data required time
                                             -6.334211   data arrival time
---------------------------------------------------------------------------------------------
                                             12.595151   slack (MET)


Startpoint: rst_n (input port clocked by clk)
Endpoint: _1200_ (recovery check against rising-edge clock clk)
Path Group: asynchronous
Path Type: max

Fanout         Cap        Slew       Delay        Time   Description
---------------------------------------------------------------------------------------------
                      0.150000    0.000000    0.000000   clock clk (rise edge)
                                  0.000000    0.000000   clock network delay (ideal)
                                  4.000000    4.000000 ^ input external delay
   202    0.726937    3.254360    2.334211    6.334211 ^ rst_n (in)
                                                         rst_n (net)
                      3.254360    0.000000    6.334211 ^ _1200_/RESET_B (sky130_fd_sc_hd__dfrtp_2)
                                              6.334211   data arrival time

                      0.150000   20.000000   20.000000   clock clk (rise edge)
                                  0.000000   20.000000   clock network delay (ideal)
                                 -0.250000   19.750002   clock uncertainty
                                  0.000000   19.750002   clock reconvergence pessimism
                                             19.750002 ^ _1200_/CLK (sky130_fd_sc_hd__dfrtp_2)
                                 -0.820639   18.929361   library recovery time
                                             18.929361   data required time
---------------------------------------------------------------------------------------------
                                             18.929361   data required time
                                             -6.334211   data arrival time
---------------------------------------------------------------------------------------------
                                             12.595151   slack (MET)


Startpoint: rst_n (input port clocked by clk)
Endpoint: _1201_ (recovery check against rising-edge clock clk)
Path Group: asynchronous
Path Type: max

Fanout         Cap        Slew       Delay        Time   Description
---------------------------------------------------------------------------------------------
                      0.150000    0.000000    0.000000   clock clk (rise edge)
                                  0.000000    0.000000   clock network delay (ideal)
                                  4.000000    4.000000 ^ input external delay
   202    0.726937    3.254360    2.334211    6.334211 ^ rst_n (in)
                                                         rst_n (net)
                      3.254360    0.000000    6.334211 ^ _1201_/RESET_B (sky130_fd_sc_hd__dfrtp_2)
                                              6.334211   data arrival time

                      0.150000   20.000000   20.000000   clock clk (rise edge)
                                  0.000000   20.000000   clock network delay (ideal)
                                 -0.250000   19.750002   clock uncertainty
                                  0.000000   19.750002   clock reconvergence pessimism
                                             19.750002 ^ _1201_/CLK (sky130_fd_sc_hd__dfrtp_2)
                                 -0.820639   18.929361   library recovery time
                                             18.929361   data required time
---------------------------------------------------------------------------------------------
                                             18.929361   data required time
                                             -6.334211   data arrival time
---------------------------------------------------------------------------------------------
                                             12.595151   slack (MET)


Startpoint: rst_n (input port clocked by clk)
Endpoint: _1202_ (recovery check against rising-edge clock clk)
Path Group: asynchronous
Path Type: max

Fanout         Cap        Slew       Delay        Time   Description
---------------------------------------------------------------------------------------------
                      0.150000    0.000000    0.000000   clock clk (rise edge)
                                  0.000000    0.000000   clock network delay (ideal)
                                  4.000000    4.000000 ^ input external delay
   202    0.726937    3.254360    2.334211    6.334211 ^ rst_n (in)
                                                         rst_n (net)
                      3.254360    0.000000    6.334211 ^ _1202_/RESET_B (sky130_fd_sc_hd__dfrtp_2)
                                              6.334211   data arrival time

                      0.150000   20.000000   20.000000   clock clk (rise edge)
                                  0.000000   20.000000   clock network delay (ideal)
                                 -0.250000   19.750002   clock uncertainty
                                  0.000000   19.750002   clock reconvergence pessimism
                                             19.750002 ^ _1202_/CLK (sky130_fd_sc_hd__dfrtp_2)
                                 -0.820639   18.929361   library recovery time
                                             18.929361   data required time
---------------------------------------------------------------------------------------------
                                             18.929361   data required time
                                             -6.334211   data arrival time
---------------------------------------------------------------------------------------------
                                             12.595151   slack (MET)


Startpoint: rst_n (input port clocked by clk)
Endpoint: _1203_ (recovery check against rising-edge clock clk)
Path Group: asynchronous
Path Type: max

Fanout         Cap        Slew       Delay        Time   Description
---------------------------------------------------------------------------------------------
                      0.150000    0.000000    0.000000   clock clk (rise edge)
                                  0.000000    0.000000   clock network delay (ideal)
                                  4.000000    4.000000 ^ input external delay
   202    0.726937    3.254360    2.334211    6.334211 ^ rst_n (in)
                                                         rst_n (net)
                      3.254360    0.000000    6.334211 ^ _1203_/RESET_B (sky130_fd_sc_hd__dfrtp_2)
                                              6.334211   data arrival time

                      0.150000   20.000000   20.000000   clock clk (rise edge)
                                  0.000000   20.000000   clock network delay (ideal)
                                 -0.250000   19.750002   clock uncertainty
                                  0.000000   19.750002   clock reconvergence pessimism
                                             19.750002 ^ _1203_/CLK (sky130_fd_sc_hd__dfrtp_2)
                                 -0.820639   18.929361   library recovery time
                                             18.929361   data required time
---------------------------------------------------------------------------------------------
                                             18.929361   data required time
                                             -6.334211   data arrival time
---------------------------------------------------------------------------------------------
                                             12.595151   slack (MET)


Startpoint: rst_n (input port clocked by clk)
Endpoint: _1204_ (recovery check against rising-edge clock clk)
Path Group: asynchronous
Path Type: max

Fanout         Cap        Slew       Delay        Time   Description
---------------------------------------------------------------------------------------------
                      0.150000    0.000000    0.000000   clock clk (rise edge)
                                  0.000000    0.000000   clock network delay (ideal)
                                  4.000000    4.000000 ^ input external delay
   202    0.726937    3.254360    2.334211    6.334211 ^ rst_n (in)
                                                         rst_n (net)
                      3.254360    0.000000    6.334211 ^ _1204_/RESET_B (sky130_fd_sc_hd__dfrtp_2)
                                              6.334211   data arrival time

                      0.150000   20.000000   20.000000   clock clk (rise edge)
                                  0.000000   20.000000   clock network delay (ideal)
                                 -0.250000   19.750002   clock uncertainty
                                  0.000000   19.750002   clock reconvergence pessimism
                                             19.750002 ^ _1204_/CLK (sky130_fd_sc_hd__dfrtp_2)
                                 -0.820639   18.929361   library recovery time
                                             18.929361   data required time
---------------------------------------------------------------------------------------------
                                             18.929361   data required time
                                             -6.334211   data arrival time
---------------------------------------------------------------------------------------------
                                             12.595151   slack (MET)


Startpoint: rst_n (input port clocked by clk)
Endpoint: _1205_ (recovery check against rising-edge clock clk)
Path Group: asynchronous
Path Type: max

Fanout         Cap        Slew       Delay        Time   Description
---------------------------------------------------------------------------------------------
                      0.150000    0.000000    0.000000   clock clk (rise edge)
                                  0.000000    0.000000   clock network delay (ideal)
                                  4.000000    4.000000 ^ input external delay
   202    0.726937    3.254360    2.334211    6.334211 ^ rst_n (in)
                                                         rst_n (net)
                      3.254360    0.000000    6.334211 ^ _1205_/RESET_B (sky130_fd_sc_hd__dfrtp_2)
                                              6.334211   data arrival time

                      0.150000   20.000000   20.000000   clock clk (rise edge)
                                  0.000000   20.000000   clock network delay (ideal)
                                 -0.250000   19.750002   clock uncertainty
                                  0.000000   19.750002   clock reconvergence pessimism
                                             19.750002 ^ _1205_/CLK (sky130_fd_sc_hd__dfrtp_2)
                                 -0.820639   18.929361   library recovery time
                                             18.929361   data required time
---------------------------------------------------------------------------------------------
                                             18.929361   data required time
                                             -6.334211   data arrival time
---------------------------------------------------------------------------------------------
                                             12.595151   slack (MET)


Startpoint: rst_n (input port clocked by clk)
Endpoint: _1206_ (recovery check against rising-edge clock clk)
Path Group: asynchronous
Path Type: max

Fanout         Cap        Slew       Delay        Time   Description
---------------------------------------------------------------------------------------------
                      0.150000    0.000000    0.000000   clock clk (rise edge)
                                  0.000000    0.000000   clock network delay (ideal)
                                  4.000000    4.000000 ^ input external delay
   202    0.726937    3.254360    2.334211    6.334211 ^ rst_n (in)
                                                         rst_n (net)
                      3.254360    0.000000    6.334211 ^ _1206_/RESET_B (sky130_fd_sc_hd__dfrtp_2)
                                              6.334211   data arrival time

                      0.150000   20.000000   20.000000   clock clk (rise edge)
                                  0.000000   20.000000   clock network delay (ideal)
                                 -0.250000   19.750002   clock uncertainty
                                  0.000000   19.750002   clock reconvergence pessimism
                                             19.750002 ^ _1206_/CLK (sky130_fd_sc_hd__dfrtp_2)
                                 -0.820639   18.929361   library recovery time
                                             18.929361   data required time
---------------------------------------------------------------------------------------------
                                             18.929361   data required time
                                             -6.334211   data arrival time
---------------------------------------------------------------------------------------------
                                             12.595151   slack (MET)


Startpoint: rst_n (input port clocked by clk)
Endpoint: _1207_ (recovery check against rising-edge clock clk)
Path Group: asynchronous
Path Type: max

Fanout         Cap        Slew       Delay        Time   Description
---------------------------------------------------------------------------------------------
                      0.150000    0.000000    0.000000   clock clk (rise edge)
                                  0.000000    0.000000   clock network delay (ideal)
                                  4.000000    4.000000 ^ input external delay
   202    0.726937    3.254360    2.334211    6.334211 ^ rst_n (in)
                                                         rst_n (net)
                      3.254360    0.000000    6.334211 ^ _1207_/RESET_B (sky130_fd_sc_hd__dfrtp_2)
                                              6.334211   data arrival time

                      0.150000   20.000000   20.000000   clock clk (rise edge)
                                  0.000000   20.000000   clock network delay (ideal)
                                 -0.250000   19.750002   clock uncertainty
                                  0.000000   19.750002   clock reconvergence pessimism
                                             19.750002 ^ _1207_/CLK (sky130_fd_sc_hd__dfrtp_2)
                                 -0.820639   18.929361   library recovery time
                                             18.929361   data required time
---------------------------------------------------------------------------------------------
                                             18.929361   data required time
                                             -6.334211   data arrival time
---------------------------------------------------------------------------------------------
                                             12.595151   slack (MET)


Startpoint: rst_n (input port clocked by clk)
Endpoint: _1208_ (recovery check against rising-edge clock clk)
Path Group: asynchronous
Path Type: max

Fanout         Cap        Slew       Delay        Time   Description
---------------------------------------------------------------------------------------------
                      0.150000    0.000000    0.000000   clock clk (rise edge)
                                  0.000000    0.000000   clock network delay (ideal)
                                  4.000000    4.000000 ^ input external delay
   202    0.726937    3.254360    2.334211    6.334211 ^ rst_n (in)
                                                         rst_n (net)
                      3.254360    0.000000    6.334211 ^ _1208_/RESET_B (sky130_fd_sc_hd__dfrtp_2)
                                              6.334211   data arrival time

                      0.150000   20.000000   20.000000   clock clk (rise edge)
                                  0.000000   20.000000   clock network delay (ideal)
                                 -0.250000   19.750002   clock uncertainty
                                  0.000000   19.750002   clock reconvergence pessimism
                                             19.750002 ^ _1208_/CLK (sky130_fd_sc_hd__dfrtp_2)
                                 -0.820639   18.929361   library recovery time
                                             18.929361   data required time
---------------------------------------------------------------------------------------------
                                             18.929361   data required time
                                             -6.334211   data arrival time
---------------------------------------------------------------------------------------------
                                             12.595151   slack (MET)


Startpoint: rst_n (input port clocked by clk)
Endpoint: _1209_ (recovery check against rising-edge clock clk)
Path Group: asynchronous
Path Type: max

Fanout         Cap        Slew       Delay        Time   Description
---------------------------------------------------------------------------------------------
                      0.150000    0.000000    0.000000   clock clk (rise edge)
                                  0.000000    0.000000   clock network delay (ideal)
                                  4.000000    4.000000 ^ input external delay
   202    0.726937    3.254360    2.334211    6.334211 ^ rst_n (in)
                                                         rst_n (net)
                      3.254360    0.000000    6.334211 ^ _1209_/RESET_B (sky130_fd_sc_hd__dfrtp_2)
                                              6.334211   data arrival time

                      0.150000   20.000000   20.000000   clock clk (rise edge)
                                  0.000000   20.000000   clock network delay (ideal)
                                 -0.250000   19.750002   clock uncertainty
                                  0.000000   19.750002   clock reconvergence pessimism
                                             19.750002 ^ _1209_/CLK (sky130_fd_sc_hd__dfrtp_2)
                                 -0.820639   18.929361   library recovery time
                                             18.929361   data required time
---------------------------------------------------------------------------------------------
                                             18.929361   data required time
                                             -6.334211   data arrival time
---------------------------------------------------------------------------------------------
                                             12.595151   slack (MET)


Startpoint: rst_n (input port clocked by clk)
Endpoint: _1210_ (recovery check against rising-edge clock clk)
Path Group: asynchronous
Path Type: max

Fanout         Cap        Slew       Delay        Time   Description
---------------------------------------------------------------------------------------------
                      0.150000    0.000000    0.000000   clock clk (rise edge)
                                  0.000000    0.000000   clock network delay (ideal)
                                  4.000000    4.000000 ^ input external delay
   202    0.726937    3.254360    2.334211    6.334211 ^ rst_n (in)
                                                         rst_n (net)
                      3.254360    0.000000    6.334211 ^ _1210_/RESET_B (sky130_fd_sc_hd__dfrtp_2)
                                              6.334211   data arrival time

                      0.150000   20.000000   20.000000   clock clk (rise edge)
                                  0.000000   20.000000   clock network delay (ideal)
                                 -0.250000   19.750002   clock uncertainty
                                  0.000000   19.750002   clock reconvergence pessimism
                                             19.750002 ^ _1210_/CLK (sky130_fd_sc_hd__dfrtp_2)
                                 -0.820639   18.929361   library recovery time
                                             18.929361   data required time
---------------------------------------------------------------------------------------------
                                             18.929361   data required time
                                             -6.334211   data arrival time
---------------------------------------------------------------------------------------------
                                             12.595151   slack (MET)


Startpoint: rst_n (input port clocked by clk)
Endpoint: _1211_ (recovery check against rising-edge clock clk)
Path Group: asynchronous
Path Type: max

Fanout         Cap        Slew       Delay        Time   Description
---------------------------------------------------------------------------------------------
                      0.150000    0.000000    0.000000   clock clk (rise edge)
                                  0.000000    0.000000   clock network delay (ideal)
                                  4.000000    4.000000 ^ input external delay
   202    0.726937    3.254360    2.334211    6.334211 ^ rst_n (in)
                                                         rst_n (net)
                      3.254360    0.000000    6.334211 ^ _1211_/RESET_B (sky130_fd_sc_hd__dfrtp_2)
                                              6.334211   data arrival time

                      0.150000   20.000000   20.000000   clock clk (rise edge)
                                  0.000000   20.000000   clock network delay (ideal)
                                 -0.250000   19.750002   clock uncertainty
                                  0.000000   19.750002   clock reconvergence pessimism
                                             19.750002 ^ _1211_/CLK (sky130_fd_sc_hd__dfrtp_2)
                                 -0.820639   18.929361   library recovery time
                                             18.929361   data required time
---------------------------------------------------------------------------------------------
                                             18.929361   data required time
                                             -6.334211   data arrival time
---------------------------------------------------------------------------------------------
                                             12.595151   slack (MET)


Startpoint: rst_n (input port clocked by clk)
Endpoint: _1212_ (recovery check against rising-edge clock clk)
Path Group: asynchronous
Path Type: max

Fanout         Cap        Slew       Delay        Time   Description
---------------------------------------------------------------------------------------------
                      0.150000    0.000000    0.000000   clock clk (rise edge)
                                  0.000000    0.000000   clock network delay (ideal)
                                  4.000000    4.000000 ^ input external delay
   202    0.726937    3.254360    2.334211    6.334211 ^ rst_n (in)
                                                         rst_n (net)
                      3.254360    0.000000    6.334211 ^ _1212_/RESET_B (sky130_fd_sc_hd__dfrtp_2)
                                              6.334211   data arrival time

                      0.150000   20.000000   20.000000   clock clk (rise edge)
                                  0.000000   20.000000   clock network delay (ideal)
                                 -0.250000   19.750002   clock uncertainty
                                  0.000000   19.750002   clock reconvergence pessimism
                                             19.750002 ^ _1212_/CLK (sky130_fd_sc_hd__dfrtp_2)
                                 -0.820639   18.929361   library recovery time
                                             18.929361   data required time
---------------------------------------------------------------------------------------------
                                             18.929361   data required time
                                             -6.334211   data arrival time
---------------------------------------------------------------------------------------------
                                             12.595151   slack (MET)


Startpoint: rst_n (input port clocked by clk)
Endpoint: _1213_ (recovery check against rising-edge clock clk)
Path Group: asynchronous
Path Type: max

Fanout         Cap        Slew       Delay        Time   Description
---------------------------------------------------------------------------------------------
                      0.150000    0.000000    0.000000   clock clk (rise edge)
                                  0.000000    0.000000   clock network delay (ideal)
                                  4.000000    4.000000 ^ input external delay
   202    0.726937    3.254360    2.334211    6.334211 ^ rst_n (in)
                                                         rst_n (net)
                      3.254360    0.000000    6.334211 ^ _1213_/RESET_B (sky130_fd_sc_hd__dfrtp_2)
                                              6.334211   data arrival time

                      0.150000   20.000000   20.000000   clock clk (rise edge)
                                  0.000000   20.000000   clock network delay (ideal)
                                 -0.250000   19.750002   clock uncertainty
                                  0.000000   19.750002   clock reconvergence pessimism
                                             19.750002 ^ _1213_/CLK (sky130_fd_sc_hd__dfrtp_2)
                                 -0.820639   18.929361   library recovery time
                                             18.929361   data required time
---------------------------------------------------------------------------------------------
                                             18.929361   data required time
                                             -6.334211   data arrival time
---------------------------------------------------------------------------------------------
                                             12.595151   slack (MET)


Startpoint: rst_n (input port clocked by clk)
Endpoint: _1214_ (recovery check against rising-edge clock clk)
Path Group: asynchronous
Path Type: max

Fanout         Cap        Slew       Delay        Time   Description
---------------------------------------------------------------------------------------------
                      0.150000    0.000000    0.000000   clock clk (rise edge)
                                  0.000000    0.000000   clock network delay (ideal)
                                  4.000000    4.000000 ^ input external delay
   202    0.726937    3.254360    2.334211    6.334211 ^ rst_n (in)
                                                         rst_n (net)
                      3.254360    0.000000    6.334211 ^ _1214_/RESET_B (sky130_fd_sc_hd__dfrtp_2)
                                              6.334211   data arrival time

                      0.150000   20.000000   20.000000   clock clk (rise edge)
                                  0.000000   20.000000   clock network delay (ideal)
                                 -0.250000   19.750002   clock uncertainty
                                  0.000000   19.750002   clock reconvergence pessimism
                                             19.750002 ^ _1214_/CLK (sky130_fd_sc_hd__dfrtp_2)
                                 -0.820639   18.929361   library recovery time
                                             18.929361   data required time
---------------------------------------------------------------------------------------------
                                             18.929361   data required time
                                             -6.334211   data arrival time
---------------------------------------------------------------------------------------------
                                             12.595151   slack (MET)


Startpoint: rst_n (input port clocked by clk)
Endpoint: _1215_ (recovery check against rising-edge clock clk)
Path Group: asynchronous
Path Type: max

Fanout         Cap        Slew       Delay        Time   Description
---------------------------------------------------------------------------------------------
                      0.150000    0.000000    0.000000   clock clk (rise edge)
                                  0.000000    0.000000   clock network delay (ideal)
                                  4.000000    4.000000 ^ input external delay
   202    0.726937    3.254360    2.334211    6.334211 ^ rst_n (in)
                                                         rst_n (net)
                      3.254360    0.000000    6.334211 ^ _1215_/RESET_B (sky130_fd_sc_hd__dfrtp_2)
                                              6.334211   data arrival time

                      0.150000   20.000000   20.000000   clock clk (rise edge)
                                  0.000000   20.000000   clock network delay (ideal)
                                 -0.250000   19.750002   clock uncertainty
                                  0.000000   19.750002   clock reconvergence pessimism
                                             19.750002 ^ _1215_/CLK (sky130_fd_sc_hd__dfrtp_2)
                                 -0.820639   18.929361   library recovery time
                                             18.929361   data required time
---------------------------------------------------------------------------------------------
                                             18.929361   data required time
                                             -6.334211   data arrival time
---------------------------------------------------------------------------------------------
                                             12.595151   slack (MET)


Startpoint: rst_n (input port clocked by clk)
Endpoint: _1216_ (recovery check against rising-edge clock clk)
Path Group: asynchronous
Path Type: max

Fanout         Cap        Slew       Delay        Time   Description
---------------------------------------------------------------------------------------------
                      0.150000    0.000000    0.000000   clock clk (rise edge)
                                  0.000000    0.000000   clock network delay (ideal)
                                  4.000000    4.000000 ^ input external delay
   202    0.726937    3.254360    2.334211    6.334211 ^ rst_n (in)
                                                         rst_n (net)
                      3.254360    0.000000    6.334211 ^ _1216_/RESET_B (sky130_fd_sc_hd__dfrtp_2)
                                              6.334211   data arrival time

                      0.150000   20.000000   20.000000   clock clk (rise edge)
                                  0.000000   20.000000   clock network delay (ideal)
                                 -0.250000   19.750002   clock uncertainty
                                  0.000000   19.750002   clock reconvergence pessimism
                                             19.750002 ^ _1216_/CLK (sky130_fd_sc_hd__dfrtp_2)
                                 -0.820639   18.929361   library recovery time
                                             18.929361   data required time
---------------------------------------------------------------------------------------------
                                             18.929361   data required time
                                             -6.334211   data arrival time
---------------------------------------------------------------------------------------------
                                             12.595151   slack (MET)


Startpoint: rst_n (input port clocked by clk)
Endpoint: _1217_ (recovery check against rising-edge clock clk)
Path Group: asynchronous
Path Type: max

Fanout         Cap        Slew       Delay        Time   Description
---------------------------------------------------------------------------------------------
                      0.150000    0.000000    0.000000   clock clk (rise edge)
                                  0.000000    0.000000   clock network delay (ideal)
                                  4.000000    4.000000 ^ input external delay
   202    0.726937    3.254360    2.334211    6.334211 ^ rst_n (in)
                                                         rst_n (net)
                      3.254360    0.000000    6.334211 ^ _1217_/RESET_B (sky130_fd_sc_hd__dfrtp_2)
                                              6.334211   data arrival time

                      0.150000   20.000000   20.000000   clock clk (rise edge)
                                  0.000000   20.000000   clock network delay (ideal)
                                 -0.250000   19.750002   clock uncertainty
                                  0.000000   19.750002   clock reconvergence pessimism
                                             19.750002 ^ _1217_/CLK (sky130_fd_sc_hd__dfrtp_2)
                                 -0.820639   18.929361   library recovery time
                                             18.929361   data required time
---------------------------------------------------------------------------------------------
                                             18.929361   data required time
                                             -6.334211   data arrival time
---------------------------------------------------------------------------------------------
                                             12.595151   slack (MET)


Startpoint: rst_n (input port clocked by clk)
Endpoint: _1218_ (recovery check against rising-edge clock clk)
Path Group: asynchronous
Path Type: max

Fanout         Cap        Slew       Delay        Time   Description
---------------------------------------------------------------------------------------------
                      0.150000    0.000000    0.000000   clock clk (rise edge)
                                  0.000000    0.000000   clock network delay (ideal)
                                  4.000000    4.000000 ^ input external delay
   202    0.726937    3.254360    2.334211    6.334211 ^ rst_n (in)
                                                         rst_n (net)
                      3.254360    0.000000    6.334211 ^ _1218_/RESET_B (sky130_fd_sc_hd__dfrtp_2)
                                              6.334211   data arrival time

                      0.150000   20.000000   20.000000   clock clk (rise edge)
                                  0.000000   20.000000   clock network delay (ideal)
                                 -0.250000   19.750002   clock uncertainty
                                  0.000000   19.750002   clock reconvergence pessimism
                                             19.750002 ^ _1218_/CLK (sky130_fd_sc_hd__dfrtp_2)
                                 -0.820639   18.929361   library recovery time
                                             18.929361   data required time
---------------------------------------------------------------------------------------------
                                             18.929361   data required time
                                             -6.334211   data arrival time
---------------------------------------------------------------------------------------------
                                             12.595151   slack (MET)


Startpoint: rst_n (input port clocked by clk)
Endpoint: _1219_ (recovery check against rising-edge clock clk)
Path Group: asynchronous
Path Type: max

Fanout         Cap        Slew       Delay        Time   Description
---------------------------------------------------------------------------------------------
                      0.150000    0.000000    0.000000   clock clk (rise edge)
                                  0.000000    0.000000   clock network delay (ideal)
                                  4.000000    4.000000 ^ input external delay
   202    0.726937    3.254360    2.334211    6.334211 ^ rst_n (in)
                                                         rst_n (net)
                      3.254360    0.000000    6.334211 ^ _1219_/RESET_B (sky130_fd_sc_hd__dfrtp_2)
                                              6.334211   data arrival time

                      0.150000   20.000000   20.000000   clock clk (rise edge)
                                  0.000000   20.000000   clock network delay (ideal)
                                 -0.250000   19.750002   clock uncertainty
                                  0.000000   19.750002   clock reconvergence pessimism
                                             19.750002 ^ _1219_/CLK (sky130_fd_sc_hd__dfrtp_2)
                                 -0.820639   18.929361   library recovery time
                                             18.929361   data required time
---------------------------------------------------------------------------------------------
                                             18.929361   data required time
                                             -6.334211   data arrival time
---------------------------------------------------------------------------------------------
                                             12.595151   slack (MET)


Startpoint: rst_n (input port clocked by clk)
Endpoint: _1220_ (recovery check against rising-edge clock clk)
Path Group: asynchronous
Path Type: max

Fanout         Cap        Slew       Delay        Time   Description
---------------------------------------------------------------------------------------------
                      0.150000    0.000000    0.000000   clock clk (rise edge)
                                  0.000000    0.000000   clock network delay (ideal)
                                  4.000000    4.000000 ^ input external delay
   202    0.726937    3.254360    2.334211    6.334211 ^ rst_n (in)
                                                         rst_n (net)
                      3.254360    0.000000    6.334211 ^ _1220_/RESET_B (sky130_fd_sc_hd__dfrtp_2)
                                              6.334211   data arrival time

                      0.150000   20.000000   20.000000   clock clk (rise edge)
                                  0.000000   20.000000   clock network delay (ideal)
                                 -0.250000   19.750002   clock uncertainty
                                  0.000000   19.750002   clock reconvergence pessimism
                                             19.750002 ^ _1220_/CLK (sky130_fd_sc_hd__dfrtp_2)
                                 -0.820639   18.929361   library recovery time
                                             18.929361   data required time
---------------------------------------------------------------------------------------------
                                             18.929361   data required time
                                             -6.334211   data arrival time
---------------------------------------------------------------------------------------------
                                             12.595151   slack (MET)


Startpoint: rst_n (input port clocked by clk)
Endpoint: _1221_ (recovery check against rising-edge clock clk)
Path Group: asynchronous
Path Type: max

Fanout         Cap        Slew       Delay        Time   Description
---------------------------------------------------------------------------------------------
                      0.150000    0.000000    0.000000   clock clk (rise edge)
                                  0.000000    0.000000   clock network delay (ideal)
                                  4.000000    4.000000 ^ input external delay
   202    0.726937    3.254360    2.334211    6.334211 ^ rst_n (in)
                                                         rst_n (net)
                      3.254360    0.000000    6.334211 ^ _1221_/RESET_B (sky130_fd_sc_hd__dfrtp_2)
                                              6.334211   data arrival time

                      0.150000   20.000000   20.000000   clock clk (rise edge)
                                  0.000000   20.000000   clock network delay (ideal)
                                 -0.250000   19.750002   clock uncertainty
                                  0.000000   19.750002   clock reconvergence pessimism
                                             19.750002 ^ _1221_/CLK (sky130_fd_sc_hd__dfrtp_2)
                                 -0.820639   18.929361   library recovery time
                                             18.929361   data required time
---------------------------------------------------------------------------------------------
                                             18.929361   data required time
                                             -6.334211   data arrival time
---------------------------------------------------------------------------------------------
                                             12.595151   slack (MET)


Startpoint: rst_n (input port clocked by clk)
Endpoint: _1222_ (recovery check against rising-edge clock clk)
Path Group: asynchronous
Path Type: max

Fanout         Cap        Slew       Delay        Time   Description
---------------------------------------------------------------------------------------------
                      0.150000    0.000000    0.000000   clock clk (rise edge)
                                  0.000000    0.000000   clock network delay (ideal)
                                  4.000000    4.000000 ^ input external delay
   202    0.726937    3.254360    2.334211    6.334211 ^ rst_n (in)
                                                         rst_n (net)
                      3.254360    0.000000    6.334211 ^ _1222_/RESET_B (sky130_fd_sc_hd__dfrtp_2)
                                              6.334211   data arrival time

                      0.150000   20.000000   20.000000   clock clk (rise edge)
                                  0.000000   20.000000   clock network delay (ideal)
                                 -0.250000   19.750002   clock uncertainty
                                  0.000000   19.750002   clock reconvergence pessimism
                                             19.750002 ^ _1222_/CLK (sky130_fd_sc_hd__dfrtp_2)
                                 -0.820639   18.929361   library recovery time
                                             18.929361   data required time
---------------------------------------------------------------------------------------------
                                             18.929361   data required time
                                             -6.334211   data arrival time
---------------------------------------------------------------------------------------------
                                             12.595151   slack (MET)


Startpoint: rst_n (input port clocked by clk)
Endpoint: _1223_ (recovery check against rising-edge clock clk)
Path Group: asynchronous
Path Type: max

Fanout         Cap        Slew       Delay        Time   Description
---------------------------------------------------------------------------------------------
                      0.150000    0.000000    0.000000   clock clk (rise edge)
                                  0.000000    0.000000   clock network delay (ideal)
                                  4.000000    4.000000 ^ input external delay
   202    0.726937    3.254360    2.334211    6.334211 ^ rst_n (in)
                                                         rst_n (net)
                      3.254360    0.000000    6.334211 ^ _1223_/RESET_B (sky130_fd_sc_hd__dfrtp_2)
                                              6.334211   data arrival time

                      0.150000   20.000000   20.000000   clock clk (rise edge)
                                  0.000000   20.000000   clock network delay (ideal)
                                 -0.250000   19.750002   clock uncertainty
                                  0.000000   19.750002   clock reconvergence pessimism
                                             19.750002 ^ _1223_/CLK (sky130_fd_sc_hd__dfrtp_2)
                                 -0.820639   18.929361   library recovery time
                                             18.929361   data required time
---------------------------------------------------------------------------------------------
                                             18.929361   data required time
                                             -6.334211   data arrival time
---------------------------------------------------------------------------------------------
                                             12.595151   slack (MET)


Startpoint: rst_n (input port clocked by clk)
Endpoint: _1224_ (recovery check against rising-edge clock clk)
Path Group: asynchronous
Path Type: max

Fanout         Cap        Slew       Delay        Time   Description
---------------------------------------------------------------------------------------------
                      0.150000    0.000000    0.000000   clock clk (rise edge)
                                  0.000000    0.000000   clock network delay (ideal)
                                  4.000000    4.000000 ^ input external delay
   202    0.726937    3.254360    2.334211    6.334211 ^ rst_n (in)
                                                         rst_n (net)
                      3.254360    0.000000    6.334211 ^ _1224_/RESET_B (sky130_fd_sc_hd__dfrtp_2)
                                              6.334211   data arrival time

                      0.150000   20.000000   20.000000   clock clk (rise edge)
                                  0.000000   20.000000   clock network delay (ideal)
                                 -0.250000   19.750002   clock uncertainty
                                  0.000000   19.750002   clock reconvergence pessimism
                                             19.750002 ^ _1224_/CLK (sky130_fd_sc_hd__dfrtp_2)
                                 -0.820639   18.929361   library recovery time
                                             18.929361   data required time
---------------------------------------------------------------------------------------------
                                             18.929361   data required time
                                             -6.334211   data arrival time
---------------------------------------------------------------------------------------------
                                             12.595151   slack (MET)


Startpoint: rst_n (input port clocked by clk)
Endpoint: _1225_ (recovery check against rising-edge clock clk)
Path Group: asynchronous
Path Type: max

Fanout         Cap        Slew       Delay        Time   Description
---------------------------------------------------------------------------------------------
                      0.150000    0.000000    0.000000   clock clk (rise edge)
                                  0.000000    0.000000   clock network delay (ideal)
                                  4.000000    4.000000 ^ input external delay
   202    0.726937    3.254360    2.334211    6.334211 ^ rst_n (in)
                                                         rst_n (net)
                      3.254360    0.000000    6.334211 ^ _1225_/RESET_B (sky130_fd_sc_hd__dfrtp_2)
                                              6.334211   data arrival time

                      0.150000   20.000000   20.000000   clock clk (rise edge)
                                  0.000000   20.000000   clock network delay (ideal)
                                 -0.250000   19.750002   clock uncertainty
                                  0.000000   19.750002   clock reconvergence pessimism
                                             19.750002 ^ _1225_/CLK (sky130_fd_sc_hd__dfrtp_2)
                                 -0.820639   18.929361   library recovery time
                                             18.929361   data required time
---------------------------------------------------------------------------------------------
                                             18.929361   data required time
                                             -6.334211   data arrival time
---------------------------------------------------------------------------------------------
                                             12.595151   slack (MET)


Startpoint: rst_n (input port clocked by clk)
Endpoint: _1226_ (recovery check against rising-edge clock clk)
Path Group: asynchronous
Path Type: max

Fanout         Cap        Slew       Delay        Time   Description
---------------------------------------------------------------------------------------------
                      0.150000    0.000000    0.000000   clock clk (rise edge)
                                  0.000000    0.000000   clock network delay (ideal)
                                  4.000000    4.000000 ^ input external delay
   202    0.726937    3.254360    2.334211    6.334211 ^ rst_n (in)
                                                         rst_n (net)
                      3.254360    0.000000    6.334211 ^ _1226_/RESET_B (sky130_fd_sc_hd__dfrtp_2)
                                              6.334211   data arrival time

                      0.150000   20.000000   20.000000   clock clk (rise edge)
                                  0.000000   20.000000   clock network delay (ideal)
                                 -0.250000   19.750002   clock uncertainty
                                  0.000000   19.750002   clock reconvergence pessimism
                                             19.750002 ^ _1226_/CLK (sky130_fd_sc_hd__dfrtp_2)
                                 -0.820639   18.929361   library recovery time
                                             18.929361   data required time
---------------------------------------------------------------------------------------------
                                             18.929361   data required time
                                             -6.334211   data arrival time
---------------------------------------------------------------------------------------------
                                             12.595151   slack (MET)


Startpoint: rst_n (input port clocked by clk)
Endpoint: _1227_ (recovery check against rising-edge clock clk)
Path Group: asynchronous
Path Type: max

Fanout         Cap        Slew       Delay        Time   Description
---------------------------------------------------------------------------------------------
                      0.150000    0.000000    0.000000   clock clk (rise edge)
                                  0.000000    0.000000   clock network delay (ideal)
                                  4.000000    4.000000 ^ input external delay
   202    0.726937    3.254360    2.334211    6.334211 ^ rst_n (in)
                                                         rst_n (net)
                      3.254360    0.000000    6.334211 ^ _1227_/RESET_B (sky130_fd_sc_hd__dfrtp_2)
                                              6.334211   data arrival time

                      0.150000   20.000000   20.000000   clock clk (rise edge)
                                  0.000000   20.000000   clock network delay (ideal)
                                 -0.250000   19.750002   clock uncertainty
                                  0.000000   19.750002   clock reconvergence pessimism
                                             19.750002 ^ _1227_/CLK (sky130_fd_sc_hd__dfrtp_2)
                                 -0.820639   18.929361   library recovery time
                                             18.929361   data required time
---------------------------------------------------------------------------------------------
                                             18.929361   data required time
                                             -6.334211   data arrival time
---------------------------------------------------------------------------------------------
                                             12.595151   slack (MET)


Startpoint: rst_n (input port clocked by clk)
Endpoint: _1228_ (recovery check against rising-edge clock clk)
Path Group: asynchronous
Path Type: max

Fanout         Cap        Slew       Delay        Time   Description
---------------------------------------------------------------------------------------------
                      0.150000    0.000000    0.000000   clock clk (rise edge)
                                  0.000000    0.000000   clock network delay (ideal)
                                  4.000000    4.000000 ^ input external delay
   202    0.726937    3.254360    2.334211    6.334211 ^ rst_n (in)
                                                         rst_n (net)
                      3.254360    0.000000    6.334211 ^ _1228_/RESET_B (sky130_fd_sc_hd__dfrtp_2)
                                              6.334211   data arrival time

                      0.150000   20.000000   20.000000   clock clk (rise edge)
                                  0.000000   20.000000   clock network delay (ideal)
                                 -0.250000   19.750002   clock uncertainty
                                  0.000000   19.750002   clock reconvergence pessimism
                                             19.750002 ^ _1228_/CLK (sky130_fd_sc_hd__dfrtp_2)
                                 -0.820639   18.929361   library recovery time
                                             18.929361   data required time
---------------------------------------------------------------------------------------------
                                             18.929361   data required time
                                             -6.334211   data arrival time
---------------------------------------------------------------------------------------------
                                             12.595151   slack (MET)


Startpoint: rst_n (input port clocked by clk)
Endpoint: _1229_ (recovery check against rising-edge clock clk)
Path Group: asynchronous
Path Type: max

Fanout         Cap        Slew       Delay        Time   Description
---------------------------------------------------------------------------------------------
                      0.150000    0.000000    0.000000   clock clk (rise edge)
                                  0.000000    0.000000   clock network delay (ideal)
                                  4.000000    4.000000 ^ input external delay
   202    0.726937    3.254360    2.334211    6.334211 ^ rst_n (in)
                                                         rst_n (net)
                      3.254360    0.000000    6.334211 ^ _1229_/RESET_B (sky130_fd_sc_hd__dfrtp_2)
                                              6.334211   data arrival time

                      0.150000   20.000000   20.000000   clock clk (rise edge)
                                  0.000000   20.000000   clock network delay (ideal)
                                 -0.250000   19.750002   clock uncertainty
                                  0.000000   19.750002   clock reconvergence pessimism
                                             19.750002 ^ _1229_/CLK (sky130_fd_sc_hd__dfrtp_2)
                                 -0.820639   18.929361   library recovery time
                                             18.929361   data required time
---------------------------------------------------------------------------------------------
                                             18.929361   data required time
                                             -6.334211   data arrival time
---------------------------------------------------------------------------------------------
                                             12.595151   slack (MET)


Startpoint: rst_n (input port clocked by clk)
Endpoint: _1230_ (recovery check against rising-edge clock clk)
Path Group: asynchronous
Path Type: max

Fanout         Cap        Slew       Delay        Time   Description
---------------------------------------------------------------------------------------------
                      0.150000    0.000000    0.000000   clock clk (rise edge)
                                  0.000000    0.000000   clock network delay (ideal)
                                  4.000000    4.000000 ^ input external delay
   202    0.726937    3.254360    2.334211    6.334211 ^ rst_n (in)
                                                         rst_n (net)
                      3.254360    0.000000    6.334211 ^ _1230_/RESET_B (sky130_fd_sc_hd__dfrtp_2)
                                              6.334211   data arrival time

                      0.150000   20.000000   20.000000   clock clk (rise edge)
                                  0.000000   20.000000   clock network delay (ideal)
                                 -0.250000   19.750002   clock uncertainty
                                  0.000000   19.750002   clock reconvergence pessimism
                                             19.750002 ^ _1230_/CLK (sky130_fd_sc_hd__dfrtp_2)
                                 -0.820639   18.929361   library recovery time
                                             18.929361   data required time
---------------------------------------------------------------------------------------------
                                             18.929361   data required time
                                             -6.334211   data arrival time
---------------------------------------------------------------------------------------------
                                             12.595151   slack (MET)


Startpoint: rst_n (input port clocked by clk)
Endpoint: _1231_ (recovery check against rising-edge clock clk)
Path Group: asynchronous
Path Type: max

Fanout         Cap        Slew       Delay        Time   Description
---------------------------------------------------------------------------------------------
                      0.150000    0.000000    0.000000   clock clk (rise edge)
                                  0.000000    0.000000   clock network delay (ideal)
                                  4.000000    4.000000 ^ input external delay
   202    0.726937    3.254360    2.334211    6.334211 ^ rst_n (in)
                                                         rst_n (net)
                      3.254360    0.000000    6.334211 ^ _1231_/RESET_B (sky130_fd_sc_hd__dfrtp_2)
                                              6.334211   data arrival time

                      0.150000   20.000000   20.000000   clock clk (rise edge)
                                  0.000000   20.000000   clock network delay (ideal)
                                 -0.250000   19.750002   clock uncertainty
                                  0.000000   19.750002   clock reconvergence pessimism
                                             19.750002 ^ _1231_/CLK (sky130_fd_sc_hd__dfrtp_2)
                                 -0.820639   18.929361   library recovery time
                                             18.929361   data required time
---------------------------------------------------------------------------------------------
                                             18.929361   data required time
                                             -6.334211   data arrival time
---------------------------------------------------------------------------------------------
                                             12.595151   slack (MET)


Startpoint: rst_n (input port clocked by clk)
Endpoint: _1232_ (recovery check against rising-edge clock clk)
Path Group: asynchronous
Path Type: max

Fanout         Cap        Slew       Delay        Time   Description
---------------------------------------------------------------------------------------------
                      0.150000    0.000000    0.000000   clock clk (rise edge)
                                  0.000000    0.000000   clock network delay (ideal)
                                  4.000000    4.000000 ^ input external delay
   202    0.726937    3.254360    2.334211    6.334211 ^ rst_n (in)
                                                         rst_n (net)
                      3.254360    0.000000    6.334211 ^ _1232_/RESET_B (sky130_fd_sc_hd__dfrtp_2)
                                              6.334211   data arrival time

                      0.150000   20.000000   20.000000   clock clk (rise edge)
                                  0.000000   20.000000   clock network delay (ideal)
                                 -0.250000   19.750002   clock uncertainty
                                  0.000000   19.750002   clock reconvergence pessimism
                                             19.750002 ^ _1232_/CLK (sky130_fd_sc_hd__dfrtp_2)
                                 -0.820639   18.929361   library recovery time
                                             18.929361   data required time
---------------------------------------------------------------------------------------------
                                             18.929361   data required time
                                             -6.334211   data arrival time
---------------------------------------------------------------------------------------------
                                             12.595151   slack (MET)


Startpoint: rst_n (input port clocked by clk)
Endpoint: _1233_ (recovery check against rising-edge clock clk)
Path Group: asynchronous
Path Type: max

Fanout         Cap        Slew       Delay        Time   Description
---------------------------------------------------------------------------------------------
                      0.150000    0.000000    0.000000   clock clk (rise edge)
                                  0.000000    0.000000   clock network delay (ideal)
                                  4.000000    4.000000 ^ input external delay
   202    0.726937    3.254360    2.334211    6.334211 ^ rst_n (in)
                                                         rst_n (net)
                      3.254360    0.000000    6.334211 ^ _1233_/RESET_B (sky130_fd_sc_hd__dfrtp_2)
                                              6.334211   data arrival time

                      0.150000   20.000000   20.000000   clock clk (rise edge)
                                  0.000000   20.000000   clock network delay (ideal)
                                 -0.250000   19.750002   clock uncertainty
                                  0.000000   19.750002   clock reconvergence pessimism
                                             19.750002 ^ _1233_/CLK (sky130_fd_sc_hd__dfrtp_2)
                                 -0.820639   18.929361   library recovery time
                                             18.929361   data required time
---------------------------------------------------------------------------------------------
                                             18.929361   data required time
                                             -6.334211   data arrival time
---------------------------------------------------------------------------------------------
                                             12.595151   slack (MET)


Startpoint: rst_n (input port clocked by clk)
Endpoint: _1234_ (recovery check against rising-edge clock clk)
Path Group: asynchronous
Path Type: max

Fanout         Cap        Slew       Delay        Time   Description
---------------------------------------------------------------------------------------------
                      0.150000    0.000000    0.000000   clock clk (rise edge)
                                  0.000000    0.000000   clock network delay (ideal)
                                  4.000000    4.000000 ^ input external delay
   202    0.726937    3.254360    2.334211    6.334211 ^ rst_n (in)
                                                         rst_n (net)
                      3.254360    0.000000    6.334211 ^ _1234_/RESET_B (sky130_fd_sc_hd__dfrtp_2)
                                              6.334211   data arrival time

                      0.150000   20.000000   20.000000   clock clk (rise edge)
                                  0.000000   20.000000   clock network delay (ideal)
                                 -0.250000   19.750002   clock uncertainty
                                  0.000000   19.750002   clock reconvergence pessimism
                                             19.750002 ^ _1234_/CLK (sky130_fd_sc_hd__dfrtp_2)
                                 -0.820639   18.929361   library recovery time
                                             18.929361   data required time
---------------------------------------------------------------------------------------------
                                             18.929361   data required time
                                             -6.334211   data arrival time
---------------------------------------------------------------------------------------------
                                             12.595151   slack (MET)


Startpoint: rst_n (input port clocked by clk)
Endpoint: _1235_ (recovery check against rising-edge clock clk)
Path Group: asynchronous
Path Type: max

Fanout         Cap        Slew       Delay        Time   Description
---------------------------------------------------------------------------------------------
                      0.150000    0.000000    0.000000   clock clk (rise edge)
                                  0.000000    0.000000   clock network delay (ideal)
                                  4.000000    4.000000 ^ input external delay
   202    0.726937    3.254360    2.334211    6.334211 ^ rst_n (in)
                                                         rst_n (net)
                      3.254360    0.000000    6.334211 ^ _1235_/RESET_B (sky130_fd_sc_hd__dfrtp_2)
                                              6.334211   data arrival time

                      0.150000   20.000000   20.000000   clock clk (rise edge)
                                  0.000000   20.000000   clock network delay (ideal)
                                 -0.250000   19.750002   clock uncertainty
                                  0.000000   19.750002   clock reconvergence pessimism
                                             19.750002 ^ _1235_/CLK (sky130_fd_sc_hd__dfrtp_2)
                                 -0.820639   18.929361   library recovery time
                                             18.929361   data required time
---------------------------------------------------------------------------------------------
                                             18.929361   data required time
                                             -6.334211   data arrival time
---------------------------------------------------------------------------------------------
                                             12.595151   slack (MET)


Startpoint: rst_n (input port clocked by clk)
Endpoint: _1236_ (recovery check against rising-edge clock clk)
Path Group: asynchronous
Path Type: max

Fanout         Cap        Slew       Delay        Time   Description
---------------------------------------------------------------------------------------------
                      0.150000    0.000000    0.000000   clock clk (rise edge)
                                  0.000000    0.000000   clock network delay (ideal)
                                  4.000000    4.000000 ^ input external delay
   202    0.726937    3.254360    2.334211    6.334211 ^ rst_n (in)
                                                         rst_n (net)
                      3.254360    0.000000    6.334211 ^ _1236_/RESET_B (sky130_fd_sc_hd__dfrtp_2)
                                              6.334211   data arrival time

                      0.150000   20.000000   20.000000   clock clk (rise edge)
                                  0.000000   20.000000   clock network delay (ideal)
                                 -0.250000   19.750002   clock uncertainty
                                  0.000000   19.750002   clock reconvergence pessimism
                                             19.750002 ^ _1236_/CLK (sky130_fd_sc_hd__dfrtp_2)
                                 -0.820639   18.929361   library recovery time
                                             18.929361   data required time
---------------------------------------------------------------------------------------------
                                             18.929361   data required time
                                             -6.334211   data arrival time
---------------------------------------------------------------------------------------------
                                             12.595151   slack (MET)


Startpoint: rst_n (input port clocked by clk)
Endpoint: _1237_ (recovery check against rising-edge clock clk)
Path Group: asynchronous
Path Type: max

Fanout         Cap        Slew       Delay        Time   Description
---------------------------------------------------------------------------------------------
                      0.150000    0.000000    0.000000   clock clk (rise edge)
                                  0.000000    0.000000   clock network delay (ideal)
                                  4.000000    4.000000 ^ input external delay
   202    0.726937    3.254360    2.334211    6.334211 ^ rst_n (in)
                                                         rst_n (net)
                      3.254360    0.000000    6.334211 ^ _1237_/RESET_B (sky130_fd_sc_hd__dfrtp_2)
                                              6.334211   data arrival time

                      0.150000   20.000000   20.000000   clock clk (rise edge)
                                  0.000000   20.000000   clock network delay (ideal)
                                 -0.250000   19.750002   clock uncertainty
                                  0.000000   19.750002   clock reconvergence pessimism
                                             19.750002 ^ _1237_/CLK (sky130_fd_sc_hd__dfrtp_2)
                                 -0.820639   18.929361   library recovery time
                                             18.929361   data required time
---------------------------------------------------------------------------------------------
                                             18.929361   data required time
                                             -6.334211   data arrival time
---------------------------------------------------------------------------------------------
                                             12.595151   slack (MET)


Startpoint: rst_n (input port clocked by clk)
Endpoint: _1238_ (recovery check against rising-edge clock clk)
Path Group: asynchronous
Path Type: max

Fanout         Cap        Slew       Delay        Time   Description
---------------------------------------------------------------------------------------------
                      0.150000    0.000000    0.000000   clock clk (rise edge)
                                  0.000000    0.000000   clock network delay (ideal)
                                  4.000000    4.000000 ^ input external delay
   202    0.726937    3.254360    2.334211    6.334211 ^ rst_n (in)
                                                         rst_n (net)
                      3.254360    0.000000    6.334211 ^ _1238_/RESET_B (sky130_fd_sc_hd__dfrtp_2)
                                              6.334211   data arrival time

                      0.150000   20.000000   20.000000   clock clk (rise edge)
                                  0.000000   20.000000   clock network delay (ideal)
                                 -0.250000   19.750002   clock uncertainty
                                  0.000000   19.750002   clock reconvergence pessimism
                                             19.750002 ^ _1238_/CLK (sky130_fd_sc_hd__dfrtp_2)
                                 -0.820639   18.929361   library recovery time
                                             18.929361   data required time
---------------------------------------------------------------------------------------------
                                             18.929361   data required time
                                             -6.334211   data arrival time
---------------------------------------------------------------------------------------------
                                             12.595151   slack (MET)


Startpoint: rst_n (input port clocked by clk)
Endpoint: _1240_ (recovery check against rising-edge clock clk)
Path Group: asynchronous
Path Type: max

Fanout         Cap        Slew       Delay        Time   Description
---------------------------------------------------------------------------------------------
                      0.150000    0.000000    0.000000   clock clk (rise edge)
                                  0.000000    0.000000   clock network delay (ideal)
                                  4.000000    4.000000 ^ input external delay
   202    0.726937    3.254360    2.334211    6.334211 ^ rst_n (in)
                                                         rst_n (net)
                      3.254360    0.000000    6.334211 ^ _1240_/RESET_B (sky130_fd_sc_hd__dfrtp_2)
                                              6.334211   data arrival time

                      0.150000   20.000000   20.000000   clock clk (rise edge)
                                  0.000000   20.000000   clock network delay (ideal)
                                 -0.250000   19.750002   clock uncertainty
                                  0.000000   19.750002   clock reconvergence pessimism
                                             19.750002 ^ _1240_/CLK (sky130_fd_sc_hd__dfrtp_2)
                                 -0.820639   18.929361   library recovery time
                                             18.929361   data required time
---------------------------------------------------------------------------------------------
                                             18.929361   data required time
                                             -6.334211   data arrival time
---------------------------------------------------------------------------------------------
                                             12.595151   slack (MET)


Startpoint: rst_n (input port clocked by clk)
Endpoint: _1241_ (recovery check against rising-edge clock clk)
Path Group: asynchronous
Path Type: max

Fanout         Cap        Slew       Delay        Time   Description
---------------------------------------------------------------------------------------------
                      0.150000    0.000000    0.000000   clock clk (rise edge)
                                  0.000000    0.000000   clock network delay (ideal)
                                  4.000000    4.000000 ^ input external delay
   202    0.726937    3.254360    2.334211    6.334211 ^ rst_n (in)
                                                         rst_n (net)
                      3.254360    0.000000    6.334211 ^ _1241_/RESET_B (sky130_fd_sc_hd__dfrtp_2)
                                              6.334211   data arrival time

                      0.150000   20.000000   20.000000   clock clk (rise edge)
                                  0.000000   20.000000   clock network delay (ideal)
                                 -0.250000   19.750002   clock uncertainty
                                  0.000000   19.750002   clock reconvergence pessimism
                                             19.750002 ^ _1241_/CLK (sky130_fd_sc_hd__dfrtp_2)
                                 -0.820639   18.929361   library recovery time
                                             18.929361   data required time
---------------------------------------------------------------------------------------------
                                             18.929361   data required time
                                             -6.334211   data arrival time
---------------------------------------------------------------------------------------------
                                             12.595151   slack (MET)


Startpoint: rst_n (input port clocked by clk)
Endpoint: _1242_ (recovery check against rising-edge clock clk)
Path Group: asynchronous
Path Type: max

Fanout         Cap        Slew       Delay        Time   Description
---------------------------------------------------------------------------------------------
                      0.150000    0.000000    0.000000   clock clk (rise edge)
                                  0.000000    0.000000   clock network delay (ideal)
                                  4.000000    4.000000 ^ input external delay
   202    0.726937    3.254360    2.334211    6.334211 ^ rst_n (in)
                                                         rst_n (net)
                      3.254360    0.000000    6.334211 ^ _1242_/RESET_B (sky130_fd_sc_hd__dfrtp_2)
                                              6.334211   data arrival time

                      0.150000   20.000000   20.000000   clock clk (rise edge)
                                  0.000000   20.000000   clock network delay (ideal)
                                 -0.250000   19.750002   clock uncertainty
                                  0.000000   19.750002   clock reconvergence pessimism
                                             19.750002 ^ _1242_/CLK (sky130_fd_sc_hd__dfrtp_2)
                                 -0.820639   18.929361   library recovery time
                                             18.929361   data required time
---------------------------------------------------------------------------------------------
                                             18.929361   data required time
                                             -6.334211   data arrival time
---------------------------------------------------------------------------------------------
                                             12.595151   slack (MET)


Startpoint: rst_n (input port clocked by clk)
Endpoint: _1243_ (recovery check against rising-edge clock clk)
Path Group: asynchronous
Path Type: max

Fanout         Cap        Slew       Delay        Time   Description
---------------------------------------------------------------------------------------------
                      0.150000    0.000000    0.000000   clock clk (rise edge)
                                  0.000000    0.000000   clock network delay (ideal)
                                  4.000000    4.000000 ^ input external delay
   202    0.726937    3.254360    2.334211    6.334211 ^ rst_n (in)
                                                         rst_n (net)
                      3.254360    0.000000    6.334211 ^ _1243_/RESET_B (sky130_fd_sc_hd__dfrtp_2)
                                              6.334211   data arrival time

                      0.150000   20.000000   20.000000   clock clk (rise edge)
                                  0.000000   20.000000   clock network delay (ideal)
                                 -0.250000   19.750002   clock uncertainty
                                  0.000000   19.750002   clock reconvergence pessimism
                                             19.750002 ^ _1243_/CLK (sky130_fd_sc_hd__dfrtp_2)
                                 -0.820639   18.929361   library recovery time
                                             18.929361   data required time
---------------------------------------------------------------------------------------------
                                             18.929361   data required time
                                             -6.334211   data arrival time
---------------------------------------------------------------------------------------------
                                             12.595151   slack (MET)


Startpoint: rst_n (input port clocked by clk)
Endpoint: _1244_ (recovery check against rising-edge clock clk)
Path Group: asynchronous
Path Type: max

Fanout         Cap        Slew       Delay        Time   Description
---------------------------------------------------------------------------------------------
                      0.150000    0.000000    0.000000   clock clk (rise edge)
                                  0.000000    0.000000   clock network delay (ideal)
                                  4.000000    4.000000 ^ input external delay
   202    0.726937    3.254360    2.334211    6.334211 ^ rst_n (in)
                                                         rst_n (net)
                      3.254360    0.000000    6.334211 ^ _1244_/RESET_B (sky130_fd_sc_hd__dfrtp_2)
                                              6.334211   data arrival time

                      0.150000   20.000000   20.000000   clock clk (rise edge)
                                  0.000000   20.000000   clock network delay (ideal)
                                 -0.250000   19.750002   clock uncertainty
                                  0.000000   19.750002   clock reconvergence pessimism
                                             19.750002 ^ _1244_/CLK (sky130_fd_sc_hd__dfrtp_2)
                                 -0.820639   18.929361   library recovery time
                                             18.929361   data required time
---------------------------------------------------------------------------------------------
                                             18.929361   data required time
                                             -6.334211   data arrival time
---------------------------------------------------------------------------------------------
                                             12.595151   slack (MET)


Startpoint: rst_n (input port clocked by clk)
Endpoint: _1245_ (recovery check against rising-edge clock clk)
Path Group: asynchronous
Path Type: max

Fanout         Cap        Slew       Delay        Time   Description
---------------------------------------------------------------------------------------------
                      0.150000    0.000000    0.000000   clock clk (rise edge)
                                  0.000000    0.000000   clock network delay (ideal)
                                  4.000000    4.000000 ^ input external delay
   202    0.726937    3.254360    2.334211    6.334211 ^ rst_n (in)
                                                         rst_n (net)
                      3.254360    0.000000    6.334211 ^ _1245_/RESET_B (sky130_fd_sc_hd__dfrtp_2)
                                              6.334211   data arrival time

                      0.150000   20.000000   20.000000   clock clk (rise edge)
                                  0.000000   20.000000   clock network delay (ideal)
                                 -0.250000   19.750002   clock uncertainty
                                  0.000000   19.750002   clock reconvergence pessimism
                                             19.750002 ^ _1245_/CLK (sky130_fd_sc_hd__dfrtp_2)
                                 -0.820639   18.929361   library recovery time
                                             18.929361   data required time
---------------------------------------------------------------------------------------------
                                             18.929361   data required time
                                             -6.334211   data arrival time
---------------------------------------------------------------------------------------------
                                             12.595151   slack (MET)


Startpoint: rst_n (input port clocked by clk)
Endpoint: _1246_ (recovery check against rising-edge clock clk)
Path Group: asynchronous
Path Type: max

Fanout         Cap        Slew       Delay        Time   Description
---------------------------------------------------------------------------------------------
                      0.150000    0.000000    0.000000   clock clk (rise edge)
                                  0.000000    0.000000   clock network delay (ideal)
                                  4.000000    4.000000 ^ input external delay
   202    0.726937    3.254360    2.334211    6.334211 ^ rst_n (in)
                                                         rst_n (net)
                      3.254360    0.000000    6.334211 ^ _1246_/RESET_B (sky130_fd_sc_hd__dfrtp_2)
                                              6.334211   data arrival time

                      0.150000   20.000000   20.000000   clock clk (rise edge)
                                  0.000000   20.000000   clock network delay (ideal)
                                 -0.250000   19.750002   clock uncertainty
                                  0.000000   19.750002   clock reconvergence pessimism
                                             19.750002 ^ _1246_/CLK (sky130_fd_sc_hd__dfrtp_2)
                                 -0.820639   18.929361   library recovery time
                                             18.929361   data required time
---------------------------------------------------------------------------------------------
                                             18.929361   data required time
                                             -6.334211   data arrival time
---------------------------------------------------------------------------------------------
                                             12.595151   slack (MET)


Startpoint: rst_n (input port clocked by clk)
Endpoint: _1247_ (recovery check against rising-edge clock clk)
Path Group: asynchronous
Path Type: max

Fanout         Cap        Slew       Delay        Time   Description
---------------------------------------------------------------------------------------------
                      0.150000    0.000000    0.000000   clock clk (rise edge)
                                  0.000000    0.000000   clock network delay (ideal)
                                  4.000000    4.000000 ^ input external delay
   202    0.726937    3.254360    2.334211    6.334211 ^ rst_n (in)
                                                         rst_n (net)
                      3.254360    0.000000    6.334211 ^ _1247_/RESET_B (sky130_fd_sc_hd__dfrtp_2)
                                              6.334211   data arrival time

                      0.150000   20.000000   20.000000   clock clk (rise edge)
                                  0.000000   20.000000   clock network delay (ideal)
                                 -0.250000   19.750002   clock uncertainty
                                  0.000000   19.750002   clock reconvergence pessimism
                                             19.750002 ^ _1247_/CLK (sky130_fd_sc_hd__dfrtp_2)
                                 -0.820639   18.929361   library recovery time
                                             18.929361   data required time
---------------------------------------------------------------------------------------------
                                             18.929361   data required time
                                             -6.334211   data arrival time
---------------------------------------------------------------------------------------------
                                             12.595151   slack (MET)


Startpoint: rst_n (input port clocked by clk)
Endpoint: _1248_ (recovery check against rising-edge clock clk)
Path Group: asynchronous
Path Type: max

Fanout         Cap        Slew       Delay        Time   Description
---------------------------------------------------------------------------------------------
                      0.150000    0.000000    0.000000   clock clk (rise edge)
                                  0.000000    0.000000   clock network delay (ideal)
                                  4.000000    4.000000 ^ input external delay
   202    0.726937    3.254360    2.334211    6.334211 ^ rst_n (in)
                                                         rst_n (net)
                      3.254360    0.000000    6.334211 ^ _1248_/RESET_B (sky130_fd_sc_hd__dfrtp_2)
                                              6.334211   data arrival time

                      0.150000   20.000000   20.000000   clock clk (rise edge)
                                  0.000000   20.000000   clock network delay (ideal)
                                 -0.250000   19.750002   clock uncertainty
                                  0.000000   19.750002   clock reconvergence pessimism
                                             19.750002 ^ _1248_/CLK (sky130_fd_sc_hd__dfrtp_2)
                                 -0.820639   18.929361   library recovery time
                                             18.929361   data required time
---------------------------------------------------------------------------------------------
                                             18.929361   data required time
                                             -6.334211   data arrival time
---------------------------------------------------------------------------------------------
                                             12.595151   slack (MET)


Startpoint: rst_n (input port clocked by clk)
Endpoint: _1249_ (recovery check against rising-edge clock clk)
Path Group: asynchronous
Path Type: max

Fanout         Cap        Slew       Delay        Time   Description
---------------------------------------------------------------------------------------------
                      0.150000    0.000000    0.000000   clock clk (rise edge)
                                  0.000000    0.000000   clock network delay (ideal)
                                  4.000000    4.000000 ^ input external delay
   202    0.726937    3.254360    2.334211    6.334211 ^ rst_n (in)
                                                         rst_n (net)
                      3.254360    0.000000    6.334211 ^ _1249_/RESET_B (sky130_fd_sc_hd__dfrtp_2)
                                              6.334211   data arrival time

                      0.150000   20.000000   20.000000   clock clk (rise edge)
                                  0.000000   20.000000   clock network delay (ideal)
                                 -0.250000   19.750002   clock uncertainty
                                  0.000000   19.750002   clock reconvergence pessimism
                                             19.750002 ^ _1249_/CLK (sky130_fd_sc_hd__dfrtp_2)
                                 -0.820639   18.929361   library recovery time
                                             18.929361   data required time
---------------------------------------------------------------------------------------------
                                             18.929361   data required time
                                             -6.334211   data arrival time
---------------------------------------------------------------------------------------------
                                             12.595151   slack (MET)


Startpoint: rst_n (input port clocked by clk)
Endpoint: _1250_ (recovery check against rising-edge clock clk)
Path Group: asynchronous
Path Type: max

Fanout         Cap        Slew       Delay        Time   Description
---------------------------------------------------------------------------------------------
                      0.150000    0.000000    0.000000   clock clk (rise edge)
                                  0.000000    0.000000   clock network delay (ideal)
                                  4.000000    4.000000 ^ input external delay
   202    0.726937    3.254360    2.334211    6.334211 ^ rst_n (in)
                                                         rst_n (net)
                      3.254360    0.000000    6.334211 ^ _1250_/RESET_B (sky130_fd_sc_hd__dfrtp_2)
                                              6.334211   data arrival time

                      0.150000   20.000000   20.000000   clock clk (rise edge)
                                  0.000000   20.000000   clock network delay (ideal)
                                 -0.250000   19.750002   clock uncertainty
                                  0.000000   19.750002   clock reconvergence pessimism
                                             19.750002 ^ _1250_/CLK (sky130_fd_sc_hd__dfrtp_2)
                                 -0.820639   18.929361   library recovery time
                                             18.929361   data required time
---------------------------------------------------------------------------------------------
                                             18.929361   data required time
                                             -6.334211   data arrival time
---------------------------------------------------------------------------------------------
                                             12.595151   slack (MET)


Startpoint: rst_n (input port clocked by clk)
Endpoint: _1251_ (recovery check against rising-edge clock clk)
Path Group: asynchronous
Path Type: max

Fanout         Cap        Slew       Delay        Time   Description
---------------------------------------------------------------------------------------------
                      0.150000    0.000000    0.000000   clock clk (rise edge)
                                  0.000000    0.000000   clock network delay (ideal)
                                  4.000000    4.000000 ^ input external delay
   202    0.726937    3.254360    2.334211    6.334211 ^ rst_n (in)
                                                         rst_n (net)
                      3.254360    0.000000    6.334211 ^ _1251_/RESET_B (sky130_fd_sc_hd__dfrtp_2)
                                              6.334211   data arrival time

                      0.150000   20.000000   20.000000   clock clk (rise edge)
                                  0.000000   20.000000   clock network delay (ideal)
                                 -0.250000   19.750002   clock uncertainty
                                  0.000000   19.750002   clock reconvergence pessimism
                                             19.750002 ^ _1251_/CLK (sky130_fd_sc_hd__dfrtp_2)
                                 -0.820639   18.929361   library recovery time
                                             18.929361   data required time
---------------------------------------------------------------------------------------------
                                             18.929361   data required time
                                             -6.334211   data arrival time
---------------------------------------------------------------------------------------------
                                             12.595151   slack (MET)


Startpoint: uio_in[1] (input port clocked by clk)
Endpoint: _1188_ (rising edge-triggered flip-flop clocked by clk)
Path Group: clk
Path Type: max

Fanout         Cap        Slew       Delay        Time   Description
---------------------------------------------------------------------------------------------
                      0.150000    0.000000    0.000000   clock clk (rise edge)
                                  0.000000    0.000000   clock network delay (ideal)
                                  4.000000    4.000000 v input external delay
     3    0.007207    0.018830    0.012222    4.012222 v uio_in[1] (in)
                                                         uio_in[1] (net)
                      0.018830    0.000000    4.012222 v _0527_/A_N (sky130_fd_sc_hd__nand3b_2)
     2    0.005539    0.071598    0.202796    4.215017 v _0527_/Y (sky130_fd_sc_hd__nand3b_2)
                                                         _0204_ (net)
                      0.071598    0.000000    4.215017 v _0548_/B (sky130_fd_sc_hd__nor2_2)
    75    0.264599    2.713265    2.112248    6.327266 ^ _0548_/Y (sky130_fd_sc_hd__nor2_2)
                                                         _0218_ (net)
                      2.713265    0.000000    6.327266 ^ _0954_/B (sky130_fd_sc_hd__nor2_2)
    11    0.022480    0.440788    0.263710    6.590976 v _0954_/Y (sky130_fd_sc_hd__nor2_2)
                                                         _0486_ (net)
                      0.440788    0.000000    6.590976 v _0955_/B1 (sky130_fd_sc_hd__a22o_2)
     1    0.001949    0.039384    0.360791    6.951766 v _0955_/X (sky130_fd_sc_hd__a22o_2)
                                                         _0145_ (net)
                      0.039384    0.000000    6.951766 v _1188_/D (sky130_fd_sc_hd__dfrtp_2)
                                              6.951766   data arrival time

                      0.150000   20.000000   20.000000   clock clk (rise edge)
                                  0.000000   20.000000   clock network delay (ideal)
                                 -0.250000   19.750002   clock uncertainty
                                  0.000000   19.750002   clock reconvergence pessimism
                                             19.750002 ^ _1188_/CLK (sky130_fd_sc_hd__dfrtp_2)
                                 -0.088757   19.661243   library setup time
                                             19.661243   data required time
---------------------------------------------------------------------------------------------
                                             19.661243   data required time
                                             -6.951766   data arrival time
---------------------------------------------------------------------------------------------
                                             12.709477   slack (MET)


Startpoint: uio_in[1] (input port clocked by clk)
Endpoint: _1189_ (rising edge-triggered flip-flop clocked by clk)
Path Group: clk
Path Type: max

Fanout         Cap        Slew       Delay        Time   Description
---------------------------------------------------------------------------------------------
                      0.150000    0.000000    0.000000   clock clk (rise edge)
                                  0.000000    0.000000   clock network delay (ideal)
                                  4.000000    4.000000 v input external delay
     3    0.007207    0.018830    0.012222    4.012222 v uio_in[1] (in)
                                                         uio_in[1] (net)
                      0.018830    0.000000    4.012222 v _0527_/A_N (sky130_fd_sc_hd__nand3b_2)
     2    0.005539    0.071598    0.202796    4.215017 v _0527_/Y (sky130_fd_sc_hd__nand3b_2)
                                                         _0204_ (net)
                      0.071598    0.000000    4.215017 v _0548_/B (sky130_fd_sc_hd__nor2_2)
    75    0.264599    2.713265    2.112248    6.327266 ^ _0548_/Y (sky130_fd_sc_hd__nor2_2)
                                                         _0218_ (net)
                      2.713265    0.000000    6.327266 ^ _0954_/B (sky130_fd_sc_hd__nor2_2)
    11    0.022480    0.440788    0.263710    6.590976 v _0954_/Y (sky130_fd_sc_hd__nor2_2)
                                                         _0486_ (net)
                      0.440788    0.000000    6.590976 v _0956_/B1 (sky130_fd_sc_hd__a22o_2)
     1    0.001949    0.039384    0.360791    6.951766 v _0956_/X (sky130_fd_sc_hd__a22o_2)
                                                         _0146_ (net)
                      0.039384    0.000000    6.951766 v _1189_/D (sky130_fd_sc_hd__dfrtp_2)
                                              6.951766   data arrival time

                      0.150000   20.000000   20.000000   clock clk (rise edge)
                                  0.000000   20.000000   clock network delay (ideal)
                                 -0.250000   19.750002   clock uncertainty
                                  0.000000   19.750002   clock reconvergence pessimism
                                             19.750002 ^ _1189_/CLK (sky130_fd_sc_hd__dfrtp_2)
                                 -0.088757   19.661243   library setup time
                                             19.661243   data required time
---------------------------------------------------------------------------------------------
                                             19.661243   data required time
                                             -6.951766   data arrival time
---------------------------------------------------------------------------------------------
                                             12.709477   slack (MET)


Startpoint: uio_in[1] (input port clocked by clk)
Endpoint: _1190_ (rising edge-triggered flip-flop clocked by clk)
Path Group: clk
Path Type: max

Fanout         Cap        Slew       Delay        Time   Description
---------------------------------------------------------------------------------------------
                      0.150000    0.000000    0.000000   clock clk (rise edge)
                                  0.000000    0.000000   clock network delay (ideal)
                                  4.000000    4.000000 v input external delay
     3    0.007207    0.018830    0.012222    4.012222 v uio_in[1] (in)
                                                         uio_in[1] (net)
                      0.018830    0.000000    4.012222 v _0527_/A_N (sky130_fd_sc_hd__nand3b_2)
     2    0.005539    0.071598    0.202796    4.215017 v _0527_/Y (sky130_fd_sc_hd__nand3b_2)
                                                         _0204_ (net)
                      0.071598    0.000000    4.215017 v _0548_/B (sky130_fd_sc_hd__nor2_2)
    75    0.264599    2.713265    2.112248    6.327266 ^ _0548_/Y (sky130_fd_sc_hd__nor2_2)
                                                         _0218_ (net)
                      2.713265    0.000000    6.327266 ^ _0954_/B (sky130_fd_sc_hd__nor2_2)
    11    0.022480    0.440788    0.263710    6.590976 v _0954_/Y (sky130_fd_sc_hd__nor2_2)
                                                         _0486_ (net)
                      0.440788    0.000000    6.590976 v _0957_/B1 (sky130_fd_sc_hd__a22o_2)
     1    0.001949    0.039384    0.360791    6.951766 v _0957_/X (sky130_fd_sc_hd__a22o_2)
                                                         _0147_ (net)
                      0.039384    0.000000    6.951766 v _1190_/D (sky130_fd_sc_hd__dfrtp_2)
                                              6.951766   data arrival time

                      0.150000   20.000000   20.000000   clock clk (rise edge)
                                  0.000000   20.000000   clock network delay (ideal)
                                 -0.250000   19.750002   clock uncertainty
                                  0.000000   19.750002   clock reconvergence pessimism
                                             19.750002 ^ _1190_/CLK (sky130_fd_sc_hd__dfrtp_2)
                                 -0.088757   19.661243   library setup time
                                             19.661243   data required time
---------------------------------------------------------------------------------------------
                                             19.661243   data required time
                                             -6.951766   data arrival time
---------------------------------------------------------------------------------------------
                                             12.709477   slack (MET)


Startpoint: uio_in[1] (input port clocked by clk)
Endpoint: _1191_ (rising edge-triggered flip-flop clocked by clk)
Path Group: clk
Path Type: max

Fanout         Cap        Slew       Delay        Time   Description
---------------------------------------------------------------------------------------------
                      0.150000    0.000000    0.000000   clock clk (rise edge)
                                  0.000000    0.000000   clock network delay (ideal)
                                  4.000000    4.000000 v input external delay
     3    0.007207    0.018830    0.012222    4.012222 v uio_in[1] (in)
                                                         uio_in[1] (net)
                      0.018830    0.000000    4.012222 v _0527_/A_N (sky130_fd_sc_hd__nand3b_2)
     2    0.005539    0.071598    0.202796    4.215017 v _0527_/Y (sky130_fd_sc_hd__nand3b_2)
                                                         _0204_ (net)
                      0.071598    0.000000    4.215017 v _0548_/B (sky130_fd_sc_hd__nor2_2)
    75    0.264599    2.713265    2.112248    6.327266 ^ _0548_/Y (sky130_fd_sc_hd__nor2_2)
                                                         _0218_ (net)
                      2.713265    0.000000    6.327266 ^ _0954_/B (sky130_fd_sc_hd__nor2_2)
    11    0.022480    0.440788    0.263710    6.590976 v _0954_/Y (sky130_fd_sc_hd__nor2_2)
                                                         _0486_ (net)
                      0.440788    0.000000    6.590976 v _0958_/B1 (sky130_fd_sc_hd__a22o_2)
     1    0.001949    0.039384    0.360791    6.951766 v _0958_/X (sky130_fd_sc_hd__a22o_2)
                                                         _0148_ (net)
                      0.039384    0.000000    6.951766 v _1191_/D (sky130_fd_sc_hd__dfrtp_2)
                                              6.951766   data arrival time

                      0.150000   20.000000   20.000000   clock clk (rise edge)
                                  0.000000   20.000000   clock network delay (ideal)
                                 -0.250000   19.750002   clock uncertainty
                                  0.000000   19.750002   clock reconvergence pessimism
                                             19.750002 ^ _1191_/CLK (sky130_fd_sc_hd__dfrtp_2)
                                 -0.088757   19.661243   library setup time
                                             19.661243   data required time
---------------------------------------------------------------------------------------------
                                             19.661243   data required time
                                             -6.951766   data arrival time
---------------------------------------------------------------------------------------------
                                             12.709477   slack (MET)


Startpoint: uio_in[1] (input port clocked by clk)
Endpoint: _1192_ (rising edge-triggered flip-flop clocked by clk)
Path Group: clk
Path Type: max

Fanout         Cap        Slew       Delay        Time   Description
---------------------------------------------------------------------------------------------
                      0.150000    0.000000    0.000000   clock clk (rise edge)
                                  0.000000    0.000000   clock network delay (ideal)
                                  4.000000    4.000000 v input external delay
     3    0.007207    0.018830    0.012222    4.012222 v uio_in[1] (in)
                                                         uio_in[1] (net)
                      0.018830    0.000000    4.012222 v _0527_/A_N (sky130_fd_sc_hd__nand3b_2)
     2    0.005539    0.071598    0.202796    4.215017 v _0527_/Y (sky130_fd_sc_hd__nand3b_2)
                                                         _0204_ (net)
                      0.071598    0.000000    4.215017 v _0548_/B (sky130_fd_sc_hd__nor2_2)
    75    0.264599    2.713265    2.112248    6.327266 ^ _0548_/Y (sky130_fd_sc_hd__nor2_2)
                                                         _0218_ (net)
                      2.713265    0.000000    6.327266 ^ _0954_/B (sky130_fd_sc_hd__nor2_2)
    11    0.022480    0.440788    0.263710    6.590976 v _0954_/Y (sky130_fd_sc_hd__nor2_2)
                                                         _0486_ (net)
                      0.440788    0.000000    6.590976 v _0959_/B1 (sky130_fd_sc_hd__a22o_2)
     1    0.001949    0.039384    0.360791    6.951766 v _0959_/X (sky130_fd_sc_hd__a22o_2)
                                                         _0149_ (net)
                      0.039384    0.000000    6.951766 v _1192_/D (sky130_fd_sc_hd__dfrtp_2)
                                              6.951766   data arrival time

                      0.150000   20.000000   20.000000   clock clk (rise edge)
                                  0.000000   20.000000   clock network delay (ideal)
                                 -0.250000   19.750002   clock uncertainty
                                  0.000000   19.750002   clock reconvergence pessimism
                                             19.750002 ^ _1192_/CLK (sky130_fd_sc_hd__dfrtp_2)
                                 -0.088757   19.661243   library setup time
                                             19.661243   data required time
---------------------------------------------------------------------------------------------
                                             19.661243   data required time
                                             -6.951766   data arrival time
---------------------------------------------------------------------------------------------
                                             12.709477   slack (MET)


Startpoint: uio_in[1] (input port clocked by clk)
Endpoint: _1193_ (rising edge-triggered flip-flop clocked by clk)
Path Group: clk
Path Type: max

Fanout         Cap        Slew       Delay        Time   Description
---------------------------------------------------------------------------------------------
                      0.150000    0.000000    0.000000   clock clk (rise edge)
                                  0.000000    0.000000   clock network delay (ideal)
                                  4.000000    4.000000 v input external delay
     3    0.007207    0.018830    0.012222    4.012222 v uio_in[1] (in)
                                                         uio_in[1] (net)
                      0.018830    0.000000    4.012222 v _0527_/A_N (sky130_fd_sc_hd__nand3b_2)
     2    0.005539    0.071598    0.202796    4.215017 v _0527_/Y (sky130_fd_sc_hd__nand3b_2)
                                                         _0204_ (net)
                      0.071598    0.000000    4.215017 v _0548_/B (sky130_fd_sc_hd__nor2_2)
    75    0.264599    2.713265    2.112248    6.327266 ^ _0548_/Y (sky130_fd_sc_hd__nor2_2)
                                                         _0218_ (net)
                      2.713265    0.000000    6.327266 ^ _0954_/B (sky130_fd_sc_hd__nor2_2)
    11    0.022480    0.440788    0.263710    6.590976 v _0954_/Y (sky130_fd_sc_hd__nor2_2)
                                                         _0486_ (net)
                      0.440788    0.000000    6.590976 v _0960_/B1 (sky130_fd_sc_hd__a22o_2)
     1    0.001949    0.039384    0.360791    6.951766 v _0960_/X (sky130_fd_sc_hd__a22o_2)
                                                         _0150_ (net)
                      0.039384    0.000000    6.951766 v _1193_/D (sky130_fd_sc_hd__dfrtp_2)
                                              6.951766   data arrival time

                      0.150000   20.000000   20.000000   clock clk (rise edge)
                                  0.000000   20.000000   clock network delay (ideal)
                                 -0.250000   19.750002   clock uncertainty
                                  0.000000   19.750002   clock reconvergence pessimism
                                             19.750002 ^ _1193_/CLK (sky130_fd_sc_hd__dfrtp_2)
                                 -0.088757   19.661243   library setup time
                                             19.661243   data required time
---------------------------------------------------------------------------------------------
                                             19.661243   data required time
                                             -6.951766   data arrival time
---------------------------------------------------------------------------------------------
                                             12.709477   slack (MET)


Startpoint: uio_in[1] (input port clocked by clk)
Endpoint: _1194_ (rising edge-triggered flip-flop clocked by clk)
Path Group: clk
Path Type: max

Fanout         Cap        Slew       Delay        Time   Description
---------------------------------------------------------------------------------------------
                      0.150000    0.000000    0.000000   clock clk (rise edge)
                                  0.000000    0.000000   clock network delay (ideal)
                                  4.000000    4.000000 v input external delay
     3    0.007207    0.018830    0.012222    4.012222 v uio_in[1] (in)
                                                         uio_in[1] (net)
                      0.018830    0.000000    4.012222 v _0527_/A_N (sky130_fd_sc_hd__nand3b_2)
     2    0.005539    0.071598    0.202796    4.215017 v _0527_/Y (sky130_fd_sc_hd__nand3b_2)
                                                         _0204_ (net)
                      0.071598    0.000000    4.215017 v _0548_/B (sky130_fd_sc_hd__nor2_2)
    75    0.264599    2.713265    2.112248    6.327266 ^ _0548_/Y (sky130_fd_sc_hd__nor2_2)
                                                         _0218_ (net)
                      2.713265    0.000000    6.327266 ^ _0954_/B (sky130_fd_sc_hd__nor2_2)
    11    0.022480    0.440788    0.263710    6.590976 v _0954_/Y (sky130_fd_sc_hd__nor2_2)
                                                         _0486_ (net)
                      0.440788    0.000000    6.590976 v _0961_/B1 (sky130_fd_sc_hd__a22o_2)
     1    0.001949    0.039384    0.360791    6.951766 v _0961_/X (sky130_fd_sc_hd__a22o_2)
                                                         _0151_ (net)
                      0.039384    0.000000    6.951766 v _1194_/D (sky130_fd_sc_hd__dfrtp_2)
                                              6.951766   data arrival time

                      0.150000   20.000000   20.000000   clock clk (rise edge)
                                  0.000000   20.000000   clock network delay (ideal)
                                 -0.250000   19.750002   clock uncertainty
                                  0.000000   19.750002   clock reconvergence pessimism
                                             19.750002 ^ _1194_/CLK (sky130_fd_sc_hd__dfrtp_2)
                                 -0.088757   19.661243   library setup time
                                             19.661243   data required time
---------------------------------------------------------------------------------------------
                                             19.661243   data required time
                                             -6.951766   data arrival time
---------------------------------------------------------------------------------------------
                                             12.709477   slack (MET)


Startpoint: uio_in[1] (input port clocked by clk)
Endpoint: _1195_ (rising edge-triggered flip-flop clocked by clk)
Path Group: clk
Path Type: max

Fanout         Cap        Slew       Delay        Time   Description
---------------------------------------------------------------------------------------------
                      0.150000    0.000000    0.000000   clock clk (rise edge)
                                  0.000000    0.000000   clock network delay (ideal)
                                  4.000000    4.000000 v input external delay
     3    0.007207    0.018830    0.012222    4.012222 v uio_in[1] (in)
                                                         uio_in[1] (net)
                      0.018830    0.000000    4.012222 v _0527_/A_N (sky130_fd_sc_hd__nand3b_2)
     2    0.005539    0.071598    0.202796    4.215017 v _0527_/Y (sky130_fd_sc_hd__nand3b_2)
                                                         _0204_ (net)
                      0.071598    0.000000    4.215017 v _0548_/B (sky130_fd_sc_hd__nor2_2)
    75    0.264599    2.713265    2.112248    6.327266 ^ _0548_/Y (sky130_fd_sc_hd__nor2_2)
                                                         _0218_ (net)
                      2.713265    0.000000    6.327266 ^ _0954_/B (sky130_fd_sc_hd__nor2_2)
    11    0.022480    0.440788    0.263710    6.590976 v _0954_/Y (sky130_fd_sc_hd__nor2_2)
                                                         _0486_ (net)
                      0.440788    0.000000    6.590976 v _0962_/B1 (sky130_fd_sc_hd__a22o_2)
     1    0.001949    0.039384    0.360791    6.951766 v _0962_/X (sky130_fd_sc_hd__a22o_2)
                                                         _0152_ (net)
                      0.039384    0.000000    6.951766 v _1195_/D (sky130_fd_sc_hd__dfrtp_2)
                                              6.951766   data arrival time

                      0.150000   20.000000   20.000000   clock clk (rise edge)
                                  0.000000   20.000000   clock network delay (ideal)
                                 -0.250000   19.750002   clock uncertainty
                                  0.000000   19.750002   clock reconvergence pessimism
                                             19.750002 ^ _1195_/CLK (sky130_fd_sc_hd__dfrtp_2)
                                 -0.088757   19.661243   library setup time
                                             19.661243   data required time
---------------------------------------------------------------------------------------------
                                             19.661243   data required time
                                             -6.951766   data arrival time
---------------------------------------------------------------------------------------------
                                             12.709477   slack (MET)


Startpoint: uio_in[1] (input port clocked by clk)
Endpoint: _1050_ (rising edge-triggered flip-flop clocked by clk)
Path Group: clk
Path Type: max

Fanout         Cap        Slew       Delay        Time   Description
---------------------------------------------------------------------------------------------
                      0.150000    0.000000    0.000000   clock clk (rise edge)
                                  0.000000    0.000000   clock network delay (ideal)
                                  4.000000    4.000000 v input external delay
     3    0.007207    0.018830    0.012222    4.012222 v uio_in[1] (in)
                                                         uio_in[1] (net)
                      0.018830    0.000000    4.012222 v _0527_/A_N (sky130_fd_sc_hd__nand3b_2)
     2    0.005539    0.071598    0.202796    4.215017 v _0527_/Y (sky130_fd_sc_hd__nand3b_2)
                                                         _0204_ (net)
                      0.071598    0.000000    4.215017 v _0548_/B (sky130_fd_sc_hd__nor2_2)
    75    0.264599    2.713265    2.112248    6.327266 ^ _0548_/Y (sky130_fd_sc_hd__nor2_2)
                                                         _0218_ (net)
                      2.713265    0.000000    6.327266 ^ _0549_/S (sky130_fd_sc_hd__mux2_1)
     1    0.001949    0.053920    0.417713    6.744978 v _0549_/X (sky130_fd_sc_hd__mux2_1)
                                                         _0007_ (net)
                      0.053920    0.000000    6.744978 v _1050_/D (sky130_fd_sc_hd__dfrtp_2)
                                              6.744978   data arrival time

                      0.150000   20.000000   20.000000   clock clk (rise edge)
                                  0.000000   20.000000   clock network delay (ideal)
                                 -0.250000   19.750002   clock uncertainty
                                  0.000000   19.750002   clock reconvergence pessimism
                                             19.750002 ^ _1050_/CLK (sky130_fd_sc_hd__dfrtp_2)
                                 -0.095097   19.654903   library setup time
                                             19.654903   data required time
---------------------------------------------------------------------------------------------
                                             19.654903   data required time
                                             -6.744978   data arrival time
---------------------------------------------------------------------------------------------
                                             12.909926   slack (MET)


Startpoint: uio_in[1] (input port clocked by clk)
Endpoint: _1051_ (rising edge-triggered flip-flop clocked by clk)
Path Group: clk
Path Type: max

Fanout         Cap        Slew       Delay        Time   Description
---------------------------------------------------------------------------------------------
                      0.150000    0.000000    0.000000   clock clk (rise edge)
                                  0.000000    0.000000   clock network delay (ideal)
                                  4.000000    4.000000 v input external delay
     3    0.007207    0.018830    0.012222    4.012222 v uio_in[1] (in)
                                                         uio_in[1] (net)
                      0.018830    0.000000    4.012222 v _0527_/A_N (sky130_fd_sc_hd__nand3b_2)
     2    0.005539    0.071598    0.202796    4.215017 v _0527_/Y (sky130_fd_sc_hd__nand3b_2)
                                                         _0204_ (net)
                      0.071598    0.000000    4.215017 v _0548_/B (sky130_fd_sc_hd__nor2_2)
    75    0.264599    2.713265    2.112248    6.327266 ^ _0548_/Y (sky130_fd_sc_hd__nor2_2)
                                                         _0218_ (net)
                      2.713265    0.000000    6.327266 ^ _0550_/S (sky130_fd_sc_hd__mux2_1)
     1    0.001949    0.053920    0.417713    6.744978 v _0550_/X (sky130_fd_sc_hd__mux2_1)
                                                         _0008_ (net)
                      0.053920    0.000000    6.744978 v _1051_/D (sky130_fd_sc_hd__dfrtp_2)
                                              6.744978   data arrival time

                      0.150000   20.000000   20.000000   clock clk (rise edge)
                                  0.000000   20.000000   clock network delay (ideal)
                                 -0.250000   19.750002   clock uncertainty
                                  0.000000   19.750002   clock reconvergence pessimism
                                             19.750002 ^ _1051_/CLK (sky130_fd_sc_hd__dfrtp_2)
                                 -0.095097   19.654903   library setup time
                                             19.654903   data required time
---------------------------------------------------------------------------------------------
                                             19.654903   data required time
                                             -6.744978   data arrival time
---------------------------------------------------------------------------------------------
                                             12.909926   slack (MET)


Startpoint: uio_in[1] (input port clocked by clk)
Endpoint: _1116_ (rising edge-triggered flip-flop clocked by clk)
Path Group: clk
Path Type: max

Fanout         Cap        Slew       Delay        Time   Description
---------------------------------------------------------------------------------------------
                      0.150000    0.000000    0.000000   clock clk (rise edge)
                                  0.000000    0.000000   clock network delay (ideal)
                                  4.000000    4.000000 v input external delay
     3    0.007207    0.018830    0.012222    4.012222 v uio_in[1] (in)
                                                         uio_in[1] (net)
                      0.018830    0.000000    4.012222 v _0527_/A_N (sky130_fd_sc_hd__nand3b_2)
     2    0.005539    0.071598    0.202796    4.215017 v _0527_/Y (sky130_fd_sc_hd__nand3b_2)
                                                         _0204_ (net)
                      0.071598    0.000000    4.215017 v _0548_/B (sky130_fd_sc_hd__nor2_2)
    75    0.264599    2.713265    2.112248    6.327266 ^ _0548_/Y (sky130_fd_sc_hd__nor2_2)
                                                         _0218_ (net)
                      2.713265    0.000000    6.327266 ^ _0626_/S (sky130_fd_sc_hd__mux2_1)
     1    0.001949    0.053920    0.417713    6.744978 v _0626_/X (sky130_fd_sc_hd__mux2_1)
                                                         _0073_ (net)
                      0.053920    0.000000    6.744978 v _1116_/D (sky130_fd_sc_hd__dfrtp_2)
                                              6.744978   data arrival time

                      0.150000   20.000000   20.000000   clock clk (rise edge)
                                  0.000000   20.000000   clock network delay (ideal)
                                 -0.250000   19.750002   clock uncertainty
                                  0.000000   19.750002   clock reconvergence pessimism
                                             19.750002 ^ _1116_/CLK (sky130_fd_sc_hd__dfrtp_2)
                                 -0.095097   19.654903   library setup time
                                             19.654903   data required time
---------------------------------------------------------------------------------------------
                                             19.654903   data required time
                                             -6.744978   data arrival time
---------------------------------------------------------------------------------------------
                                             12.909926   slack (MET)


Startpoint: uio_in[1] (input port clocked by clk)
Endpoint: _1117_ (rising edge-triggered flip-flop clocked by clk)
Path Group: clk
Path Type: max

Fanout         Cap        Slew       Delay        Time   Description
---------------------------------------------------------------------------------------------
                      0.150000    0.000000    0.000000   clock clk (rise edge)
                                  0.000000    0.000000   clock network delay (ideal)
                                  4.000000    4.000000 v input external delay
     3    0.007207    0.018830    0.012222    4.012222 v uio_in[1] (in)
                                                         uio_in[1] (net)
                      0.018830    0.000000    4.012222 v _0527_/A_N (sky130_fd_sc_hd__nand3b_2)
     2    0.005539    0.071598    0.202796    4.215017 v _0527_/Y (sky130_fd_sc_hd__nand3b_2)
                                                         _0204_ (net)
                      0.071598    0.000000    4.215017 v _0548_/B (sky130_fd_sc_hd__nor2_2)
    75    0.264599    2.713265    2.112248    6.327266 ^ _0548_/Y (sky130_fd_sc_hd__nor2_2)
                                                         _0218_ (net)
                      2.713265    0.000000    6.327266 ^ _0627_/S (sky130_fd_sc_hd__mux2_1)
     1    0.001949    0.053920    0.417713    6.744978 v _0627_/X (sky130_fd_sc_hd__mux2_1)
                                                         _0074_ (net)
                      0.053920    0.000000    6.744978 v _1117_/D (sky130_fd_sc_hd__dfrtp_2)
                                              6.744978   data arrival time

                      0.150000   20.000000   20.000000   clock clk (rise edge)
                                  0.000000   20.000000   clock network delay (ideal)
                                 -0.250000   19.750002   clock uncertainty
                                  0.000000   19.750002   clock reconvergence pessimism
                                             19.750002 ^ _1117_/CLK (sky130_fd_sc_hd__dfrtp_2)
                                 -0.095097   19.654903   library setup time
                                             19.654903   data required time
---------------------------------------------------------------------------------------------
                                             19.654903   data required time
                                             -6.744978   data arrival time
---------------------------------------------------------------------------------------------
                                             12.909926   slack (MET)


Startpoint: uio_in[1] (input port clocked by clk)
Endpoint: _1118_ (rising edge-triggered flip-flop clocked by clk)
Path Group: clk
Path Type: max

Fanout         Cap        Slew       Delay        Time   Description
---------------------------------------------------------------------------------------------
                      0.150000    0.000000    0.000000   clock clk (rise edge)
                                  0.000000    0.000000   clock network delay (ideal)
                                  4.000000    4.000000 v input external delay
     3    0.007207    0.018830    0.012222    4.012222 v uio_in[1] (in)
                                                         uio_in[1] (net)
                      0.018830    0.000000    4.012222 v _0527_/A_N (sky130_fd_sc_hd__nand3b_2)
     2    0.005539    0.071598    0.202796    4.215017 v _0527_/Y (sky130_fd_sc_hd__nand3b_2)
                                                         _0204_ (net)
                      0.071598    0.000000    4.215017 v _0548_/B (sky130_fd_sc_hd__nor2_2)
    75    0.264599    2.713265    2.112248    6.327266 ^ _0548_/Y (sky130_fd_sc_hd__nor2_2)
                                                         _0218_ (net)
                      2.713265    0.000000    6.327266 ^ _0628_/S (sky130_fd_sc_hd__mux2_1)
     1    0.001949    0.053920    0.417713    6.744978 v _0628_/X (sky130_fd_sc_hd__mux2_1)
                                                         _0075_ (net)
                      0.053920    0.000000    6.744978 v _1118_/D (sky130_fd_sc_hd__dfrtp_2)
                                              6.744978   data arrival time

                      0.150000   20.000000   20.000000   clock clk (rise edge)
                                  0.000000   20.000000   clock network delay (ideal)
                                 -0.250000   19.750002   clock uncertainty
                                  0.000000   19.750002   clock reconvergence pessimism
                                             19.750002 ^ _1118_/CLK (sky130_fd_sc_hd__dfrtp_2)
                                 -0.095097   19.654903   library setup time
                                             19.654903   data required time
---------------------------------------------------------------------------------------------
                                             19.654903   data required time
                                             -6.744978   data arrival time
---------------------------------------------------------------------------------------------
                                             12.909926   slack (MET)


Startpoint: uio_in[1] (input port clocked by clk)
Endpoint: _1119_ (rising edge-triggered flip-flop clocked by clk)
Path Group: clk
Path Type: max

Fanout         Cap        Slew       Delay        Time   Description
---------------------------------------------------------------------------------------------
                      0.150000    0.000000    0.000000   clock clk (rise edge)
                                  0.000000    0.000000   clock network delay (ideal)
                                  4.000000    4.000000 v input external delay
     3    0.007207    0.018830    0.012222    4.012222 v uio_in[1] (in)
                                                         uio_in[1] (net)
                      0.018830    0.000000    4.012222 v _0527_/A_N (sky130_fd_sc_hd__nand3b_2)
     2    0.005539    0.071598    0.202796    4.215017 v _0527_/Y (sky130_fd_sc_hd__nand3b_2)
                                                         _0204_ (net)
                      0.071598    0.000000    4.215017 v _0548_/B (sky130_fd_sc_hd__nor2_2)
    75    0.264599    2.713265    2.112248    6.327266 ^ _0548_/Y (sky130_fd_sc_hd__nor2_2)
                                                         _0218_ (net)
                      2.713265    0.000000    6.327266 ^ _0629_/S (sky130_fd_sc_hd__mux2_1)
     1    0.001949    0.053920    0.417713    6.744978 v _0629_/X (sky130_fd_sc_hd__mux2_1)
                                                         _0076_ (net)
                      0.053920    0.000000    6.744978 v _1119_/D (sky130_fd_sc_hd__dfrtp_2)
                                              6.744978   data arrival time

                      0.150000   20.000000   20.000000   clock clk (rise edge)
                                  0.000000   20.000000   clock network delay (ideal)
                                 -0.250000   19.750002   clock uncertainty
                                  0.000000   19.750002   clock reconvergence pessimism
                                             19.750002 ^ _1119_/CLK (sky130_fd_sc_hd__dfrtp_2)
                                 -0.095097   19.654903   library setup time
                                             19.654903   data required time
---------------------------------------------------------------------------------------------
                                             19.654903   data required time
                                             -6.744978   data arrival time
---------------------------------------------------------------------------------------------
                                             12.909926   slack (MET)


Startpoint: uio_in[1] (input port clocked by clk)
Endpoint: _1120_ (rising edge-triggered flip-flop clocked by clk)
Path Group: clk
Path Type: max

Fanout         Cap        Slew       Delay        Time   Description
---------------------------------------------------------------------------------------------
                      0.150000    0.000000    0.000000   clock clk (rise edge)
                                  0.000000    0.000000   clock network delay (ideal)
                                  4.000000    4.000000 v input external delay
     3    0.007207    0.018830    0.012222    4.012222 v uio_in[1] (in)
                                                         uio_in[1] (net)
                      0.018830    0.000000    4.012222 v _0527_/A_N (sky130_fd_sc_hd__nand3b_2)
     2    0.005539    0.071598    0.202796    4.215017 v _0527_/Y (sky130_fd_sc_hd__nand3b_2)
                                                         _0204_ (net)
                      0.071598    0.000000    4.215017 v _0548_/B (sky130_fd_sc_hd__nor2_2)
    75    0.264599    2.713265    2.112248    6.327266 ^ _0548_/Y (sky130_fd_sc_hd__nor2_2)
                                                         _0218_ (net)
                      2.713265    0.000000    6.327266 ^ _0630_/S (sky130_fd_sc_hd__mux2_1)
     1    0.001949    0.053920    0.417713    6.744978 v _0630_/X (sky130_fd_sc_hd__mux2_1)
                                                         _0077_ (net)
                      0.053920    0.000000    6.744978 v _1120_/D (sky130_fd_sc_hd__dfrtp_2)
                                              6.744978   data arrival time

                      0.150000   20.000000   20.000000   clock clk (rise edge)
                                  0.000000   20.000000   clock network delay (ideal)
                                 -0.250000   19.750002   clock uncertainty
                                  0.000000   19.750002   clock reconvergence pessimism
                                             19.750002 ^ _1120_/CLK (sky130_fd_sc_hd__dfrtp_2)
                                 -0.095097   19.654903   library setup time
                                             19.654903   data required time
---------------------------------------------------------------------------------------------
                                             19.654903   data required time
                                             -6.744978   data arrival time
---------------------------------------------------------------------------------------------
                                             12.909926   slack (MET)


Startpoint: uio_in[1] (input port clocked by clk)
Endpoint: _1121_ (rising edge-triggered flip-flop clocked by clk)
Path Group: clk
Path Type: max

Fanout         Cap        Slew       Delay        Time   Description
---------------------------------------------------------------------------------------------
                      0.150000    0.000000    0.000000   clock clk (rise edge)
                                  0.000000    0.000000   clock network delay (ideal)
                                  4.000000    4.000000 v input external delay
     3    0.007207    0.018830    0.012222    4.012222 v uio_in[1] (in)
                                                         uio_in[1] (net)
                      0.018830    0.000000    4.012222 v _0527_/A_N (sky130_fd_sc_hd__nand3b_2)
     2    0.005539    0.071598    0.202796    4.215017 v _0527_/Y (sky130_fd_sc_hd__nand3b_2)
                                                         _0204_ (net)
                      0.071598    0.000000    4.215017 v _0548_/B (sky130_fd_sc_hd__nor2_2)
    75    0.264599    2.713265    2.112248    6.327266 ^ _0548_/Y (sky130_fd_sc_hd__nor2_2)
                                                         _0218_ (net)
                      2.713265    0.000000    6.327266 ^ _0631_/S (sky130_fd_sc_hd__mux2_1)
     1    0.001949    0.053920    0.417713    6.744978 v _0631_/X (sky130_fd_sc_hd__mux2_1)
                                                         _0078_ (net)
                      0.053920    0.000000    6.744978 v _1121_/D (sky130_fd_sc_hd__dfrtp_2)
                                              6.744978   data arrival time

                      0.150000   20.000000   20.000000   clock clk (rise edge)
                                  0.000000   20.000000   clock network delay (ideal)
                                 -0.250000   19.750002   clock uncertainty
                                  0.000000   19.750002   clock reconvergence pessimism
                                             19.750002 ^ _1121_/CLK (sky130_fd_sc_hd__dfrtp_2)
                                 -0.095097   19.654903   library setup time
                                             19.654903   data required time
---------------------------------------------------------------------------------------------
                                             19.654903   data required time
                                             -6.744978   data arrival time
---------------------------------------------------------------------------------------------
                                             12.909926   slack (MET)


Startpoint: uio_in[1] (input port clocked by clk)
Endpoint: _1122_ (rising edge-triggered flip-flop clocked by clk)
Path Group: clk
Path Type: max

Fanout         Cap        Slew       Delay        Time   Description
---------------------------------------------------------------------------------------------
                      0.150000    0.000000    0.000000   clock clk (rise edge)
                                  0.000000    0.000000   clock network delay (ideal)
                                  4.000000    4.000000 v input external delay
     3    0.007207    0.018830    0.012222    4.012222 v uio_in[1] (in)
                                                         uio_in[1] (net)
                      0.018830    0.000000    4.012222 v _0527_/A_N (sky130_fd_sc_hd__nand3b_2)
     2    0.005539    0.071598    0.202796    4.215017 v _0527_/Y (sky130_fd_sc_hd__nand3b_2)
                                                         _0204_ (net)
                      0.071598    0.000000    4.215017 v _0548_/B (sky130_fd_sc_hd__nor2_2)
    75    0.264599    2.713265    2.112248    6.327266 ^ _0548_/Y (sky130_fd_sc_hd__nor2_2)
                                                         _0218_ (net)
                      2.713265    0.000000    6.327266 ^ _0632_/S (sky130_fd_sc_hd__mux2_1)
     1    0.001949    0.053920    0.417713    6.744978 v _0632_/X (sky130_fd_sc_hd__mux2_1)
                                                         _0079_ (net)
                      0.053920    0.000000    6.744978 v _1122_/D (sky130_fd_sc_hd__dfrtp_2)
                                              6.744978   data arrival time

                      0.150000   20.000000   20.000000   clock clk (rise edge)
                                  0.000000   20.000000   clock network delay (ideal)
                                 -0.250000   19.750002   clock uncertainty
                                  0.000000   19.750002   clock reconvergence pessimism
                                             19.750002 ^ _1122_/CLK (sky130_fd_sc_hd__dfrtp_2)
                                 -0.095097   19.654903   library setup time
                                             19.654903   data required time
---------------------------------------------------------------------------------------------
                                             19.654903   data required time
                                             -6.744978   data arrival time
---------------------------------------------------------------------------------------------
                                             12.909926   slack (MET)


Startpoint: uio_in[1] (input port clocked by clk)
Endpoint: _1123_ (rising edge-triggered flip-flop clocked by clk)
Path Group: clk
Path Type: max

Fanout         Cap        Slew       Delay        Time   Description
---------------------------------------------------------------------------------------------
                      0.150000    0.000000    0.000000   clock clk (rise edge)
                                  0.000000    0.000000   clock network delay (ideal)
                                  4.000000    4.000000 v input external delay
     3    0.007207    0.018830    0.012222    4.012222 v uio_in[1] (in)
                                                         uio_in[1] (net)
                      0.018830    0.000000    4.012222 v _0527_/A_N (sky130_fd_sc_hd__nand3b_2)
     2    0.005539    0.071598    0.202796    4.215017 v _0527_/Y (sky130_fd_sc_hd__nand3b_2)
                                                         _0204_ (net)
                      0.071598    0.000000    4.215017 v _0548_/B (sky130_fd_sc_hd__nor2_2)
    75    0.264599    2.713265    2.112248    6.327266 ^ _0548_/Y (sky130_fd_sc_hd__nor2_2)
                                                         _0218_ (net)
                      2.713265    0.000000    6.327266 ^ _0633_/S (sky130_fd_sc_hd__mux2_1)
     1    0.001949    0.053920    0.417713    6.744978 v _0633_/X (sky130_fd_sc_hd__mux2_1)
                                                         _0080_ (net)
                      0.053920    0.000000    6.744978 v _1123_/D (sky130_fd_sc_hd__dfrtp_2)
                                              6.744978   data arrival time

                      0.150000   20.000000   20.000000   clock clk (rise edge)
                                  0.000000   20.000000   clock network delay (ideal)
                                 -0.250000   19.750002   clock uncertainty
                                  0.000000   19.750002   clock reconvergence pessimism
                                             19.750002 ^ _1123_/CLK (sky130_fd_sc_hd__dfrtp_2)
                                 -0.095097   19.654903   library setup time
                                             19.654903   data required time
---------------------------------------------------------------------------------------------
                                             19.654903   data required time
                                             -6.744978   data arrival time
---------------------------------------------------------------------------------------------
                                             12.909926   slack (MET)


Startpoint: uio_in[1] (input port clocked by clk)
Endpoint: _1124_ (rising edge-triggered flip-flop clocked by clk)
Path Group: clk
Path Type: max

Fanout         Cap        Slew       Delay        Time   Description
---------------------------------------------------------------------------------------------
                      0.150000    0.000000    0.000000   clock clk (rise edge)
                                  0.000000    0.000000   clock network delay (ideal)
                                  4.000000    4.000000 v input external delay
     3    0.007207    0.018830    0.012222    4.012222 v uio_in[1] (in)
                                                         uio_in[1] (net)
                      0.018830    0.000000    4.012222 v _0527_/A_N (sky130_fd_sc_hd__nand3b_2)
     2    0.005539    0.071598    0.202796    4.215017 v _0527_/Y (sky130_fd_sc_hd__nand3b_2)
                                                         _0204_ (net)
                      0.071598    0.000000    4.215017 v _0548_/B (sky130_fd_sc_hd__nor2_2)
    75    0.264599    2.713265    2.112248    6.327266 ^ _0548_/Y (sky130_fd_sc_hd__nor2_2)
                                                         _0218_ (net)
                      2.713265    0.000000    6.327266 ^ _0634_/S (sky130_fd_sc_hd__mux2_1)
     1    0.001949    0.053920    0.417713    6.744978 v _0634_/X (sky130_fd_sc_hd__mux2_1)
                                                         _0081_ (net)
                      0.053920    0.000000    6.744978 v _1124_/D (sky130_fd_sc_hd__dfrtp_2)
                                              6.744978   data arrival time

                      0.150000   20.000000   20.000000   clock clk (rise edge)
                                  0.000000   20.000000   clock network delay (ideal)
                                 -0.250000   19.750002   clock uncertainty
                                  0.000000   19.750002   clock reconvergence pessimism
                                             19.750002 ^ _1124_/CLK (sky130_fd_sc_hd__dfrtp_2)
                                 -0.095097   19.654903   library setup time
                                             19.654903   data required time
---------------------------------------------------------------------------------------------
                                             19.654903   data required time
                                             -6.744978   data arrival time
---------------------------------------------------------------------------------------------
                                             12.909926   slack (MET)


Startpoint: uio_in[1] (input port clocked by clk)
Endpoint: _1125_ (rising edge-triggered flip-flop clocked by clk)
Path Group: clk
Path Type: max

Fanout         Cap        Slew       Delay        Time   Description
---------------------------------------------------------------------------------------------
                      0.150000    0.000000    0.000000   clock clk (rise edge)
                                  0.000000    0.000000   clock network delay (ideal)
                                  4.000000    4.000000 v input external delay
     3    0.007207    0.018830    0.012222    4.012222 v uio_in[1] (in)
                                                         uio_in[1] (net)
                      0.018830    0.000000    4.012222 v _0527_/A_N (sky130_fd_sc_hd__nand3b_2)
     2    0.005539    0.071598    0.202796    4.215017 v _0527_/Y (sky130_fd_sc_hd__nand3b_2)
                                                         _0204_ (net)
                      0.071598    0.000000    4.215017 v _0548_/B (sky130_fd_sc_hd__nor2_2)
    75    0.264599    2.713265    2.112248    6.327266 ^ _0548_/Y (sky130_fd_sc_hd__nor2_2)
                                                         _0218_ (net)
                      2.713265    0.000000    6.327266 ^ _0635_/S (sky130_fd_sc_hd__mux2_1)
     1    0.001949    0.053920    0.417713    6.744978 v _0635_/X (sky130_fd_sc_hd__mux2_1)
                                                         _0082_ (net)
                      0.053920    0.000000    6.744978 v _1125_/D (sky130_fd_sc_hd__dfrtp_2)
                                              6.744978   data arrival time

                      0.150000   20.000000   20.000000   clock clk (rise edge)
                                  0.000000   20.000000   clock network delay (ideal)
                                 -0.250000   19.750002   clock uncertainty
                                  0.000000   19.750002   clock reconvergence pessimism
                                             19.750002 ^ _1125_/CLK (sky130_fd_sc_hd__dfrtp_2)
                                 -0.095097   19.654903   library setup time
                                             19.654903   data required time
---------------------------------------------------------------------------------------------
                                             19.654903   data required time
                                             -6.744978   data arrival time
---------------------------------------------------------------------------------------------
                                             12.909926   slack (MET)


Startpoint: uio_in[1] (input port clocked by clk)
Endpoint: _1126_ (rising edge-triggered flip-flop clocked by clk)
Path Group: clk
Path Type: max

Fanout         Cap        Slew       Delay        Time   Description
---------------------------------------------------------------------------------------------
                      0.150000    0.000000    0.000000   clock clk (rise edge)
                                  0.000000    0.000000   clock network delay (ideal)
                                  4.000000    4.000000 v input external delay
     3    0.007207    0.018830    0.012222    4.012222 v uio_in[1] (in)
                                                         uio_in[1] (net)
                      0.018830    0.000000    4.012222 v _0527_/A_N (sky130_fd_sc_hd__nand3b_2)
     2    0.005539    0.071598    0.202796    4.215017 v _0527_/Y (sky130_fd_sc_hd__nand3b_2)
                                                         _0204_ (net)
                      0.071598    0.000000    4.215017 v _0548_/B (sky130_fd_sc_hd__nor2_2)
    75    0.264599    2.713265    2.112248    6.327266 ^ _0548_/Y (sky130_fd_sc_hd__nor2_2)
                                                         _0218_ (net)
                      2.713265    0.000000    6.327266 ^ _0636_/S (sky130_fd_sc_hd__mux2_1)
     1    0.001949    0.053920    0.417713    6.744978 v _0636_/X (sky130_fd_sc_hd__mux2_1)
                                                         _0083_ (net)
                      0.053920    0.000000    6.744978 v _1126_/D (sky130_fd_sc_hd__dfrtp_2)
                                              6.744978   data arrival time

                      0.150000   20.000000   20.000000   clock clk (rise edge)
                                  0.000000   20.000000   clock network delay (ideal)
                                 -0.250000   19.750002   clock uncertainty
                                  0.000000   19.750002   clock reconvergence pessimism
                                             19.750002 ^ _1126_/CLK (sky130_fd_sc_hd__dfrtp_2)
                                 -0.095097   19.654903   library setup time
                                             19.654903   data required time
---------------------------------------------------------------------------------------------
                                             19.654903   data required time
                                             -6.744978   data arrival time
---------------------------------------------------------------------------------------------
                                             12.909926   slack (MET)


Startpoint: uio_in[1] (input port clocked by clk)
Endpoint: _1127_ (rising edge-triggered flip-flop clocked by clk)
Path Group: clk
Path Type: max

Fanout         Cap        Slew       Delay        Time   Description
---------------------------------------------------------------------------------------------
                      0.150000    0.000000    0.000000   clock clk (rise edge)
                                  0.000000    0.000000   clock network delay (ideal)
                                  4.000000    4.000000 v input external delay
     3    0.007207    0.018830    0.012222    4.012222 v uio_in[1] (in)
                                                         uio_in[1] (net)
                      0.018830    0.000000    4.012222 v _0527_/A_N (sky130_fd_sc_hd__nand3b_2)
     2    0.005539    0.071598    0.202796    4.215017 v _0527_/Y (sky130_fd_sc_hd__nand3b_2)
                                                         _0204_ (net)
                      0.071598    0.000000    4.215017 v _0548_/B (sky130_fd_sc_hd__nor2_2)
    75    0.264599    2.713265    2.112248    6.327266 ^ _0548_/Y (sky130_fd_sc_hd__nor2_2)
                                                         _0218_ (net)
                      2.713265    0.000000    6.327266 ^ _0637_/S (sky130_fd_sc_hd__mux2_1)
     1    0.001949    0.053920    0.417713    6.744978 v _0637_/X (sky130_fd_sc_hd__mux2_1)
                                                         _0084_ (net)
                      0.053920    0.000000    6.744978 v _1127_/D (sky130_fd_sc_hd__dfrtp_2)
                                              6.744978   data arrival time

                      0.150000   20.000000   20.000000   clock clk (rise edge)
                                  0.000000   20.000000   clock network delay (ideal)
                                 -0.250000   19.750002   clock uncertainty
                                  0.000000   19.750002   clock reconvergence pessimism
                                             19.750002 ^ _1127_/CLK (sky130_fd_sc_hd__dfrtp_2)
                                 -0.095097   19.654903   library setup time
                                             19.654903   data required time
---------------------------------------------------------------------------------------------
                                             19.654903   data required time
                                             -6.744978   data arrival time
---------------------------------------------------------------------------------------------
                                             12.909926   slack (MET)


Startpoint: uio_in[1] (input port clocked by clk)
Endpoint: _1128_ (rising edge-triggered flip-flop clocked by clk)
Path Group: clk
Path Type: max

Fanout         Cap        Slew       Delay        Time   Description
---------------------------------------------------------------------------------------------
                      0.150000    0.000000    0.000000   clock clk (rise edge)
                                  0.000000    0.000000   clock network delay (ideal)
                                  4.000000    4.000000 v input external delay
     3    0.007207    0.018830    0.012222    4.012222 v uio_in[1] (in)
                                                         uio_in[1] (net)
                      0.018830    0.000000    4.012222 v _0527_/A_N (sky130_fd_sc_hd__nand3b_2)
     2    0.005539    0.071598    0.202796    4.215017 v _0527_/Y (sky130_fd_sc_hd__nand3b_2)
                                                         _0204_ (net)
                      0.071598    0.000000    4.215017 v _0548_/B (sky130_fd_sc_hd__nor2_2)
    75    0.264599    2.713265    2.112248    6.327266 ^ _0548_/Y (sky130_fd_sc_hd__nor2_2)
                                                         _0218_ (net)
                      2.713265    0.000000    6.327266 ^ _0638_/S (sky130_fd_sc_hd__mux2_1)
     1    0.001949    0.053920    0.417713    6.744978 v _0638_/X (sky130_fd_sc_hd__mux2_1)
                                                         _0085_ (net)
                      0.053920    0.000000    6.744978 v _1128_/D (sky130_fd_sc_hd__dfrtp_2)
                                              6.744978   data arrival time

                      0.150000   20.000000   20.000000   clock clk (rise edge)
                                  0.000000   20.000000   clock network delay (ideal)
                                 -0.250000   19.750002   clock uncertainty
                                  0.000000   19.750002   clock reconvergence pessimism
                                             19.750002 ^ _1128_/CLK (sky130_fd_sc_hd__dfrtp_2)
                                 -0.095097   19.654903   library setup time
                                             19.654903   data required time
---------------------------------------------------------------------------------------------
                                             19.654903   data required time
                                             -6.744978   data arrival time
---------------------------------------------------------------------------------------------
                                             12.909926   slack (MET)


Startpoint: uio_in[1] (input port clocked by clk)
Endpoint: _1129_ (rising edge-triggered flip-flop clocked by clk)
Path Group: clk
Path Type: max

Fanout         Cap        Slew       Delay        Time   Description
---------------------------------------------------------------------------------------------
                      0.150000    0.000000    0.000000   clock clk (rise edge)
                                  0.000000    0.000000   clock network delay (ideal)
                                  4.000000    4.000000 v input external delay
     3    0.007207    0.018830    0.012222    4.012222 v uio_in[1] (in)
                                                         uio_in[1] (net)
                      0.018830    0.000000    4.012222 v _0527_/A_N (sky130_fd_sc_hd__nand3b_2)
     2    0.005539    0.071598    0.202796    4.215017 v _0527_/Y (sky130_fd_sc_hd__nand3b_2)
                                                         _0204_ (net)
                      0.071598    0.000000    4.215017 v _0548_/B (sky130_fd_sc_hd__nor2_2)
    75    0.264599    2.713265    2.112248    6.327266 ^ _0548_/Y (sky130_fd_sc_hd__nor2_2)
                                                         _0218_ (net)
                      2.713265    0.000000    6.327266 ^ _0639_/S (sky130_fd_sc_hd__mux2_1)
     1    0.001949    0.053920    0.417713    6.744978 v _0639_/X (sky130_fd_sc_hd__mux2_1)
                                                         _0086_ (net)
                      0.053920    0.000000    6.744978 v _1129_/D (sky130_fd_sc_hd__dfrtp_2)
                                              6.744978   data arrival time

                      0.150000   20.000000   20.000000   clock clk (rise edge)
                                  0.000000   20.000000   clock network delay (ideal)
                                 -0.250000   19.750002   clock uncertainty
                                  0.000000   19.750002   clock reconvergence pessimism
                                             19.750002 ^ _1129_/CLK (sky130_fd_sc_hd__dfrtp_2)
                                 -0.095097   19.654903   library setup time
                                             19.654903   data required time
---------------------------------------------------------------------------------------------
                                             19.654903   data required time
                                             -6.744978   data arrival time
---------------------------------------------------------------------------------------------
                                             12.909926   slack (MET)


Startpoint: uio_in[1] (input port clocked by clk)
Endpoint: _1130_ (rising edge-triggered flip-flop clocked by clk)
Path Group: clk
Path Type: max

Fanout         Cap        Slew       Delay        Time   Description
---------------------------------------------------------------------------------------------
                      0.150000    0.000000    0.000000   clock clk (rise edge)
                                  0.000000    0.000000   clock network delay (ideal)
                                  4.000000    4.000000 v input external delay
     3    0.007207    0.018830    0.012222    4.012222 v uio_in[1] (in)
                                                         uio_in[1] (net)
                      0.018830    0.000000    4.012222 v _0527_/A_N (sky130_fd_sc_hd__nand3b_2)
     2    0.005539    0.071598    0.202796    4.215017 v _0527_/Y (sky130_fd_sc_hd__nand3b_2)
                                                         _0204_ (net)
                      0.071598    0.000000    4.215017 v _0548_/B (sky130_fd_sc_hd__nor2_2)
    75    0.264599    2.713265    2.112248    6.327266 ^ _0548_/Y (sky130_fd_sc_hd__nor2_2)
                                                         _0218_ (net)
                      2.713265    0.000000    6.327266 ^ _0640_/S (sky130_fd_sc_hd__mux2_1)
     1    0.001949    0.053920    0.417713    6.744978 v _0640_/X (sky130_fd_sc_hd__mux2_1)
                                                         _0087_ (net)
                      0.053920    0.000000    6.744978 v _1130_/D (sky130_fd_sc_hd__dfrtp_2)
                                              6.744978   data arrival time

                      0.150000   20.000000   20.000000   clock clk (rise edge)
                                  0.000000   20.000000   clock network delay (ideal)
                                 -0.250000   19.750002   clock uncertainty
                                  0.000000   19.750002   clock reconvergence pessimism
                                             19.750002 ^ _1130_/CLK (sky130_fd_sc_hd__dfrtp_2)
                                 -0.095097   19.654903   library setup time
                                             19.654903   data required time
---------------------------------------------------------------------------------------------
                                             19.654903   data required time
                                             -6.744978   data arrival time
---------------------------------------------------------------------------------------------
                                             12.909926   slack (MET)


Startpoint: uio_in[1] (input port clocked by clk)
Endpoint: _1131_ (rising edge-triggered flip-flop clocked by clk)
Path Group: clk
Path Type: max

Fanout         Cap        Slew       Delay        Time   Description
---------------------------------------------------------------------------------------------
                      0.150000    0.000000    0.000000   clock clk (rise edge)
                                  0.000000    0.000000   clock network delay (ideal)
                                  4.000000    4.000000 v input external delay
     3    0.007207    0.018830    0.012222    4.012222 v uio_in[1] (in)
                                                         uio_in[1] (net)
                      0.018830    0.000000    4.012222 v _0527_/A_N (sky130_fd_sc_hd__nand3b_2)
     2    0.005539    0.071598    0.202796    4.215017 v _0527_/Y (sky130_fd_sc_hd__nand3b_2)
                                                         _0204_ (net)
                      0.071598    0.000000    4.215017 v _0548_/B (sky130_fd_sc_hd__nor2_2)
    75    0.264599    2.713265    2.112248    6.327266 ^ _0548_/Y (sky130_fd_sc_hd__nor2_2)
                                                         _0218_ (net)
                      2.713265    0.000000    6.327266 ^ _0641_/S (sky130_fd_sc_hd__mux2_1)
     1    0.001949    0.053920    0.417713    6.744978 v _0641_/X (sky130_fd_sc_hd__mux2_1)
                                                         _0088_ (net)
                      0.053920    0.000000    6.744978 v _1131_/D (sky130_fd_sc_hd__dfrtp_2)
                                              6.744978   data arrival time

                      0.150000   20.000000   20.000000   clock clk (rise edge)
                                  0.000000   20.000000   clock network delay (ideal)
                                 -0.250000   19.750002   clock uncertainty
                                  0.000000   19.750002   clock reconvergence pessimism
                                             19.750002 ^ _1131_/CLK (sky130_fd_sc_hd__dfrtp_2)
                                 -0.095097   19.654903   library setup time
                                             19.654903   data required time
---------------------------------------------------------------------------------------------
                                             19.654903   data required time
                                             -6.744978   data arrival time
---------------------------------------------------------------------------------------------
                                             12.909926   slack (MET)


Startpoint: uio_in[1] (input port clocked by clk)
Endpoint: _1132_ (rising edge-triggered flip-flop clocked by clk)
Path Group: clk
Path Type: max

Fanout         Cap        Slew       Delay        Time   Description
---------------------------------------------------------------------------------------------
                      0.150000    0.000000    0.000000   clock clk (rise edge)
                                  0.000000    0.000000   clock network delay (ideal)
                                  4.000000    4.000000 v input external delay
     3    0.007207    0.018830    0.012222    4.012222 v uio_in[1] (in)
                                                         uio_in[1] (net)
                      0.018830    0.000000    4.012222 v _0527_/A_N (sky130_fd_sc_hd__nand3b_2)
     2    0.005539    0.071598    0.202796    4.215017 v _0527_/Y (sky130_fd_sc_hd__nand3b_2)
                                                         _0204_ (net)
                      0.071598    0.000000    4.215017 v _0548_/B (sky130_fd_sc_hd__nor2_2)
    75    0.264599    2.713265    2.112248    6.327266 ^ _0548_/Y (sky130_fd_sc_hd__nor2_2)
                                                         _0218_ (net)
                      2.713265    0.000000    6.327266 ^ _0642_/S (sky130_fd_sc_hd__mux2_1)
     1    0.001949    0.053920    0.417713    6.744978 v _0642_/X (sky130_fd_sc_hd__mux2_1)
                                                         _0089_ (net)
                      0.053920    0.000000    6.744978 v _1132_/D (sky130_fd_sc_hd__dfrtp_2)
                                              6.744978   data arrival time

                      0.150000   20.000000   20.000000   clock clk (rise edge)
                                  0.000000   20.000000   clock network delay (ideal)
                                 -0.250000   19.750002   clock uncertainty
                                  0.000000   19.750002   clock reconvergence pessimism
                                             19.750002 ^ _1132_/CLK (sky130_fd_sc_hd__dfrtp_2)
                                 -0.095097   19.654903   library setup time
                                             19.654903   data required time
---------------------------------------------------------------------------------------------
                                             19.654903   data required time
                                             -6.744978   data arrival time
---------------------------------------------------------------------------------------------
                                             12.909926   slack (MET)


Startpoint: uio_in[1] (input port clocked by clk)
Endpoint: _1133_ (rising edge-triggered flip-flop clocked by clk)
Path Group: clk
Path Type: max

Fanout         Cap        Slew       Delay        Time   Description
---------------------------------------------------------------------------------------------
                      0.150000    0.000000    0.000000   clock clk (rise edge)
                                  0.000000    0.000000   clock network delay (ideal)
                                  4.000000    4.000000 v input external delay
     3    0.007207    0.018830    0.012222    4.012222 v uio_in[1] (in)
                                                         uio_in[1] (net)
                      0.018830    0.000000    4.012222 v _0527_/A_N (sky130_fd_sc_hd__nand3b_2)
     2    0.005539    0.071598    0.202796    4.215017 v _0527_/Y (sky130_fd_sc_hd__nand3b_2)
                                                         _0204_ (net)
                      0.071598    0.000000    4.215017 v _0548_/B (sky130_fd_sc_hd__nor2_2)
    75    0.264599    2.713265    2.112248    6.327266 ^ _0548_/Y (sky130_fd_sc_hd__nor2_2)
                                                         _0218_ (net)
                      2.713265    0.000000    6.327266 ^ _0643_/S (sky130_fd_sc_hd__mux2_1)
     1    0.001949    0.053920    0.417713    6.744978 v _0643_/X (sky130_fd_sc_hd__mux2_1)
                                                         _0090_ (net)
                      0.053920    0.000000    6.744978 v _1133_/D (sky130_fd_sc_hd__dfrtp_2)
                                              6.744978   data arrival time

                      0.150000   20.000000   20.000000   clock clk (rise edge)
                                  0.000000   20.000000   clock network delay (ideal)
                                 -0.250000   19.750002   clock uncertainty
                                  0.000000   19.750002   clock reconvergence pessimism
                                             19.750002 ^ _1133_/CLK (sky130_fd_sc_hd__dfrtp_2)
                                 -0.095097   19.654903   library setup time
                                             19.654903   data required time
---------------------------------------------------------------------------------------------
                                             19.654903   data required time
                                             -6.744978   data arrival time
---------------------------------------------------------------------------------------------
                                             12.909926   slack (MET)


Startpoint: uio_in[1] (input port clocked by clk)
Endpoint: _1134_ (rising edge-triggered flip-flop clocked by clk)
Path Group: clk
Path Type: max

Fanout         Cap        Slew       Delay        Time   Description
---------------------------------------------------------------------------------------------
                      0.150000    0.000000    0.000000   clock clk (rise edge)
                                  0.000000    0.000000   clock network delay (ideal)
                                  4.000000    4.000000 v input external delay
     3    0.007207    0.018830    0.012222    4.012222 v uio_in[1] (in)
                                                         uio_in[1] (net)
                      0.018830    0.000000    4.012222 v _0527_/A_N (sky130_fd_sc_hd__nand3b_2)
     2    0.005539    0.071598    0.202796    4.215017 v _0527_/Y (sky130_fd_sc_hd__nand3b_2)
                                                         _0204_ (net)
                      0.071598    0.000000    4.215017 v _0548_/B (sky130_fd_sc_hd__nor2_2)
    75    0.264599    2.713265    2.112248    6.327266 ^ _0548_/Y (sky130_fd_sc_hd__nor2_2)
                                                         _0218_ (net)
                      2.713265    0.000000    6.327266 ^ _0644_/S (sky130_fd_sc_hd__mux2_1)
     1    0.001949    0.053920    0.417713    6.744978 v _0644_/X (sky130_fd_sc_hd__mux2_1)
                                                         _0091_ (net)
                      0.053920    0.000000    6.744978 v _1134_/D (sky130_fd_sc_hd__dfrtp_2)
                                              6.744978   data arrival time

                      0.150000   20.000000   20.000000   clock clk (rise edge)
                                  0.000000   20.000000   clock network delay (ideal)
                                 -0.250000   19.750002   clock uncertainty
                                  0.000000   19.750002   clock reconvergence pessimism
                                             19.750002 ^ _1134_/CLK (sky130_fd_sc_hd__dfrtp_2)
                                 -0.095097   19.654903   library setup time
                                             19.654903   data required time
---------------------------------------------------------------------------------------------
                                             19.654903   data required time
                                             -6.744978   data arrival time
---------------------------------------------------------------------------------------------
                                             12.909926   slack (MET)


Startpoint: uio_in[1] (input port clocked by clk)
Endpoint: _1135_ (rising edge-triggered flip-flop clocked by clk)
Path Group: clk
Path Type: max

Fanout         Cap        Slew       Delay        Time   Description
---------------------------------------------------------------------------------------------
                      0.150000    0.000000    0.000000   clock clk (rise edge)
                                  0.000000    0.000000   clock network delay (ideal)
                                  4.000000    4.000000 v input external delay
     3    0.007207    0.018830    0.012222    4.012222 v uio_in[1] (in)
                                                         uio_in[1] (net)
                      0.018830    0.000000    4.012222 v _0527_/A_N (sky130_fd_sc_hd__nand3b_2)
     2    0.005539    0.071598    0.202796    4.215017 v _0527_/Y (sky130_fd_sc_hd__nand3b_2)
                                                         _0204_ (net)
                      0.071598    0.000000    4.215017 v _0548_/B (sky130_fd_sc_hd__nor2_2)
    75    0.264599    2.713265    2.112248    6.327266 ^ _0548_/Y (sky130_fd_sc_hd__nor2_2)
                                                         _0218_ (net)
                      2.713265    0.000000    6.327266 ^ _0645_/S (sky130_fd_sc_hd__mux2_1)
     1    0.001949    0.053920    0.417713    6.744978 v _0645_/X (sky130_fd_sc_hd__mux2_1)
                                                         _0092_ (net)
                      0.053920    0.000000    6.744978 v _1135_/D (sky130_fd_sc_hd__dfrtp_2)
                                              6.744978   data arrival time

                      0.150000   20.000000   20.000000   clock clk (rise edge)
                                  0.000000   20.000000   clock network delay (ideal)
                                 -0.250000   19.750002   clock uncertainty
                                  0.000000   19.750002   clock reconvergence pessimism
                                             19.750002 ^ _1135_/CLK (sky130_fd_sc_hd__dfrtp_2)
                                 -0.095097   19.654903   library setup time
                                             19.654903   data required time
---------------------------------------------------------------------------------------------
                                             19.654903   data required time
                                             -6.744978   data arrival time
---------------------------------------------------------------------------------------------
                                             12.909926   slack (MET)


Startpoint: uio_in[1] (input port clocked by clk)
Endpoint: _1136_ (rising edge-triggered flip-flop clocked by clk)
Path Group: clk
Path Type: max

Fanout         Cap        Slew       Delay        Time   Description
---------------------------------------------------------------------------------------------
                      0.150000    0.000000    0.000000   clock clk (rise edge)
                                  0.000000    0.000000   clock network delay (ideal)
                                  4.000000    4.000000 v input external delay
     3    0.007207    0.018830    0.012222    4.012222 v uio_in[1] (in)
                                                         uio_in[1] (net)
                      0.018830    0.000000    4.012222 v _0527_/A_N (sky130_fd_sc_hd__nand3b_2)
     2    0.005539    0.071598    0.202796    4.215017 v _0527_/Y (sky130_fd_sc_hd__nand3b_2)
                                                         _0204_ (net)
                      0.071598    0.000000    4.215017 v _0548_/B (sky130_fd_sc_hd__nor2_2)
    75    0.264599    2.713265    2.112248    6.327266 ^ _0548_/Y (sky130_fd_sc_hd__nor2_2)
                                                         _0218_ (net)
                      2.713265    0.000000    6.327266 ^ _0646_/S (sky130_fd_sc_hd__mux2_1)
     1    0.001949    0.053920    0.417713    6.744978 v _0646_/X (sky130_fd_sc_hd__mux2_1)
                                                         _0093_ (net)
                      0.053920    0.000000    6.744978 v _1136_/D (sky130_fd_sc_hd__dfrtp_2)
                                              6.744978   data arrival time

                      0.150000   20.000000   20.000000   clock clk (rise edge)
                                  0.000000   20.000000   clock network delay (ideal)
                                 -0.250000   19.750002   clock uncertainty
                                  0.000000   19.750002   clock reconvergence pessimism
                                             19.750002 ^ _1136_/CLK (sky130_fd_sc_hd__dfrtp_2)
                                 -0.095097   19.654903   library setup time
                                             19.654903   data required time
---------------------------------------------------------------------------------------------
                                             19.654903   data required time
                                             -6.744978   data arrival time
---------------------------------------------------------------------------------------------
                                             12.909926   slack (MET)


Startpoint: uio_in[1] (input port clocked by clk)
Endpoint: _1137_ (rising edge-triggered flip-flop clocked by clk)
Path Group: clk
Path Type: max

Fanout         Cap        Slew       Delay        Time   Description
---------------------------------------------------------------------------------------------
                      0.150000    0.000000    0.000000   clock clk (rise edge)
                                  0.000000    0.000000   clock network delay (ideal)
                                  4.000000    4.000000 v input external delay
     3    0.007207    0.018830    0.012222    4.012222 v uio_in[1] (in)
                                                         uio_in[1] (net)
                      0.018830    0.000000    4.012222 v _0527_/A_N (sky130_fd_sc_hd__nand3b_2)
     2    0.005539    0.071598    0.202796    4.215017 v _0527_/Y (sky130_fd_sc_hd__nand3b_2)
                                                         _0204_ (net)
                      0.071598    0.000000    4.215017 v _0548_/B (sky130_fd_sc_hd__nor2_2)
    75    0.264599    2.713265    2.112248    6.327266 ^ _0548_/Y (sky130_fd_sc_hd__nor2_2)
                                                         _0218_ (net)
                      2.713265    0.000000    6.327266 ^ _0647_/S (sky130_fd_sc_hd__mux2_1)
     1    0.001949    0.053920    0.417713    6.744978 v _0647_/X (sky130_fd_sc_hd__mux2_1)
                                                         _0094_ (net)
                      0.053920    0.000000    6.744978 v _1137_/D (sky130_fd_sc_hd__dfrtp_2)
                                              6.744978   data arrival time

                      0.150000   20.000000   20.000000   clock clk (rise edge)
                                  0.000000   20.000000   clock network delay (ideal)
                                 -0.250000   19.750002   clock uncertainty
                                  0.000000   19.750002   clock reconvergence pessimism
                                             19.750002 ^ _1137_/CLK (sky130_fd_sc_hd__dfrtp_2)
                                 -0.095097   19.654903   library setup time
                                             19.654903   data required time
---------------------------------------------------------------------------------------------
                                             19.654903   data required time
                                             -6.744978   data arrival time
---------------------------------------------------------------------------------------------
                                             12.909926   slack (MET)


Startpoint: uio_in[1] (input port clocked by clk)
Endpoint: _1138_ (rising edge-triggered flip-flop clocked by clk)
Path Group: clk
Path Type: max

Fanout         Cap        Slew       Delay        Time   Description
---------------------------------------------------------------------------------------------
                      0.150000    0.000000    0.000000   clock clk (rise edge)
                                  0.000000    0.000000   clock network delay (ideal)
                                  4.000000    4.000000 v input external delay
     3    0.007207    0.018830    0.012222    4.012222 v uio_in[1] (in)
                                                         uio_in[1] (net)
                      0.018830    0.000000    4.012222 v _0527_/A_N (sky130_fd_sc_hd__nand3b_2)
     2    0.005539    0.071598    0.202796    4.215017 v _0527_/Y (sky130_fd_sc_hd__nand3b_2)
                                                         _0204_ (net)
                      0.071598    0.000000    4.215017 v _0548_/B (sky130_fd_sc_hd__nor2_2)
    75    0.264599    2.713265    2.112248    6.327266 ^ _0548_/Y (sky130_fd_sc_hd__nor2_2)
                                                         _0218_ (net)
                      2.713265    0.000000    6.327266 ^ _0648_/S (sky130_fd_sc_hd__mux2_1)
     1    0.001949    0.053920    0.417713    6.744978 v _0648_/X (sky130_fd_sc_hd__mux2_1)
                                                         _0095_ (net)
                      0.053920    0.000000    6.744978 v _1138_/D (sky130_fd_sc_hd__dfrtp_2)
                                              6.744978   data arrival time

                      0.150000   20.000000   20.000000   clock clk (rise edge)
                                  0.000000   20.000000   clock network delay (ideal)
                                 -0.250000   19.750002   clock uncertainty
                                  0.000000   19.750002   clock reconvergence pessimism
                                             19.750002 ^ _1138_/CLK (sky130_fd_sc_hd__dfrtp_2)
                                 -0.095097   19.654903   library setup time
                                             19.654903   data required time
---------------------------------------------------------------------------------------------
                                             19.654903   data required time
                                             -6.744978   data arrival time
---------------------------------------------------------------------------------------------
                                             12.909926   slack (MET)


Startpoint: uio_in[1] (input port clocked by clk)
Endpoint: _1139_ (rising edge-triggered flip-flop clocked by clk)
Path Group: clk
Path Type: max

Fanout         Cap        Slew       Delay        Time   Description
---------------------------------------------------------------------------------------------
                      0.150000    0.000000    0.000000   clock clk (rise edge)
                                  0.000000    0.000000   clock network delay (ideal)
                                  4.000000    4.000000 v input external delay
     3    0.007207    0.018830    0.012222    4.012222 v uio_in[1] (in)
                                                         uio_in[1] (net)
                      0.018830    0.000000    4.012222 v _0527_/A_N (sky130_fd_sc_hd__nand3b_2)
     2    0.005539    0.071598    0.202796    4.215017 v _0527_/Y (sky130_fd_sc_hd__nand3b_2)
                                                         _0204_ (net)
                      0.071598    0.000000    4.215017 v _0548_/B (sky130_fd_sc_hd__nor2_2)
    75    0.264599    2.713265    2.112248    6.327266 ^ _0548_/Y (sky130_fd_sc_hd__nor2_2)
                                                         _0218_ (net)
                      2.713265    0.000000    6.327266 ^ _0649_/S (sky130_fd_sc_hd__mux2_1)
     1    0.001949    0.053920    0.417713    6.744978 v _0649_/X (sky130_fd_sc_hd__mux2_1)
                                                         _0096_ (net)
                      0.053920    0.000000    6.744978 v _1139_/D (sky130_fd_sc_hd__dfrtp_2)
                                              6.744978   data arrival time

                      0.150000   20.000000   20.000000   clock clk (rise edge)
                                  0.000000   20.000000   clock network delay (ideal)
                                 -0.250000   19.750002   clock uncertainty
                                  0.000000   19.750002   clock reconvergence pessimism
                                             19.750002 ^ _1139_/CLK (sky130_fd_sc_hd__dfrtp_2)
                                 -0.095097   19.654903   library setup time
                                             19.654903   data required time
---------------------------------------------------------------------------------------------
                                             19.654903   data required time
                                             -6.744978   data arrival time
---------------------------------------------------------------------------------------------
                                             12.909926   slack (MET)


Startpoint: uio_in[1] (input port clocked by clk)
Endpoint: _1140_ (rising edge-triggered flip-flop clocked by clk)
Path Group: clk
Path Type: max

Fanout         Cap        Slew       Delay        Time   Description
---------------------------------------------------------------------------------------------
                      0.150000    0.000000    0.000000   clock clk (rise edge)
                                  0.000000    0.000000   clock network delay (ideal)
                                  4.000000    4.000000 v input external delay
     3    0.007207    0.018830    0.012222    4.012222 v uio_in[1] (in)
                                                         uio_in[1] (net)
                      0.018830    0.000000    4.012222 v _0527_/A_N (sky130_fd_sc_hd__nand3b_2)
     2    0.005539    0.071598    0.202796    4.215017 v _0527_/Y (sky130_fd_sc_hd__nand3b_2)
                                                         _0204_ (net)
                      0.071598    0.000000    4.215017 v _0548_/B (sky130_fd_sc_hd__nor2_2)
    75    0.264599    2.713265    2.112248    6.327266 ^ _0548_/Y (sky130_fd_sc_hd__nor2_2)
                                                         _0218_ (net)
                      2.713265    0.000000    6.327266 ^ _0650_/S (sky130_fd_sc_hd__mux2_1)
     1    0.001949    0.053920    0.417713    6.744978 v _0650_/X (sky130_fd_sc_hd__mux2_1)
                                                         _0097_ (net)
                      0.053920    0.000000    6.744978 v _1140_/D (sky130_fd_sc_hd__dfrtp_2)
                                              6.744978   data arrival time

                      0.150000   20.000000   20.000000   clock clk (rise edge)
                                  0.000000   20.000000   clock network delay (ideal)
                                 -0.250000   19.750002   clock uncertainty
                                  0.000000   19.750002   clock reconvergence pessimism
                                             19.750002 ^ _1140_/CLK (sky130_fd_sc_hd__dfrtp_2)
                                 -0.095097   19.654903   library setup time
                                             19.654903   data required time
---------------------------------------------------------------------------------------------
                                             19.654903   data required time
                                             -6.744978   data arrival time
---------------------------------------------------------------------------------------------
                                             12.909926   slack (MET)


Startpoint: uio_in[1] (input port clocked by clk)
Endpoint: _1141_ (rising edge-triggered flip-flop clocked by clk)
Path Group: clk
Path Type: max

Fanout         Cap        Slew       Delay        Time   Description
---------------------------------------------------------------------------------------------
                      0.150000    0.000000    0.000000   clock clk (rise edge)
                                  0.000000    0.000000   clock network delay (ideal)
                                  4.000000    4.000000 v input external delay
     3    0.007207    0.018830    0.012222    4.012222 v uio_in[1] (in)
                                                         uio_in[1] (net)
                      0.018830    0.000000    4.012222 v _0527_/A_N (sky130_fd_sc_hd__nand3b_2)
     2    0.005539    0.071598    0.202796    4.215017 v _0527_/Y (sky130_fd_sc_hd__nand3b_2)
                                                         _0204_ (net)
                      0.071598    0.000000    4.215017 v _0548_/B (sky130_fd_sc_hd__nor2_2)
    75    0.264599    2.713265    2.112248    6.327266 ^ _0548_/Y (sky130_fd_sc_hd__nor2_2)
                                                         _0218_ (net)
                      2.713265    0.000000    6.327266 ^ _0651_/S (sky130_fd_sc_hd__mux2_1)
     1    0.001949    0.053920    0.417713    6.744978 v _0651_/X (sky130_fd_sc_hd__mux2_1)
                                                         _0098_ (net)
                      0.053920    0.000000    6.744978 v _1141_/D (sky130_fd_sc_hd__dfrtp_2)
                                              6.744978   data arrival time

                      0.150000   20.000000   20.000000   clock clk (rise edge)
                                  0.000000   20.000000   clock network delay (ideal)
                                 -0.250000   19.750002   clock uncertainty
                                  0.000000   19.750002   clock reconvergence pessimism
                                             19.750002 ^ _1141_/CLK (sky130_fd_sc_hd__dfrtp_2)
                                 -0.095097   19.654903   library setup time
                                             19.654903   data required time
---------------------------------------------------------------------------------------------
                                             19.654903   data required time
                                             -6.744978   data arrival time
---------------------------------------------------------------------------------------------
                                             12.909926   slack (MET)


Startpoint: uio_in[1] (input port clocked by clk)
Endpoint: _1142_ (rising edge-triggered flip-flop clocked by clk)
Path Group: clk
Path Type: max

Fanout         Cap        Slew       Delay        Time   Description
---------------------------------------------------------------------------------------------
                      0.150000    0.000000    0.000000   clock clk (rise edge)
                                  0.000000    0.000000   clock network delay (ideal)
                                  4.000000    4.000000 v input external delay
     3    0.007207    0.018830    0.012222    4.012222 v uio_in[1] (in)
                                                         uio_in[1] (net)
                      0.018830    0.000000    4.012222 v _0527_/A_N (sky130_fd_sc_hd__nand3b_2)
     2    0.005539    0.071598    0.202796    4.215017 v _0527_/Y (sky130_fd_sc_hd__nand3b_2)
                                                         _0204_ (net)
                      0.071598    0.000000    4.215017 v _0548_/B (sky130_fd_sc_hd__nor2_2)
    75    0.264599    2.713265    2.112248    6.327266 ^ _0548_/Y (sky130_fd_sc_hd__nor2_2)
                                                         _0218_ (net)
                      2.713265    0.000000    6.327266 ^ _0652_/S (sky130_fd_sc_hd__mux2_1)
     1    0.001949    0.053920    0.417713    6.744978 v _0652_/X (sky130_fd_sc_hd__mux2_1)
                                                         _0099_ (net)
                      0.053920    0.000000    6.744978 v _1142_/D (sky130_fd_sc_hd__dfrtp_2)
                                              6.744978   data arrival time

                      0.150000   20.000000   20.000000   clock clk (rise edge)
                                  0.000000   20.000000   clock network delay (ideal)
                                 -0.250000   19.750002   clock uncertainty
                                  0.000000   19.750002   clock reconvergence pessimism
                                             19.750002 ^ _1142_/CLK (sky130_fd_sc_hd__dfrtp_2)
                                 -0.095097   19.654903   library setup time
                                             19.654903   data required time
---------------------------------------------------------------------------------------------
                                             19.654903   data required time
                                             -6.744978   data arrival time
---------------------------------------------------------------------------------------------
                                             12.909926   slack (MET)


Startpoint: uio_in[1] (input port clocked by clk)
Endpoint: _1143_ (rising edge-triggered flip-flop clocked by clk)
Path Group: clk
Path Type: max

Fanout         Cap        Slew       Delay        Time   Description
---------------------------------------------------------------------------------------------
                      0.150000    0.000000    0.000000   clock clk (rise edge)
                                  0.000000    0.000000   clock network delay (ideal)
                                  4.000000    4.000000 v input external delay
     3    0.007207    0.018830    0.012222    4.012222 v uio_in[1] (in)
                                                         uio_in[1] (net)
                      0.018830    0.000000    4.012222 v _0527_/A_N (sky130_fd_sc_hd__nand3b_2)
     2    0.005539    0.071598    0.202796    4.215017 v _0527_/Y (sky130_fd_sc_hd__nand3b_2)
                                                         _0204_ (net)
                      0.071598    0.000000    4.215017 v _0548_/B (sky130_fd_sc_hd__nor2_2)
    75    0.264599    2.713265    2.112248    6.327266 ^ _0548_/Y (sky130_fd_sc_hd__nor2_2)
                                                         _0218_ (net)
                      2.713265    0.000000    6.327266 ^ _0653_/S (sky130_fd_sc_hd__mux2_1)
     1    0.001949    0.053920    0.417713    6.744978 v _0653_/X (sky130_fd_sc_hd__mux2_1)
                                                         _0100_ (net)
                      0.053920    0.000000    6.744978 v _1143_/D (sky130_fd_sc_hd__dfrtp_2)
                                              6.744978   data arrival time

                      0.150000   20.000000   20.000000   clock clk (rise edge)
                                  0.000000   20.000000   clock network delay (ideal)
                                 -0.250000   19.750002   clock uncertainty
                                  0.000000   19.750002   clock reconvergence pessimism
                                             19.750002 ^ _1143_/CLK (sky130_fd_sc_hd__dfrtp_2)
                                 -0.095097   19.654903   library setup time
                                             19.654903   data required time
---------------------------------------------------------------------------------------------
                                             19.654903   data required time
                                             -6.744978   data arrival time
---------------------------------------------------------------------------------------------
                                             12.909926   slack (MET)


Startpoint: uio_in[1] (input port clocked by clk)
Endpoint: _1144_ (rising edge-triggered flip-flop clocked by clk)
Path Group: clk
Path Type: max

Fanout         Cap        Slew       Delay        Time   Description
---------------------------------------------------------------------------------------------
                      0.150000    0.000000    0.000000   clock clk (rise edge)
                                  0.000000    0.000000   clock network delay (ideal)
                                  4.000000    4.000000 v input external delay
     3    0.007207    0.018830    0.012222    4.012222 v uio_in[1] (in)
                                                         uio_in[1] (net)
                      0.018830    0.000000    4.012222 v _0527_/A_N (sky130_fd_sc_hd__nand3b_2)
     2    0.005539    0.071598    0.202796    4.215017 v _0527_/Y (sky130_fd_sc_hd__nand3b_2)
                                                         _0204_ (net)
                      0.071598    0.000000    4.215017 v _0548_/B (sky130_fd_sc_hd__nor2_2)
    75    0.264599    2.713265    2.112248    6.327266 ^ _0548_/Y (sky130_fd_sc_hd__nor2_2)
                                                         _0218_ (net)
                      2.713265    0.000000    6.327266 ^ _0654_/S (sky130_fd_sc_hd__mux2_1)
     1    0.001949    0.053920    0.417713    6.744978 v _0654_/X (sky130_fd_sc_hd__mux2_1)
                                                         _0101_ (net)
                      0.053920    0.000000    6.744978 v _1144_/D (sky130_fd_sc_hd__dfrtp_2)
                                              6.744978   data arrival time

                      0.150000   20.000000   20.000000   clock clk (rise edge)
                                  0.000000   20.000000   clock network delay (ideal)
                                 -0.250000   19.750002   clock uncertainty
                                  0.000000   19.750002   clock reconvergence pessimism
                                             19.750002 ^ _1144_/CLK (sky130_fd_sc_hd__dfrtp_2)
                                 -0.095097   19.654903   library setup time
                                             19.654903   data required time
---------------------------------------------------------------------------------------------
                                             19.654903   data required time
                                             -6.744978   data arrival time
---------------------------------------------------------------------------------------------
                                             12.909926   slack (MET)


Startpoint: uio_in[1] (input port clocked by clk)
Endpoint: _1145_ (rising edge-triggered flip-flop clocked by clk)
Path Group: clk
Path Type: max

Fanout         Cap        Slew       Delay        Time   Description
---------------------------------------------------------------------------------------------
                      0.150000    0.000000    0.000000   clock clk (rise edge)
                                  0.000000    0.000000   clock network delay (ideal)
                                  4.000000    4.000000 v input external delay
     3    0.007207    0.018830    0.012222    4.012222 v uio_in[1] (in)
                                                         uio_in[1] (net)
                      0.018830    0.000000    4.012222 v _0527_/A_N (sky130_fd_sc_hd__nand3b_2)
     2    0.005539    0.071598    0.202796    4.215017 v _0527_/Y (sky130_fd_sc_hd__nand3b_2)
                                                         _0204_ (net)
                      0.071598    0.000000    4.215017 v _0548_/B (sky130_fd_sc_hd__nor2_2)
    75    0.264599    2.713265    2.112248    6.327266 ^ _0548_/Y (sky130_fd_sc_hd__nor2_2)
                                                         _0218_ (net)
                      2.713265    0.000000    6.327266 ^ _0655_/S (sky130_fd_sc_hd__mux2_1)
     1    0.001949    0.053920    0.417713    6.744978 v _0655_/X (sky130_fd_sc_hd__mux2_1)
                                                         _0102_ (net)
                      0.053920    0.000000    6.744978 v _1145_/D (sky130_fd_sc_hd__dfrtp_2)
                                              6.744978   data arrival time

                      0.150000   20.000000   20.000000   clock clk (rise edge)
                                  0.000000   20.000000   clock network delay (ideal)
                                 -0.250000   19.750002   clock uncertainty
                                  0.000000   19.750002   clock reconvergence pessimism
                                             19.750002 ^ _1145_/CLK (sky130_fd_sc_hd__dfrtp_2)
                                 -0.095097   19.654903   library setup time
                                             19.654903   data required time
---------------------------------------------------------------------------------------------
                                             19.654903   data required time
                                             -6.744978   data arrival time
---------------------------------------------------------------------------------------------
                                             12.909926   slack (MET)


Startpoint: uio_in[1] (input port clocked by clk)
Endpoint: _1146_ (rising edge-triggered flip-flop clocked by clk)
Path Group: clk
Path Type: max

Fanout         Cap        Slew       Delay        Time   Description
---------------------------------------------------------------------------------------------
                      0.150000    0.000000    0.000000   clock clk (rise edge)
                                  0.000000    0.000000   clock network delay (ideal)
                                  4.000000    4.000000 v input external delay
     3    0.007207    0.018830    0.012222    4.012222 v uio_in[1] (in)
                                                         uio_in[1] (net)
                      0.018830    0.000000    4.012222 v _0527_/A_N (sky130_fd_sc_hd__nand3b_2)
     2    0.005539    0.071598    0.202796    4.215017 v _0527_/Y (sky130_fd_sc_hd__nand3b_2)
                                                         _0204_ (net)
                      0.071598    0.000000    4.215017 v _0548_/B (sky130_fd_sc_hd__nor2_2)
    75    0.264599    2.713265    2.112248    6.327266 ^ _0548_/Y (sky130_fd_sc_hd__nor2_2)
                                                         _0218_ (net)
                      2.713265    0.000000    6.327266 ^ _0656_/S (sky130_fd_sc_hd__mux2_1)
     1    0.001949    0.053920    0.417713    6.744978 v _0656_/X (sky130_fd_sc_hd__mux2_1)
                                                         _0103_ (net)
                      0.053920    0.000000    6.744978 v _1146_/D (sky130_fd_sc_hd__dfrtp_2)
                                              6.744978   data arrival time

                      0.150000   20.000000   20.000000   clock clk (rise edge)
                                  0.000000   20.000000   clock network delay (ideal)
                                 -0.250000   19.750002   clock uncertainty
                                  0.000000   19.750002   clock reconvergence pessimism
                                             19.750002 ^ _1146_/CLK (sky130_fd_sc_hd__dfrtp_2)
                                 -0.095097   19.654903   library setup time
                                             19.654903   data required time
---------------------------------------------------------------------------------------------
                                             19.654903   data required time
                                             -6.744978   data arrival time
---------------------------------------------------------------------------------------------
                                             12.909926   slack (MET)


Startpoint: uio_in[1] (input port clocked by clk)
Endpoint: _1147_ (rising edge-triggered flip-flop clocked by clk)
Path Group: clk
Path Type: max

Fanout         Cap        Slew       Delay        Time   Description
---------------------------------------------------------------------------------------------
                      0.150000    0.000000    0.000000   clock clk (rise edge)
                                  0.000000    0.000000   clock network delay (ideal)
                                  4.000000    4.000000 v input external delay
     3    0.007207    0.018830    0.012222    4.012222 v uio_in[1] (in)
                                                         uio_in[1] (net)
                      0.018830    0.000000    4.012222 v _0527_/A_N (sky130_fd_sc_hd__nand3b_2)
     2    0.005539    0.071598    0.202796    4.215017 v _0527_/Y (sky130_fd_sc_hd__nand3b_2)
                                                         _0204_ (net)
                      0.071598    0.000000    4.215017 v _0548_/B (sky130_fd_sc_hd__nor2_2)
    75    0.264599    2.713265    2.112248    6.327266 ^ _0548_/Y (sky130_fd_sc_hd__nor2_2)
                                                         _0218_ (net)
                      2.713265    0.000000    6.327266 ^ _0657_/S (sky130_fd_sc_hd__mux2_1)
     1    0.001949    0.053920    0.417713    6.744978 v _0657_/X (sky130_fd_sc_hd__mux2_1)
                                                         _0104_ (net)
                      0.053920    0.000000    6.744978 v _1147_/D (sky130_fd_sc_hd__dfrtp_2)
                                              6.744978   data arrival time

                      0.150000   20.000000   20.000000   clock clk (rise edge)
                                  0.000000   20.000000   clock network delay (ideal)
                                 -0.250000   19.750002   clock uncertainty
                                  0.000000   19.750002   clock reconvergence pessimism
                                             19.750002 ^ _1147_/CLK (sky130_fd_sc_hd__dfrtp_2)
                                 -0.095097   19.654903   library setup time
                                             19.654903   data required time
---------------------------------------------------------------------------------------------
                                             19.654903   data required time
                                             -6.744978   data arrival time
---------------------------------------------------------------------------------------------
                                             12.909926   slack (MET)


Startpoint: uio_in[1] (input port clocked by clk)
Endpoint: _1148_ (rising edge-triggered flip-flop clocked by clk)
Path Group: clk
Path Type: max

Fanout         Cap        Slew       Delay        Time   Description
---------------------------------------------------------------------------------------------
                      0.150000    0.000000    0.000000   clock clk (rise edge)
                                  0.000000    0.000000   clock network delay (ideal)
                                  4.000000    4.000000 v input external delay
     3    0.007207    0.018830    0.012222    4.012222 v uio_in[1] (in)
                                                         uio_in[1] (net)
                      0.018830    0.000000    4.012222 v _0527_/A_N (sky130_fd_sc_hd__nand3b_2)
     2    0.005539    0.071598    0.202796    4.215017 v _0527_/Y (sky130_fd_sc_hd__nand3b_2)
                                                         _0204_ (net)
                      0.071598    0.000000    4.215017 v _0548_/B (sky130_fd_sc_hd__nor2_2)
    75    0.264599    2.713265    2.112248    6.327266 ^ _0548_/Y (sky130_fd_sc_hd__nor2_2)
                                                         _0218_ (net)
                      2.713265    0.000000    6.327266 ^ _0658_/S (sky130_fd_sc_hd__mux2_1)
     1    0.001949    0.053920    0.417713    6.744978 v _0658_/X (sky130_fd_sc_hd__mux2_1)
                                                         _0105_ (net)
                      0.053920    0.000000    6.744978 v _1148_/D (sky130_fd_sc_hd__dfrtp_2)
                                              6.744978   data arrival time

                      0.150000   20.000000   20.000000   clock clk (rise edge)
                                  0.000000   20.000000   clock network delay (ideal)
                                 -0.250000   19.750002   clock uncertainty
                                  0.000000   19.750002   clock reconvergence pessimism
                                             19.750002 ^ _1148_/CLK (sky130_fd_sc_hd__dfrtp_2)
                                 -0.095097   19.654903   library setup time
                                             19.654903   data required time
---------------------------------------------------------------------------------------------
                                             19.654903   data required time
                                             -6.744978   data arrival time
---------------------------------------------------------------------------------------------
                                             12.909926   slack (MET)


Startpoint: uio_in[1] (input port clocked by clk)
Endpoint: _1149_ (rising edge-triggered flip-flop clocked by clk)
Path Group: clk
Path Type: max

Fanout         Cap        Slew       Delay        Time   Description
---------------------------------------------------------------------------------------------
                      0.150000    0.000000    0.000000   clock clk (rise edge)
                                  0.000000    0.000000   clock network delay (ideal)
                                  4.000000    4.000000 v input external delay
     3    0.007207    0.018830    0.012222    4.012222 v uio_in[1] (in)
                                                         uio_in[1] (net)
                      0.018830    0.000000    4.012222 v _0527_/A_N (sky130_fd_sc_hd__nand3b_2)
     2    0.005539    0.071598    0.202796    4.215017 v _0527_/Y (sky130_fd_sc_hd__nand3b_2)
                                                         _0204_ (net)
                      0.071598    0.000000    4.215017 v _0548_/B (sky130_fd_sc_hd__nor2_2)
    75    0.264599    2.713265    2.112248    6.327266 ^ _0548_/Y (sky130_fd_sc_hd__nor2_2)
                                                         _0218_ (net)
                      2.713265    0.000000    6.327266 ^ _0659_/S (sky130_fd_sc_hd__mux2_1)
     1    0.001949    0.053920    0.417713    6.744978 v _0659_/X (sky130_fd_sc_hd__mux2_1)
                                                         _0106_ (net)
                      0.053920    0.000000    6.744978 v _1149_/D (sky130_fd_sc_hd__dfrtp_2)
                                              6.744978   data arrival time

                      0.150000   20.000000   20.000000   clock clk (rise edge)
                                  0.000000   20.000000   clock network delay (ideal)
                                 -0.250000   19.750002   clock uncertainty
                                  0.000000   19.750002   clock reconvergence pessimism
                                             19.750002 ^ _1149_/CLK (sky130_fd_sc_hd__dfrtp_2)
                                 -0.095097   19.654903   library setup time
                                             19.654903   data required time
---------------------------------------------------------------------------------------------
                                             19.654903   data required time
                                             -6.744978   data arrival time
---------------------------------------------------------------------------------------------
                                             12.909926   slack (MET)


Startpoint: uio_in[1] (input port clocked by clk)
Endpoint: _1150_ (rising edge-triggered flip-flop clocked by clk)
Path Group: clk
Path Type: max

Fanout         Cap        Slew       Delay        Time   Description
---------------------------------------------------------------------------------------------
                      0.150000    0.000000    0.000000   clock clk (rise edge)
                                  0.000000    0.000000   clock network delay (ideal)
                                  4.000000    4.000000 v input external delay
     3    0.007207    0.018830    0.012222    4.012222 v uio_in[1] (in)
                                                         uio_in[1] (net)
                      0.018830    0.000000    4.012222 v _0527_/A_N (sky130_fd_sc_hd__nand3b_2)
     2    0.005539    0.071598    0.202796    4.215017 v _0527_/Y (sky130_fd_sc_hd__nand3b_2)
                                                         _0204_ (net)
                      0.071598    0.000000    4.215017 v _0548_/B (sky130_fd_sc_hd__nor2_2)
    75    0.264599    2.713265    2.112248    6.327266 ^ _0548_/Y (sky130_fd_sc_hd__nor2_2)
                                                         _0218_ (net)
                      2.713265    0.000000    6.327266 ^ _0660_/S (sky130_fd_sc_hd__mux2_1)
     1    0.001949    0.053920    0.417713    6.744978 v _0660_/X (sky130_fd_sc_hd__mux2_1)
                                                         _0107_ (net)
                      0.053920    0.000000    6.744978 v _1150_/D (sky130_fd_sc_hd__dfrtp_2)
                                              6.744978   data arrival time

                      0.150000   20.000000   20.000000   clock clk (rise edge)
                                  0.000000   20.000000   clock network delay (ideal)
                                 -0.250000   19.750002   clock uncertainty
                                  0.000000   19.750002   clock reconvergence pessimism
                                             19.750002 ^ _1150_/CLK (sky130_fd_sc_hd__dfrtp_2)
                                 -0.095097   19.654903   library setup time
                                             19.654903   data required time
---------------------------------------------------------------------------------------------
                                             19.654903   data required time
                                             -6.744978   data arrival time
---------------------------------------------------------------------------------------------
                                             12.909926   slack (MET)


Startpoint: uio_in[1] (input port clocked by clk)
Endpoint: _1151_ (rising edge-triggered flip-flop clocked by clk)
Path Group: clk
Path Type: max

Fanout         Cap        Slew       Delay        Time   Description
---------------------------------------------------------------------------------------------
                      0.150000    0.000000    0.000000   clock clk (rise edge)
                                  0.000000    0.000000   clock network delay (ideal)
                                  4.000000    4.000000 v input external delay
     3    0.007207    0.018830    0.012222    4.012222 v uio_in[1] (in)
                                                         uio_in[1] (net)
                      0.018830    0.000000    4.012222 v _0527_/A_N (sky130_fd_sc_hd__nand3b_2)
     2    0.005539    0.071598    0.202796    4.215017 v _0527_/Y (sky130_fd_sc_hd__nand3b_2)
                                                         _0204_ (net)
                      0.071598    0.000000    4.215017 v _0548_/B (sky130_fd_sc_hd__nor2_2)
    75    0.264599    2.713265    2.112248    6.327266 ^ _0548_/Y (sky130_fd_sc_hd__nor2_2)
                                                         _0218_ (net)
                      2.713265    0.000000    6.327266 ^ _0661_/S (sky130_fd_sc_hd__mux2_1)
     1    0.001949    0.053920    0.417713    6.744978 v _0661_/X (sky130_fd_sc_hd__mux2_1)
                                                         _0108_ (net)
                      0.053920    0.000000    6.744978 v _1151_/D (sky130_fd_sc_hd__dfrtp_2)
                                              6.744978   data arrival time

                      0.150000   20.000000   20.000000   clock clk (rise edge)
                                  0.000000   20.000000   clock network delay (ideal)
                                 -0.250000   19.750002   clock uncertainty
                                  0.000000   19.750002   clock reconvergence pessimism
                                             19.750002 ^ _1151_/CLK (sky130_fd_sc_hd__dfrtp_2)
                                 -0.095097   19.654903   library setup time
                                             19.654903   data required time
---------------------------------------------------------------------------------------------
                                             19.654903   data required time
                                             -6.744978   data arrival time
---------------------------------------------------------------------------------------------
                                             12.909926   slack (MET)


Startpoint: uio_in[1] (input port clocked by clk)
Endpoint: _1152_ (rising edge-triggered flip-flop clocked by clk)
Path Group: clk
Path Type: max

Fanout         Cap        Slew       Delay        Time   Description
---------------------------------------------------------------------------------------------
                      0.150000    0.000000    0.000000   clock clk (rise edge)
                                  0.000000    0.000000   clock network delay (ideal)
                                  4.000000    4.000000 v input external delay
     3    0.007207    0.018830    0.012222    4.012222 v uio_in[1] (in)
                                                         uio_in[1] (net)
                      0.018830    0.000000    4.012222 v _0527_/A_N (sky130_fd_sc_hd__nand3b_2)
     2    0.005539    0.071598    0.202796    4.215017 v _0527_/Y (sky130_fd_sc_hd__nand3b_2)
                                                         _0204_ (net)
                      0.071598    0.000000    4.215017 v _0548_/B (sky130_fd_sc_hd__nor2_2)
    75    0.264599    2.713265    2.112248    6.327266 ^ _0548_/Y (sky130_fd_sc_hd__nor2_2)
                                                         _0218_ (net)
                      2.713265    0.000000    6.327266 ^ _0662_/S (sky130_fd_sc_hd__mux2_1)
     1    0.001949    0.053920    0.417713    6.744978 v _0662_/X (sky130_fd_sc_hd__mux2_1)
                                                         _0109_ (net)
                      0.053920    0.000000    6.744978 v _1152_/D (sky130_fd_sc_hd__dfrtp_2)
                                              6.744978   data arrival time

                      0.150000   20.000000   20.000000   clock clk (rise edge)
                                  0.000000   20.000000   clock network delay (ideal)
                                 -0.250000   19.750002   clock uncertainty
                                  0.000000   19.750002   clock reconvergence pessimism
                                             19.750002 ^ _1152_/CLK (sky130_fd_sc_hd__dfrtp_2)
                                 -0.095097   19.654903   library setup time
                                             19.654903   data required time
---------------------------------------------------------------------------------------------
                                             19.654903   data required time
                                             -6.744978   data arrival time
---------------------------------------------------------------------------------------------
                                             12.909926   slack (MET)


Startpoint: uio_in[1] (input port clocked by clk)
Endpoint: _1153_ (rising edge-triggered flip-flop clocked by clk)
Path Group: clk
Path Type: max

Fanout         Cap        Slew       Delay        Time   Description
---------------------------------------------------------------------------------------------
                      0.150000    0.000000    0.000000   clock clk (rise edge)
                                  0.000000    0.000000   clock network delay (ideal)
                                  4.000000    4.000000 v input external delay
     3    0.007207    0.018830    0.012222    4.012222 v uio_in[1] (in)
                                                         uio_in[1] (net)
                      0.018830    0.000000    4.012222 v _0527_/A_N (sky130_fd_sc_hd__nand3b_2)
     2    0.005539    0.071598    0.202796    4.215017 v _0527_/Y (sky130_fd_sc_hd__nand3b_2)
                                                         _0204_ (net)
                      0.071598    0.000000    4.215017 v _0548_/B (sky130_fd_sc_hd__nor2_2)
    75    0.264599    2.713265    2.112248    6.327266 ^ _0548_/Y (sky130_fd_sc_hd__nor2_2)
                                                         _0218_ (net)
                      2.713265    0.000000    6.327266 ^ _0663_/S (sky130_fd_sc_hd__mux2_1)
     1    0.001949    0.053920    0.417713    6.744978 v _0663_/X (sky130_fd_sc_hd__mux2_1)
                                                         _0110_ (net)
                      0.053920    0.000000    6.744978 v _1153_/D (sky130_fd_sc_hd__dfrtp_2)
                                              6.744978   data arrival time

                      0.150000   20.000000   20.000000   clock clk (rise edge)
                                  0.000000   20.000000   clock network delay (ideal)
                                 -0.250000   19.750002   clock uncertainty
                                  0.000000   19.750002   clock reconvergence pessimism
                                             19.750002 ^ _1153_/CLK (sky130_fd_sc_hd__dfrtp_2)
                                 -0.095097   19.654903   library setup time
                                             19.654903   data required time
---------------------------------------------------------------------------------------------
                                             19.654903   data required time
                                             -6.744978   data arrival time
---------------------------------------------------------------------------------------------
                                             12.909926   slack (MET)


Startpoint: uio_in[1] (input port clocked by clk)
Endpoint: _1154_ (rising edge-triggered flip-flop clocked by clk)
Path Group: clk
Path Type: max

Fanout         Cap        Slew       Delay        Time   Description
---------------------------------------------------------------------------------------------
                      0.150000    0.000000    0.000000   clock clk (rise edge)
                                  0.000000    0.000000   clock network delay (ideal)
                                  4.000000    4.000000 v input external delay
     3    0.007207    0.018830    0.012222    4.012222 v uio_in[1] (in)
                                                         uio_in[1] (net)
                      0.018830    0.000000    4.012222 v _0527_/A_N (sky130_fd_sc_hd__nand3b_2)
     2    0.005539    0.071598    0.202796    4.215017 v _0527_/Y (sky130_fd_sc_hd__nand3b_2)
                                                         _0204_ (net)
                      0.071598    0.000000    4.215017 v _0548_/B (sky130_fd_sc_hd__nor2_2)
    75    0.264599    2.713265    2.112248    6.327266 ^ _0548_/Y (sky130_fd_sc_hd__nor2_2)
                                                         _0218_ (net)
                      2.713265    0.000000    6.327266 ^ _0664_/S (sky130_fd_sc_hd__mux2_1)
     1    0.001949    0.053920    0.417713    6.744978 v _0664_/X (sky130_fd_sc_hd__mux2_1)
                                                         _0111_ (net)
                      0.053920    0.000000    6.744978 v _1154_/D (sky130_fd_sc_hd__dfrtp_2)
                                              6.744978   data arrival time

                      0.150000   20.000000   20.000000   clock clk (rise edge)
                                  0.000000   20.000000   clock network delay (ideal)
                                 -0.250000   19.750002   clock uncertainty
                                  0.000000   19.750002   clock reconvergence pessimism
                                             19.750002 ^ _1154_/CLK (sky130_fd_sc_hd__dfrtp_2)
                                 -0.095097   19.654903   library setup time
                                             19.654903   data required time
---------------------------------------------------------------------------------------------
                                             19.654903   data required time
                                             -6.744978   data arrival time
---------------------------------------------------------------------------------------------
                                             12.909926   slack (MET)


Startpoint: uio_in[1] (input port clocked by clk)
Endpoint: _1155_ (rising edge-triggered flip-flop clocked by clk)
Path Group: clk
Path Type: max

Fanout         Cap        Slew       Delay        Time   Description
---------------------------------------------------------------------------------------------
                      0.150000    0.000000    0.000000   clock clk (rise edge)
                                  0.000000    0.000000   clock network delay (ideal)
                                  4.000000    4.000000 v input external delay
     3    0.007207    0.018830    0.012222    4.012222 v uio_in[1] (in)
                                                         uio_in[1] (net)
                      0.018830    0.000000    4.012222 v _0527_/A_N (sky130_fd_sc_hd__nand3b_2)
     2    0.005539    0.071598    0.202796    4.215017 v _0527_/Y (sky130_fd_sc_hd__nand3b_2)
                                                         _0204_ (net)
                      0.071598    0.000000    4.215017 v _0548_/B (sky130_fd_sc_hd__nor2_2)
    75    0.264599    2.713265    2.112248    6.327266 ^ _0548_/Y (sky130_fd_sc_hd__nor2_2)
                                                         _0218_ (net)
                      2.713265    0.000000    6.327266 ^ _0665_/S (sky130_fd_sc_hd__mux2_1)
     1    0.001949    0.053920    0.417713    6.744978 v _0665_/X (sky130_fd_sc_hd__mux2_1)
                                                         _0112_ (net)
                      0.053920    0.000000    6.744978 v _1155_/D (sky130_fd_sc_hd__dfrtp_2)
                                              6.744978   data arrival time

                      0.150000   20.000000   20.000000   clock clk (rise edge)
                                  0.000000   20.000000   clock network delay (ideal)
                                 -0.250000   19.750002   clock uncertainty
                                  0.000000   19.750002   clock reconvergence pessimism
                                             19.750002 ^ _1155_/CLK (sky130_fd_sc_hd__dfrtp_2)
                                 -0.095097   19.654903   library setup time
                                             19.654903   data required time
---------------------------------------------------------------------------------------------
                                             19.654903   data required time
                                             -6.744978   data arrival time
---------------------------------------------------------------------------------------------
                                             12.909926   slack (MET)


Startpoint: uio_in[1] (input port clocked by clk)
Endpoint: _1156_ (rising edge-triggered flip-flop clocked by clk)
Path Group: clk
Path Type: max

Fanout         Cap        Slew       Delay        Time   Description
---------------------------------------------------------------------------------------------
                      0.150000    0.000000    0.000000   clock clk (rise edge)
                                  0.000000    0.000000   clock network delay (ideal)
                                  4.000000    4.000000 v input external delay
     3    0.007207    0.018830    0.012222    4.012222 v uio_in[1] (in)
                                                         uio_in[1] (net)
                      0.018830    0.000000    4.012222 v _0527_/A_N (sky130_fd_sc_hd__nand3b_2)
     2    0.005539    0.071598    0.202796    4.215017 v _0527_/Y (sky130_fd_sc_hd__nand3b_2)
                                                         _0204_ (net)
                      0.071598    0.000000    4.215017 v _0548_/B (sky130_fd_sc_hd__nor2_2)
    75    0.264599    2.713265    2.112248    6.327266 ^ _0548_/Y (sky130_fd_sc_hd__nor2_2)
                                                         _0218_ (net)
                      2.713265    0.000000    6.327266 ^ _0666_/S (sky130_fd_sc_hd__mux2_1)
     1    0.001949    0.053920    0.417713    6.744978 v _0666_/X (sky130_fd_sc_hd__mux2_1)
                                                         _0113_ (net)
                      0.053920    0.000000    6.744978 v _1156_/D (sky130_fd_sc_hd__dfrtp_2)
                                              6.744978   data arrival time

                      0.150000   20.000000   20.000000   clock clk (rise edge)
                                  0.000000   20.000000   clock network delay (ideal)
                                 -0.250000   19.750002   clock uncertainty
                                  0.000000   19.750002   clock reconvergence pessimism
                                             19.750002 ^ _1156_/CLK (sky130_fd_sc_hd__dfrtp_2)
                                 -0.095097   19.654903   library setup time
                                             19.654903   data required time
---------------------------------------------------------------------------------------------
                                             19.654903   data required time
                                             -6.744978   data arrival time
---------------------------------------------------------------------------------------------
                                             12.909926   slack (MET)


Startpoint: uio_in[1] (input port clocked by clk)
Endpoint: _1157_ (rising edge-triggered flip-flop clocked by clk)
Path Group: clk
Path Type: max

Fanout         Cap        Slew       Delay        Time   Description
---------------------------------------------------------------------------------------------
                      0.150000    0.000000    0.000000   clock clk (rise edge)
                                  0.000000    0.000000   clock network delay (ideal)
                                  4.000000    4.000000 v input external delay
     3    0.007207    0.018830    0.012222    4.012222 v uio_in[1] (in)
                                                         uio_in[1] (net)
                      0.018830    0.000000    4.012222 v _0527_/A_N (sky130_fd_sc_hd__nand3b_2)
     2    0.005539    0.071598    0.202796    4.215017 v _0527_/Y (sky130_fd_sc_hd__nand3b_2)
                                                         _0204_ (net)
                      0.071598    0.000000    4.215017 v _0548_/B (sky130_fd_sc_hd__nor2_2)
    75    0.264599    2.713265    2.112248    6.327266 ^ _0548_/Y (sky130_fd_sc_hd__nor2_2)
                                                         _0218_ (net)
                      2.713265    0.000000    6.327266 ^ _0667_/S (sky130_fd_sc_hd__mux2_1)
     1    0.001949    0.053920    0.417713    6.744978 v _0667_/X (sky130_fd_sc_hd__mux2_1)
                                                         _0114_ (net)
                      0.053920    0.000000    6.744978 v _1157_/D (sky130_fd_sc_hd__dfrtp_2)
                                              6.744978   data arrival time

                      0.150000   20.000000   20.000000   clock clk (rise edge)
                                  0.000000   20.000000   clock network delay (ideal)
                                 -0.250000   19.750002   clock uncertainty
                                  0.000000   19.750002   clock reconvergence pessimism
                                             19.750002 ^ _1157_/CLK (sky130_fd_sc_hd__dfrtp_2)
                                 -0.095097   19.654903   library setup time
                                             19.654903   data required time
---------------------------------------------------------------------------------------------
                                             19.654903   data required time
                                             -6.744978   data arrival time
---------------------------------------------------------------------------------------------
                                             12.909926   slack (MET)


Startpoint: uio_in[1] (input port clocked by clk)
Endpoint: _1158_ (rising edge-triggered flip-flop clocked by clk)
Path Group: clk
Path Type: max

Fanout         Cap        Slew       Delay        Time   Description
---------------------------------------------------------------------------------------------
                      0.150000    0.000000    0.000000   clock clk (rise edge)
                                  0.000000    0.000000   clock network delay (ideal)
                                  4.000000    4.000000 v input external delay
     3    0.007207    0.018830    0.012222    4.012222 v uio_in[1] (in)
                                                         uio_in[1] (net)
                      0.018830    0.000000    4.012222 v _0527_/A_N (sky130_fd_sc_hd__nand3b_2)
     2    0.005539    0.071598    0.202796    4.215017 v _0527_/Y (sky130_fd_sc_hd__nand3b_2)
                                                         _0204_ (net)
                      0.071598    0.000000    4.215017 v _0548_/B (sky130_fd_sc_hd__nor2_2)
    75    0.264599    2.713265    2.112248    6.327266 ^ _0548_/Y (sky130_fd_sc_hd__nor2_2)
                                                         _0218_ (net)
                      2.713265    0.000000    6.327266 ^ _0668_/S (sky130_fd_sc_hd__mux2_1)
     1    0.001949    0.053920    0.417713    6.744978 v _0668_/X (sky130_fd_sc_hd__mux2_1)
                                                         _0115_ (net)
                      0.053920    0.000000    6.744978 v _1158_/D (sky130_fd_sc_hd__dfrtp_2)
                                              6.744978   data arrival time

                      0.150000   20.000000   20.000000   clock clk (rise edge)
                                  0.000000   20.000000   clock network delay (ideal)
                                 -0.250000   19.750002   clock uncertainty
                                  0.000000   19.750002   clock reconvergence pessimism
                                             19.750002 ^ _1158_/CLK (sky130_fd_sc_hd__dfrtp_2)
                                 -0.095097   19.654903   library setup time
                                             19.654903   data required time
---------------------------------------------------------------------------------------------
                                             19.654903   data required time
                                             -6.744978   data arrival time
---------------------------------------------------------------------------------------------
                                             12.909926   slack (MET)


Startpoint: uio_in[1] (input port clocked by clk)
Endpoint: _1159_ (rising edge-triggered flip-flop clocked by clk)
Path Group: clk
Path Type: max

Fanout         Cap        Slew       Delay        Time   Description
---------------------------------------------------------------------------------------------
                      0.150000    0.000000    0.000000   clock clk (rise edge)
                                  0.000000    0.000000   clock network delay (ideal)
                                  4.000000    4.000000 v input external delay
     3    0.007207    0.018830    0.012222    4.012222 v uio_in[1] (in)
                                                         uio_in[1] (net)
                      0.018830    0.000000    4.012222 v _0527_/A_N (sky130_fd_sc_hd__nand3b_2)
     2    0.005539    0.071598    0.202796    4.215017 v _0527_/Y (sky130_fd_sc_hd__nand3b_2)
                                                         _0204_ (net)
                      0.071598    0.000000    4.215017 v _0548_/B (sky130_fd_sc_hd__nor2_2)
    75    0.264599    2.713265    2.112248    6.327266 ^ _0548_/Y (sky130_fd_sc_hd__nor2_2)
                                                         _0218_ (net)
                      2.713265    0.000000    6.327266 ^ _0669_/S (sky130_fd_sc_hd__mux2_1)
     1    0.001949    0.053920    0.417713    6.744978 v _0669_/X (sky130_fd_sc_hd__mux2_1)
                                                         _0116_ (net)
                      0.053920    0.000000    6.744978 v _1159_/D (sky130_fd_sc_hd__dfrtp_2)
                                              6.744978   data arrival time

                      0.150000   20.000000   20.000000   clock clk (rise edge)
                                  0.000000   20.000000   clock network delay (ideal)
                                 -0.250000   19.750002   clock uncertainty
                                  0.000000   19.750002   clock reconvergence pessimism
                                             19.750002 ^ _1159_/CLK (sky130_fd_sc_hd__dfrtp_2)
                                 -0.095097   19.654903   library setup time
                                             19.654903   data required time
---------------------------------------------------------------------------------------------
                                             19.654903   data required time
                                             -6.744978   data arrival time
---------------------------------------------------------------------------------------------
                                             12.909926   slack (MET)


Startpoint: uio_in[1] (input port clocked by clk)
Endpoint: _1160_ (rising edge-triggered flip-flop clocked by clk)
Path Group: clk
Path Type: max

Fanout         Cap        Slew       Delay        Time   Description
---------------------------------------------------------------------------------------------
                      0.150000    0.000000    0.000000   clock clk (rise edge)
                                  0.000000    0.000000   clock network delay (ideal)
                                  4.000000    4.000000 v input external delay
     3    0.007207    0.018830    0.012222    4.012222 v uio_in[1] (in)
                                                         uio_in[1] (net)
                      0.018830    0.000000    4.012222 v _0527_/A_N (sky130_fd_sc_hd__nand3b_2)
     2    0.005539    0.071598    0.202796    4.215017 v _0527_/Y (sky130_fd_sc_hd__nand3b_2)
                                                         _0204_ (net)
                      0.071598    0.000000    4.215017 v _0548_/B (sky130_fd_sc_hd__nor2_2)
    75    0.264599    2.713265    2.112248    6.327266 ^ _0548_/Y (sky130_fd_sc_hd__nor2_2)
                                                         _0218_ (net)
                      2.713265    0.000000    6.327266 ^ _0670_/S (sky130_fd_sc_hd__mux2_1)
     1    0.001949    0.053920    0.417713    6.744978 v _0670_/X (sky130_fd_sc_hd__mux2_1)
                                                         _0117_ (net)
                      0.053920    0.000000    6.744978 v _1160_/D (sky130_fd_sc_hd__dfrtp_2)
                                              6.744978   data arrival time

                      0.150000   20.000000   20.000000   clock clk (rise edge)
                                  0.000000   20.000000   clock network delay (ideal)
                                 -0.250000   19.750002   clock uncertainty
                                  0.000000   19.750002   clock reconvergence pessimism
                                             19.750002 ^ _1160_/CLK (sky130_fd_sc_hd__dfrtp_2)
                                 -0.095097   19.654903   library setup time
                                             19.654903   data required time
---------------------------------------------------------------------------------------------
                                             19.654903   data required time
                                             -6.744978   data arrival time
---------------------------------------------------------------------------------------------
                                             12.909926   slack (MET)


Startpoint: uio_in[1] (input port clocked by clk)
Endpoint: _1161_ (rising edge-triggered flip-flop clocked by clk)
Path Group: clk
Path Type: max

Fanout         Cap        Slew       Delay        Time   Description
---------------------------------------------------------------------------------------------
                      0.150000    0.000000    0.000000   clock clk (rise edge)
                                  0.000000    0.000000   clock network delay (ideal)
                                  4.000000    4.000000 v input external delay
     3    0.007207    0.018830    0.012222    4.012222 v uio_in[1] (in)
                                                         uio_in[1] (net)
                      0.018830    0.000000    4.012222 v _0527_/A_N (sky130_fd_sc_hd__nand3b_2)
     2    0.005539    0.071598    0.202796    4.215017 v _0527_/Y (sky130_fd_sc_hd__nand3b_2)
                                                         _0204_ (net)
                      0.071598    0.000000    4.215017 v _0548_/B (sky130_fd_sc_hd__nor2_2)
    75    0.264599    2.713265    2.112248    6.327266 ^ _0548_/Y (sky130_fd_sc_hd__nor2_2)
                                                         _0218_ (net)
                      2.713265    0.000000    6.327266 ^ _0671_/S (sky130_fd_sc_hd__mux2_1)
     1    0.001949    0.053920    0.417713    6.744978 v _0671_/X (sky130_fd_sc_hd__mux2_1)
                                                         _0118_ (net)
                      0.053920    0.000000    6.744978 v _1161_/D (sky130_fd_sc_hd__dfrtp_2)
                                              6.744978   data arrival time

                      0.150000   20.000000   20.000000   clock clk (rise edge)
                                  0.000000   20.000000   clock network delay (ideal)
                                 -0.250000   19.750002   clock uncertainty
                                  0.000000   19.750002   clock reconvergence pessimism
                                             19.750002 ^ _1161_/CLK (sky130_fd_sc_hd__dfrtp_2)
                                 -0.095097   19.654903   library setup time
                                             19.654903   data required time
---------------------------------------------------------------------------------------------
                                             19.654903   data required time
                                             -6.744978   data arrival time
---------------------------------------------------------------------------------------------
                                             12.909926   slack (MET)


Startpoint: uio_in[1] (input port clocked by clk)
Endpoint: _1162_ (rising edge-triggered flip-flop clocked by clk)
Path Group: clk
Path Type: max

Fanout         Cap        Slew       Delay        Time   Description
---------------------------------------------------------------------------------------------
                      0.150000    0.000000    0.000000   clock clk (rise edge)
                                  0.000000    0.000000   clock network delay (ideal)
                                  4.000000    4.000000 v input external delay
     3    0.007207    0.018830    0.012222    4.012222 v uio_in[1] (in)
                                                         uio_in[1] (net)
                      0.018830    0.000000    4.012222 v _0527_/A_N (sky130_fd_sc_hd__nand3b_2)
     2    0.005539    0.071598    0.202796    4.215017 v _0527_/Y (sky130_fd_sc_hd__nand3b_2)
                                                         _0204_ (net)
                      0.071598    0.000000    4.215017 v _0548_/B (sky130_fd_sc_hd__nor2_2)
    75    0.264599    2.713265    2.112248    6.327266 ^ _0548_/Y (sky130_fd_sc_hd__nor2_2)
                                                         _0218_ (net)
                      2.713265    0.000000    6.327266 ^ _0672_/S (sky130_fd_sc_hd__mux2_1)
     1    0.001949    0.053920    0.417713    6.744978 v _0672_/X (sky130_fd_sc_hd__mux2_1)
                                                         _0119_ (net)
                      0.053920    0.000000    6.744978 v _1162_/D (sky130_fd_sc_hd__dfrtp_2)
                                              6.744978   data arrival time

                      0.150000   20.000000   20.000000   clock clk (rise edge)
                                  0.000000   20.000000   clock network delay (ideal)
                                 -0.250000   19.750002   clock uncertainty
                                  0.000000   19.750002   clock reconvergence pessimism
                                             19.750002 ^ _1162_/CLK (sky130_fd_sc_hd__dfrtp_2)
                                 -0.095097   19.654903   library setup time
                                             19.654903   data required time
---------------------------------------------------------------------------------------------
                                             19.654903   data required time
                                             -6.744978   data arrival time
---------------------------------------------------------------------------------------------
                                             12.909926   slack (MET)


Startpoint: uio_in[1] (input port clocked by clk)
Endpoint: _1163_ (rising edge-triggered flip-flop clocked by clk)
Path Group: clk
Path Type: max

Fanout         Cap        Slew       Delay        Time   Description
---------------------------------------------------------------------------------------------
                      0.150000    0.000000    0.000000   clock clk (rise edge)
                                  0.000000    0.000000   clock network delay (ideal)
                                  4.000000    4.000000 v input external delay
     3    0.007207    0.018830    0.012222    4.012222 v uio_in[1] (in)
                                                         uio_in[1] (net)
                      0.018830    0.000000    4.012222 v _0527_/A_N (sky130_fd_sc_hd__nand3b_2)
     2    0.005539    0.071598    0.202796    4.215017 v _0527_/Y (sky130_fd_sc_hd__nand3b_2)
                                                         _0204_ (net)
                      0.071598    0.000000    4.215017 v _0548_/B (sky130_fd_sc_hd__nor2_2)
    75    0.264599    2.713265    2.112248    6.327266 ^ _0548_/Y (sky130_fd_sc_hd__nor2_2)
                                                         _0218_ (net)
                      2.713265    0.000000    6.327266 ^ _0673_/S (sky130_fd_sc_hd__mux2_1)
     1    0.001949    0.053920    0.417713    6.744978 v _0673_/X (sky130_fd_sc_hd__mux2_1)
                                                         _0120_ (net)
                      0.053920    0.000000    6.744978 v _1163_/D (sky130_fd_sc_hd__dfrtp_2)
                                              6.744978   data arrival time

                      0.150000   20.000000   20.000000   clock clk (rise edge)
                                  0.000000   20.000000   clock network delay (ideal)
                                 -0.250000   19.750002   clock uncertainty
                                  0.000000   19.750002   clock reconvergence pessimism
                                             19.750002 ^ _1163_/CLK (sky130_fd_sc_hd__dfrtp_2)
                                 -0.095097   19.654903   library setup time
                                             19.654903   data required time
---------------------------------------------------------------------------------------------
                                             19.654903   data required time
                                             -6.744978   data arrival time
---------------------------------------------------------------------------------------------
                                             12.909926   slack (MET)


Startpoint: uio_in[1] (input port clocked by clk)
Endpoint: _1164_ (rising edge-triggered flip-flop clocked by clk)
Path Group: clk
Path Type: max

Fanout         Cap        Slew       Delay        Time   Description
---------------------------------------------------------------------------------------------
                      0.150000    0.000000    0.000000   clock clk (rise edge)
                                  0.000000    0.000000   clock network delay (ideal)
                                  4.000000    4.000000 v input external delay
     3    0.007207    0.018830    0.012222    4.012222 v uio_in[1] (in)
                                                         uio_in[1] (net)
                      0.018830    0.000000    4.012222 v _0527_/A_N (sky130_fd_sc_hd__nand3b_2)
     2    0.005539    0.071598    0.202796    4.215017 v _0527_/Y (sky130_fd_sc_hd__nand3b_2)
                                                         _0204_ (net)
                      0.071598    0.000000    4.215017 v _0548_/B (sky130_fd_sc_hd__nor2_2)
    75    0.264599    2.713265    2.112248    6.327266 ^ _0548_/Y (sky130_fd_sc_hd__nor2_2)
                                                         _0218_ (net)
                      2.713265    0.000000    6.327266 ^ _0674_/S (sky130_fd_sc_hd__mux2_1)
     1    0.001949    0.053920    0.417713    6.744978 v _0674_/X (sky130_fd_sc_hd__mux2_1)
                                                         _0121_ (net)
                      0.053920    0.000000    6.744978 v _1164_/D (sky130_fd_sc_hd__dfrtp_2)
                                              6.744978   data arrival time

                      0.150000   20.000000   20.000000   clock clk (rise edge)
                                  0.000000   20.000000   clock network delay (ideal)
                                 -0.250000   19.750002   clock uncertainty
                                  0.000000   19.750002   clock reconvergence pessimism
                                             19.750002 ^ _1164_/CLK (sky130_fd_sc_hd__dfrtp_2)
                                 -0.095097   19.654903   library setup time
                                             19.654903   data required time
---------------------------------------------------------------------------------------------
                                             19.654903   data required time
                                             -6.744978   data arrival time
---------------------------------------------------------------------------------------------
                                             12.909926   slack (MET)


Startpoint: uio_in[1] (input port clocked by clk)
Endpoint: _1165_ (rising edge-triggered flip-flop clocked by clk)
Path Group: clk
Path Type: max

Fanout         Cap        Slew       Delay        Time   Description
---------------------------------------------------------------------------------------------
                      0.150000    0.000000    0.000000   clock clk (rise edge)
                                  0.000000    0.000000   clock network delay (ideal)
                                  4.000000    4.000000 v input external delay
     3    0.007207    0.018830    0.012222    4.012222 v uio_in[1] (in)
                                                         uio_in[1] (net)
                      0.018830    0.000000    4.012222 v _0527_/A_N (sky130_fd_sc_hd__nand3b_2)
     2    0.005539    0.071598    0.202796    4.215017 v _0527_/Y (sky130_fd_sc_hd__nand3b_2)
                                                         _0204_ (net)
                      0.071598    0.000000    4.215017 v _0548_/B (sky130_fd_sc_hd__nor2_2)
    75    0.264599    2.713265    2.112248    6.327266 ^ _0548_/Y (sky130_fd_sc_hd__nor2_2)
                                                         _0218_ (net)
                      2.713265    0.000000    6.327266 ^ _0675_/S (sky130_fd_sc_hd__mux2_1)
     1    0.001949    0.053920    0.417713    6.744978 v _0675_/X (sky130_fd_sc_hd__mux2_1)
                                                         _0122_ (net)
                      0.053920    0.000000    6.744978 v _1165_/D (sky130_fd_sc_hd__dfrtp_2)
                                              6.744978   data arrival time

                      0.150000   20.000000   20.000000   clock clk (rise edge)
                                  0.000000   20.000000   clock network delay (ideal)
                                 -0.250000   19.750002   clock uncertainty
                                  0.000000   19.750002   clock reconvergence pessimism
                                             19.750002 ^ _1165_/CLK (sky130_fd_sc_hd__dfrtp_2)
                                 -0.095097   19.654903   library setup time
                                             19.654903   data required time
---------------------------------------------------------------------------------------------
                                             19.654903   data required time
                                             -6.744978   data arrival time
---------------------------------------------------------------------------------------------
                                             12.909926   slack (MET)


Startpoint: uio_in[1] (input port clocked by clk)
Endpoint: _1166_ (rising edge-triggered flip-flop clocked by clk)
Path Group: clk
Path Type: max

Fanout         Cap        Slew       Delay        Time   Description
---------------------------------------------------------------------------------------------
                      0.150000    0.000000    0.000000   clock clk (rise edge)
                                  0.000000    0.000000   clock network delay (ideal)
                                  4.000000    4.000000 v input external delay
     3    0.007207    0.018830    0.012222    4.012222 v uio_in[1] (in)
                                                         uio_in[1] (net)
                      0.018830    0.000000    4.012222 v _0527_/A_N (sky130_fd_sc_hd__nand3b_2)
     2    0.005539    0.071598    0.202796    4.215017 v _0527_/Y (sky130_fd_sc_hd__nand3b_2)
                                                         _0204_ (net)
                      0.071598    0.000000    4.215017 v _0548_/B (sky130_fd_sc_hd__nor2_2)
    75    0.264599    2.713265    2.112248    6.327266 ^ _0548_/Y (sky130_fd_sc_hd__nor2_2)
                                                         _0218_ (net)
                      2.713265    0.000000    6.327266 ^ _0676_/S (sky130_fd_sc_hd__mux2_1)
     1    0.001949    0.053920    0.417713    6.744978 v _0676_/X (sky130_fd_sc_hd__mux2_1)
                                                         _0123_ (net)
                      0.053920    0.000000    6.744978 v _1166_/D (sky130_fd_sc_hd__dfrtp_2)
                                              6.744978   data arrival time

                      0.150000   20.000000   20.000000   clock clk (rise edge)
                                  0.000000   20.000000   clock network delay (ideal)
                                 -0.250000   19.750002   clock uncertainty
                                  0.000000   19.750002   clock reconvergence pessimism
                                             19.750002 ^ _1166_/CLK (sky130_fd_sc_hd__dfrtp_2)
                                 -0.095097   19.654903   library setup time
                                             19.654903   data required time
---------------------------------------------------------------------------------------------
                                             19.654903   data required time
                                             -6.744978   data arrival time
---------------------------------------------------------------------------------------------
                                             12.909926   slack (MET)


Startpoint: uio_in[1] (input port clocked by clk)
Endpoint: _1167_ (rising edge-triggered flip-flop clocked by clk)
Path Group: clk
Path Type: max

Fanout         Cap        Slew       Delay        Time   Description
---------------------------------------------------------------------------------------------
                      0.150000    0.000000    0.000000   clock clk (rise edge)
                                  0.000000    0.000000   clock network delay (ideal)
                                  4.000000    4.000000 v input external delay
     3    0.007207    0.018830    0.012222    4.012222 v uio_in[1] (in)
                                                         uio_in[1] (net)
                      0.018830    0.000000    4.012222 v _0527_/A_N (sky130_fd_sc_hd__nand3b_2)
     2    0.005539    0.071598    0.202796    4.215017 v _0527_/Y (sky130_fd_sc_hd__nand3b_2)
                                                         _0204_ (net)
                      0.071598    0.000000    4.215017 v _0548_/B (sky130_fd_sc_hd__nor2_2)
    75    0.264599    2.713265    2.112248    6.327266 ^ _0548_/Y (sky130_fd_sc_hd__nor2_2)
                                                         _0218_ (net)
                      2.713265    0.000000    6.327266 ^ _0677_/S (sky130_fd_sc_hd__mux2_1)
     1    0.001949    0.053920    0.417713    6.744978 v _0677_/X (sky130_fd_sc_hd__mux2_1)
                                                         _0124_ (net)
                      0.053920    0.000000    6.744978 v _1167_/D (sky130_fd_sc_hd__dfrtp_2)
                                              6.744978   data arrival time

                      0.150000   20.000000   20.000000   clock clk (rise edge)
                                  0.000000   20.000000   clock network delay (ideal)
                                 -0.250000   19.750002   clock uncertainty
                                  0.000000   19.750002   clock reconvergence pessimism
                                             19.750002 ^ _1167_/CLK (sky130_fd_sc_hd__dfrtp_2)
                                 -0.095097   19.654903   library setup time
                                             19.654903   data required time
---------------------------------------------------------------------------------------------
                                             19.654903   data required time
                                             -6.744978   data arrival time
---------------------------------------------------------------------------------------------
                                             12.909926   slack (MET)


Startpoint: uio_in[1] (input port clocked by clk)
Endpoint: _1168_ (rising edge-triggered flip-flop clocked by clk)
Path Group: clk
Path Type: max

Fanout         Cap        Slew       Delay        Time   Description
---------------------------------------------------------------------------------------------
                      0.150000    0.000000    0.000000   clock clk (rise edge)
                                  0.000000    0.000000   clock network delay (ideal)
                                  4.000000    4.000000 v input external delay
     3    0.007207    0.018830    0.012222    4.012222 v uio_in[1] (in)
                                                         uio_in[1] (net)
                      0.018830    0.000000    4.012222 v _0527_/A_N (sky130_fd_sc_hd__nand3b_2)
     2    0.005539    0.071598    0.202796    4.215017 v _0527_/Y (sky130_fd_sc_hd__nand3b_2)
                                                         _0204_ (net)
                      0.071598    0.000000    4.215017 v _0548_/B (sky130_fd_sc_hd__nor2_2)
    75    0.264599    2.713265    2.112248    6.327266 ^ _0548_/Y (sky130_fd_sc_hd__nor2_2)
                                                         _0218_ (net)
                      2.713265    0.000000    6.327266 ^ _0678_/S (sky130_fd_sc_hd__mux2_1)
     1    0.001949    0.053920    0.417713    6.744978 v _0678_/X (sky130_fd_sc_hd__mux2_1)
                                                         _0125_ (net)
                      0.053920    0.000000    6.744978 v _1168_/D (sky130_fd_sc_hd__dfrtp_2)
                                              6.744978   data arrival time

                      0.150000   20.000000   20.000000   clock clk (rise edge)
                                  0.000000   20.000000   clock network delay (ideal)
                                 -0.250000   19.750002   clock uncertainty
                                  0.000000   19.750002   clock reconvergence pessimism
                                             19.750002 ^ _1168_/CLK (sky130_fd_sc_hd__dfrtp_2)
                                 -0.095097   19.654903   library setup time
                                             19.654903   data required time
---------------------------------------------------------------------------------------------
                                             19.654903   data required time
                                             -6.744978   data arrival time
---------------------------------------------------------------------------------------------
                                             12.909926   slack (MET)


Startpoint: uio_in[1] (input port clocked by clk)
Endpoint: _1169_ (rising edge-triggered flip-flop clocked by clk)
Path Group: clk
Path Type: max

Fanout         Cap        Slew       Delay        Time   Description
---------------------------------------------------------------------------------------------
                      0.150000    0.000000    0.000000   clock clk (rise edge)
                                  0.000000    0.000000   clock network delay (ideal)
                                  4.000000    4.000000 v input external delay
     3    0.007207    0.018830    0.012222    4.012222 v uio_in[1] (in)
                                                         uio_in[1] (net)
                      0.018830    0.000000    4.012222 v _0527_/A_N (sky130_fd_sc_hd__nand3b_2)
     2    0.005539    0.071598    0.202796    4.215017 v _0527_/Y (sky130_fd_sc_hd__nand3b_2)
                                                         _0204_ (net)
                      0.071598    0.000000    4.215017 v _0548_/B (sky130_fd_sc_hd__nor2_2)
    75    0.264599    2.713265    2.112248    6.327266 ^ _0548_/Y (sky130_fd_sc_hd__nor2_2)
                                                         _0218_ (net)
                      2.713265    0.000000    6.327266 ^ _0679_/S (sky130_fd_sc_hd__mux2_1)
     1    0.001949    0.053920    0.417713    6.744978 v _0679_/X (sky130_fd_sc_hd__mux2_1)
                                                         _0126_ (net)
                      0.053920    0.000000    6.744978 v _1169_/D (sky130_fd_sc_hd__dfrtp_2)
                                              6.744978   data arrival time

                      0.150000   20.000000   20.000000   clock clk (rise edge)
                                  0.000000   20.000000   clock network delay (ideal)
                                 -0.250000   19.750002   clock uncertainty
                                  0.000000   19.750002   clock reconvergence pessimism
                                             19.750002 ^ _1169_/CLK (sky130_fd_sc_hd__dfrtp_2)
                                 -0.095097   19.654903   library setup time
                                             19.654903   data required time
---------------------------------------------------------------------------------------------
                                             19.654903   data required time
                                             -6.744978   data arrival time
---------------------------------------------------------------------------------------------
                                             12.909926   slack (MET)


Startpoint: uio_in[1] (input port clocked by clk)
Endpoint: _1170_ (rising edge-triggered flip-flop clocked by clk)
Path Group: clk
Path Type: max

Fanout         Cap        Slew       Delay        Time   Description
---------------------------------------------------------------------------------------------
                      0.150000    0.000000    0.000000   clock clk (rise edge)
                                  0.000000    0.000000   clock network delay (ideal)
                                  4.000000    4.000000 v input external delay
     3    0.007207    0.018830    0.012222    4.012222 v uio_in[1] (in)
                                                         uio_in[1] (net)
                      0.018830    0.000000    4.012222 v _0527_/A_N (sky130_fd_sc_hd__nand3b_2)
     2    0.005539    0.071598    0.202796    4.215017 v _0527_/Y (sky130_fd_sc_hd__nand3b_2)
                                                         _0204_ (net)
                      0.071598    0.000000    4.215017 v _0548_/B (sky130_fd_sc_hd__nor2_2)
    75    0.264599    2.713265    2.112248    6.327266 ^ _0548_/Y (sky130_fd_sc_hd__nor2_2)
                                                         _0218_ (net)
                      2.713265    0.000000    6.327266 ^ _0680_/S (sky130_fd_sc_hd__mux2_1)
     1    0.001949    0.053920    0.417713    6.744978 v _0680_/X (sky130_fd_sc_hd__mux2_1)
                                                         _0127_ (net)
                      0.053920    0.000000    6.744978 v _1170_/D (sky130_fd_sc_hd__dfrtp_2)
                                              6.744978   data arrival time

                      0.150000   20.000000   20.000000   clock clk (rise edge)
                                  0.000000   20.000000   clock network delay (ideal)
                                 -0.250000   19.750002   clock uncertainty
                                  0.000000   19.750002   clock reconvergence pessimism
                                             19.750002 ^ _1170_/CLK (sky130_fd_sc_hd__dfrtp_2)
                                 -0.095097   19.654903   library setup time
                                             19.654903   data required time
---------------------------------------------------------------------------------------------
                                             19.654903   data required time
                                             -6.744978   data arrival time
---------------------------------------------------------------------------------------------
                                             12.909926   slack (MET)


Startpoint: uio_in[1] (input port clocked by clk)
Endpoint: _1171_ (rising edge-triggered flip-flop clocked by clk)
Path Group: clk
Path Type: max

Fanout         Cap        Slew       Delay        Time   Description
---------------------------------------------------------------------------------------------
                      0.150000    0.000000    0.000000   clock clk (rise edge)
                                  0.000000    0.000000   clock network delay (ideal)
                                  4.000000    4.000000 v input external delay
     3    0.007207    0.018830    0.012222    4.012222 v uio_in[1] (in)
                                                         uio_in[1] (net)
                      0.018830    0.000000    4.012222 v _0527_/A_N (sky130_fd_sc_hd__nand3b_2)
     2    0.005539    0.071598    0.202796    4.215017 v _0527_/Y (sky130_fd_sc_hd__nand3b_2)
                                                         _0204_ (net)
                      0.071598    0.000000    4.215017 v _0548_/B (sky130_fd_sc_hd__nor2_2)
    75    0.264599    2.713265    2.112248    6.327266 ^ _0548_/Y (sky130_fd_sc_hd__nor2_2)
                                                         _0218_ (net)
                      2.713265    0.000000    6.327266 ^ _0681_/S (sky130_fd_sc_hd__mux2_1)
     1    0.001949    0.053920    0.417713    6.744978 v _0681_/X (sky130_fd_sc_hd__mux2_1)
                                                         _0128_ (net)
                      0.053920    0.000000    6.744978 v _1171_/D (sky130_fd_sc_hd__dfrtp_2)
                                              6.744978   data arrival time

                      0.150000   20.000000   20.000000   clock clk (rise edge)
                                  0.000000   20.000000   clock network delay (ideal)
                                 -0.250000   19.750002   clock uncertainty
                                  0.000000   19.750002   clock reconvergence pessimism
                                             19.750002 ^ _1171_/CLK (sky130_fd_sc_hd__dfrtp_2)
                                 -0.095097   19.654903   library setup time
                                             19.654903   data required time
---------------------------------------------------------------------------------------------
                                             19.654903   data required time
                                             -6.744978   data arrival time
---------------------------------------------------------------------------------------------
                                             12.909926   slack (MET)


Startpoint: uio_in[1] (input port clocked by clk)
Endpoint: _1172_ (rising edge-triggered flip-flop clocked by clk)
Path Group: clk
Path Type: max

Fanout         Cap        Slew       Delay        Time   Description
---------------------------------------------------------------------------------------------
                      0.150000    0.000000    0.000000   clock clk (rise edge)
                                  0.000000    0.000000   clock network delay (ideal)
                                  4.000000    4.000000 v input external delay
     3    0.007207    0.018830    0.012222    4.012222 v uio_in[1] (in)
                                                         uio_in[1] (net)
                      0.018830    0.000000    4.012222 v _0527_/A_N (sky130_fd_sc_hd__nand3b_2)
     2    0.005539    0.071598    0.202796    4.215017 v _0527_/Y (sky130_fd_sc_hd__nand3b_2)
                                                         _0204_ (net)
                      0.071598    0.000000    4.215017 v _0548_/B (sky130_fd_sc_hd__nor2_2)
    75    0.264599    2.713265    2.112248    6.327266 ^ _0548_/Y (sky130_fd_sc_hd__nor2_2)
                                                         _0218_ (net)
                      2.713265    0.000000    6.327266 ^ _0682_/S (sky130_fd_sc_hd__mux2_1)
     1    0.001949    0.053920    0.417713    6.744978 v _0682_/X (sky130_fd_sc_hd__mux2_1)
                                                         _0129_ (net)
                      0.053920    0.000000    6.744978 v _1172_/D (sky130_fd_sc_hd__dfrtp_2)
                                              6.744978   data arrival time

                      0.150000   20.000000   20.000000   clock clk (rise edge)
                                  0.000000   20.000000   clock network delay (ideal)
                                 -0.250000   19.750002   clock uncertainty
                                  0.000000   19.750002   clock reconvergence pessimism
                                             19.750002 ^ _1172_/CLK (sky130_fd_sc_hd__dfrtp_2)
                                 -0.095097   19.654903   library setup time
                                             19.654903   data required time
---------------------------------------------------------------------------------------------
                                             19.654903   data required time
                                             -6.744978   data arrival time
---------------------------------------------------------------------------------------------
                                             12.909926   slack (MET)


Startpoint: uio_in[1] (input port clocked by clk)
Endpoint: _1173_ (rising edge-triggered flip-flop clocked by clk)
Path Group: clk
Path Type: max

Fanout         Cap        Slew       Delay        Time   Description
---------------------------------------------------------------------------------------------
                      0.150000    0.000000    0.000000   clock clk (rise edge)
                                  0.000000    0.000000   clock network delay (ideal)
                                  4.000000    4.000000 v input external delay
     3    0.007207    0.018830    0.012222    4.012222 v uio_in[1] (in)
                                                         uio_in[1] (net)
                      0.018830    0.000000    4.012222 v _0527_/A_N (sky130_fd_sc_hd__nand3b_2)
     2    0.005539    0.071598    0.202796    4.215017 v _0527_/Y (sky130_fd_sc_hd__nand3b_2)
                                                         _0204_ (net)
                      0.071598    0.000000    4.215017 v _0548_/B (sky130_fd_sc_hd__nor2_2)
    75    0.264599    2.713265    2.112248    6.327266 ^ _0548_/Y (sky130_fd_sc_hd__nor2_2)
                                                         _0218_ (net)
                      2.713265    0.000000    6.327266 ^ _0683_/S (sky130_fd_sc_hd__mux2_1)
     1    0.001949    0.053920    0.417713    6.744978 v _0683_/X (sky130_fd_sc_hd__mux2_1)
                                                         _0130_ (net)
                      0.053920    0.000000    6.744978 v _1173_/D (sky130_fd_sc_hd__dfrtp_2)
                                              6.744978   data arrival time

                      0.150000   20.000000   20.000000   clock clk (rise edge)
                                  0.000000   20.000000   clock network delay (ideal)
                                 -0.250000   19.750002   clock uncertainty
                                  0.000000   19.750002   clock reconvergence pessimism
                                             19.750002 ^ _1173_/CLK (sky130_fd_sc_hd__dfrtp_2)
                                 -0.095097   19.654903   library setup time
                                             19.654903   data required time
---------------------------------------------------------------------------------------------
                                             19.654903   data required time
                                             -6.744978   data arrival time
---------------------------------------------------------------------------------------------
                                             12.909926   slack (MET)


Startpoint: uio_in[1] (input port clocked by clk)
Endpoint: _1174_ (rising edge-triggered flip-flop clocked by clk)
Path Group: clk
Path Type: max

Fanout         Cap        Slew       Delay        Time   Description
---------------------------------------------------------------------------------------------
                      0.150000    0.000000    0.000000   clock clk (rise edge)
                                  0.000000    0.000000   clock network delay (ideal)
                                  4.000000    4.000000 v input external delay
     3    0.007207    0.018830    0.012222    4.012222 v uio_in[1] (in)
                                                         uio_in[1] (net)
                      0.018830    0.000000    4.012222 v _0527_/A_N (sky130_fd_sc_hd__nand3b_2)
     2    0.005539    0.071598    0.202796    4.215017 v _0527_/Y (sky130_fd_sc_hd__nand3b_2)
                                                         _0204_ (net)
                      0.071598    0.000000    4.215017 v _0548_/B (sky130_fd_sc_hd__nor2_2)
    75    0.264599    2.713265    2.112248    6.327266 ^ _0548_/Y (sky130_fd_sc_hd__nor2_2)
                                                         _0218_ (net)
                      2.713265    0.000000    6.327266 ^ _0684_/S (sky130_fd_sc_hd__mux2_1)
     1    0.001949    0.053920    0.417713    6.744978 v _0684_/X (sky130_fd_sc_hd__mux2_1)
                                                         _0131_ (net)
                      0.053920    0.000000    6.744978 v _1174_/D (sky130_fd_sc_hd__dfrtp_2)
                                              6.744978   data arrival time

                      0.150000   20.000000   20.000000   clock clk (rise edge)
                                  0.000000   20.000000   clock network delay (ideal)
                                 -0.250000   19.750002   clock uncertainty
                                  0.000000   19.750002   clock reconvergence pessimism
                                             19.750002 ^ _1174_/CLK (sky130_fd_sc_hd__dfrtp_2)
                                 -0.095097   19.654903   library setup time
                                             19.654903   data required time
---------------------------------------------------------------------------------------------
                                             19.654903   data required time
                                             -6.744978   data arrival time
---------------------------------------------------------------------------------------------
                                             12.909926   slack (MET)


Startpoint: uio_in[1] (input port clocked by clk)
Endpoint: _1175_ (rising edge-triggered flip-flop clocked by clk)
Path Group: clk
Path Type: max

Fanout         Cap        Slew       Delay        Time   Description
---------------------------------------------------------------------------------------------
                      0.150000    0.000000    0.000000   clock clk (rise edge)
                                  0.000000    0.000000   clock network delay (ideal)
                                  4.000000    4.000000 v input external delay
     3    0.007207    0.018830    0.012222    4.012222 v uio_in[1] (in)
                                                         uio_in[1] (net)
                      0.018830    0.000000    4.012222 v _0527_/A_N (sky130_fd_sc_hd__nand3b_2)
     2    0.005539    0.071598    0.202796    4.215017 v _0527_/Y (sky130_fd_sc_hd__nand3b_2)
                                                         _0204_ (net)
                      0.071598    0.000000    4.215017 v _0548_/B (sky130_fd_sc_hd__nor2_2)
    75    0.264599    2.713265    2.112248    6.327266 ^ _0548_/Y (sky130_fd_sc_hd__nor2_2)
                                                         _0218_ (net)
                      2.713265    0.000000    6.327266 ^ _0685_/S (sky130_fd_sc_hd__mux2_1)
     1    0.001949    0.053920    0.417713    6.744978 v _0685_/X (sky130_fd_sc_hd__mux2_1)
                                                         _0132_ (net)
                      0.053920    0.000000    6.744978 v _1175_/D (sky130_fd_sc_hd__dfrtp_2)
                                              6.744978   data arrival time

                      0.150000   20.000000   20.000000   clock clk (rise edge)
                                  0.000000   20.000000   clock network delay (ideal)
                                 -0.250000   19.750002   clock uncertainty
                                  0.000000   19.750002   clock reconvergence pessimism
                                             19.750002 ^ _1175_/CLK (sky130_fd_sc_hd__dfrtp_2)
                                 -0.095097   19.654903   library setup time
                                             19.654903   data required time
---------------------------------------------------------------------------------------------
                                             19.654903   data required time
                                             -6.744978   data arrival time
---------------------------------------------------------------------------------------------
                                             12.909926   slack (MET)


Startpoint: uio_in[1] (input port clocked by clk)
Endpoint: _1176_ (rising edge-triggered flip-flop clocked by clk)
Path Group: clk
Path Type: max

Fanout         Cap        Slew       Delay        Time   Description
---------------------------------------------------------------------------------------------
                      0.150000    0.000000    0.000000   clock clk (rise edge)
                                  0.000000    0.000000   clock network delay (ideal)
                                  4.000000    4.000000 v input external delay
     3    0.007207    0.018830    0.012222    4.012222 v uio_in[1] (in)
                                                         uio_in[1] (net)
                      0.018830    0.000000    4.012222 v _0527_/A_N (sky130_fd_sc_hd__nand3b_2)
     2    0.005539    0.071598    0.202796    4.215017 v _0527_/Y (sky130_fd_sc_hd__nand3b_2)
                                                         _0204_ (net)
                      0.071598    0.000000    4.215017 v _0548_/B (sky130_fd_sc_hd__nor2_2)
    75    0.264599    2.713265    2.112248    6.327266 ^ _0548_/Y (sky130_fd_sc_hd__nor2_2)
                                                         _0218_ (net)
                      2.713265    0.000000    6.327266 ^ _0686_/S (sky130_fd_sc_hd__mux2_1)
     1    0.001949    0.053920    0.417713    6.744978 v _0686_/X (sky130_fd_sc_hd__mux2_1)
                                                         _0133_ (net)
                      0.053920    0.000000    6.744978 v _1176_/D (sky130_fd_sc_hd__dfrtp_2)
                                              6.744978   data arrival time

                      0.150000   20.000000   20.000000   clock clk (rise edge)
                                  0.000000   20.000000   clock network delay (ideal)
                                 -0.250000   19.750002   clock uncertainty
                                  0.000000   19.750002   clock reconvergence pessimism
                                             19.750002 ^ _1176_/CLK (sky130_fd_sc_hd__dfrtp_2)
                                 -0.095097   19.654903   library setup time
                                             19.654903   data required time
---------------------------------------------------------------------------------------------
                                             19.654903   data required time
                                             -6.744978   data arrival time
---------------------------------------------------------------------------------------------
                                             12.909926   slack (MET)


Startpoint: uio_in[1] (input port clocked by clk)
Endpoint: _1177_ (rising edge-triggered flip-flop clocked by clk)
Path Group: clk
Path Type: max

Fanout         Cap        Slew       Delay        Time   Description
---------------------------------------------------------------------------------------------
                      0.150000    0.000000    0.000000   clock clk (rise edge)
                                  0.000000    0.000000   clock network delay (ideal)
                                  4.000000    4.000000 v input external delay
     3    0.007207    0.018830    0.012222    4.012222 v uio_in[1] (in)
                                                         uio_in[1] (net)
                      0.018830    0.000000    4.012222 v _0527_/A_N (sky130_fd_sc_hd__nand3b_2)
     2    0.005539    0.071598    0.202796    4.215017 v _0527_/Y (sky130_fd_sc_hd__nand3b_2)
                                                         _0204_ (net)
                      0.071598    0.000000    4.215017 v _0548_/B (sky130_fd_sc_hd__nor2_2)
    75    0.264599    2.713265    2.112248    6.327266 ^ _0548_/Y (sky130_fd_sc_hd__nor2_2)
                                                         _0218_ (net)
                      2.713265    0.000000    6.327266 ^ _0687_/S (sky130_fd_sc_hd__mux2_1)
     1    0.001949    0.053920    0.417713    6.744978 v _0687_/X (sky130_fd_sc_hd__mux2_1)
                                                         _0134_ (net)
                      0.053920    0.000000    6.744978 v _1177_/D (sky130_fd_sc_hd__dfrtp_2)
                                              6.744978   data arrival time

                      0.150000   20.000000   20.000000   clock clk (rise edge)
                                  0.000000   20.000000   clock network delay (ideal)
                                 -0.250000   19.750002   clock uncertainty
                                  0.000000   19.750002   clock reconvergence pessimism
                                             19.750002 ^ _1177_/CLK (sky130_fd_sc_hd__dfrtp_2)
                                 -0.095097   19.654903   library setup time
                                             19.654903   data required time
---------------------------------------------------------------------------------------------
                                             19.654903   data required time
                                             -6.744978   data arrival time
---------------------------------------------------------------------------------------------
                                             12.909926   slack (MET)


Startpoint: uio_in[1] (input port clocked by clk)
Endpoint: _1178_ (rising edge-triggered flip-flop clocked by clk)
Path Group: clk
Path Type: max

Fanout         Cap        Slew       Delay        Time   Description
---------------------------------------------------------------------------------------------
                      0.150000    0.000000    0.000000   clock clk (rise edge)
                                  0.000000    0.000000   clock network delay (ideal)
                                  4.000000    4.000000 v input external delay
     3    0.007207    0.018830    0.012222    4.012222 v uio_in[1] (in)
                                                         uio_in[1] (net)
                      0.018830    0.000000    4.012222 v _0527_/A_N (sky130_fd_sc_hd__nand3b_2)
     2    0.005539    0.071598    0.202796    4.215017 v _0527_/Y (sky130_fd_sc_hd__nand3b_2)
                                                         _0204_ (net)
                      0.071598    0.000000    4.215017 v _0548_/B (sky130_fd_sc_hd__nor2_2)
    75    0.264599    2.713265    2.112248    6.327266 ^ _0548_/Y (sky130_fd_sc_hd__nor2_2)
                                                         _0218_ (net)
                      2.713265    0.000000    6.327266 ^ _0688_/S (sky130_fd_sc_hd__mux2_1)
     1    0.001949    0.053920    0.417713    6.744978 v _0688_/X (sky130_fd_sc_hd__mux2_1)
                                                         _0135_ (net)
                      0.053920    0.000000    6.744978 v _1178_/D (sky130_fd_sc_hd__dfrtp_2)
                                              6.744978   data arrival time

                      0.150000   20.000000   20.000000   clock clk (rise edge)
                                  0.000000   20.000000   clock network delay (ideal)
                                 -0.250000   19.750002   clock uncertainty
                                  0.000000   19.750002   clock reconvergence pessimism
                                             19.750002 ^ _1178_/CLK (sky130_fd_sc_hd__dfrtp_2)
                                 -0.095097   19.654903   library setup time
                                             19.654903   data required time
---------------------------------------------------------------------------------------------
                                             19.654903   data required time
                                             -6.744978   data arrival time
---------------------------------------------------------------------------------------------
                                             12.909926   slack (MET)


Startpoint: uio_in[1] (input port clocked by clk)
Endpoint: _1179_ (rising edge-triggered flip-flop clocked by clk)
Path Group: clk
Path Type: max

Fanout         Cap        Slew       Delay        Time   Description
---------------------------------------------------------------------------------------------
                      0.150000    0.000000    0.000000   clock clk (rise edge)
                                  0.000000    0.000000   clock network delay (ideal)
                                  4.000000    4.000000 v input external delay
     3    0.007207    0.018830    0.012222    4.012222 v uio_in[1] (in)
                                                         uio_in[1] (net)
                      0.018830    0.000000    4.012222 v _0527_/A_N (sky130_fd_sc_hd__nand3b_2)
     2    0.005539    0.071598    0.202796    4.215017 v _0527_/Y (sky130_fd_sc_hd__nand3b_2)
                                                         _0204_ (net)
                      0.071598    0.000000    4.215017 v _0548_/B (sky130_fd_sc_hd__nor2_2)
    75    0.264599    2.713265    2.112248    6.327266 ^ _0548_/Y (sky130_fd_sc_hd__nor2_2)
                                                         _0218_ (net)
                      2.713265    0.000000    6.327266 ^ _0689_/S (sky130_fd_sc_hd__mux2_1)
     1    0.001949    0.053920    0.417713    6.744978 v _0689_/X (sky130_fd_sc_hd__mux2_1)
                                                         _0136_ (net)
                      0.053920    0.000000    6.744978 v _1179_/D (sky130_fd_sc_hd__dfrtp_2)
                                              6.744978   data arrival time

                      0.150000   20.000000   20.000000   clock clk (rise edge)
                                  0.000000   20.000000   clock network delay (ideal)
                                 -0.250000   19.750002   clock uncertainty
                                  0.000000   19.750002   clock reconvergence pessimism
                                             19.750002 ^ _1179_/CLK (sky130_fd_sc_hd__dfrtp_2)
                                 -0.095097   19.654903   library setup time
                                             19.654903   data required time
---------------------------------------------------------------------------------------------
                                             19.654903   data required time
                                             -6.744978   data arrival time
---------------------------------------------------------------------------------------------
                                             12.909926   slack (MET)


Startpoint: uio_in[1] (input port clocked by clk)
Endpoint: _1246_ (rising edge-triggered flip-flop clocked by clk)
Path Group: clk
Path Type: max

Fanout         Cap        Slew       Delay        Time   Description
---------------------------------------------------------------------------------------------
                      0.150000    0.000000    0.000000   clock clk (rise edge)
                                  0.000000    0.000000   clock network delay (ideal)
                                  4.000000    4.000000 v input external delay
     3    0.007207    0.018830    0.012222    4.012222 v uio_in[1] (in)
                                                         uio_in[1] (net)
                      0.018830    0.000000    4.012222 v _0527_/A_N (sky130_fd_sc_hd__nand3b_2)
     2    0.005539    0.071598    0.202796    4.215017 v _0527_/Y (sky130_fd_sc_hd__nand3b_2)
                                                         _0204_ (net)
                      0.071598    0.000000    4.215017 v _0548_/B (sky130_fd_sc_hd__nor2_2)
    75    0.264599    2.713265    2.112248    6.327266 ^ _0548_/Y (sky130_fd_sc_hd__nor2_2)
                                                         _0218_ (net)
                      2.713265    0.000000    6.327266 ^ _1044_/S (sky130_fd_sc_hd__mux2_1)
     1    0.001949    0.053920    0.417713    6.744978 v _1044_/X (sky130_fd_sc_hd__mux2_1)
                                                         _0196_ (net)
                      0.053920    0.000000    6.744978 v _1246_/D (sky130_fd_sc_hd__dfrtp_2)
                                              6.744978   data arrival time

                      0.150000   20.000000   20.000000   clock clk (rise edge)
                                  0.000000   20.000000   clock network delay (ideal)
                                 -0.250000   19.750002   clock uncertainty
                                  0.000000   19.750002   clock reconvergence pessimism
                                             19.750002 ^ _1246_/CLK (sky130_fd_sc_hd__dfrtp_2)
                                 -0.095097   19.654903   library setup time
                                             19.654903   data required time
---------------------------------------------------------------------------------------------
                                             19.654903   data required time
                                             -6.744978   data arrival time
---------------------------------------------------------------------------------------------
                                             12.909926   slack (MET)


Startpoint: uio_in[1] (input port clocked by clk)
Endpoint: _1247_ (rising edge-triggered flip-flop clocked by clk)
Path Group: clk
Path Type: max

Fanout         Cap        Slew       Delay        Time   Description
---------------------------------------------------------------------------------------------
                      0.150000    0.000000    0.000000   clock clk (rise edge)
                                  0.000000    0.000000   clock network delay (ideal)
                                  4.000000    4.000000 v input external delay
     3    0.007207    0.018830    0.012222    4.012222 v uio_in[1] (in)
                                                         uio_in[1] (net)
                      0.018830    0.000000    4.012222 v _0527_/A_N (sky130_fd_sc_hd__nand3b_2)
     2    0.005539    0.071598    0.202796    4.215017 v _0527_/Y (sky130_fd_sc_hd__nand3b_2)
                                                         _0204_ (net)
                      0.071598    0.000000    4.215017 v _0548_/B (sky130_fd_sc_hd__nor2_2)
    75    0.264599    2.713265    2.112248    6.327266 ^ _0548_/Y (sky130_fd_sc_hd__nor2_2)
                                                         _0218_ (net)
                      2.713265    0.000000    6.327266 ^ _1045_/S (sky130_fd_sc_hd__mux2_1)
     1    0.001949    0.053920    0.417713    6.744978 v _1045_/X (sky130_fd_sc_hd__mux2_1)
                                                         _0197_ (net)
                      0.053920    0.000000    6.744978 v _1247_/D (sky130_fd_sc_hd__dfrtp_2)
                                              6.744978   data arrival time

                      0.150000   20.000000   20.000000   clock clk (rise edge)
                                  0.000000   20.000000   clock network delay (ideal)
                                 -0.250000   19.750002   clock uncertainty
                                  0.000000   19.750002   clock reconvergence pessimism
                                             19.750002 ^ _1247_/CLK (sky130_fd_sc_hd__dfrtp_2)
                                 -0.095097   19.654903   library setup time
                                             19.654903   data required time
---------------------------------------------------------------------------------------------
                                             19.654903   data required time
                                             -6.744978   data arrival time
---------------------------------------------------------------------------------------------
                                             12.909926   slack (MET)


Startpoint: uio_in[1] (input port clocked by clk)
Endpoint: _1248_ (rising edge-triggered flip-flop clocked by clk)
Path Group: clk
Path Type: max

Fanout         Cap        Slew       Delay        Time   Description
---------------------------------------------------------------------------------------------
                      0.150000    0.000000    0.000000   clock clk (rise edge)
                                  0.000000    0.000000   clock network delay (ideal)
                                  4.000000    4.000000 v input external delay
     3    0.007207    0.018830    0.012222    4.012222 v uio_in[1] (in)
                                                         uio_in[1] (net)
                      0.018830    0.000000    4.012222 v _0527_/A_N (sky130_fd_sc_hd__nand3b_2)
     2    0.005539    0.071598    0.202796    4.215017 v _0527_/Y (sky130_fd_sc_hd__nand3b_2)
                                                         _0204_ (net)
                      0.071598    0.000000    4.215017 v _0548_/B (sky130_fd_sc_hd__nor2_2)
    75    0.264599    2.713265    2.112248    6.327266 ^ _0548_/Y (sky130_fd_sc_hd__nor2_2)
                                                         _0218_ (net)
                      2.713265    0.000000    6.327266 ^ _1046_/S (sky130_fd_sc_hd__mux2_1)
     1    0.001949    0.053920    0.417713    6.744978 v _1046_/X (sky130_fd_sc_hd__mux2_1)
                                                         _0198_ (net)
                      0.053920    0.000000    6.744978 v _1248_/D (sky130_fd_sc_hd__dfrtp_2)
                                              6.744978   data arrival time

                      0.150000   20.000000   20.000000   clock clk (rise edge)
                                  0.000000   20.000000   clock network delay (ideal)
                                 -0.250000   19.750002   clock uncertainty
                                  0.000000   19.750002   clock reconvergence pessimism
                                             19.750002 ^ _1248_/CLK (sky130_fd_sc_hd__dfrtp_2)
                                 -0.095097   19.654903   library setup time
                                             19.654903   data required time
---------------------------------------------------------------------------------------------
                                             19.654903   data required time
                                             -6.744978   data arrival time
---------------------------------------------------------------------------------------------
                                             12.909926   slack (MET)


Startpoint: uio_in[1] (input port clocked by clk)
Endpoint: _1249_ (rising edge-triggered flip-flop clocked by clk)
Path Group: clk
Path Type: max

Fanout         Cap        Slew       Delay        Time   Description
---------------------------------------------------------------------------------------------
                      0.150000    0.000000    0.000000   clock clk (rise edge)
                                  0.000000    0.000000   clock network delay (ideal)
                                  4.000000    4.000000 v input external delay
     3    0.007207    0.018830    0.012222    4.012222 v uio_in[1] (in)
                                                         uio_in[1] (net)
                      0.018830    0.000000    4.012222 v _0527_/A_N (sky130_fd_sc_hd__nand3b_2)
     2    0.005539    0.071598    0.202796    4.215017 v _0527_/Y (sky130_fd_sc_hd__nand3b_2)
                                                         _0204_ (net)
                      0.071598    0.000000    4.215017 v _0548_/B (sky130_fd_sc_hd__nor2_2)
    75    0.264599    2.713265    2.112248    6.327266 ^ _0548_/Y (sky130_fd_sc_hd__nor2_2)
                                                         _0218_ (net)
                      2.713265    0.000000    6.327266 ^ _1047_/S (sky130_fd_sc_hd__mux2_1)
     1    0.001949    0.053920    0.417713    6.744978 v _1047_/X (sky130_fd_sc_hd__mux2_1)
                                                         _0199_ (net)
                      0.053920    0.000000    6.744978 v _1249_/D (sky130_fd_sc_hd__dfrtp_2)
                                              6.744978   data arrival time

                      0.150000   20.000000   20.000000   clock clk (rise edge)
                                  0.000000   20.000000   clock network delay (ideal)
                                 -0.250000   19.750002   clock uncertainty
                                  0.000000   19.750002   clock reconvergence pessimism
                                             19.750002 ^ _1249_/CLK (sky130_fd_sc_hd__dfrtp_2)
                                 -0.095097   19.654903   library setup time
                                             19.654903   data required time
---------------------------------------------------------------------------------------------
                                             19.654903   data required time
                                             -6.744978   data arrival time
---------------------------------------------------------------------------------------------
                                             12.909926   slack (MET)


Startpoint: uio_in[1] (input port clocked by clk)
Endpoint: _1250_ (rising edge-triggered flip-flop clocked by clk)
Path Group: clk
Path Type: max

Fanout         Cap        Slew       Delay        Time   Description
---------------------------------------------------------------------------------------------
                      0.150000    0.000000    0.000000   clock clk (rise edge)
                                  0.000000    0.000000   clock network delay (ideal)
                                  4.000000    4.000000 v input external delay
     3    0.007207    0.018830    0.012222    4.012222 v uio_in[1] (in)
                                                         uio_in[1] (net)
                      0.018830    0.000000    4.012222 v _0527_/A_N (sky130_fd_sc_hd__nand3b_2)
     2    0.005539    0.071598    0.202796    4.215017 v _0527_/Y (sky130_fd_sc_hd__nand3b_2)
                                                         _0204_ (net)
                      0.071598    0.000000    4.215017 v _0548_/B (sky130_fd_sc_hd__nor2_2)
    75    0.264599    2.713265    2.112248    6.327266 ^ _0548_/Y (sky130_fd_sc_hd__nor2_2)
                                                         _0218_ (net)
                      2.713265    0.000000    6.327266 ^ _1048_/S (sky130_fd_sc_hd__mux2_1)
     1    0.001949    0.053920    0.417713    6.744978 v _1048_/X (sky130_fd_sc_hd__mux2_1)
                                                         _0200_ (net)
                      0.053920    0.000000    6.744978 v _1250_/D (sky130_fd_sc_hd__dfrtp_2)
                                              6.744978   data arrival time

                      0.150000   20.000000   20.000000   clock clk (rise edge)
                                  0.000000   20.000000   clock network delay (ideal)
                                 -0.250000   19.750002   clock uncertainty
                                  0.000000   19.750002   clock reconvergence pessimism
                                             19.750002 ^ _1250_/CLK (sky130_fd_sc_hd__dfrtp_2)
                                 -0.095097   19.654903   library setup time
                                             19.654903   data required time
---------------------------------------------------------------------------------------------
                                             19.654903   data required time
                                             -6.744978   data arrival time
---------------------------------------------------------------------------------------------
                                             12.909926   slack (MET)


Startpoint: uio_in[1] (input port clocked by clk)
Endpoint: _1251_ (rising edge-triggered flip-flop clocked by clk)
Path Group: clk
Path Type: max

Fanout         Cap        Slew       Delay        Time   Description
---------------------------------------------------------------------------------------------
                      0.150000    0.000000    0.000000   clock clk (rise edge)
                                  0.000000    0.000000   clock network delay (ideal)
                                  4.000000    4.000000 v input external delay
     3    0.007207    0.018830    0.012222    4.012222 v uio_in[1] (in)
                                                         uio_in[1] (net)
                      0.018830    0.000000    4.012222 v _0527_/A_N (sky130_fd_sc_hd__nand3b_2)
     2    0.005539    0.071598    0.202796    4.215017 v _0527_/Y (sky130_fd_sc_hd__nand3b_2)
                                                         _0204_ (net)
                      0.071598    0.000000    4.215017 v _0548_/B (sky130_fd_sc_hd__nor2_2)
    75    0.264599    2.713265    2.112248    6.327266 ^ _0548_/Y (sky130_fd_sc_hd__nor2_2)
                                                         _0218_ (net)
                      2.713265    0.000000    6.327266 ^ _1049_/S (sky130_fd_sc_hd__mux2_1)
     1    0.001949    0.053920    0.417713    6.744978 v _1049_/X (sky130_fd_sc_hd__mux2_1)
                                                         _0201_ (net)
                      0.053920    0.000000    6.744978 v _1251_/D (sky130_fd_sc_hd__dfrtp_2)
                                              6.744978   data arrival time

                      0.150000   20.000000   20.000000   clock clk (rise edge)
                                  0.000000   20.000000   clock network delay (ideal)
                                 -0.250000   19.750002   clock uncertainty
                                  0.000000   19.750002   clock reconvergence pessimism
                                             19.750002 ^ _1251_/CLK (sky130_fd_sc_hd__dfrtp_2)
                                 -0.095097   19.654903   library setup time
                                             19.654903   data required time
---------------------------------------------------------------------------------------------
                                             19.654903   data required time
                                             -6.744978   data arrival time
---------------------------------------------------------------------------------------------
                                             12.909926   slack (MET)


Startpoint: uio_in[1] (input port clocked by clk)
Endpoint: _1238_ (rising edge-triggered flip-flop clocked by clk)
Path Group: clk
Path Type: max

Fanout         Cap        Slew       Delay        Time   Description
---------------------------------------------------------------------------------------------
                      0.150000    0.000000    0.000000   clock clk (rise edge)
                                  0.000000    0.000000   clock network delay (ideal)
                                  4.000000    4.000000 v input external delay
     3    0.007207    0.018830    0.012222    4.012222 v uio_in[1] (in)
                                                         uio_in[1] (net)
                      0.018830    0.000000    4.012222 v _0527_/A_N (sky130_fd_sc_hd__nand3b_2)
     2    0.005539    0.071598    0.202796    4.215017 v _0527_/Y (sky130_fd_sc_hd__nand3b_2)
                                                         _0204_ (net)
                      0.071598    0.000000    4.215017 v _0548_/B (sky130_fd_sc_hd__nor2_2)
    75    0.264599    2.713265    2.112248    6.327266 ^ _0548_/Y (sky130_fd_sc_hd__nor2_2)
                                                         _0218_ (net)
                      2.713265    0.000000    6.327266 ^ _1043_/A (sky130_fd_sc_hd__nor2_2)
     1    0.001949    0.246897    0.017220    6.344486 v _1043_/Y (sky130_fd_sc_hd__nor2_2)
                                                         _0195_ (net)
                      0.246897    0.000000    6.344486 v _1238_/D (sky130_fd_sc_hd__dfrtp_2)
                                              6.344486   data arrival time

                      0.150000   20.000000   20.000000   clock clk (rise edge)
                                  0.000000   20.000000   clock network delay (ideal)
                                 -0.250000   19.750002   clock uncertainty
                                  0.000000   19.750002   clock reconvergence pessimism
                                             19.750002 ^ _1238_/CLK (sky130_fd_sc_hd__dfrtp_2)
                                 -0.179259   19.570742   library setup time
                                             19.570742   data required time
---------------------------------------------------------------------------------------------
                                             19.570742   data required time
                                             -6.344486   data arrival time
---------------------------------------------------------------------------------------------
                                             13.226256   slack (MET)


Startpoint: rst_n (input port clocked by clk)
Endpoint: _1052_ (recovery check against rising-edge clock clk)
Path Group: asynchronous
Path Type: max

Fanout         Cap        Slew       Delay        Time   Description
---------------------------------------------------------------------------------------------
                      0.150000    0.000000    0.000000   clock clk (rise edge)
                                  0.000000    0.000000   clock network delay (ideal)
                                  4.000000    4.000000 ^ input external delay
   202    0.726937    3.254360    2.334211    6.334211 ^ rst_n (in)
                                                         rst_n (net)
                      3.254360    0.000000    6.334211 ^ _1052_/SET_B (sky130_fd_sc_hd__dfstp_2)
                                              6.334211   data arrival time

                      0.150000   20.000000   20.000000   clock clk (rise edge)
                                  0.000000   20.000000   clock network delay (ideal)
                                 -0.250000   19.750002   clock uncertainty
                                  0.000000   19.750002   clock reconvergence pessimism
                                             19.750002 ^ _1052_/CLK (sky130_fd_sc_hd__dfstp_2)
                                  0.173187   19.923189   library recovery time
                                             19.923189   data required time
---------------------------------------------------------------------------------------------
                                             19.923189   data required time
                                             -6.334211   data arrival time
---------------------------------------------------------------------------------------------
                                             13.588979   slack (MET)


Startpoint: rst_n (input port clocked by clk)
Endpoint: _1061_ (recovery check against rising-edge clock clk)
Path Group: asynchronous
Path Type: max

Fanout         Cap        Slew       Delay        Time   Description
---------------------------------------------------------------------------------------------
                      0.150000    0.000000    0.000000   clock clk (rise edge)
                                  0.000000    0.000000   clock network delay (ideal)
                                  4.000000    4.000000 ^ input external delay
   202    0.726937    3.254360    2.334211    6.334211 ^ rst_n (in)
                                                         rst_n (net)
                      3.254360    0.000000    6.334211 ^ _1061_/SET_B (sky130_fd_sc_hd__dfstp_2)
                                              6.334211   data arrival time

                      0.150000   20.000000   20.000000   clock clk (rise edge)
                                  0.000000   20.000000   clock network delay (ideal)
                                 -0.250000   19.750002   clock uncertainty
                                  0.000000   19.750002   clock reconvergence pessimism
                                             19.750002 ^ _1061_/CLK (sky130_fd_sc_hd__dfstp_2)
                                  0.173187   19.923189   library recovery time
                                             19.923189   data required time
---------------------------------------------------------------------------------------------
                                             19.923189   data required time
                                             -6.334211   data arrival time
---------------------------------------------------------------------------------------------
                                             13.588979   slack (MET)


Startpoint: rst_n (input port clocked by clk)
Endpoint: _1068_ (recovery check against rising-edge clock clk)
Path Group: asynchronous
Path Type: max

Fanout         Cap        Slew       Delay        Time   Description
---------------------------------------------------------------------------------------------
                      0.150000    0.000000    0.000000   clock clk (rise edge)
                                  0.000000    0.000000   clock network delay (ideal)
                                  4.000000    4.000000 ^ input external delay
   202    0.726937    3.254360    2.334211    6.334211 ^ rst_n (in)
                                                         rst_n (net)
                      3.254360    0.000000    6.334211 ^ _1068_/SET_B (sky130_fd_sc_hd__dfstp_2)
                                              6.334211   data arrival time

                      0.150000   20.000000   20.000000   clock clk (rise edge)
                                  0.000000   20.000000   clock network delay (ideal)
                                 -0.250000   19.750002   clock uncertainty
                                  0.000000   19.750002   clock reconvergence pessimism
                                             19.750002 ^ _1068_/CLK (sky130_fd_sc_hd__dfstp_2)
                                  0.173187   19.923189   library recovery time
                                             19.923189   data required time
---------------------------------------------------------------------------------------------
                                             19.923189   data required time
                                             -6.334211   data arrival time
---------------------------------------------------------------------------------------------
                                             13.588979   slack (MET)


Startpoint: rst_n (input port clocked by clk)
Endpoint: _1069_ (recovery check against rising-edge clock clk)
Path Group: asynchronous
Path Type: max

Fanout         Cap        Slew       Delay        Time   Description
---------------------------------------------------------------------------------------------
                      0.150000    0.000000    0.000000   clock clk (rise edge)
                                  0.000000    0.000000   clock network delay (ideal)
                                  4.000000    4.000000 ^ input external delay
   202    0.726937    3.254360    2.334211    6.334211 ^ rst_n (in)
                                                         rst_n (net)
                      3.254360    0.000000    6.334211 ^ _1069_/SET_B (sky130_fd_sc_hd__dfstp_2)
                                              6.334211   data arrival time

                      0.150000   20.000000   20.000000   clock clk (rise edge)
                                  0.000000   20.000000   clock network delay (ideal)
                                 -0.250000   19.750002   clock uncertainty
                                  0.000000   19.750002   clock reconvergence pessimism
                                             19.750002 ^ _1069_/CLK (sky130_fd_sc_hd__dfstp_2)
                                  0.173187   19.923189   library recovery time
                                             19.923189   data required time
---------------------------------------------------------------------------------------------
                                             19.923189   data required time
                                             -6.334211   data arrival time
---------------------------------------------------------------------------------------------
                                             13.588979   slack (MET)


Startpoint: rst_n (input port clocked by clk)
Endpoint: _1078_ (recovery check against rising-edge clock clk)
Path Group: asynchronous
Path Type: max

Fanout         Cap        Slew       Delay        Time   Description
---------------------------------------------------------------------------------------------
                      0.150000    0.000000    0.000000   clock clk (rise edge)
                                  0.000000    0.000000   clock network delay (ideal)
                                  4.000000    4.000000 ^ input external delay
   202    0.726937    3.254360    2.334211    6.334211 ^ rst_n (in)
                                                         rst_n (net)
                      3.254360    0.000000    6.334211 ^ _1078_/SET_B (sky130_fd_sc_hd__dfstp_2)
                                              6.334211   data arrival time

                      0.150000   20.000000   20.000000   clock clk (rise edge)
                                  0.000000   20.000000   clock network delay (ideal)
                                 -0.250000   19.750002   clock uncertainty
                                  0.000000   19.750002   clock reconvergence pessimism
                                             19.750002 ^ _1078_/CLK (sky130_fd_sc_hd__dfstp_2)
                                  0.173187   19.923189   library recovery time
                                             19.923189   data required time
---------------------------------------------------------------------------------------------
                                             19.923189   data required time
                                             -6.334211   data arrival time
---------------------------------------------------------------------------------------------
                                             13.588979   slack (MET)


Startpoint: rst_n (input port clocked by clk)
Endpoint: _1084_ (recovery check against rising-edge clock clk)
Path Group: asynchronous
Path Type: max

Fanout         Cap        Slew       Delay        Time   Description
---------------------------------------------------------------------------------------------
                      0.150000    0.000000    0.000000   clock clk (rise edge)
                                  0.000000    0.000000   clock network delay (ideal)
                                  4.000000    4.000000 ^ input external delay
   202    0.726937    3.254360    2.334211    6.334211 ^ rst_n (in)
                                                         rst_n (net)
                      3.254360    0.000000    6.334211 ^ _1084_/SET_B (sky130_fd_sc_hd__dfstp_2)
                                              6.334211   data arrival time

                      0.150000   20.000000   20.000000   clock clk (rise edge)
                                  0.000000   20.000000   clock network delay (ideal)
                                 -0.250000   19.750002   clock uncertainty
                                  0.000000   19.750002   clock reconvergence pessimism
                                             19.750002 ^ _1084_/CLK (sky130_fd_sc_hd__dfstp_2)
                                  0.173187   19.923189   library recovery time
                                             19.923189   data required time
---------------------------------------------------------------------------------------------
                                             19.923189   data required time
                                             -6.334211   data arrival time
---------------------------------------------------------------------------------------------
                                             13.588979   slack (MET)


Startpoint: rst_n (input port clocked by clk)
Endpoint: _1086_ (recovery check against rising-edge clock clk)
Path Group: asynchronous
Path Type: max

Fanout         Cap        Slew       Delay        Time   Description
---------------------------------------------------------------------------------------------
                      0.150000    0.000000    0.000000   clock clk (rise edge)
                                  0.000000    0.000000   clock network delay (ideal)
                                  4.000000    4.000000 ^ input external delay
   202    0.726937    3.254360    2.334211    6.334211 ^ rst_n (in)
                                                         rst_n (net)
                      3.254360    0.000000    6.334211 ^ _1086_/SET_B (sky130_fd_sc_hd__dfstp_2)
                                              6.334211   data arrival time

                      0.150000   20.000000   20.000000   clock clk (rise edge)
                                  0.000000   20.000000   clock network delay (ideal)
                                 -0.250000   19.750002   clock uncertainty
                                  0.000000   19.750002   clock reconvergence pessimism
                                             19.750002 ^ _1086_/CLK (sky130_fd_sc_hd__dfstp_2)
                                  0.173187   19.923189   library recovery time
                                             19.923189   data required time
---------------------------------------------------------------------------------------------
                                             19.923189   data required time
                                             -6.334211   data arrival time
---------------------------------------------------------------------------------------------
                                             13.588979   slack (MET)


Startpoint: rst_n (input port clocked by clk)
Endpoint: _1093_ (recovery check against rising-edge clock clk)
Path Group: asynchronous
Path Type: max

Fanout         Cap        Slew       Delay        Time   Description
---------------------------------------------------------------------------------------------
                      0.150000    0.000000    0.000000   clock clk (rise edge)
                                  0.000000    0.000000   clock network delay (ideal)
                                  4.000000    4.000000 ^ input external delay
   202    0.726937    3.254360    2.334211    6.334211 ^ rst_n (in)
                                                         rst_n (net)
                      3.254360    0.000000    6.334211 ^ _1093_/SET_B (sky130_fd_sc_hd__dfstp_2)
                                              6.334211   data arrival time

                      0.150000   20.000000   20.000000   clock clk (rise edge)
                                  0.000000   20.000000   clock network delay (ideal)
                                 -0.250000   19.750002   clock uncertainty
                                  0.000000   19.750002   clock reconvergence pessimism
                                             19.750002 ^ _1093_/CLK (sky130_fd_sc_hd__dfstp_2)
                                  0.173187   19.923189   library recovery time
                                             19.923189   data required time
---------------------------------------------------------------------------------------------
                                             19.923189   data required time
                                             -6.334211   data arrival time
---------------------------------------------------------------------------------------------
                                             13.588979   slack (MET)


Startpoint: rst_n (input port clocked by clk)
Endpoint: _1094_ (recovery check against rising-edge clock clk)
Path Group: asynchronous
Path Type: max

Fanout         Cap        Slew       Delay        Time   Description
---------------------------------------------------------------------------------------------
                      0.150000    0.000000    0.000000   clock clk (rise edge)
                                  0.000000    0.000000   clock network delay (ideal)
                                  4.000000    4.000000 ^ input external delay
   202    0.726937    3.254360    2.334211    6.334211 ^ rst_n (in)
                                                         rst_n (net)
                      3.254360    0.000000    6.334211 ^ _1094_/SET_B (sky130_fd_sc_hd__dfstp_2)
                                              6.334211   data arrival time

                      0.150000   20.000000   20.000000   clock clk (rise edge)
                                  0.000000   20.000000   clock network delay (ideal)
                                 -0.250000   19.750002   clock uncertainty
                                  0.000000   19.750002   clock reconvergence pessimism
                                             19.750002 ^ _1094_/CLK (sky130_fd_sc_hd__dfstp_2)
                                  0.173187   19.923189   library recovery time
                                             19.923189   data required time
---------------------------------------------------------------------------------------------
                                             19.923189   data required time
                                             -6.334211   data arrival time
---------------------------------------------------------------------------------------------
                                             13.588979   slack (MET)


Startpoint: rst_n (input port clocked by clk)
Endpoint: _1100_ (recovery check against rising-edge clock clk)
Path Group: asynchronous
Path Type: max

Fanout         Cap        Slew       Delay        Time   Description
---------------------------------------------------------------------------------------------
                      0.150000    0.000000    0.000000   clock clk (rise edge)
                                  0.000000    0.000000   clock network delay (ideal)
                                  4.000000    4.000000 ^ input external delay
   202    0.726937    3.254360    2.334211    6.334211 ^ rst_n (in)
                                                         rst_n (net)
                      3.254360    0.000000    6.334211 ^ _1100_/SET_B (sky130_fd_sc_hd__dfstp_2)
                                              6.334211   data arrival time

                      0.150000   20.000000   20.000000   clock clk (rise edge)
                                  0.000000   20.000000   clock network delay (ideal)
                                 -0.250000   19.750002   clock uncertainty
                                  0.000000   19.750002   clock reconvergence pessimism
                                             19.750002 ^ _1100_/CLK (sky130_fd_sc_hd__dfstp_2)
                                  0.173187   19.923189   library recovery time
                                             19.923189   data required time
---------------------------------------------------------------------------------------------
                                             19.923189   data required time
                                             -6.334211   data arrival time
---------------------------------------------------------------------------------------------
                                             13.588979   slack (MET)


Startpoint: rst_n (input port clocked by clk)
Endpoint: _1101_ (recovery check against rising-edge clock clk)
Path Group: asynchronous
Path Type: max

Fanout         Cap        Slew       Delay        Time   Description
---------------------------------------------------------------------------------------------
                      0.150000    0.000000    0.000000   clock clk (rise edge)
                                  0.000000    0.000000   clock network delay (ideal)
                                  4.000000    4.000000 ^ input external delay
   202    0.726937    3.254360    2.334211    6.334211 ^ rst_n (in)
                                                         rst_n (net)
                      3.254360    0.000000    6.334211 ^ _1101_/SET_B (sky130_fd_sc_hd__dfstp_2)
                                              6.334211   data arrival time

                      0.150000   20.000000   20.000000   clock clk (rise edge)
                                  0.000000   20.000000   clock network delay (ideal)
                                 -0.250000   19.750002   clock uncertainty
                                  0.000000   19.750002   clock reconvergence pessimism
                                             19.750002 ^ _1101_/CLK (sky130_fd_sc_hd__dfstp_2)
                                  0.173187   19.923189   library recovery time
                                             19.923189   data required time
---------------------------------------------------------------------------------------------
                                             19.923189   data required time
                                             -6.334211   data arrival time
---------------------------------------------------------------------------------------------
                                             13.588979   slack (MET)


Startpoint: rst_n (input port clocked by clk)
Endpoint: _1102_ (recovery check against rising-edge clock clk)
Path Group: asynchronous
Path Type: max

Fanout         Cap        Slew       Delay        Time   Description
---------------------------------------------------------------------------------------------
                      0.150000    0.000000    0.000000   clock clk (rise edge)
                                  0.000000    0.000000   clock network delay (ideal)
                                  4.000000    4.000000 ^ input external delay
   202    0.726937    3.254360    2.334211    6.334211 ^ rst_n (in)
                                                         rst_n (net)
                      3.254360    0.000000    6.334211 ^ _1102_/SET_B (sky130_fd_sc_hd__dfstp_2)
                                              6.334211   data arrival time

                      0.150000   20.000000   20.000000   clock clk (rise edge)
                                  0.000000   20.000000   clock network delay (ideal)
                                 -0.250000   19.750002   clock uncertainty
                                  0.000000   19.750002   clock reconvergence pessimism
                                             19.750002 ^ _1102_/CLK (sky130_fd_sc_hd__dfstp_2)
                                  0.173187   19.923189   library recovery time
                                             19.923189   data required time
---------------------------------------------------------------------------------------------
                                             19.923189   data required time
                                             -6.334211   data arrival time
---------------------------------------------------------------------------------------------
                                             13.588979   slack (MET)


Startpoint: rst_n (input port clocked by clk)
Endpoint: _1111_ (recovery check against rising-edge clock clk)
Path Group: asynchronous
Path Type: max

Fanout         Cap        Slew       Delay        Time   Description
---------------------------------------------------------------------------------------------
                      0.150000    0.000000    0.000000   clock clk (rise edge)
                                  0.000000    0.000000   clock network delay (ideal)
                                  4.000000    4.000000 ^ input external delay
   202    0.726937    3.254360    2.334211    6.334211 ^ rst_n (in)
                                                         rst_n (net)
                      3.254360    0.000000    6.334211 ^ _1111_/SET_B (sky130_fd_sc_hd__dfstp_2)
                                              6.334211   data arrival time

                      0.150000   20.000000   20.000000   clock clk (rise edge)
                                  0.000000   20.000000   clock network delay (ideal)
                                 -0.250000   19.750002   clock uncertainty
                                  0.000000   19.750002   clock reconvergence pessimism
                                             19.750002 ^ _1111_/CLK (sky130_fd_sc_hd__dfstp_2)
                                  0.173187   19.923189   library recovery time
                                             19.923189   data required time
---------------------------------------------------------------------------------------------
                                             19.923189   data required time
                                             -6.334211   data arrival time
---------------------------------------------------------------------------------------------
                                             13.588979   slack (MET)


Startpoint: rst_n (input port clocked by clk)
Endpoint: _1239_ (recovery check against rising-edge clock clk)
Path Group: asynchronous
Path Type: max

Fanout         Cap        Slew       Delay        Time   Description
---------------------------------------------------------------------------------------------
                      0.150000    0.000000    0.000000   clock clk (rise edge)
                                  0.000000    0.000000   clock network delay (ideal)
                                  4.000000    4.000000 ^ input external delay
   202    0.726937    3.254360    2.334211    6.334211 ^ rst_n (in)
                                                         rst_n (net)
                      3.254360    0.000000    6.334211 ^ _1239_/SET_B (sky130_fd_sc_hd__dfstp_2)
                                              6.334211   data arrival time

                      0.150000   20.000000   20.000000   clock clk (rise edge)
                                  0.000000   20.000000   clock network delay (ideal)
                                 -0.250000   19.750002   clock uncertainty
                                  0.000000   19.750002   clock reconvergence pessimism
                                             19.750002 ^ _1239_/CLK (sky130_fd_sc_hd__dfstp_2)
                                  0.173187   19.923189   library recovery time
                                             19.923189   data required time
---------------------------------------------------------------------------------------------
                                             19.923189   data required time
                                             -6.334211   data arrival time
---------------------------------------------------------------------------------------------
                                             13.588979   slack (MET)


Startpoint: _1238_ (rising edge-triggered flip-flop clocked by clk)
Endpoint: _1186_ (rising edge-triggered flip-flop clocked by clk)
Path Group: clk
Path Type: max

Fanout         Cap        Slew       Delay        Time   Description
---------------------------------------------------------------------------------------------
                      0.150000    0.000000    0.000000   clock clk (rise edge)
                                  0.000000    0.000000   clock network delay (ideal)
                      0.150000    0.000000    0.000000 ^ _1238_/CLK (sky130_fd_sc_hd__dfrtp_2)
    60    0.126366    0.594963    0.821895    0.821895 ^ _1238_/Q (sky130_fd_sc_hd__dfrtp_2)
                                                         tap_index[2] (net)
                      0.594963    0.000000    0.821895 ^ _0700_/C_N (sky130_fd_sc_hd__nor3b_2)
    13    0.033750    0.580899    0.632021    1.453917 ^ _0700_/Y (sky130_fd_sc_hd__nor3b_2)
                                                         _0240_ (net)
                      0.580899    0.000000    1.453917 ^ _0746_/B1 (sky130_fd_sc_hd__a22o_2)
     2    0.007054    0.065947    0.265700    1.719617 ^ _0746_/X (sky130_fd_sc_hd__a22o_2)
                                                         _0284_ (net)
                      0.065947    0.000000    1.719617 ^ _0749_/A2 (sky130_fd_sc_hd__o32ai_2)
     7    0.015484    0.144776    0.126270    1.845887 v _0749_/Y (sky130_fd_sc_hd__o32ai_2)
                                                         _0287_ (net)
                      0.144776    0.000000    1.845887 v _0888_/A (sky130_fd_sc_hd__or4b_2)
     3    0.010916    0.136429    0.783623    2.629510 v _0888_/X (sky130_fd_sc_hd__or4b_2)
                                                         _0422_ (net)
                      0.136429    0.000000    2.629510 v _0891_/A1 (sky130_fd_sc_hd__a21o_2)
     2    0.006544    0.044389    0.242561    2.872072 v _0891_/X (sky130_fd_sc_hd__a21o_2)
                                                         _0425_ (net)
                      0.044389    0.000000    2.872072 v _0904_/A2 (sky130_fd_sc_hd__a21o_2)
     3    0.008728    0.049715    0.235056    3.107128 v _0904_/X (sky130_fd_sc_hd__a21o_2)
                                                         _0438_ (net)
                      0.049715    0.000000    3.107128 v _0906_/A2 (sky130_fd_sc_hd__a21o_2)
     2    0.006064    0.043195    0.228182    3.335310 v _0906_/X (sky130_fd_sc_hd__a21o_2)
                                                         _0440_ (net)
                      0.043195    0.000000    3.335310 v _0907_/C (sky130_fd_sc_hd__and3_2)
     3    0.008280    0.052322    0.232257    3.567567 v _0907_/X (sky130_fd_sc_hd__and3_2)
                                                         _0441_ (net)
                      0.052322    0.000000    3.567567 v _0909_/B (sky130_fd_sc_hd__or3_2)
     3    0.007044    0.093124    0.492171    4.059738 v _0909_/X (sky130_fd_sc_hd__or3_2)
                                                         _0443_ (net)
                      0.093124    0.000000    4.059738 v _0911_/B (sky130_fd_sc_hd__and3_2)
     1    0.001415    0.033448    0.211617    4.271355 v _0911_/X (sky130_fd_sc_hd__and3_2)
                                                         _0445_ (net)
                      0.033448    0.000000    4.271355 v _0913_/A (sky130_fd_sc_hd__or2_2)
     2    0.008400    0.072642    0.325022    4.596377 v _0913_/X (sky130_fd_sc_hd__or2_2)
                                                         _0447_ (net)
                      0.072642    0.000000    4.596377 v _0914_/B1 (sky130_fd_sc_hd__a21oi_2)
     2    0.006145    0.116301    0.135219    4.731596 ^ _0914_/Y (sky130_fd_sc_hd__a21oi_2)
                                                         _0448_ (net)
                      0.116301    0.000000    4.731596 ^ _0916_/A_N (sky130_fd_sc_hd__nand2b_2)
     1    0.008442    0.068351    0.156256    4.887852 ^ _0916_/Y (sky130_fd_sc_hd__nand2b_2)
                                                         _0450_ (net)
                      0.068351    0.000000    4.887852 ^ _0917_/B (sky130_fd_sc_hd__xnor2_2)
     1    0.001505    0.046546    0.052772    4.940623 v _0917_/Y (sky130_fd_sc_hd__xnor2_2)
                                                         _0451_ (net)
                      0.046546    0.000000    4.940623 v _0918_/A0 (sky130_fd_sc_hd__mux2_1)
     1    0.001949    0.051836    0.282484    5.223107 v _0918_/X (sky130_fd_sc_hd__mux2_1)
                                                         _0143_ (net)
                      0.051836    0.000000    5.223107 v _1186_/D (sky130_fd_sc_hd__dfrtp_2)
                                              5.223107   data arrival time

                      0.150000   20.000000   20.000000   clock clk (rise edge)
                                  0.000000   20.000000   clock network delay (ideal)
                                 -0.250000   19.750002   clock uncertainty
                                  0.000000   19.750002   clock reconvergence pessimism
                                             19.750002 ^ _1186_/CLK (sky130_fd_sc_hd__dfrtp_2)
                                 -0.094188   19.655813   library setup time
                                             19.655813   data required time
---------------------------------------------------------------------------------------------
                                             19.655813   data required time
                                             -5.223107   data arrival time
---------------------------------------------------------------------------------------------
                                             14.432706   slack (MET)


Startpoint: _1238_ (rising edge-triggered flip-flop clocked by clk)
Endpoint: _1187_ (rising edge-triggered flip-flop clocked by clk)
Path Group: clk
Path Type: max

Fanout         Cap        Slew       Delay        Time   Description
---------------------------------------------------------------------------------------------
                      0.150000    0.000000    0.000000   clock clk (rise edge)
                                  0.000000    0.000000   clock network delay (ideal)
                      0.150000    0.000000    0.000000 ^ _1238_/CLK (sky130_fd_sc_hd__dfrtp_2)
    60    0.126366    0.594963    0.821895    0.821895 ^ _1238_/Q (sky130_fd_sc_hd__dfrtp_2)
                                                         tap_index[2] (net)
                      0.594963    0.000000    0.821895 ^ _0700_/C_N (sky130_fd_sc_hd__nor3b_2)
    13    0.033750    0.580899    0.632021    1.453917 ^ _0700_/Y (sky130_fd_sc_hd__nor3b_2)
                                                         _0240_ (net)
                      0.580899    0.000000    1.453917 ^ _0746_/B1 (sky130_fd_sc_hd__a22o_2)
     2    0.007054    0.065947    0.265700    1.719617 ^ _0746_/X (sky130_fd_sc_hd__a22o_2)
                                                         _0284_ (net)
                      0.065947    0.000000    1.719617 ^ _0749_/A2 (sky130_fd_sc_hd__o32ai_2)
     7    0.015484    0.144776    0.126270    1.845887 v _0749_/Y (sky130_fd_sc_hd__o32ai_2)
                                                         _0287_ (net)
                      0.144776    0.000000    1.845887 v _0888_/A (sky130_fd_sc_hd__or4b_2)
     3    0.010916    0.136429    0.783623    2.629510 v _0888_/X (sky130_fd_sc_hd__or4b_2)
                                                         _0422_ (net)
                      0.136429    0.000000    2.629510 v _0891_/A1 (sky130_fd_sc_hd__a21o_2)
     2    0.006544    0.044389    0.242561    2.872072 v _0891_/X (sky130_fd_sc_hd__a21o_2)
                                                         _0425_ (net)
                      0.044389    0.000000    2.872072 v _0904_/A2 (sky130_fd_sc_hd__a21o_2)
     3    0.008728    0.049715    0.235056    3.107128 v _0904_/X (sky130_fd_sc_hd__a21o_2)
                                                         _0438_ (net)
                      0.049715    0.000000    3.107128 v _0906_/A2 (sky130_fd_sc_hd__a21o_2)
     2    0.006064    0.043195    0.228182    3.335310 v _0906_/X (sky130_fd_sc_hd__a21o_2)
                                                         _0440_ (net)
                      0.043195    0.000000    3.335310 v _0907_/C (sky130_fd_sc_hd__and3_2)
     3    0.008280    0.052322    0.232257    3.567567 v _0907_/X (sky130_fd_sc_hd__and3_2)
                                                         _0441_ (net)
                      0.052322    0.000000    3.567567 v _0909_/B (sky130_fd_sc_hd__or3_2)
     3    0.007044    0.093124    0.492171    4.059738 v _0909_/X (sky130_fd_sc_hd__or3_2)
                                                         _0443_ (net)
                      0.093124    0.000000    4.059738 v _0911_/B (sky130_fd_sc_hd__and3_2)
     1    0.001415    0.033448    0.211617    4.271355 v _0911_/X (sky130_fd_sc_hd__and3_2)
                                                         _0445_ (net)
                      0.033448    0.000000    4.271355 v _0913_/A (sky130_fd_sc_hd__or2_2)
     2    0.008400    0.072642    0.325022    4.596377 v _0913_/X (sky130_fd_sc_hd__or2_2)
                                                         _0447_ (net)
                      0.072642    0.000000    4.596377 v _0914_/B1 (sky130_fd_sc_hd__a21oi_2)
     2    0.006145    0.116301    0.135219    4.731596 ^ _0914_/Y (sky130_fd_sc_hd__a21oi_2)
                                                         _0448_ (net)
                      0.116301    0.000000    4.731596 ^ _0919_/B1 (sky130_fd_sc_hd__a21oi_2)
     1    0.008318    0.071459    0.060169    4.791765 v _0919_/Y (sky130_fd_sc_hd__a21oi_2)
                                                         _0452_ (net)
                      0.071459    0.000000    4.791765 v _0952_/A (sky130_fd_sc_hd__xnor2_2)
     1    0.001505    0.041319    0.135731    4.927495 v _0952_/Y (sky130_fd_sc_hd__xnor2_2)
                                                         _0485_ (net)
                      0.041319    0.000000    4.927495 v _0953_/A0 (sky130_fd_sc_hd__mux2_1)
     1    0.001949    0.051836    0.280817    5.208312 v _0953_/X (sky130_fd_sc_hd__mux2_1)
                                                         _0144_ (net)
                      0.051836    0.000000    5.208312 v _1187_/D (sky130_fd_sc_hd__dfrtp_2)
                                              5.208312   data arrival time

                      0.150000   20.000000   20.000000   clock clk (rise edge)
                                  0.000000   20.000000   clock network delay (ideal)
                                 -0.250000   19.750002   clock uncertainty
                                  0.000000   19.750002   clock reconvergence pessimism
                                             19.750002 ^ _1187_/CLK (sky130_fd_sc_hd__dfrtp_2)
                                 -0.094188   19.655813   library setup time
                                             19.655813   data required time
---------------------------------------------------------------------------------------------
                                             19.655813   data required time
                                             -5.208312   data arrival time
---------------------------------------------------------------------------------------------
                                             14.447501   slack (MET)


Startpoint: uio_in[4] (input port clocked by clk)
Endpoint: _1053_ (rising edge-triggered flip-flop clocked by clk)
Path Group: clk
Path Type: max

Fanout         Cap        Slew       Delay        Time   Description
---------------------------------------------------------------------------------------------
                      0.150000    0.000000    0.000000   clock clk (rise edge)
                                  0.000000    0.000000   clock network delay (ideal)
                                  4.000000    4.000000 v input external delay
     2    0.005686    0.015532    0.009636    4.009636 v uio_in[4] (in)
                                                         uio_in[4] (net)
                      0.015532    0.000000    4.009636 v _0551_/A_N (sky130_fd_sc_hd__and4b_2)
     4    0.006027    0.068936    0.278899    4.288535 ^ _0551_/X (sky130_fd_sc_hd__and4b_2)
                                                         _0219_ (net)
                      0.068936    0.000000    4.288535 ^ _0552_/C_N (sky130_fd_sc_hd__nor3b_2)
     8    0.028160    0.496731    0.455948    4.744483 ^ _0552_/Y (sky130_fd_sc_hd__nor3b_2)
                                                         _0220_ (net)
                      0.496731    0.000000    4.744483 ^ _0554_/S (sky130_fd_sc_hd__mux2_1)
     1    0.001949    0.051445    0.378631    5.123114 v _0554_/X (sky130_fd_sc_hd__mux2_1)
                                                         _0010_ (net)
                      0.051445    0.000000    5.123114 v _1053_/D (sky130_fd_sc_hd__dfrtp_2)
                                              5.123114   data arrival time

                      0.150000   20.000000   20.000000   clock clk (rise edge)
                                  0.000000   20.000000   clock network delay (ideal)
                                 -0.250000   19.750002   clock uncertainty
                                  0.000000   19.750002   clock reconvergence pessimism
                                             19.750002 ^ _1053_/CLK (sky130_fd_sc_hd__dfrtp_2)
                                 -0.094018   19.655985   library setup time
                                             19.655985   data required time
---------------------------------------------------------------------------------------------
                                             19.655985   data required time
                                             -5.123114   data arrival time
---------------------------------------------------------------------------------------------
                                             14.532870   slack (MET)


Startpoint: uio_in[4] (input port clocked by clk)
Endpoint: _1054_ (rising edge-triggered flip-flop clocked by clk)
Path Group: clk
Path Type: max

Fanout         Cap        Slew       Delay        Time   Description
---------------------------------------------------------------------------------------------
                      0.150000    0.000000    0.000000   clock clk (rise edge)
                                  0.000000    0.000000   clock network delay (ideal)
                                  4.000000    4.000000 v input external delay
     2    0.005686    0.015532    0.009636    4.009636 v uio_in[4] (in)
                                                         uio_in[4] (net)
                      0.015532    0.000000    4.009636 v _0551_/A_N (sky130_fd_sc_hd__and4b_2)
     4    0.006027    0.068936    0.278899    4.288535 ^ _0551_/X (sky130_fd_sc_hd__and4b_2)
                                                         _0219_ (net)
                      0.068936    0.000000    4.288535 ^ _0552_/C_N (sky130_fd_sc_hd__nor3b_2)
     8    0.028160    0.496731    0.455948    4.744483 ^ _0552_/Y (sky130_fd_sc_hd__nor3b_2)
                                                         _0220_ (net)
                      0.496731    0.000000    4.744483 ^ _0555_/S (sky130_fd_sc_hd__mux2_1)
     1    0.001949    0.051445    0.378631    5.123114 v _0555_/X (sky130_fd_sc_hd__mux2_1)
                                                         _0011_ (net)
                      0.051445    0.000000    5.123114 v _1054_/D (sky130_fd_sc_hd__dfrtp_2)
                                              5.123114   data arrival time

                      0.150000   20.000000   20.000000   clock clk (rise edge)
                                  0.000000   20.000000   clock network delay (ideal)
                                 -0.250000   19.750002   clock uncertainty
                                  0.000000   19.750002   clock reconvergence pessimism
                                             19.750002 ^ _1054_/CLK (sky130_fd_sc_hd__dfrtp_2)
                                 -0.094018   19.655985   library setup time
                                             19.655985   data required time
---------------------------------------------------------------------------------------------
                                             19.655985   data required time
                                             -5.123114   data arrival time
---------------------------------------------------------------------------------------------
                                             14.532870   slack (MET)


Startpoint: uio_in[4] (input port clocked by clk)
Endpoint: _1055_ (rising edge-triggered flip-flop clocked by clk)
Path Group: clk
Path Type: max

Fanout         Cap        Slew       Delay        Time   Description
---------------------------------------------------------------------------------------------
                      0.150000    0.000000    0.000000   clock clk (rise edge)
                                  0.000000    0.000000   clock network delay (ideal)
                                  4.000000    4.000000 v input external delay
     2    0.005686    0.015532    0.009636    4.009636 v uio_in[4] (in)
                                                         uio_in[4] (net)
                      0.015532    0.000000    4.009636 v _0551_/A_N (sky130_fd_sc_hd__and4b_2)
     4    0.006027    0.068936    0.278899    4.288535 ^ _0551_/X (sky130_fd_sc_hd__and4b_2)
                                                         _0219_ (net)
                      0.068936    0.000000    4.288535 ^ _0552_/C_N (sky130_fd_sc_hd__nor3b_2)
     8    0.028160    0.496731    0.455948    4.744483 ^ _0552_/Y (sky130_fd_sc_hd__nor3b_2)
                                                         _0220_ (net)
                      0.496731    0.000000    4.744483 ^ _0556_/S (sky130_fd_sc_hd__mux2_1)
     1    0.001949    0.051445    0.378631    5.123114 v _0556_/X (sky130_fd_sc_hd__mux2_1)
                                                         _0012_ (net)
                      0.051445    0.000000    5.123114 v _1055_/D (sky130_fd_sc_hd__dfrtp_2)
                                              5.123114   data arrival time

                      0.150000   20.000000   20.000000   clock clk (rise edge)
                                  0.000000   20.000000   clock network delay (ideal)
                                 -0.250000   19.750002   clock uncertainty
                                  0.000000   19.750002   clock reconvergence pessimism
                                             19.750002 ^ _1055_/CLK (sky130_fd_sc_hd__dfrtp_2)
                                 -0.094018   19.655985   library setup time
                                             19.655985   data required time
---------------------------------------------------------------------------------------------
                                             19.655985   data required time
                                             -5.123114   data arrival time
---------------------------------------------------------------------------------------------
                                             14.532870   slack (MET)


Startpoint: uio_in[4] (input port clocked by clk)
Endpoint: _1056_ (rising edge-triggered flip-flop clocked by clk)
Path Group: clk
Path Type: max

Fanout         Cap        Slew       Delay        Time   Description
---------------------------------------------------------------------------------------------
                      0.150000    0.000000    0.000000   clock clk (rise edge)
                                  0.000000    0.000000   clock network delay (ideal)
                                  4.000000    4.000000 v input external delay
     2    0.005686    0.015532    0.009636    4.009636 v uio_in[4] (in)
                                                         uio_in[4] (net)
                      0.015532    0.000000    4.009636 v _0551_/A_N (sky130_fd_sc_hd__and4b_2)
     4    0.006027    0.068936    0.278899    4.288535 ^ _0551_/X (sky130_fd_sc_hd__and4b_2)
                                                         _0219_ (net)
                      0.068936    0.000000    4.288535 ^ _0552_/C_N (sky130_fd_sc_hd__nor3b_2)
     8    0.028160    0.496731    0.455948    4.744483 ^ _0552_/Y (sky130_fd_sc_hd__nor3b_2)
                                                         _0220_ (net)
                      0.496731    0.000000    4.744483 ^ _0557_/S (sky130_fd_sc_hd__mux2_1)
     1    0.001949    0.051445    0.378631    5.123114 v _0557_/X (sky130_fd_sc_hd__mux2_1)
                                                         _0013_ (net)
                      0.051445    0.000000    5.123114 v _1056_/D (sky130_fd_sc_hd__dfrtp_2)
                                              5.123114   data arrival time

                      0.150000   20.000000   20.000000   clock clk (rise edge)
                                  0.000000   20.000000   clock network delay (ideal)
                                 -0.250000   19.750002   clock uncertainty
                                  0.000000   19.750002   clock reconvergence pessimism
                                             19.750002 ^ _1056_/CLK (sky130_fd_sc_hd__dfrtp_2)
                                 -0.094018   19.655985   library setup time
                                             19.655985   data required time
---------------------------------------------------------------------------------------------
                                             19.655985   data required time
                                             -5.123114   data arrival time
---------------------------------------------------------------------------------------------
                                             14.532870   slack (MET)


Startpoint: uio_in[4] (input port clocked by clk)
Endpoint: _1057_ (rising edge-triggered flip-flop clocked by clk)
Path Group: clk
Path Type: max

Fanout         Cap        Slew       Delay        Time   Description
---------------------------------------------------------------------------------------------
                      0.150000    0.000000    0.000000   clock clk (rise edge)
                                  0.000000    0.000000   clock network delay (ideal)
                                  4.000000    4.000000 v input external delay
     2    0.005686    0.015532    0.009636    4.009636 v uio_in[4] (in)
                                                         uio_in[4] (net)
                      0.015532    0.000000    4.009636 v _0551_/A_N (sky130_fd_sc_hd__and4b_2)
     4    0.006027    0.068936    0.278899    4.288535 ^ _0551_/X (sky130_fd_sc_hd__and4b_2)
                                                         _0219_ (net)
                      0.068936    0.000000    4.288535 ^ _0552_/C_N (sky130_fd_sc_hd__nor3b_2)
     8    0.028160    0.496731    0.455948    4.744483 ^ _0552_/Y (sky130_fd_sc_hd__nor3b_2)
                                                         _0220_ (net)
                      0.496731    0.000000    4.744483 ^ _0558_/S (sky130_fd_sc_hd__mux2_1)
     1    0.001949    0.051445    0.378631    5.123114 v _0558_/X (sky130_fd_sc_hd__mux2_1)
                                                         _0014_ (net)
                      0.051445    0.000000    5.123114 v _1057_/D (sky130_fd_sc_hd__dfrtp_2)
                                              5.123114   data arrival time

                      0.150000   20.000000   20.000000   clock clk (rise edge)
                                  0.000000   20.000000   clock network delay (ideal)
                                 -0.250000   19.750002   clock uncertainty
                                  0.000000   19.750002   clock reconvergence pessimism
                                             19.750002 ^ _1057_/CLK (sky130_fd_sc_hd__dfrtp_2)
                                 -0.094018   19.655985   library setup time
                                             19.655985   data required time
---------------------------------------------------------------------------------------------
                                             19.655985   data required time
                                             -5.123114   data arrival time
---------------------------------------------------------------------------------------------
                                             14.532870   slack (MET)


Startpoint: uio_in[4] (input port clocked by clk)
Endpoint: _1058_ (rising edge-triggered flip-flop clocked by clk)
Path Group: clk
Path Type: max

Fanout         Cap        Slew       Delay        Time   Description
---------------------------------------------------------------------------------------------
                      0.150000    0.000000    0.000000   clock clk (rise edge)
                                  0.000000    0.000000   clock network delay (ideal)
                                  4.000000    4.000000 v input external delay
     2    0.005686    0.015532    0.009636    4.009636 v uio_in[4] (in)
                                                         uio_in[4] (net)
                      0.015532    0.000000    4.009636 v _0551_/A_N (sky130_fd_sc_hd__and4b_2)
     4    0.006027    0.068936    0.278899    4.288535 ^ _0551_/X (sky130_fd_sc_hd__and4b_2)
                                                         _0219_ (net)
                      0.068936    0.000000    4.288535 ^ _0552_/C_N (sky130_fd_sc_hd__nor3b_2)
     8    0.028160    0.496731    0.455948    4.744483 ^ _0552_/Y (sky130_fd_sc_hd__nor3b_2)
                                                         _0220_ (net)
                      0.496731    0.000000    4.744483 ^ _0559_/S (sky130_fd_sc_hd__mux2_1)
     1    0.001949    0.051445    0.378631    5.123114 v _0559_/X (sky130_fd_sc_hd__mux2_1)
                                                         _0015_ (net)
                      0.051445    0.000000    5.123114 v _1058_/D (sky130_fd_sc_hd__dfrtp_2)
                                              5.123114   data arrival time

                      0.150000   20.000000   20.000000   clock clk (rise edge)
                                  0.000000   20.000000   clock network delay (ideal)
                                 -0.250000   19.750002   clock uncertainty
                                  0.000000   19.750002   clock reconvergence pessimism
                                             19.750002 ^ _1058_/CLK (sky130_fd_sc_hd__dfrtp_2)
                                 -0.094018   19.655985   library setup time
                                             19.655985   data required time
---------------------------------------------------------------------------------------------
                                             19.655985   data required time
                                             -5.123114   data arrival time
---------------------------------------------------------------------------------------------
                                             14.532870   slack (MET)


Startpoint: uio_in[4] (input port clocked by clk)
Endpoint: _1059_ (rising edge-triggered flip-flop clocked by clk)
Path Group: clk
Path Type: max

Fanout         Cap        Slew       Delay        Time   Description
---------------------------------------------------------------------------------------------
                      0.150000    0.000000    0.000000   clock clk (rise edge)
                                  0.000000    0.000000   clock network delay (ideal)
                                  4.000000    4.000000 v input external delay
     2    0.005686    0.015532    0.009636    4.009636 v uio_in[4] (in)
                                                         uio_in[4] (net)
                      0.015532    0.000000    4.009636 v _0551_/A_N (sky130_fd_sc_hd__and4b_2)
     4    0.006027    0.068936    0.278899    4.288535 ^ _0551_/X (sky130_fd_sc_hd__and4b_2)
                                                         _0219_ (net)
                      0.068936    0.000000    4.288535 ^ _0552_/C_N (sky130_fd_sc_hd__nor3b_2)
     8    0.028160    0.496731    0.455948    4.744483 ^ _0552_/Y (sky130_fd_sc_hd__nor3b_2)
                                                         _0220_ (net)
                      0.496731    0.000000    4.744483 ^ _0560_/S (sky130_fd_sc_hd__mux2_1)
     1    0.001949    0.051445    0.378631    5.123114 v _0560_/X (sky130_fd_sc_hd__mux2_1)
                                                         _0016_ (net)
                      0.051445    0.000000    5.123114 v _1059_/D (sky130_fd_sc_hd__dfrtp_2)
                                              5.123114   data arrival time

                      0.150000   20.000000   20.000000   clock clk (rise edge)
                                  0.000000   20.000000   clock network delay (ideal)
                                 -0.250000   19.750002   clock uncertainty
                                  0.000000   19.750002   clock reconvergence pessimism
                                             19.750002 ^ _1059_/CLK (sky130_fd_sc_hd__dfrtp_2)
                                 -0.094018   19.655985   library setup time
                                             19.655985   data required time
---------------------------------------------------------------------------------------------
                                             19.655985   data required time
                                             -5.123114   data arrival time
---------------------------------------------------------------------------------------------
                                             14.532870   slack (MET)


Startpoint: uio_in[4] (input port clocked by clk)
Endpoint: _1092_ (rising edge-triggered flip-flop clocked by clk)
Path Group: clk
Path Type: max

Fanout         Cap        Slew       Delay        Time   Description
---------------------------------------------------------------------------------------------
                      0.150000    0.000000    0.000000   clock clk (rise edge)
                                  0.000000    0.000000   clock network delay (ideal)
                                  4.000000    4.000000 ^ input external delay
     2    0.006247    0.035912    0.022930    4.022930 ^ uio_in[4] (in)
                                                         uio_in[4] (net)
                      0.035912    0.000000    4.022930 ^ _0589_/D (sky130_fd_sc_hd__nand4_2)
     4    0.005489    0.080559    0.106401    4.129331 v _0589_/Y (sky130_fd_sc_hd__nand4_2)
                                                         _0225_ (net)
                      0.080559    0.000000    4.129331 v _0599_/A (sky130_fd_sc_hd__or3b_2)
     8    0.026280    0.148828    0.603653    4.732984 v _0599_/X (sky130_fd_sc_hd__or3b_2)
                                                         _0227_ (net)
                      0.148828    0.000000    4.732984 v _0600_/S (sky130_fd_sc_hd__mux2_1)
     1    0.001949    0.051848    0.350030    5.083014 v _0600_/X (sky130_fd_sc_hd__mux2_1)
                                                         _0049_ (net)
                      0.051848    0.000000    5.083014 v _1092_/D (sky130_fd_sc_hd__dfrtp_2)
                                              5.083014   data arrival time

                      0.150000   20.000000   20.000000   clock clk (rise edge)
                                  0.000000   20.000000   clock network delay (ideal)
                                 -0.250000   19.750002   clock uncertainty
                                  0.000000   19.750002   clock reconvergence pessimism
                                             19.750002 ^ _1092_/CLK (sky130_fd_sc_hd__dfrtp_2)
                                 -0.094193   19.655807   library setup time
                                             19.655807   data required time
---------------------------------------------------------------------------------------------
                                             19.655807   data required time
                                             -5.083014   data arrival time
---------------------------------------------------------------------------------------------
                                             14.572795   slack (MET)


Startpoint: uio_in[4] (input port clocked by clk)
Endpoint: _1095_ (rising edge-triggered flip-flop clocked by clk)
Path Group: clk
Path Type: max

Fanout         Cap        Slew       Delay        Time   Description
---------------------------------------------------------------------------------------------
                      0.150000    0.000000    0.000000   clock clk (rise edge)
                                  0.000000    0.000000   clock network delay (ideal)
                                  4.000000    4.000000 ^ input external delay
     2    0.006247    0.035912    0.022930    4.022930 ^ uio_in[4] (in)
                                                         uio_in[4] (net)
                      0.035912    0.000000    4.022930 ^ _0589_/D (sky130_fd_sc_hd__nand4_2)
     4    0.005489    0.080559    0.106401    4.129331 v _0589_/Y (sky130_fd_sc_hd__nand4_2)
                                                         _0225_ (net)
                      0.080559    0.000000    4.129331 v _0599_/A (sky130_fd_sc_hd__or3b_2)
     8    0.026280    0.148828    0.603653    4.732984 v _0599_/X (sky130_fd_sc_hd__or3b_2)
                                                         _0227_ (net)
                      0.148828    0.000000    4.732984 v _0603_/S (sky130_fd_sc_hd__mux2_1)
     1    0.001949    0.051848    0.350030    5.083014 v _0603_/X (sky130_fd_sc_hd__mux2_1)
                                                         _0052_ (net)
                      0.051848    0.000000    5.083014 v _1095_/D (sky130_fd_sc_hd__dfrtp_2)
                                              5.083014   data arrival time

                      0.150000   20.000000   20.000000   clock clk (rise edge)
                                  0.000000   20.000000   clock network delay (ideal)
                                 -0.250000   19.750002   clock uncertainty
                                  0.000000   19.750002   clock reconvergence pessimism
                                             19.750002 ^ _1095_/CLK (sky130_fd_sc_hd__dfrtp_2)
                                 -0.094193   19.655807   library setup time
                                             19.655807   data required time
---------------------------------------------------------------------------------------------
                                             19.655807   data required time
                                             -5.083014   data arrival time
---------------------------------------------------------------------------------------------
                                             14.572795   slack (MET)


Startpoint: uio_in[4] (input port clocked by clk)
Endpoint: _1096_ (rising edge-triggered flip-flop clocked by clk)
Path Group: clk
Path Type: max

Fanout         Cap        Slew       Delay        Time   Description
---------------------------------------------------------------------------------------------
                      0.150000    0.000000    0.000000   clock clk (rise edge)
                                  0.000000    0.000000   clock network delay (ideal)
                                  4.000000    4.000000 ^ input external delay
     2    0.006247    0.035912    0.022930    4.022930 ^ uio_in[4] (in)
                                                         uio_in[4] (net)
                      0.035912    0.000000    4.022930 ^ _0589_/D (sky130_fd_sc_hd__nand4_2)
     4    0.005489    0.080559    0.106401    4.129331 v _0589_/Y (sky130_fd_sc_hd__nand4_2)
                                                         _0225_ (net)
                      0.080559    0.000000    4.129331 v _0599_/A (sky130_fd_sc_hd__or3b_2)
     8    0.026280    0.148828    0.603653    4.732984 v _0599_/X (sky130_fd_sc_hd__or3b_2)
                                                         _0227_ (net)
                      0.148828    0.000000    4.732984 v _0604_/S (sky130_fd_sc_hd__mux2_1)
     1    0.001949    0.051848    0.350030    5.083014 v _0604_/X (sky130_fd_sc_hd__mux2_1)
                                                         _0053_ (net)
                      0.051848    0.000000    5.083014 v _1096_/D (sky130_fd_sc_hd__dfrtp_2)
                                              5.083014   data arrival time

                      0.150000   20.000000   20.000000   clock clk (rise edge)
                                  0.000000   20.000000   clock network delay (ideal)
                                 -0.250000   19.750002   clock uncertainty
                                  0.000000   19.750002   clock reconvergence pessimism
                                             19.750002 ^ _1096_/CLK (sky130_fd_sc_hd__dfrtp_2)
                                 -0.094193   19.655807   library setup time
                                             19.655807   data required time
---------------------------------------------------------------------------------------------
                                             19.655807   data required time
                                             -5.083014   data arrival time
---------------------------------------------------------------------------------------------
                                             14.572795   slack (MET)


Startpoint: uio_in[4] (input port clocked by clk)
Endpoint: _1097_ (rising edge-triggered flip-flop clocked by clk)
Path Group: clk
Path Type: max

Fanout         Cap        Slew       Delay        Time   Description
---------------------------------------------------------------------------------------------
                      0.150000    0.000000    0.000000   clock clk (rise edge)
                                  0.000000    0.000000   clock network delay (ideal)
                                  4.000000    4.000000 ^ input external delay
     2    0.006247    0.035912    0.022930    4.022930 ^ uio_in[4] (in)
                                                         uio_in[4] (net)
                      0.035912    0.000000    4.022930 ^ _0589_/D (sky130_fd_sc_hd__nand4_2)
     4    0.005489    0.080559    0.106401    4.129331 v _0589_/Y (sky130_fd_sc_hd__nand4_2)
                                                         _0225_ (net)
                      0.080559    0.000000    4.129331 v _0599_/A (sky130_fd_sc_hd__or3b_2)
     8    0.026280    0.148828    0.603653    4.732984 v _0599_/X (sky130_fd_sc_hd__or3b_2)
                                                         _0227_ (net)
                      0.148828    0.000000    4.732984 v _0605_/S (sky130_fd_sc_hd__mux2_1)
     1    0.001949    0.051848    0.350030    5.083014 v _0605_/X (sky130_fd_sc_hd__mux2_1)
                                                         _0054_ (net)
                      0.051848    0.000000    5.083014 v _1097_/D (sky130_fd_sc_hd__dfrtp_2)
                                              5.083014   data arrival time

                      0.150000   20.000000   20.000000   clock clk (rise edge)
                                  0.000000   20.000000   clock network delay (ideal)
                                 -0.250000   19.750002   clock uncertainty
                                  0.000000   19.750002   clock reconvergence pessimism
                                             19.750002 ^ _1097_/CLK (sky130_fd_sc_hd__dfrtp_2)
                                 -0.094193   19.655807   library setup time
                                             19.655807   data required time
---------------------------------------------------------------------------------------------
                                             19.655807   data required time
                                             -5.083014   data arrival time
---------------------------------------------------------------------------------------------
                                             14.572795   slack (MET)


Startpoint: uio_in[4] (input port clocked by clk)
Endpoint: _1098_ (rising edge-triggered flip-flop clocked by clk)
Path Group: clk
Path Type: max

Fanout         Cap        Slew       Delay        Time   Description
---------------------------------------------------------------------------------------------
                      0.150000    0.000000    0.000000   clock clk (rise edge)
                                  0.000000    0.000000   clock network delay (ideal)
                                  4.000000    4.000000 ^ input external delay
     2    0.006247    0.035912    0.022930    4.022930 ^ uio_in[4] (in)
                                                         uio_in[4] (net)
                      0.035912    0.000000    4.022930 ^ _0589_/D (sky130_fd_sc_hd__nand4_2)
     4    0.005489    0.080559    0.106401    4.129331 v _0589_/Y (sky130_fd_sc_hd__nand4_2)
                                                         _0225_ (net)
                      0.080559    0.000000    4.129331 v _0599_/A (sky130_fd_sc_hd__or3b_2)
     8    0.026280    0.148828    0.603653    4.732984 v _0599_/X (sky130_fd_sc_hd__or3b_2)
                                                         _0227_ (net)
                      0.148828    0.000000    4.732984 v _0606_/S (sky130_fd_sc_hd__mux2_1)
     1    0.001949    0.051848    0.350030    5.083014 v _0606_/X (sky130_fd_sc_hd__mux2_1)
                                                         _0055_ (net)
                      0.051848    0.000000    5.083014 v _1098_/D (sky130_fd_sc_hd__dfrtp_2)
                                              5.083014   data arrival time

                      0.150000   20.000000   20.000000   clock clk (rise edge)
                                  0.000000   20.000000   clock network delay (ideal)
                                 -0.250000   19.750002   clock uncertainty
                                  0.000000   19.750002   clock reconvergence pessimism
                                             19.750002 ^ _1098_/CLK (sky130_fd_sc_hd__dfrtp_2)
                                 -0.094193   19.655807   library setup time
                                             19.655807   data required time
---------------------------------------------------------------------------------------------
                                             19.655807   data required time
                                             -5.083014   data arrival time
---------------------------------------------------------------------------------------------
                                             14.572795   slack (MET)


Startpoint: uio_in[4] (input port clocked by clk)
Endpoint: _1099_ (rising edge-triggered flip-flop clocked by clk)
Path Group: clk
Path Type: max

Fanout         Cap        Slew       Delay        Time   Description
---------------------------------------------------------------------------------------------
                      0.150000    0.000000    0.000000   clock clk (rise edge)
                                  0.000000    0.000000   clock network delay (ideal)
                                  4.000000    4.000000 ^ input external delay
     2    0.006247    0.035912    0.022930    4.022930 ^ uio_in[4] (in)
                                                         uio_in[4] (net)
                      0.035912    0.000000    4.022930 ^ _0589_/D (sky130_fd_sc_hd__nand4_2)
     4    0.005489    0.080559    0.106401    4.129331 v _0589_/Y (sky130_fd_sc_hd__nand4_2)
                                                         _0225_ (net)
                      0.080559    0.000000    4.129331 v _0599_/A (sky130_fd_sc_hd__or3b_2)
     8    0.026280    0.148828    0.603653    4.732984 v _0599_/X (sky130_fd_sc_hd__or3b_2)
                                                         _0227_ (net)
                      0.148828    0.000000    4.732984 v _0607_/S (sky130_fd_sc_hd__mux2_1)
     1    0.001949    0.051848    0.350030    5.083014 v _0607_/X (sky130_fd_sc_hd__mux2_1)
                                                         _0056_ (net)
                      0.051848    0.000000    5.083014 v _1099_/D (sky130_fd_sc_hd__dfrtp_2)
                                              5.083014   data arrival time

                      0.150000   20.000000   20.000000   clock clk (rise edge)
                                  0.000000   20.000000   clock network delay (ideal)
                                 -0.250000   19.750002   clock uncertainty
                                  0.000000   19.750002   clock reconvergence pessimism
                                             19.750002 ^ _1099_/CLK (sky130_fd_sc_hd__dfrtp_2)
                                 -0.094193   19.655807   library setup time
                                             19.655807   data required time
---------------------------------------------------------------------------------------------
                                             19.655807   data required time
                                             -5.083014   data arrival time
---------------------------------------------------------------------------------------------
                                             14.572795   slack (MET)


Startpoint: uio_in[4] (input port clocked by clk)
Endpoint: _1052_ (rising edge-triggered flip-flop clocked by clk)
Path Group: clk
Path Type: max

Fanout         Cap        Slew       Delay        Time   Description
---------------------------------------------------------------------------------------------
                      0.150000    0.000000    0.000000   clock clk (rise edge)
                                  0.000000    0.000000   clock network delay (ideal)
                                  4.000000    4.000000 v input external delay
     2    0.005686    0.015532    0.009636    4.009636 v uio_in[4] (in)
                                                         uio_in[4] (net)
                      0.015532    0.000000    4.009636 v _0551_/A_N (sky130_fd_sc_hd__and4b_2)
     4    0.006027    0.068936    0.278899    4.288535 ^ _0551_/X (sky130_fd_sc_hd__and4b_2)
                                                         _0219_ (net)
                      0.068936    0.000000    4.288535 ^ _0552_/C_N (sky130_fd_sc_hd__nor3b_2)
     8    0.028160    0.496731    0.455948    4.744483 ^ _0552_/Y (sky130_fd_sc_hd__nor3b_2)
                                                         _0220_ (net)
                      0.496731    0.000000    4.744483 ^ _0553_/S (sky130_fd_sc_hd__mux2_1)
     1    0.002233    0.053172    0.381419    5.125902 v _0553_/X (sky130_fd_sc_hd__mux2_1)
                                                         _0009_ (net)
                      0.053172    0.000000    5.125902 v _1052_/D (sky130_fd_sc_hd__dfstp_2)
                                              5.125902   data arrival time

                      0.150000   20.000000   20.000000   clock clk (rise edge)
                                  0.000000   20.000000   clock network delay (ideal)
                                 -0.250000   19.750002   clock uncertainty
                                  0.000000   19.750002   clock reconvergence pessimism
                                             19.750002 ^ _1052_/CLK (sky130_fd_sc_hd__dfstp_2)
                                 -0.050538   19.699465   library setup time
                                             19.699465   data required time
---------------------------------------------------------------------------------------------
                                             19.699465   data required time
                                             -5.125902   data arrival time
---------------------------------------------------------------------------------------------
                                             14.573563   slack (MET)


Startpoint: uio_in[4] (input port clocked by clk)
Endpoint: _1103_ (rising edge-triggered flip-flop clocked by clk)
Path Group: clk
Path Type: max

Fanout         Cap        Slew       Delay        Time   Description
---------------------------------------------------------------------------------------------
                      0.150000    0.000000    0.000000   clock clk (rise edge)
                                  0.000000    0.000000   clock network delay (ideal)
                                  4.000000    4.000000 ^ input external delay
     2    0.006247    0.035912    0.022930    4.022930 ^ uio_in[4] (in)
                                                         uio_in[4] (net)
                      0.035912    0.000000    4.022930 ^ _0589_/D (sky130_fd_sc_hd__nand4_2)
     4    0.005489    0.080559    0.106401    4.129331 v _0589_/Y (sky130_fd_sc_hd__nand4_2)
                                                         _0225_ (net)
                      0.080559    0.000000    4.129331 v _0608_/B (sky130_fd_sc_hd__or3b_2)
     8    0.026280    0.148878    0.578815    4.708147 v _0608_/X (sky130_fd_sc_hd__or3b_2)
                                                         _0228_ (net)
                      0.148878    0.000000    4.708147 v _0612_/S (sky130_fd_sc_hd__mux2_1)
     1    0.001949    0.051848    0.350049    5.058196 v _0612_/X (sky130_fd_sc_hd__mux2_1)
                                                         _0060_ (net)
                      0.051848    0.000000    5.058196 v _1103_/D (sky130_fd_sc_hd__dfrtp_2)
                                              5.058196   data arrival time

                      0.150000   20.000000   20.000000   clock clk (rise edge)
                                  0.000000   20.000000   clock network delay (ideal)
                                 -0.250000   19.750002   clock uncertainty
                                  0.000000   19.750002   clock reconvergence pessimism
                                             19.750002 ^ _1103_/CLK (sky130_fd_sc_hd__dfrtp_2)
                                 -0.094193   19.655807   library setup time
                                             19.655807   data required time
---------------------------------------------------------------------------------------------
                                             19.655807   data required time
                                             -5.058196   data arrival time
---------------------------------------------------------------------------------------------
                                             14.597612   slack (MET)


Startpoint: uio_in[4] (input port clocked by clk)
Endpoint: _1104_ (rising edge-triggered flip-flop clocked by clk)
Path Group: clk
Path Type: max

Fanout         Cap        Slew       Delay        Time   Description
---------------------------------------------------------------------------------------------
                      0.150000    0.000000    0.000000   clock clk (rise edge)
                                  0.000000    0.000000   clock network delay (ideal)
                                  4.000000    4.000000 ^ input external delay
     2    0.006247    0.035912    0.022930    4.022930 ^ uio_in[4] (in)
                                                         uio_in[4] (net)
                      0.035912    0.000000    4.022930 ^ _0589_/D (sky130_fd_sc_hd__nand4_2)
     4    0.005489    0.080559    0.106401    4.129331 v _0589_/Y (sky130_fd_sc_hd__nand4_2)
                                                         _0225_ (net)
                      0.080559    0.000000    4.129331 v _0608_/B (sky130_fd_sc_hd__or3b_2)
     8    0.026280    0.148878    0.578815    4.708147 v _0608_/X (sky130_fd_sc_hd__or3b_2)
                                                         _0228_ (net)
                      0.148878    0.000000    4.708147 v _0613_/S (sky130_fd_sc_hd__mux2_1)
     1    0.001949    0.051848    0.350049    5.058196 v _0613_/X (sky130_fd_sc_hd__mux2_1)
                                                         _0061_ (net)
                      0.051848    0.000000    5.058196 v _1104_/D (sky130_fd_sc_hd__dfrtp_2)
                                              5.058196   data arrival time

                      0.150000   20.000000   20.000000   clock clk (rise edge)
                                  0.000000   20.000000   clock network delay (ideal)
                                 -0.250000   19.750002   clock uncertainty
                                  0.000000   19.750002   clock reconvergence pessimism
                                             19.750002 ^ _1104_/CLK (sky130_fd_sc_hd__dfrtp_2)
                                 -0.094193   19.655807   library setup time
                                             19.655807   data required time
---------------------------------------------------------------------------------------------
                                             19.655807   data required time
                                             -5.058196   data arrival time
---------------------------------------------------------------------------------------------
                                             14.597612   slack (MET)


Startpoint: uio_in[4] (input port clocked by clk)
Endpoint: _1105_ (rising edge-triggered flip-flop clocked by clk)
Path Group: clk
Path Type: max

Fanout         Cap        Slew       Delay        Time   Description
---------------------------------------------------------------------------------------------
                      0.150000    0.000000    0.000000   clock clk (rise edge)
                                  0.000000    0.000000   clock network delay (ideal)
                                  4.000000    4.000000 ^ input external delay
     2    0.006247    0.035912    0.022930    4.022930 ^ uio_in[4] (in)
                                                         uio_in[4] (net)
                      0.035912    0.000000    4.022930 ^ _0589_/D (sky130_fd_sc_hd__nand4_2)
     4    0.005489    0.080559    0.106401    4.129331 v _0589_/Y (sky130_fd_sc_hd__nand4_2)
                                                         _0225_ (net)
                      0.080559    0.000000    4.129331 v _0608_/B (sky130_fd_sc_hd__or3b_2)
     8    0.026280    0.148878    0.578815    4.708147 v _0608_/X (sky130_fd_sc_hd__or3b_2)
                                                         _0228_ (net)
                      0.148878    0.000000    4.708147 v _0614_/S (sky130_fd_sc_hd__mux2_1)
     1    0.001949    0.051848    0.350049    5.058196 v _0614_/X (sky130_fd_sc_hd__mux2_1)
                                                         _0062_ (net)
                      0.051848    0.000000    5.058196 v _1105_/D (sky130_fd_sc_hd__dfrtp_2)
                                              5.058196   data arrival time

                      0.150000   20.000000   20.000000   clock clk (rise edge)
                                  0.000000   20.000000   clock network delay (ideal)
                                 -0.250000   19.750002   clock uncertainty
                                  0.000000   19.750002   clock reconvergence pessimism
                                             19.750002 ^ _1105_/CLK (sky130_fd_sc_hd__dfrtp_2)
                                 -0.094193   19.655807   library setup time
                                             19.655807   data required time
---------------------------------------------------------------------------------------------
                                             19.655807   data required time
                                             -5.058196   data arrival time
---------------------------------------------------------------------------------------------
                                             14.597612   slack (MET)


Startpoint: uio_in[4] (input port clocked by clk)
Endpoint: _1106_ (rising edge-triggered flip-flop clocked by clk)
Path Group: clk
Path Type: max

Fanout         Cap        Slew       Delay        Time   Description
---------------------------------------------------------------------------------------------
                      0.150000    0.000000    0.000000   clock clk (rise edge)
                                  0.000000    0.000000   clock network delay (ideal)
                                  4.000000    4.000000 ^ input external delay
     2    0.006247    0.035912    0.022930    4.022930 ^ uio_in[4] (in)
                                                         uio_in[4] (net)
                      0.035912    0.000000    4.022930 ^ _0589_/D (sky130_fd_sc_hd__nand4_2)
     4    0.005489    0.080559    0.106401    4.129331 v _0589_/Y (sky130_fd_sc_hd__nand4_2)
                                                         _0225_ (net)
                      0.080559    0.000000    4.129331 v _0608_/B (sky130_fd_sc_hd__or3b_2)
     8    0.026280    0.148878    0.578815    4.708147 v _0608_/X (sky130_fd_sc_hd__or3b_2)
                                                         _0228_ (net)
                      0.148878    0.000000    4.708147 v _0615_/S (sky130_fd_sc_hd__mux2_1)
     1    0.001949    0.051848    0.350049    5.058196 v _0615_/X (sky130_fd_sc_hd__mux2_1)
                                                         _0063_ (net)
                      0.051848    0.000000    5.058196 v _1106_/D (sky130_fd_sc_hd__dfrtp_2)
                                              5.058196   data arrival time

                      0.150000   20.000000   20.000000   clock clk (rise edge)
                                  0.000000   20.000000   clock network delay (ideal)
                                 -0.250000   19.750002   clock uncertainty
                                  0.000000   19.750002   clock reconvergence pessimism
                                             19.750002 ^ _1106_/CLK (sky130_fd_sc_hd__dfrtp_2)
                                 -0.094193   19.655807   library setup time
                                             19.655807   data required time
---------------------------------------------------------------------------------------------
                                             19.655807   data required time
                                             -5.058196   data arrival time
---------------------------------------------------------------------------------------------
                                             14.597612   slack (MET)


Startpoint: uio_in[4] (input port clocked by clk)
Endpoint: _1107_ (rising edge-triggered flip-flop clocked by clk)
Path Group: clk
Path Type: max

Fanout         Cap        Slew       Delay        Time   Description
---------------------------------------------------------------------------------------------
                      0.150000    0.000000    0.000000   clock clk (rise edge)
                                  0.000000    0.000000   clock network delay (ideal)
                                  4.000000    4.000000 ^ input external delay
     2    0.006247    0.035912    0.022930    4.022930 ^ uio_in[4] (in)
                                                         uio_in[4] (net)
                      0.035912    0.000000    4.022930 ^ _0589_/D (sky130_fd_sc_hd__nand4_2)
     4    0.005489    0.080559    0.106401    4.129331 v _0589_/Y (sky130_fd_sc_hd__nand4_2)
                                                         _0225_ (net)
                      0.080559    0.000000    4.129331 v _0608_/B (sky130_fd_sc_hd__or3b_2)
     8    0.026280    0.148878    0.578815    4.708147 v _0608_/X (sky130_fd_sc_hd__or3b_2)
                                                         _0228_ (net)
                      0.148878    0.000000    4.708147 v _0616_/S (sky130_fd_sc_hd__mux2_1)
     1    0.001949    0.051848    0.350049    5.058196 v _0616_/X (sky130_fd_sc_hd__mux2_1)
                                                         _0064_ (net)
                      0.051848    0.000000    5.058196 v _1107_/D (sky130_fd_sc_hd__dfrtp_2)
                                              5.058196   data arrival time

                      0.150000   20.000000   20.000000   clock clk (rise edge)
                                  0.000000   20.000000   clock network delay (ideal)
                                 -0.250000   19.750002   clock uncertainty
                                  0.000000   19.750002   clock reconvergence pessimism
                                             19.750002 ^ _1107_/CLK (sky130_fd_sc_hd__dfrtp_2)
                                 -0.094193   19.655807   library setup time
                                             19.655807   data required time
---------------------------------------------------------------------------------------------
                                             19.655807   data required time
                                             -5.058196   data arrival time
---------------------------------------------------------------------------------------------
                                             14.597612   slack (MET)


Startpoint: uio_in[4] (input port clocked by clk)
Endpoint: _1093_ (rising edge-triggered flip-flop clocked by clk)
Path Group: clk
Path Type: max

Fanout         Cap        Slew       Delay        Time   Description
---------------------------------------------------------------------------------------------
                      0.150000    0.000000    0.000000   clock clk (rise edge)
                                  0.000000    0.000000   clock network delay (ideal)
                                  4.000000    4.000000 ^ input external delay
     2    0.006247    0.035912    0.022930    4.022930 ^ uio_in[4] (in)
                                                         uio_in[4] (net)
                      0.035912    0.000000    4.022930 ^ _0589_/D (sky130_fd_sc_hd__nand4_2)
     4    0.005489    0.080559    0.106401    4.129331 v _0589_/Y (sky130_fd_sc_hd__nand4_2)
                                                         _0225_ (net)
                      0.080559    0.000000    4.129331 v _0599_/A (sky130_fd_sc_hd__or3b_2)
     8    0.026280    0.148828    0.603653    4.732984 v _0599_/X (sky130_fd_sc_hd__or3b_2)
                                                         _0227_ (net)
                      0.148828    0.000000    4.732984 v _0601_/S (sky130_fd_sc_hd__mux2_1)
     1    0.002233    0.053482    0.352823    5.085806 v _0601_/X (sky130_fd_sc_hd__mux2_1)
                                                         _0050_ (net)
                      0.053482    0.000000    5.085806 v _1093_/D (sky130_fd_sc_hd__dfstp_2)
                                              5.085806   data arrival time

                      0.150000   20.000000   20.000000   clock clk (rise edge)
                                  0.000000   20.000000   clock network delay (ideal)
                                 -0.250000   19.750002   clock uncertainty
                                  0.000000   19.750002   clock reconvergence pessimism
                                             19.750002 ^ _1093_/CLK (sky130_fd_sc_hd__dfstp_2)
                                 -0.050649   19.699352   library setup time
                                             19.699352   data required time
---------------------------------------------------------------------------------------------
                                             19.699352   data required time
                                             -5.085806   data arrival time
---------------------------------------------------------------------------------------------
                                             14.613545   slack (MET)


Startpoint: uio_in[4] (input port clocked by clk)
Endpoint: _1094_ (rising edge-triggered flip-flop clocked by clk)
Path Group: clk
Path Type: max

Fanout         Cap        Slew       Delay        Time   Description
---------------------------------------------------------------------------------------------
                      0.150000    0.000000    0.000000   clock clk (rise edge)
                                  0.000000    0.000000   clock network delay (ideal)
                                  4.000000    4.000000 ^ input external delay
     2    0.006247    0.035912    0.022930    4.022930 ^ uio_in[4] (in)
                                                         uio_in[4] (net)
                      0.035912    0.000000    4.022930 ^ _0589_/D (sky130_fd_sc_hd__nand4_2)
     4    0.005489    0.080559    0.106401    4.129331 v _0589_/Y (sky130_fd_sc_hd__nand4_2)
                                                         _0225_ (net)
                      0.080559    0.000000    4.129331 v _0599_/A (sky130_fd_sc_hd__or3b_2)
     8    0.026280    0.148828    0.603653    4.732984 v _0599_/X (sky130_fd_sc_hd__or3b_2)
                                                         _0227_ (net)
                      0.148828    0.000000    4.732984 v _0602_/S (sky130_fd_sc_hd__mux2_1)
     1    0.002233    0.053482    0.352823    5.085806 v _0602_/X (sky130_fd_sc_hd__mux2_1)
                                                         _0051_ (net)
                      0.053482    0.000000    5.085806 v _1094_/D (sky130_fd_sc_hd__dfstp_2)
                                              5.085806   data arrival time

                      0.150000   20.000000   20.000000   clock clk (rise edge)
                                  0.000000   20.000000   clock network delay (ideal)
                                 -0.250000   19.750002   clock uncertainty
                                  0.000000   19.750002   clock reconvergence pessimism
                                             19.750002 ^ _1094_/CLK (sky130_fd_sc_hd__dfstp_2)
                                 -0.050649   19.699352   library setup time
                                             19.699352   data required time
---------------------------------------------------------------------------------------------
                                             19.699352   data required time
                                             -5.085806   data arrival time
---------------------------------------------------------------------------------------------
                                             14.613545   slack (MET)


Startpoint: uio_in[4] (input port clocked by clk)
Endpoint: _1085_ (rising edge-triggered flip-flop clocked by clk)
Path Group: clk
Path Type: max

Fanout         Cap        Slew       Delay        Time   Description
---------------------------------------------------------------------------------------------
                      0.150000    0.000000    0.000000   clock clk (rise edge)
                                  0.000000    0.000000   clock network delay (ideal)
                                  4.000000    4.000000 ^ input external delay
     2    0.006247    0.035912    0.022930    4.022930 ^ uio_in[4] (in)
                                                         uio_in[4] (net)
                      0.035912    0.000000    4.022930 ^ _0589_/D (sky130_fd_sc_hd__nand4_2)
     4    0.005489    0.080559    0.106401    4.129331 v _0589_/Y (sky130_fd_sc_hd__nand4_2)
                                                         _0225_ (net)
                      0.080559    0.000000    4.129331 v _0590_/C (sky130_fd_sc_hd__or3_2)
     8    0.026280    0.147275    0.544151    4.673482 v _0590_/X (sky130_fd_sc_hd__or3_2)
                                                         _0226_ (net)
                      0.147275    0.000000    4.673482 v _0592_/S (sky130_fd_sc_hd__mux2_1)
     1    0.001949    0.051858    0.349425    5.022907 v _0592_/X (sky130_fd_sc_hd__mux2_1)
                                                         _0042_ (net)
                      0.051858    0.000000    5.022907 v _1085_/D (sky130_fd_sc_hd__dfrtp_2)
                                              5.022907   data arrival time

                      0.150000   20.000000   20.000000   clock clk (rise edge)
                                  0.000000   20.000000   clock network delay (ideal)
                                 -0.250000   19.750002   clock uncertainty
                                  0.000000   19.750002   clock reconvergence pessimism
                                             19.750002 ^ _1085_/CLK (sky130_fd_sc_hd__dfrtp_2)
                                 -0.094198   19.655804   library setup time
                                             19.655804   data required time
---------------------------------------------------------------------------------------------
                                             19.655804   data required time
                                             -5.022907   data arrival time
---------------------------------------------------------------------------------------------
                                             14.632896   slack (MET)


Startpoint: uio_in[4] (input port clocked by clk)
Endpoint: _1087_ (rising edge-triggered flip-flop clocked by clk)
Path Group: clk
Path Type: max

Fanout         Cap        Slew       Delay        Time   Description
---------------------------------------------------------------------------------------------
                      0.150000    0.000000    0.000000   clock clk (rise edge)
                                  0.000000    0.000000   clock network delay (ideal)
                                  4.000000    4.000000 ^ input external delay
     2    0.006247    0.035912    0.022930    4.022930 ^ uio_in[4] (in)
                                                         uio_in[4] (net)
                      0.035912    0.000000    4.022930 ^ _0589_/D (sky130_fd_sc_hd__nand4_2)
     4    0.005489    0.080559    0.106401    4.129331 v _0589_/Y (sky130_fd_sc_hd__nand4_2)
                                                         _0225_ (net)
                      0.080559    0.000000    4.129331 v _0590_/C (sky130_fd_sc_hd__or3_2)
     8    0.026280    0.147275    0.544151    4.673482 v _0590_/X (sky130_fd_sc_hd__or3_2)
                                                         _0226_ (net)
                      0.147275    0.000000    4.673482 v _0594_/S (sky130_fd_sc_hd__mux2_1)
     1    0.001949    0.051858    0.349425    5.022907 v _0594_/X (sky130_fd_sc_hd__mux2_1)
                                                         _0044_ (net)
                      0.051858    0.000000    5.022907 v _1087_/D (sky130_fd_sc_hd__dfrtp_2)
                                              5.022907   data arrival time

                      0.150000   20.000000   20.000000   clock clk (rise edge)
                                  0.000000   20.000000   clock network delay (ideal)
                                 -0.250000   19.750002   clock uncertainty
                                  0.000000   19.750002   clock reconvergence pessimism
                                             19.750002 ^ _1087_/CLK (sky130_fd_sc_hd__dfrtp_2)
                                 -0.094198   19.655804   library setup time
                                             19.655804   data required time
---------------------------------------------------------------------------------------------
                                             19.655804   data required time
                                             -5.022907   data arrival time
---------------------------------------------------------------------------------------------
                                             14.632896   slack (MET)


Startpoint: uio_in[4] (input port clocked by clk)
Endpoint: _1088_ (rising edge-triggered flip-flop clocked by clk)
Path Group: clk
Path Type: max

Fanout         Cap        Slew       Delay        Time   Description
---------------------------------------------------------------------------------------------
                      0.150000    0.000000    0.000000   clock clk (rise edge)
                                  0.000000    0.000000   clock network delay (ideal)
                                  4.000000    4.000000 ^ input external delay
     2    0.006247    0.035912    0.022930    4.022930 ^ uio_in[4] (in)
                                                         uio_in[4] (net)
                      0.035912    0.000000    4.022930 ^ _0589_/D (sky130_fd_sc_hd__nand4_2)
     4    0.005489    0.080559    0.106401    4.129331 v _0589_/Y (sky130_fd_sc_hd__nand4_2)
                                                         _0225_ (net)
                      0.080559    0.000000    4.129331 v _0590_/C (sky130_fd_sc_hd__or3_2)
     8    0.026280    0.147275    0.544151    4.673482 v _0590_/X (sky130_fd_sc_hd__or3_2)
                                                         _0226_ (net)
                      0.147275    0.000000    4.673482 v _0595_/S (sky130_fd_sc_hd__mux2_1)
     1    0.001949    0.051858    0.349425    5.022907 v _0595_/X (sky130_fd_sc_hd__mux2_1)
                                                         _0045_ (net)
                      0.051858    0.000000    5.022907 v _1088_/D (sky130_fd_sc_hd__dfrtp_2)
                                              5.022907   data arrival time

                      0.150000   20.000000   20.000000   clock clk (rise edge)
                                  0.000000   20.000000   clock network delay (ideal)
                                 -0.250000   19.750002   clock uncertainty
                                  0.000000   19.750002   clock reconvergence pessimism
                                             19.750002 ^ _1088_/CLK (sky130_fd_sc_hd__dfrtp_2)
                                 -0.094198   19.655804   library setup time
                                             19.655804   data required time
---------------------------------------------------------------------------------------------
                                             19.655804   data required time
                                             -5.022907   data arrival time
---------------------------------------------------------------------------------------------
                                             14.632896   slack (MET)


Startpoint: uio_in[4] (input port clocked by clk)
Endpoint: _1089_ (rising edge-triggered flip-flop clocked by clk)
Path Group: clk
Path Type: max

Fanout         Cap        Slew       Delay        Time   Description
---------------------------------------------------------------------------------------------
                      0.150000    0.000000    0.000000   clock clk (rise edge)
                                  0.000000    0.000000   clock network delay (ideal)
                                  4.000000    4.000000 ^ input external delay
     2    0.006247    0.035912    0.022930    4.022930 ^ uio_in[4] (in)
                                                         uio_in[4] (net)
                      0.035912    0.000000    4.022930 ^ _0589_/D (sky130_fd_sc_hd__nand4_2)
     4    0.005489    0.080559    0.106401    4.129331 v _0589_/Y (sky130_fd_sc_hd__nand4_2)
                                                         _0225_ (net)
                      0.080559    0.000000    4.129331 v _0590_/C (sky130_fd_sc_hd__or3_2)
     8    0.026280    0.147275    0.544151    4.673482 v _0590_/X (sky130_fd_sc_hd__or3_2)
                                                         _0226_ (net)
                      0.147275    0.000000    4.673482 v _0596_/S (sky130_fd_sc_hd__mux2_1)
     1    0.001949    0.051858    0.349425    5.022907 v _0596_/X (sky130_fd_sc_hd__mux2_1)
                                                         _0046_ (net)
                      0.051858    0.000000    5.022907 v _1089_/D (sky130_fd_sc_hd__dfrtp_2)
                                              5.022907   data arrival time

                      0.150000   20.000000   20.000000   clock clk (rise edge)
                                  0.000000   20.000000   clock network delay (ideal)
                                 -0.250000   19.750002   clock uncertainty
                                  0.000000   19.750002   clock reconvergence pessimism
                                             19.750002 ^ _1089_/CLK (sky130_fd_sc_hd__dfrtp_2)
                                 -0.094198   19.655804   library setup time
                                             19.655804   data required time
---------------------------------------------------------------------------------------------
                                             19.655804   data required time
                                             -5.022907   data arrival time
---------------------------------------------------------------------------------------------
                                             14.632896   slack (MET)


Startpoint: uio_in[4] (input port clocked by clk)
Endpoint: _1090_ (rising edge-triggered flip-flop clocked by clk)
Path Group: clk
Path Type: max

Fanout         Cap        Slew       Delay        Time   Description
---------------------------------------------------------------------------------------------
                      0.150000    0.000000    0.000000   clock clk (rise edge)
                                  0.000000    0.000000   clock network delay (ideal)
                                  4.000000    4.000000 ^ input external delay
     2    0.006247    0.035912    0.022930    4.022930 ^ uio_in[4] (in)
                                                         uio_in[4] (net)
                      0.035912    0.000000    4.022930 ^ _0589_/D (sky130_fd_sc_hd__nand4_2)
     4    0.005489    0.080559    0.106401    4.129331 v _0589_/Y (sky130_fd_sc_hd__nand4_2)
                                                         _0225_ (net)
                      0.080559    0.000000    4.129331 v _0590_/C (sky130_fd_sc_hd__or3_2)
     8    0.026280    0.147275    0.544151    4.673482 v _0590_/X (sky130_fd_sc_hd__or3_2)
                                                         _0226_ (net)
                      0.147275    0.000000    4.673482 v _0597_/S (sky130_fd_sc_hd__mux2_1)
     1    0.001949    0.051858    0.349425    5.022907 v _0597_/X (sky130_fd_sc_hd__mux2_1)
                                                         _0047_ (net)
                      0.051858    0.000000    5.022907 v _1090_/D (sky130_fd_sc_hd__dfrtp_2)
                                              5.022907   data arrival time

                      0.150000   20.000000   20.000000   clock clk (rise edge)
                                  0.000000   20.000000   clock network delay (ideal)
                                 -0.250000   19.750002   clock uncertainty
                                  0.000000   19.750002   clock reconvergence pessimism
                                             19.750002 ^ _1090_/CLK (sky130_fd_sc_hd__dfrtp_2)
                                 -0.094198   19.655804   library setup time
                                             19.655804   data required time
---------------------------------------------------------------------------------------------
                                             19.655804   data required time
                                             -5.022907   data arrival time
---------------------------------------------------------------------------------------------
                                             14.632896   slack (MET)


Startpoint: uio_in[4] (input port clocked by clk)
Endpoint: _1091_ (rising edge-triggered flip-flop clocked by clk)
Path Group: clk
Path Type: max

Fanout         Cap        Slew       Delay        Time   Description
---------------------------------------------------------------------------------------------
                      0.150000    0.000000    0.000000   clock clk (rise edge)
                                  0.000000    0.000000   clock network delay (ideal)
                                  4.000000    4.000000 ^ input external delay
     2    0.006247    0.035912    0.022930    4.022930 ^ uio_in[4] (in)
                                                         uio_in[4] (net)
                      0.035912    0.000000    4.022930 ^ _0589_/D (sky130_fd_sc_hd__nand4_2)
     4    0.005489    0.080559    0.106401    4.129331 v _0589_/Y (sky130_fd_sc_hd__nand4_2)
                                                         _0225_ (net)
                      0.080559    0.000000    4.129331 v _0590_/C (sky130_fd_sc_hd__or3_2)
     8    0.026280    0.147275    0.544151    4.673482 v _0590_/X (sky130_fd_sc_hd__or3_2)
                                                         _0226_ (net)
                      0.147275    0.000000    4.673482 v _0598_/S (sky130_fd_sc_hd__mux2_1)
     1    0.001949    0.051858    0.349425    5.022907 v _0598_/X (sky130_fd_sc_hd__mux2_1)
                                                         _0048_ (net)
                      0.051858    0.000000    5.022907 v _1091_/D (sky130_fd_sc_hd__dfrtp_2)
                                              5.022907   data arrival time

                      0.150000   20.000000   20.000000   clock clk (rise edge)
                                  0.000000   20.000000   clock network delay (ideal)
                                 -0.250000   19.750002   clock uncertainty
                                  0.000000   19.750002   clock reconvergence pessimism
                                             19.750002 ^ _1091_/CLK (sky130_fd_sc_hd__dfrtp_2)
                                 -0.094198   19.655804   library setup time
                                             19.655804   data required time
---------------------------------------------------------------------------------------------
                                             19.655804   data required time
                                             -5.022907   data arrival time
---------------------------------------------------------------------------------------------
                                             14.632896   slack (MET)


Startpoint: uio_in[4] (input port clocked by clk)
Endpoint: _1100_ (rising edge-triggered flip-flop clocked by clk)
Path Group: clk
Path Type: max

Fanout         Cap        Slew       Delay        Time   Description
---------------------------------------------------------------------------------------------
                      0.150000    0.000000    0.000000   clock clk (rise edge)
                                  0.000000    0.000000   clock network delay (ideal)
                                  4.000000    4.000000 ^ input external delay
     2    0.006247    0.035912    0.022930    4.022930 ^ uio_in[4] (in)
                                                         uio_in[4] (net)
                      0.035912    0.000000    4.022930 ^ _0589_/D (sky130_fd_sc_hd__nand4_2)
     4    0.005489    0.080559    0.106401    4.129331 v _0589_/Y (sky130_fd_sc_hd__nand4_2)
                                                         _0225_ (net)
                      0.080559    0.000000    4.129331 v _0608_/B (sky130_fd_sc_hd__or3b_2)
     8    0.026280    0.148878    0.578815    4.708147 v _0608_/X (sky130_fd_sc_hd__or3b_2)
                                                         _0228_ (net)
                      0.148878    0.000000    4.708147 v _0609_/S (sky130_fd_sc_hd__mux2_1)
     1    0.002233    0.053482    0.352842    5.060988 v _0609_/X (sky130_fd_sc_hd__mux2_1)
                                                         _0057_ (net)
                      0.053482    0.000000    5.060988 v _1100_/D (sky130_fd_sc_hd__dfstp_2)
                                              5.060988   data arrival time

                      0.150000   20.000000   20.000000   clock clk (rise edge)
                                  0.000000   20.000000   clock network delay (ideal)
                                 -0.250000   19.750002   clock uncertainty
                                  0.000000   19.750002   clock reconvergence pessimism
                                             19.750002 ^ _1100_/CLK (sky130_fd_sc_hd__dfstp_2)
                                 -0.050649   19.699352   library setup time
                                             19.699352   data required time
---------------------------------------------------------------------------------------------
                                             19.699352   data required time
                                             -5.060988   data arrival time
---------------------------------------------------------------------------------------------
                                             14.638364   slack (MET)


Startpoint: uio_in[4] (input port clocked by clk)
Endpoint: _1101_ (rising edge-triggered flip-flop clocked by clk)
Path Group: clk
Path Type: max

Fanout         Cap        Slew       Delay        Time   Description
---------------------------------------------------------------------------------------------
                      0.150000    0.000000    0.000000   clock clk (rise edge)
                                  0.000000    0.000000   clock network delay (ideal)
                                  4.000000    4.000000 ^ input external delay
     2    0.006247    0.035912    0.022930    4.022930 ^ uio_in[4] (in)
                                                         uio_in[4] (net)
                      0.035912    0.000000    4.022930 ^ _0589_/D (sky130_fd_sc_hd__nand4_2)
     4    0.005489    0.080559    0.106401    4.129331 v _0589_/Y (sky130_fd_sc_hd__nand4_2)
                                                         _0225_ (net)
                      0.080559    0.000000    4.129331 v _0608_/B (sky130_fd_sc_hd__or3b_2)
     8    0.026280    0.148878    0.578815    4.708147 v _0608_/X (sky130_fd_sc_hd__or3b_2)
                                                         _0228_ (net)
                      0.148878    0.000000    4.708147 v _0610_/S (sky130_fd_sc_hd__mux2_1)
     1    0.002233    0.053482    0.352842    5.060988 v _0610_/X (sky130_fd_sc_hd__mux2_1)
                                                         _0058_ (net)
                      0.053482    0.000000    5.060988 v _1101_/D (sky130_fd_sc_hd__dfstp_2)
                                              5.060988   data arrival time

                      0.150000   20.000000   20.000000   clock clk (rise edge)
                                  0.000000   20.000000   clock network delay (ideal)
                                 -0.250000   19.750002   clock uncertainty
                                  0.000000   19.750002   clock reconvergence pessimism
                                             19.750002 ^ _1101_/CLK (sky130_fd_sc_hd__dfstp_2)
                                 -0.050649   19.699352   library setup time
                                             19.699352   data required time
---------------------------------------------------------------------------------------------
                                             19.699352   data required time
                                             -5.060988   data arrival time
---------------------------------------------------------------------------------------------
                                             14.638364   slack (MET)


Startpoint: uio_in[4] (input port clocked by clk)
Endpoint: _1102_ (rising edge-triggered flip-flop clocked by clk)
Path Group: clk
Path Type: max

Fanout         Cap        Slew       Delay        Time   Description
---------------------------------------------------------------------------------------------
                      0.150000    0.000000    0.000000   clock clk (rise edge)
                                  0.000000    0.000000   clock network delay (ideal)
                                  4.000000    4.000000 ^ input external delay
     2    0.006247    0.035912    0.022930    4.022930 ^ uio_in[4] (in)
                                                         uio_in[4] (net)
                      0.035912    0.000000    4.022930 ^ _0589_/D (sky130_fd_sc_hd__nand4_2)
     4    0.005489    0.080559    0.106401    4.129331 v _0589_/Y (sky130_fd_sc_hd__nand4_2)
                                                         _0225_ (net)
                      0.080559    0.000000    4.129331 v _0608_/B (sky130_fd_sc_hd__or3b_2)
     8    0.026280    0.148878    0.578815    4.708147 v _0608_/X (sky130_fd_sc_hd__or3b_2)
                                                         _0228_ (net)
                      0.148878    0.000000    4.708147 v _0611_/S (sky130_fd_sc_hd__mux2_1)
     1    0.002233    0.053482    0.352842    5.060988 v _0611_/X (sky130_fd_sc_hd__mux2_1)
                                                         _0059_ (net)
                      0.053482    0.000000    5.060988 v _1102_/D (sky130_fd_sc_hd__dfstp_2)
                                              5.060988   data arrival time

                      0.150000   20.000000   20.000000   clock clk (rise edge)
                                  0.000000   20.000000   clock network delay (ideal)
                                 -0.250000   19.750002   clock uncertainty
                                  0.000000   19.750002   clock reconvergence pessimism
                                             19.750002 ^ _1102_/CLK (sky130_fd_sc_hd__dfstp_2)
                                 -0.050649   19.699352   library setup time
                                             19.699352   data required time
---------------------------------------------------------------------------------------------
                                             19.699352   data required time
                                             -5.060988   data arrival time
---------------------------------------------------------------------------------------------
                                             14.638364   slack (MET)


Startpoint: uio_in[4] (input port clocked by clk)
Endpoint: _1084_ (rising edge-triggered flip-flop clocked by clk)
Path Group: clk
Path Type: max

Fanout         Cap        Slew       Delay        Time   Description
---------------------------------------------------------------------------------------------
                      0.150000    0.000000    0.000000   clock clk (rise edge)
                                  0.000000    0.000000   clock network delay (ideal)
                                  4.000000    4.000000 ^ input external delay
     2    0.006247    0.035912    0.022930    4.022930 ^ uio_in[4] (in)
                                                         uio_in[4] (net)
                      0.035912    0.000000    4.022930 ^ _0589_/D (sky130_fd_sc_hd__nand4_2)
     4    0.005489    0.080559    0.106401    4.129331 v _0589_/Y (sky130_fd_sc_hd__nand4_2)
                                                         _0225_ (net)
                      0.080559    0.000000    4.129331 v _0590_/C (sky130_fd_sc_hd__or3_2)
     8    0.026280    0.147275    0.544151    4.673482 v _0590_/X (sky130_fd_sc_hd__or3_2)
                                                         _0226_ (net)
                      0.147275    0.000000    4.673482 v _0591_/S (sky130_fd_sc_hd__mux2_1)
     1    0.002233    0.053493    0.352218    5.025700 v _0591_/X (sky130_fd_sc_hd__mux2_1)
                                                         _0041_ (net)
                      0.053493    0.000000    5.025700 v _1084_/D (sky130_fd_sc_hd__dfstp_2)
                                              5.025700   data arrival time

                      0.150000   20.000000   20.000000   clock clk (rise edge)
                                  0.000000   20.000000   clock network delay (ideal)
                                 -0.250000   19.750002   clock uncertainty
                                  0.000000   19.750002   clock reconvergence pessimism
                                             19.750002 ^ _1084_/CLK (sky130_fd_sc_hd__dfstp_2)
                                 -0.050652   19.699348   library setup time
                                             19.699348   data required time
---------------------------------------------------------------------------------------------
                                             19.699348   data required time
                                             -5.025700   data arrival time
---------------------------------------------------------------------------------------------
                                             14.673649   slack (MET)


Startpoint: uio_in[4] (input port clocked by clk)
Endpoint: _1086_ (rising edge-triggered flip-flop clocked by clk)
Path Group: clk
Path Type: max

Fanout         Cap        Slew       Delay        Time   Description
---------------------------------------------------------------------------------------------
                      0.150000    0.000000    0.000000   clock clk (rise edge)
                                  0.000000    0.000000   clock network delay (ideal)
                                  4.000000    4.000000 ^ input external delay
     2    0.006247    0.035912    0.022930    4.022930 ^ uio_in[4] (in)
                                                         uio_in[4] (net)
                      0.035912    0.000000    4.022930 ^ _0589_/D (sky130_fd_sc_hd__nand4_2)
     4    0.005489    0.080559    0.106401    4.129331 v _0589_/Y (sky130_fd_sc_hd__nand4_2)
                                                         _0225_ (net)
                      0.080559    0.000000    4.129331 v _0590_/C (sky130_fd_sc_hd__or3_2)
     8    0.026280    0.147275    0.544151    4.673482 v _0590_/X (sky130_fd_sc_hd__or3_2)
                                                         _0226_ (net)
                      0.147275    0.000000    4.673482 v _0593_/S (sky130_fd_sc_hd__mux2_1)
     1    0.002233    0.053493    0.352218    5.025700 v _0593_/X (sky130_fd_sc_hd__mux2_1)
                                                         _0043_ (net)
                      0.053493    0.000000    5.025700 v _1086_/D (sky130_fd_sc_hd__dfstp_2)
                                              5.025700   data arrival time

                      0.150000   20.000000   20.000000   clock clk (rise edge)
                                  0.000000   20.000000   clock network delay (ideal)
                                 -0.250000   19.750002   clock uncertainty
                                  0.000000   19.750002   clock reconvergence pessimism
                                             19.750002 ^ _1086_/CLK (sky130_fd_sc_hd__dfstp_2)
                                 -0.050652   19.699348   library setup time
                                             19.699348   data required time
---------------------------------------------------------------------------------------------
                                             19.699348   data required time
                                             -5.025700   data arrival time
---------------------------------------------------------------------------------------------
                                             14.673649   slack (MET)


Startpoint: uio_in[4] (input port clocked by clk)
Endpoint: _1060_ (rising edge-triggered flip-flop clocked by clk)
Path Group: clk
Path Type: max

Fanout         Cap        Slew       Delay        Time   Description
---------------------------------------------------------------------------------------------
                      0.150000    0.000000    0.000000   clock clk (rise edge)
                                  0.000000    0.000000   clock network delay (ideal)
                                  4.000000    4.000000 v input external delay
     2    0.005686    0.015532    0.009636    4.009636 v uio_in[4] (in)
                                                         uio_in[4] (net)
                      0.015532    0.000000    4.009636 v _0551_/A_N (sky130_fd_sc_hd__and4b_2)
     4    0.006027    0.068936    0.278899    4.288535 ^ _0551_/X (sky130_fd_sc_hd__and4b_2)
                                                         _0219_ (net)
                      0.068936    0.000000    4.288535 ^ _0561_/C (sky130_fd_sc_hd__and3b_2)
     8    0.028160    0.158368    0.292699    4.581234 ^ _0561_/X (sky130_fd_sc_hd__and3b_2)
                                                         _0221_ (net)
                      0.158368    0.000000    4.581234 ^ _0562_/S (sky130_fd_sc_hd__mux2_1)
     1    0.001949    0.051853    0.343263    4.924498 v _0562_/X (sky130_fd_sc_hd__mux2_1)
                                                         _0017_ (net)
                      0.051853    0.000000    4.924498 v _1060_/D (sky130_fd_sc_hd__dfrtp_2)
                                              4.924498   data arrival time

                      0.150000   20.000000   20.000000   clock clk (rise edge)
                                  0.000000   20.000000   clock network delay (ideal)
                                 -0.250000   19.750002   clock uncertainty
                                  0.000000   19.750002   clock reconvergence pessimism
                                             19.750002 ^ _1060_/CLK (sky130_fd_sc_hd__dfrtp_2)
                                 -0.094195   19.655806   library setup time
                                             19.655806   data required time
---------------------------------------------------------------------------------------------
                                             19.655806   data required time
                                             -4.924498   data arrival time
---------------------------------------------------------------------------------------------
                                             14.731309   slack (MET)


Startpoint: uio_in[4] (input port clocked by clk)
Endpoint: _1062_ (rising edge-triggered flip-flop clocked by clk)
Path Group: clk
Path Type: max

Fanout         Cap        Slew       Delay        Time   Description
---------------------------------------------------------------------------------------------
                      0.150000    0.000000    0.000000   clock clk (rise edge)
                                  0.000000    0.000000   clock network delay (ideal)
                                  4.000000    4.000000 v input external delay
     2    0.005686    0.015532    0.009636    4.009636 v uio_in[4] (in)
                                                         uio_in[4] (net)
                      0.015532    0.000000    4.009636 v _0551_/A_N (sky130_fd_sc_hd__and4b_2)
     4    0.006027    0.068936    0.278899    4.288535 ^ _0551_/X (sky130_fd_sc_hd__and4b_2)
                                                         _0219_ (net)
                      0.068936    0.000000    4.288535 ^ _0561_/C (sky130_fd_sc_hd__and3b_2)
     8    0.028160    0.158368    0.292699    4.581234 ^ _0561_/X (sky130_fd_sc_hd__and3b_2)
                                                         _0221_ (net)
                      0.158368    0.000000    4.581234 ^ _0564_/S (sky130_fd_sc_hd__mux2_1)
     1    0.001949    0.051853    0.343263    4.924498 v _0564_/X (sky130_fd_sc_hd__mux2_1)
                                                         _0019_ (net)
                      0.051853    0.000000    4.924498 v _1062_/D (sky130_fd_sc_hd__dfrtp_2)
                                              4.924498   data arrival time

                      0.150000   20.000000   20.000000   clock clk (rise edge)
                                  0.000000   20.000000   clock network delay (ideal)
                                 -0.250000   19.750002   clock uncertainty
                                  0.000000   19.750002   clock reconvergence pessimism
                                             19.750002 ^ _1062_/CLK (sky130_fd_sc_hd__dfrtp_2)
                                 -0.094195   19.655806   library setup time
                                             19.655806   data required time
---------------------------------------------------------------------------------------------
                                             19.655806   data required time
                                             -4.924498   data arrival time
---------------------------------------------------------------------------------------------
                                             14.731309   slack (MET)


Startpoint: uio_in[4] (input port clocked by clk)
Endpoint: _1063_ (rising edge-triggered flip-flop clocked by clk)
Path Group: clk
Path Type: max

Fanout         Cap        Slew       Delay        Time   Description
---------------------------------------------------------------------------------------------
                      0.150000    0.000000    0.000000   clock clk (rise edge)
                                  0.000000    0.000000   clock network delay (ideal)
                                  4.000000    4.000000 v input external delay
     2    0.005686    0.015532    0.009636    4.009636 v uio_in[4] (in)
                                                         uio_in[4] (net)
                      0.015532    0.000000    4.009636 v _0551_/A_N (sky130_fd_sc_hd__and4b_2)
     4    0.006027    0.068936    0.278899    4.288535 ^ _0551_/X (sky130_fd_sc_hd__and4b_2)
                                                         _0219_ (net)
                      0.068936    0.000000    4.288535 ^ _0561_/C (sky130_fd_sc_hd__and3b_2)
     8    0.028160    0.158368    0.292699    4.581234 ^ _0561_/X (sky130_fd_sc_hd__and3b_2)
                                                         _0221_ (net)
                      0.158368    0.000000    4.581234 ^ _0565_/S (sky130_fd_sc_hd__mux2_1)
     1    0.001949    0.051853    0.343263    4.924498 v _0565_/X (sky130_fd_sc_hd__mux2_1)
                                                         _0020_ (net)
                      0.051853    0.000000    4.924498 v _1063_/D (sky130_fd_sc_hd__dfrtp_2)
                                              4.924498   data arrival time

                      0.150000   20.000000   20.000000   clock clk (rise edge)
                                  0.000000   20.000000   clock network delay (ideal)
                                 -0.250000   19.750002   clock uncertainty
                                  0.000000   19.750002   clock reconvergence pessimism
                                             19.750002 ^ _1063_/CLK (sky130_fd_sc_hd__dfrtp_2)
                                 -0.094195   19.655806   library setup time
                                             19.655806   data required time
---------------------------------------------------------------------------------------------
                                             19.655806   data required time
                                             -4.924498   data arrival time
---------------------------------------------------------------------------------------------
                                             14.731309   slack (MET)


Startpoint: uio_in[4] (input port clocked by clk)
Endpoint: _1064_ (rising edge-triggered flip-flop clocked by clk)
Path Group: clk
Path Type: max

Fanout         Cap        Slew       Delay        Time   Description
---------------------------------------------------------------------------------------------
                      0.150000    0.000000    0.000000   clock clk (rise edge)
                                  0.000000    0.000000   clock network delay (ideal)
                                  4.000000    4.000000 v input external delay
     2    0.005686    0.015532    0.009636    4.009636 v uio_in[4] (in)
                                                         uio_in[4] (net)
                      0.015532    0.000000    4.009636 v _0551_/A_N (sky130_fd_sc_hd__and4b_2)
     4    0.006027    0.068936    0.278899    4.288535 ^ _0551_/X (sky130_fd_sc_hd__and4b_2)
                                                         _0219_ (net)
                      0.068936    0.000000    4.288535 ^ _0561_/C (sky130_fd_sc_hd__and3b_2)
     8    0.028160    0.158368    0.292699    4.581234 ^ _0561_/X (sky130_fd_sc_hd__and3b_2)
                                                         _0221_ (net)
                      0.158368    0.000000    4.581234 ^ _0566_/S (sky130_fd_sc_hd__mux2_1)
     1    0.001949    0.051853    0.343263    4.924498 v _0566_/X (sky130_fd_sc_hd__mux2_1)
                                                         _0021_ (net)
                      0.051853    0.000000    4.924498 v _1064_/D (sky130_fd_sc_hd__dfrtp_2)
                                              4.924498   data arrival time

                      0.150000   20.000000   20.000000   clock clk (rise edge)
                                  0.000000   20.000000   clock network delay (ideal)
                                 -0.250000   19.750002   clock uncertainty
                                  0.000000   19.750002   clock reconvergence pessimism
                                             19.750002 ^ _1064_/CLK (sky130_fd_sc_hd__dfrtp_2)
                                 -0.094195   19.655806   library setup time
                                             19.655806   data required time
---------------------------------------------------------------------------------------------
                                             19.655806   data required time
                                             -4.924498   data arrival time
---------------------------------------------------------------------------------------------
                                             14.731309   slack (MET)


Startpoint: uio_in[4] (input port clocked by clk)
Endpoint: _1065_ (rising edge-triggered flip-flop clocked by clk)
Path Group: clk
Path Type: max

Fanout         Cap        Slew       Delay        Time   Description
---------------------------------------------------------------------------------------------
                      0.150000    0.000000    0.000000   clock clk (rise edge)
                                  0.000000    0.000000   clock network delay (ideal)
                                  4.000000    4.000000 v input external delay
     2    0.005686    0.015532    0.009636    4.009636 v uio_in[4] (in)
                                                         uio_in[4] (net)
                      0.015532    0.000000    4.009636 v _0551_/A_N (sky130_fd_sc_hd__and4b_2)
     4    0.006027    0.068936    0.278899    4.288535 ^ _0551_/X (sky130_fd_sc_hd__and4b_2)
                                                         _0219_ (net)
                      0.068936    0.000000    4.288535 ^ _0561_/C (sky130_fd_sc_hd__and3b_2)
     8    0.028160    0.158368    0.292699    4.581234 ^ _0561_/X (sky130_fd_sc_hd__and3b_2)
                                                         _0221_ (net)
                      0.158368    0.000000    4.581234 ^ _0567_/S (sky130_fd_sc_hd__mux2_1)
     1    0.001949    0.051853    0.343263    4.924498 v _0567_/X (sky130_fd_sc_hd__mux2_1)
                                                         _0022_ (net)
                      0.051853    0.000000    4.924498 v _1065_/D (sky130_fd_sc_hd__dfrtp_2)
                                              4.924498   data arrival time

                      0.150000   20.000000   20.000000   clock clk (rise edge)
                                  0.000000   20.000000   clock network delay (ideal)
                                 -0.250000   19.750002   clock uncertainty
                                  0.000000   19.750002   clock reconvergence pessimism
                                             19.750002 ^ _1065_/CLK (sky130_fd_sc_hd__dfrtp_2)
                                 -0.094195   19.655806   library setup time
                                             19.655806   data required time
---------------------------------------------------------------------------------------------
                                             19.655806   data required time
                                             -4.924498   data arrival time
---------------------------------------------------------------------------------------------
                                             14.731309   slack (MET)


Startpoint: uio_in[4] (input port clocked by clk)
Endpoint: _1066_ (rising edge-triggered flip-flop clocked by clk)
Path Group: clk
Path Type: max

Fanout         Cap        Slew       Delay        Time   Description
---------------------------------------------------------------------------------------------
                      0.150000    0.000000    0.000000   clock clk (rise edge)
                                  0.000000    0.000000   clock network delay (ideal)
                                  4.000000    4.000000 v input external delay
     2    0.005686    0.015532    0.009636    4.009636 v uio_in[4] (in)
                                                         uio_in[4] (net)
                      0.015532    0.000000    4.009636 v _0551_/A_N (sky130_fd_sc_hd__and4b_2)
     4    0.006027    0.068936    0.278899    4.288535 ^ _0551_/X (sky130_fd_sc_hd__and4b_2)
                                                         _0219_ (net)
                      0.068936    0.000000    4.288535 ^ _0561_/C (sky130_fd_sc_hd__and3b_2)
     8    0.028160    0.158368    0.292699    4.581234 ^ _0561_/X (sky130_fd_sc_hd__and3b_2)
                                                         _0221_ (net)
                      0.158368    0.000000    4.581234 ^ _0568_/S (sky130_fd_sc_hd__mux2_1)
     1    0.001949    0.051853    0.343263    4.924498 v _0568_/X (sky130_fd_sc_hd__mux2_1)
                                                         _0023_ (net)
                      0.051853    0.000000    4.924498 v _1066_/D (sky130_fd_sc_hd__dfrtp_2)
                                              4.924498   data arrival time

                      0.150000   20.000000   20.000000   clock clk (rise edge)
                                  0.000000   20.000000   clock network delay (ideal)
                                 -0.250000   19.750002   clock uncertainty
                                  0.000000   19.750002   clock reconvergence pessimism
                                             19.750002 ^ _1066_/CLK (sky130_fd_sc_hd__dfrtp_2)
                                 -0.094195   19.655806   library setup time
                                             19.655806   data required time
---------------------------------------------------------------------------------------------
                                             19.655806   data required time
                                             -4.924498   data arrival time
---------------------------------------------------------------------------------------------
                                             14.731309   slack (MET)


Startpoint: uio_in[4] (input port clocked by clk)
Endpoint: _1067_ (rising edge-triggered flip-flop clocked by clk)
Path Group: clk
Path Type: max

Fanout         Cap        Slew       Delay        Time   Description
---------------------------------------------------------------------------------------------
                      0.150000    0.000000    0.000000   clock clk (rise edge)
                                  0.000000    0.000000   clock network delay (ideal)
                                  4.000000    4.000000 v input external delay
     2    0.005686    0.015532    0.009636    4.009636 v uio_in[4] (in)
                                                         uio_in[4] (net)
                      0.015532    0.000000    4.009636 v _0551_/A_N (sky130_fd_sc_hd__and4b_2)
     4    0.006027    0.068936    0.278899    4.288535 ^ _0551_/X (sky130_fd_sc_hd__and4b_2)
                                                         _0219_ (net)
                      0.068936    0.000000    4.288535 ^ _0561_/C (sky130_fd_sc_hd__and3b_2)
     8    0.028160    0.158368    0.292699    4.581234 ^ _0561_/X (sky130_fd_sc_hd__and3b_2)
                                                         _0221_ (net)
                      0.158368    0.000000    4.581234 ^ _0569_/S (sky130_fd_sc_hd__mux2_1)
     1    0.001949    0.051853    0.343263    4.924498 v _0569_/X (sky130_fd_sc_hd__mux2_1)
                                                         _0024_ (net)
                      0.051853    0.000000    4.924498 v _1067_/D (sky130_fd_sc_hd__dfrtp_2)
                                              4.924498   data arrival time

                      0.150000   20.000000   20.000000   clock clk (rise edge)
                                  0.000000   20.000000   clock network delay (ideal)
                                 -0.250000   19.750002   clock uncertainty
                                  0.000000   19.750002   clock reconvergence pessimism
                                             19.750002 ^ _1067_/CLK (sky130_fd_sc_hd__dfrtp_2)
                                 -0.094195   19.655806   library setup time
                                             19.655806   data required time
---------------------------------------------------------------------------------------------
                                             19.655806   data required time
                                             -4.924498   data arrival time
---------------------------------------------------------------------------------------------
                                             14.731309   slack (MET)


Startpoint: uio_in[4] (input port clocked by clk)
Endpoint: _1076_ (rising edge-triggered flip-flop clocked by clk)
Path Group: clk
Path Type: max

Fanout         Cap        Slew       Delay        Time   Description
---------------------------------------------------------------------------------------------
                      0.150000    0.000000    0.000000   clock clk (rise edge)
                                  0.000000    0.000000   clock network delay (ideal)
                                  4.000000    4.000000 v input external delay
     2    0.005686    0.015532    0.009636    4.009636 v uio_in[4] (in)
                                                         uio_in[4] (net)
                      0.015532    0.000000    4.009636 v _0551_/A_N (sky130_fd_sc_hd__and4b_2)
     4    0.006027    0.068936    0.278899    4.288535 ^ _0551_/X (sky130_fd_sc_hd__and4b_2)
                                                         _0219_ (net)
                      0.068936    0.000000    4.288535 ^ _0580_/C (sky130_fd_sc_hd__and3_2)
     8    0.028160    0.158189    0.288656    4.577191 ^ _0580_/X (sky130_fd_sc_hd__and3_2)
                                                         _0224_ (net)
                      0.158189    0.000000    4.577191 ^ _0581_/S (sky130_fd_sc_hd__mux2_1)
     1    0.001949    0.051853    0.343237    4.920428 v _0581_/X (sky130_fd_sc_hd__mux2_1)
                                                         _0033_ (net)
                      0.051853    0.000000    4.920428 v _1076_/D (sky130_fd_sc_hd__dfrtp_2)
                                              4.920428   data arrival time

                      0.150000   20.000000   20.000000   clock clk (rise edge)
                                  0.000000   20.000000   clock network delay (ideal)
                                 -0.250000   19.750002   clock uncertainty
                                  0.000000   19.750002   clock reconvergence pessimism
                                             19.750002 ^ _1076_/CLK (sky130_fd_sc_hd__dfrtp_2)
                                 -0.094195   19.655806   library setup time
                                             19.655806   data required time
---------------------------------------------------------------------------------------------
                                             19.655806   data required time
                                             -4.920428   data arrival time
---------------------------------------------------------------------------------------------
                                             14.735378   slack (MET)


Startpoint: uio_in[4] (input port clocked by clk)
Endpoint: _1077_ (rising edge-triggered flip-flop clocked by clk)
Path Group: clk
Path Type: max

Fanout         Cap        Slew       Delay        Time   Description
---------------------------------------------------------------------------------------------
                      0.150000    0.000000    0.000000   clock clk (rise edge)
                                  0.000000    0.000000   clock network delay (ideal)
                                  4.000000    4.000000 v input external delay
     2    0.005686    0.015532    0.009636    4.009636 v uio_in[4] (in)
                                                         uio_in[4] (net)
                      0.015532    0.000000    4.009636 v _0551_/A_N (sky130_fd_sc_hd__and4b_2)
     4    0.006027    0.068936    0.278899    4.288535 ^ _0551_/X (sky130_fd_sc_hd__and4b_2)
                                                         _0219_ (net)
                      0.068936    0.000000    4.288535 ^ _0580_/C (sky130_fd_sc_hd__and3_2)
     8    0.028160    0.158189    0.288656    4.577191 ^ _0580_/X (sky130_fd_sc_hd__and3_2)
                                                         _0224_ (net)
                      0.158189    0.000000    4.577191 ^ _0582_/S (sky130_fd_sc_hd__mux2_1)
     1    0.001949    0.051853    0.343237    4.920428 v _0582_/X (sky130_fd_sc_hd__mux2_1)
                                                         _0034_ (net)
                      0.051853    0.000000    4.920428 v _1077_/D (sky130_fd_sc_hd__dfrtp_2)
                                              4.920428   data arrival time

                      0.150000   20.000000   20.000000   clock clk (rise edge)
                                  0.000000   20.000000   clock network delay (ideal)
                                 -0.250000   19.750002   clock uncertainty
                                  0.000000   19.750002   clock reconvergence pessimism
                                             19.750002 ^ _1077_/CLK (sky130_fd_sc_hd__dfrtp_2)
                                 -0.094195   19.655806   library setup time
                                             19.655806   data required time
---------------------------------------------------------------------------------------------
                                             19.655806   data required time
                                             -4.920428   data arrival time
---------------------------------------------------------------------------------------------
                                             14.735378   slack (MET)


Startpoint: uio_in[4] (input port clocked by clk)
Endpoint: _1079_ (rising edge-triggered flip-flop clocked by clk)
Path Group: clk
Path Type: max

Fanout         Cap        Slew       Delay        Time   Description
---------------------------------------------------------------------------------------------
                      0.150000    0.000000    0.000000   clock clk (rise edge)
                                  0.000000    0.000000   clock network delay (ideal)
                                  4.000000    4.000000 v input external delay
     2    0.005686    0.015532    0.009636    4.009636 v uio_in[4] (in)
                                                         uio_in[4] (net)
                      0.015532    0.000000    4.009636 v _0551_/A_N (sky130_fd_sc_hd__and4b_2)
     4    0.006027    0.068936    0.278899    4.288535 ^ _0551_/X (sky130_fd_sc_hd__and4b_2)
                                                         _0219_ (net)
                      0.068936    0.000000    4.288535 ^ _0580_/C (sky130_fd_sc_hd__and3_2)
     8    0.028160    0.158189    0.288656    4.577191 ^ _0580_/X (sky130_fd_sc_hd__and3_2)
                                                         _0224_ (net)
                      0.158189    0.000000    4.577191 ^ _0584_/S (sky130_fd_sc_hd__mux2_1)
     1    0.001949    0.051853    0.343237    4.920428 v _0584_/X (sky130_fd_sc_hd__mux2_1)
                                                         _0036_ (net)
                      0.051853    0.000000    4.920428 v _1079_/D (sky130_fd_sc_hd__dfrtp_2)
                                              4.920428   data arrival time

                      0.150000   20.000000   20.000000   clock clk (rise edge)
                                  0.000000   20.000000   clock network delay (ideal)
                                 -0.250000   19.750002   clock uncertainty
                                  0.000000   19.750002   clock reconvergence pessimism
                                             19.750002 ^ _1079_/CLK (sky130_fd_sc_hd__dfrtp_2)
                                 -0.094195   19.655806   library setup time
                                             19.655806   data required time
---------------------------------------------------------------------------------------------
                                             19.655806   data required time
                                             -4.920428   data arrival time
---------------------------------------------------------------------------------------------
                                             14.735378   slack (MET)


Startpoint: uio_in[4] (input port clocked by clk)
Endpoint: _1080_ (rising edge-triggered flip-flop clocked by clk)
Path Group: clk
Path Type: max

Fanout         Cap        Slew       Delay        Time   Description
---------------------------------------------------------------------------------------------
                      0.150000    0.000000    0.000000   clock clk (rise edge)
                                  0.000000    0.000000   clock network delay (ideal)
                                  4.000000    4.000000 v input external delay
     2    0.005686    0.015532    0.009636    4.009636 v uio_in[4] (in)
                                                         uio_in[4] (net)
                      0.015532    0.000000    4.009636 v _0551_/A_N (sky130_fd_sc_hd__and4b_2)
     4    0.006027    0.068936    0.278899    4.288535 ^ _0551_/X (sky130_fd_sc_hd__and4b_2)
                                                         _0219_ (net)
                      0.068936    0.000000    4.288535 ^ _0580_/C (sky130_fd_sc_hd__and3_2)
     8    0.028160    0.158189    0.288656    4.577191 ^ _0580_/X (sky130_fd_sc_hd__and3_2)
                                                         _0224_ (net)
                      0.158189    0.000000    4.577191 ^ _0585_/S (sky130_fd_sc_hd__mux2_1)
     1    0.001949    0.051853    0.343237    4.920428 v _0585_/X (sky130_fd_sc_hd__mux2_1)
                                                         _0037_ (net)
                      0.051853    0.000000    4.920428 v _1080_/D (sky130_fd_sc_hd__dfrtp_2)
                                              4.920428   data arrival time

                      0.150000   20.000000   20.000000   clock clk (rise edge)
                                  0.000000   20.000000   clock network delay (ideal)
                                 -0.250000   19.750002   clock uncertainty
                                  0.000000   19.750002   clock reconvergence pessimism
                                             19.750002 ^ _1080_/CLK (sky130_fd_sc_hd__dfrtp_2)
                                 -0.094195   19.655806   library setup time
                                             19.655806   data required time
---------------------------------------------------------------------------------------------
                                             19.655806   data required time
                                             -4.920428   data arrival time
---------------------------------------------------------------------------------------------
                                             14.735378   slack (MET)


Startpoint: uio_in[4] (input port clocked by clk)
Endpoint: _1081_ (rising edge-triggered flip-flop clocked by clk)
Path Group: clk
Path Type: max

Fanout         Cap        Slew       Delay        Time   Description
---------------------------------------------------------------------------------------------
                      0.150000    0.000000    0.000000   clock clk (rise edge)
                                  0.000000    0.000000   clock network delay (ideal)
                                  4.000000    4.000000 v input external delay
     2    0.005686    0.015532    0.009636    4.009636 v uio_in[4] (in)
                                                         uio_in[4] (net)
                      0.015532    0.000000    4.009636 v _0551_/A_N (sky130_fd_sc_hd__and4b_2)
     4    0.006027    0.068936    0.278899    4.288535 ^ _0551_/X (sky130_fd_sc_hd__and4b_2)
                                                         _0219_ (net)
                      0.068936    0.000000    4.288535 ^ _0580_/C (sky130_fd_sc_hd__and3_2)
     8    0.028160    0.158189    0.288656    4.577191 ^ _0580_/X (sky130_fd_sc_hd__and3_2)
                                                         _0224_ (net)
                      0.158189    0.000000    4.577191 ^ _0586_/S (sky130_fd_sc_hd__mux2_1)
     1    0.001949    0.051853    0.343237    4.920428 v _0586_/X (sky130_fd_sc_hd__mux2_1)
                                                         _0038_ (net)
                      0.051853    0.000000    4.920428 v _1081_/D (sky130_fd_sc_hd__dfrtp_2)
                                              4.920428   data arrival time

                      0.150000   20.000000   20.000000   clock clk (rise edge)
                                  0.000000   20.000000   clock network delay (ideal)
                                 -0.250000   19.750002   clock uncertainty
                                  0.000000   19.750002   clock reconvergence pessimism
                                             19.750002 ^ _1081_/CLK (sky130_fd_sc_hd__dfrtp_2)
                                 -0.094195   19.655806   library setup time
                                             19.655806   data required time
---------------------------------------------------------------------------------------------
                                             19.655806   data required time
                                             -4.920428   data arrival time
---------------------------------------------------------------------------------------------
                                             14.735378   slack (MET)


Startpoint: uio_in[4] (input port clocked by clk)
Endpoint: _1082_ (rising edge-triggered flip-flop clocked by clk)
Path Group: clk
Path Type: max

Fanout         Cap        Slew       Delay        Time   Description
---------------------------------------------------------------------------------------------
                      0.150000    0.000000    0.000000   clock clk (rise edge)
                                  0.000000    0.000000   clock network delay (ideal)
                                  4.000000    4.000000 v input external delay
     2    0.005686    0.015532    0.009636    4.009636 v uio_in[4] (in)
                                                         uio_in[4] (net)
                      0.015532    0.000000    4.009636 v _0551_/A_N (sky130_fd_sc_hd__and4b_2)
     4    0.006027    0.068936    0.278899    4.288535 ^ _0551_/X (sky130_fd_sc_hd__and4b_2)
                                                         _0219_ (net)
                      0.068936    0.000000    4.288535 ^ _0580_/C (sky130_fd_sc_hd__and3_2)
     8    0.028160    0.158189    0.288656    4.577191 ^ _0580_/X (sky130_fd_sc_hd__and3_2)
                                                         _0224_ (net)
                      0.158189    0.000000    4.577191 ^ _0587_/S (sky130_fd_sc_hd__mux2_1)
     1    0.001949    0.051853    0.343237    4.920428 v _0587_/X (sky130_fd_sc_hd__mux2_1)
                                                         _0039_ (net)
                      0.051853    0.000000    4.920428 v _1082_/D (sky130_fd_sc_hd__dfrtp_2)
                                              4.920428   data arrival time

                      0.150000   20.000000   20.000000   clock clk (rise edge)
                                  0.000000   20.000000   clock network delay (ideal)
                                 -0.250000   19.750002   clock uncertainty
                                  0.000000   19.750002   clock reconvergence pessimism
                                             19.750002 ^ _1082_/CLK (sky130_fd_sc_hd__dfrtp_2)
                                 -0.094195   19.655806   library setup time
                                             19.655806   data required time
---------------------------------------------------------------------------------------------
                                             19.655806   data required time
                                             -4.920428   data arrival time
---------------------------------------------------------------------------------------------
                                             14.735378   slack (MET)


Startpoint: uio_in[4] (input port clocked by clk)
Endpoint: _1083_ (rising edge-triggered flip-flop clocked by clk)
Path Group: clk
Path Type: max

Fanout         Cap        Slew       Delay        Time   Description
---------------------------------------------------------------------------------------------
                      0.150000    0.000000    0.000000   clock clk (rise edge)
                                  0.000000    0.000000   clock network delay (ideal)
                                  4.000000    4.000000 v input external delay
     2    0.005686    0.015532    0.009636    4.009636 v uio_in[4] (in)
                                                         uio_in[4] (net)
                      0.015532    0.000000    4.009636 v _0551_/A_N (sky130_fd_sc_hd__and4b_2)
     4    0.006027    0.068936    0.278899    4.288535 ^ _0551_/X (sky130_fd_sc_hd__and4b_2)
                                                         _0219_ (net)
                      0.068936    0.000000    4.288535 ^ _0580_/C (sky130_fd_sc_hd__and3_2)
     8    0.028160    0.158189    0.288656    4.577191 ^ _0580_/X (sky130_fd_sc_hd__and3_2)
                                                         _0224_ (net)
                      0.158189    0.000000    4.577191 ^ _0588_/S (sky130_fd_sc_hd__mux2_1)
     1    0.001949    0.051853    0.343237    4.920428 v _0588_/X (sky130_fd_sc_hd__mux2_1)
                                                         _0040_ (net)
                      0.051853    0.000000    4.920428 v _1083_/D (sky130_fd_sc_hd__dfrtp_2)
                                              4.920428   data arrival time

                      0.150000   20.000000   20.000000   clock clk (rise edge)
                                  0.000000   20.000000   clock network delay (ideal)
                                 -0.250000   19.750002   clock uncertainty
                                  0.000000   19.750002   clock reconvergence pessimism
                                             19.750002 ^ _1083_/CLK (sky130_fd_sc_hd__dfrtp_2)
                                 -0.094195   19.655806   library setup time
                                             19.655806   data required time
---------------------------------------------------------------------------------------------
                                             19.655806   data required time
                                             -4.920428   data arrival time
---------------------------------------------------------------------------------------------
                                             14.735378   slack (MET)


Startpoint: uio_in[4] (input port clocked by clk)
Endpoint: _1070_ (rising edge-triggered flip-flop clocked by clk)
Path Group: clk
Path Type: max

Fanout         Cap        Slew       Delay        Time   Description
---------------------------------------------------------------------------------------------
                      0.150000    0.000000    0.000000   clock clk (rise edge)
                                  0.000000    0.000000   clock network delay (ideal)
                                  4.000000    4.000000 v input external delay
     2    0.005686    0.015532    0.009636    4.009636 v uio_in[4] (in)
                                                         uio_in[4] (net)
                      0.015532    0.000000    4.009636 v _0551_/A_N (sky130_fd_sc_hd__and4b_2)
     4    0.006027    0.068936    0.278899    4.288535 ^ _0551_/X (sky130_fd_sc_hd__and4b_2)
                                                         _0219_ (net)
                      0.068936    0.000000    4.288535 ^ _0570_/B (sky130_fd_sc_hd__and3b_2)
     8    0.028160    0.158367    0.286673    4.575208 ^ _0570_/X (sky130_fd_sc_hd__and3b_2)
                                                         _0222_ (net)
                      0.158367    0.000000    4.575208 ^ _0573_/S (sky130_fd_sc_hd__mux2_1)
     1    0.001949    0.051853    0.343263    4.918471 v _0573_/X (sky130_fd_sc_hd__mux2_1)
                                                         _0027_ (net)
                      0.051853    0.000000    4.918471 v _1070_/D (sky130_fd_sc_hd__dfrtp_2)
                                              4.918471   data arrival time

                      0.150000   20.000000   20.000000   clock clk (rise edge)
                                  0.000000   20.000000   clock network delay (ideal)
                                 -0.250000   19.750002   clock uncertainty
                                  0.000000   19.750002   clock reconvergence pessimism
                                             19.750002 ^ _1070_/CLK (sky130_fd_sc_hd__dfrtp_2)
                                 -0.094195   19.655806   library setup time
                                             19.655806   data required time
---------------------------------------------------------------------------------------------
                                             19.655806   data required time
                                             -4.918471   data arrival time
---------------------------------------------------------------------------------------------
                                             14.737335   slack (MET)


Startpoint: uio_in[4] (input port clocked by clk)
Endpoint: _1071_ (rising edge-triggered flip-flop clocked by clk)
Path Group: clk
Path Type: max

Fanout         Cap        Slew       Delay        Time   Description
---------------------------------------------------------------------------------------------
                      0.150000    0.000000    0.000000   clock clk (rise edge)
                                  0.000000    0.000000   clock network delay (ideal)
                                  4.000000    4.000000 v input external delay
     2    0.005686    0.015532    0.009636    4.009636 v uio_in[4] (in)
                                                         uio_in[4] (net)
                      0.015532    0.000000    4.009636 v _0551_/A_N (sky130_fd_sc_hd__and4b_2)
     4    0.006027    0.068936    0.278899    4.288535 ^ _0551_/X (sky130_fd_sc_hd__and4b_2)
                                                         _0219_ (net)
                      0.068936    0.000000    4.288535 ^ _0570_/B (sky130_fd_sc_hd__and3b_2)
     8    0.028160    0.158367    0.286673    4.575208 ^ _0570_/X (sky130_fd_sc_hd__and3b_2)
                                                         _0222_ (net)
                      0.158367    0.000000    4.575208 ^ _0574_/S (sky130_fd_sc_hd__mux2_1)
     1    0.001949    0.051853    0.343263    4.918471 v _0574_/X (sky130_fd_sc_hd__mux2_1)
                                                         _0028_ (net)
                      0.051853    0.000000    4.918471 v _1071_/D (sky130_fd_sc_hd__dfrtp_2)
                                              4.918471   data arrival time

                      0.150000   20.000000   20.000000   clock clk (rise edge)
                                  0.000000   20.000000   clock network delay (ideal)
                                 -0.250000   19.750002   clock uncertainty
                                  0.000000   19.750002   clock reconvergence pessimism
                                             19.750002 ^ _1071_/CLK (sky130_fd_sc_hd__dfrtp_2)
                                 -0.094195   19.655806   library setup time
                                             19.655806   data required time
---------------------------------------------------------------------------------------------
                                             19.655806   data required time
                                             -4.918471   data arrival time
---------------------------------------------------------------------------------------------
                                             14.737335   slack (MET)


Startpoint: uio_in[4] (input port clocked by clk)
Endpoint: _1072_ (rising edge-triggered flip-flop clocked by clk)
Path Group: clk
Path Type: max

Fanout         Cap        Slew       Delay        Time   Description
---------------------------------------------------------------------------------------------
                      0.150000    0.000000    0.000000   clock clk (rise edge)
                                  0.000000    0.000000   clock network delay (ideal)
                                  4.000000    4.000000 v input external delay
     2    0.005686    0.015532    0.009636    4.009636 v uio_in[4] (in)
                                                         uio_in[4] (net)
                      0.015532    0.000000    4.009636 v _0551_/A_N (sky130_fd_sc_hd__and4b_2)
     4    0.006027    0.068936    0.278899    4.288535 ^ _0551_/X (sky130_fd_sc_hd__and4b_2)
                                                         _0219_ (net)
                      0.068936    0.000000    4.288535 ^ _0570_/B (sky130_fd_sc_hd__and3b_2)
     8    0.028160    0.158367    0.286673    4.575208 ^ _0570_/X (sky130_fd_sc_hd__and3b_2)
                                                         _0222_ (net)
                      0.158367    0.000000    4.575208 ^ _0575_/S (sky130_fd_sc_hd__mux2_1)
     1    0.001949    0.051853    0.343263    4.918471 v _0575_/X (sky130_fd_sc_hd__mux2_1)
                                                         _0029_ (net)
                      0.051853    0.000000    4.918471 v _1072_/D (sky130_fd_sc_hd__dfrtp_2)
                                              4.918471   data arrival time

                      0.150000   20.000000   20.000000   clock clk (rise edge)
                                  0.000000   20.000000   clock network delay (ideal)
                                 -0.250000   19.750002   clock uncertainty
                                  0.000000   19.750002   clock reconvergence pessimism
                                             19.750002 ^ _1072_/CLK (sky130_fd_sc_hd__dfrtp_2)
                                 -0.094195   19.655806   library setup time
                                             19.655806   data required time
---------------------------------------------------------------------------------------------
                                             19.655806   data required time
                                             -4.918471   data arrival time
---------------------------------------------------------------------------------------------
                                             14.737335   slack (MET)


Startpoint: uio_in[4] (input port clocked by clk)
Endpoint: _1073_ (rising edge-triggered flip-flop clocked by clk)
Path Group: clk
Path Type: max

Fanout         Cap        Slew       Delay        Time   Description
---------------------------------------------------------------------------------------------
                      0.150000    0.000000    0.000000   clock clk (rise edge)
                                  0.000000    0.000000   clock network delay (ideal)
                                  4.000000    4.000000 v input external delay
     2    0.005686    0.015532    0.009636    4.009636 v uio_in[4] (in)
                                                         uio_in[4] (net)
                      0.015532    0.000000    4.009636 v _0551_/A_N (sky130_fd_sc_hd__and4b_2)
     4    0.006027    0.068936    0.278899    4.288535 ^ _0551_/X (sky130_fd_sc_hd__and4b_2)
                                                         _0219_ (net)
                      0.068936    0.000000    4.288535 ^ _0570_/B (sky130_fd_sc_hd__and3b_2)
     8    0.028160    0.158367    0.286673    4.575208 ^ _0570_/X (sky130_fd_sc_hd__and3b_2)
                                                         _0222_ (net)
                      0.158367    0.000000    4.575208 ^ _0576_/S (sky130_fd_sc_hd__mux2_1)
     1    0.001949    0.051853    0.343263    4.918471 v _0576_/X (sky130_fd_sc_hd__mux2_1)
                                                         _0030_ (net)
                      0.051853    0.000000    4.918471 v _1073_/D (sky130_fd_sc_hd__dfrtp_2)
                                              4.918471   data arrival time

                      0.150000   20.000000   20.000000   clock clk (rise edge)
                                  0.000000   20.000000   clock network delay (ideal)
                                 -0.250000   19.750002   clock uncertainty
                                  0.000000   19.750002   clock reconvergence pessimism
                                             19.750002 ^ _1073_/CLK (sky130_fd_sc_hd__dfrtp_2)
                                 -0.094195   19.655806   library setup time
                                             19.655806   data required time
---------------------------------------------------------------------------------------------
                                             19.655806   data required time
                                             -4.918471   data arrival time
---------------------------------------------------------------------------------------------
                                             14.737335   slack (MET)


Startpoint: uio_in[4] (input port clocked by clk)
Endpoint: _1074_ (rising edge-triggered flip-flop clocked by clk)
Path Group: clk
Path Type: max

Fanout         Cap        Slew       Delay        Time   Description
---------------------------------------------------------------------------------------------
                      0.150000    0.000000    0.000000   clock clk (rise edge)
                                  0.000000    0.000000   clock network delay (ideal)
                                  4.000000    4.000000 v input external delay
     2    0.005686    0.015532    0.009636    4.009636 v uio_in[4] (in)
                                                         uio_in[4] (net)
                      0.015532    0.000000    4.009636 v _0551_/A_N (sky130_fd_sc_hd__and4b_2)
     4    0.006027    0.068936    0.278899    4.288535 ^ _0551_/X (sky130_fd_sc_hd__and4b_2)
                                                         _0219_ (net)
                      0.068936    0.000000    4.288535 ^ _0570_/B (sky130_fd_sc_hd__and3b_2)
     8    0.028160    0.158367    0.286673    4.575208 ^ _0570_/X (sky130_fd_sc_hd__and3b_2)
                                                         _0222_ (net)
                      0.158367    0.000000    4.575208 ^ _0577_/S (sky130_fd_sc_hd__mux2_1)
     1    0.001949    0.051853    0.343263    4.918471 v _0577_/X (sky130_fd_sc_hd__mux2_1)
                                                         _0031_ (net)
                      0.051853    0.000000    4.918471 v _1074_/D (sky130_fd_sc_hd__dfrtp_2)
                                              4.918471   data arrival time

                      0.150000   20.000000   20.000000   clock clk (rise edge)
                                  0.000000   20.000000   clock network delay (ideal)
                                 -0.250000   19.750002   clock uncertainty
                                  0.000000   19.750002   clock reconvergence pessimism
                                             19.750002 ^ _1074_/CLK (sky130_fd_sc_hd__dfrtp_2)
                                 -0.094195   19.655806   library setup time
                                             19.655806   data required time
---------------------------------------------------------------------------------------------
                                             19.655806   data required time
                                             -4.918471   data arrival time
---------------------------------------------------------------------------------------------
                                             14.737335   slack (MET)


Startpoint: uio_in[4] (input port clocked by clk)
Endpoint: _1075_ (rising edge-triggered flip-flop clocked by clk)
Path Group: clk
Path Type: max

Fanout         Cap        Slew       Delay        Time   Description
---------------------------------------------------------------------------------------------
                      0.150000    0.000000    0.000000   clock clk (rise edge)
                                  0.000000    0.000000   clock network delay (ideal)
                                  4.000000    4.000000 v input external delay
     2    0.005686    0.015532    0.009636    4.009636 v uio_in[4] (in)
                                                         uio_in[4] (net)
                      0.015532    0.000000    4.009636 v _0551_/A_N (sky130_fd_sc_hd__and4b_2)
     4    0.006027    0.068936    0.278899    4.288535 ^ _0551_/X (sky130_fd_sc_hd__and4b_2)
                                                         _0219_ (net)
                      0.068936    0.000000    4.288535 ^ _0570_/B (sky130_fd_sc_hd__and3b_2)
     8    0.028160    0.158367    0.286673    4.575208 ^ _0570_/X (sky130_fd_sc_hd__and3b_2)
                                                         _0222_ (net)
                      0.158367    0.000000    4.575208 ^ _0578_/S (sky130_fd_sc_hd__mux2_1)
     1    0.001949    0.051853    0.343263    4.918471 v _0578_/X (sky130_fd_sc_hd__mux2_1)
                                                         _0032_ (net)
                      0.051853    0.000000    4.918471 v _1075_/D (sky130_fd_sc_hd__dfrtp_2)
                                              4.918471   data arrival time

                      0.150000   20.000000   20.000000   clock clk (rise edge)
                                  0.000000   20.000000   clock network delay (ideal)
                                 -0.250000   19.750002   clock uncertainty
                                  0.000000   19.750002   clock reconvergence pessimism
                                             19.750002 ^ _1075_/CLK (sky130_fd_sc_hd__dfrtp_2)
                                 -0.094195   19.655806   library setup time
                                             19.655806   data required time
---------------------------------------------------------------------------------------------
                                             19.655806   data required time
                                             -4.918471   data arrival time
---------------------------------------------------------------------------------------------
                                             14.737335   slack (MET)


Startpoint: uio_in[4] (input port clocked by clk)
Endpoint: _1061_ (rising edge-triggered flip-flop clocked by clk)
Path Group: clk
Path Type: max

Fanout         Cap        Slew       Delay        Time   Description
---------------------------------------------------------------------------------------------
                      0.150000    0.000000    0.000000   clock clk (rise edge)
                                  0.000000    0.000000   clock network delay (ideal)
                                  4.000000    4.000000 v input external delay
     2    0.005686    0.015532    0.009636    4.009636 v uio_in[4] (in)
                                                         uio_in[4] (net)
                      0.015532    0.000000    4.009636 v _0551_/A_N (sky130_fd_sc_hd__and4b_2)
     4    0.006027    0.068936    0.278899    4.288535 ^ _0551_/X (sky130_fd_sc_hd__and4b_2)
                                                         _0219_ (net)
                      0.068936    0.000000    4.288535 ^ _0561_/C (sky130_fd_sc_hd__and3b_2)
     8    0.028160    0.158368    0.292699    4.581234 ^ _0561_/X (sky130_fd_sc_hd__and3b_2)
                                                         _0221_ (net)
                      0.158368    0.000000    4.581234 ^ _0563_/S (sky130_fd_sc_hd__mux2_1)
     1    0.002233    0.053487    0.346075    4.927310 v _0563_/X (sky130_fd_sc_hd__mux2_1)
                                                         _0018_ (net)
                      0.053487    0.000000    4.927310 v _1061_/D (sky130_fd_sc_hd__dfstp_2)
                                              4.927310   data arrival time

                      0.150000   20.000000   20.000000   clock clk (rise edge)
                                  0.000000   20.000000   clock network delay (ideal)
                                 -0.250000   19.750002   clock uncertainty
                                  0.000000   19.750002   clock reconvergence pessimism
                                             19.750002 ^ _1061_/CLK (sky130_fd_sc_hd__dfstp_2)
                                 -0.050650   19.699350   library setup time
                                             19.699350   data required time
---------------------------------------------------------------------------------------------
                                             19.699350   data required time
                                             -4.927310   data arrival time
---------------------------------------------------------------------------------------------
                                             14.772041   slack (MET)


Startpoint: uio_in[4] (input port clocked by clk)
Endpoint: _1078_ (rising edge-triggered flip-flop clocked by clk)
Path Group: clk
Path Type: max

Fanout         Cap        Slew       Delay        Time   Description
---------------------------------------------------------------------------------------------
                      0.150000    0.000000    0.000000   clock clk (rise edge)
                                  0.000000    0.000000   clock network delay (ideal)
                                  4.000000    4.000000 v input external delay
     2    0.005686    0.015532    0.009636    4.009636 v uio_in[4] (in)
                                                         uio_in[4] (net)
                      0.015532    0.000000    4.009636 v _0551_/A_N (sky130_fd_sc_hd__and4b_2)
     4    0.006027    0.068936    0.278899    4.288535 ^ _0551_/X (sky130_fd_sc_hd__and4b_2)
                                                         _0219_ (net)
                      0.068936    0.000000    4.288535 ^ _0580_/C (sky130_fd_sc_hd__and3_2)
     8    0.028160    0.158189    0.288656    4.577191 ^ _0580_/X (sky130_fd_sc_hd__and3_2)
                                                         _0224_ (net)
                      0.158189    0.000000    4.577191 ^ _0583_/S (sky130_fd_sc_hd__mux2_1)
     1    0.002233    0.053487    0.346048    4.923239 v _0583_/X (sky130_fd_sc_hd__mux2_1)
                                                         _0035_ (net)
                      0.053487    0.000000    4.923239 v _1078_/D (sky130_fd_sc_hd__dfstp_2)
                                              4.923239   data arrival time

                      0.150000   20.000000   20.000000   clock clk (rise edge)
                                  0.000000   20.000000   clock network delay (ideal)
                                 -0.250000   19.750002   clock uncertainty
                                  0.000000   19.750002   clock reconvergence pessimism
                                             19.750002 ^ _1078_/CLK (sky130_fd_sc_hd__dfstp_2)
                                 -0.050650   19.699350   library setup time
                                             19.699350   data required time
---------------------------------------------------------------------------------------------
                                             19.699350   data required time
                                             -4.923239   data arrival time
---------------------------------------------------------------------------------------------
                                             14.776112   slack (MET)


Startpoint: uio_in[4] (input port clocked by clk)
Endpoint: _1068_ (rising edge-triggered flip-flop clocked by clk)
Path Group: clk
Path Type: max

Fanout         Cap        Slew       Delay        Time   Description
---------------------------------------------------------------------------------------------
                      0.150000    0.000000    0.000000   clock clk (rise edge)
                                  0.000000    0.000000   clock network delay (ideal)
                                  4.000000    4.000000 v input external delay
     2    0.005686    0.015532    0.009636    4.009636 v uio_in[4] (in)
                                                         uio_in[4] (net)
                      0.015532    0.000000    4.009636 v _0551_/A_N (sky130_fd_sc_hd__and4b_2)
     4    0.006027    0.068936    0.278899    4.288535 ^ _0551_/X (sky130_fd_sc_hd__and4b_2)
                                                         _0219_ (net)
                      0.068936    0.000000    4.288535 ^ _0570_/B (sky130_fd_sc_hd__and3b_2)
     8    0.028160    0.158367    0.286673    4.575208 ^ _0570_/X (sky130_fd_sc_hd__and3b_2)
                                                         _0222_ (net)
                      0.158367    0.000000    4.575208 ^ _0571_/S (sky130_fd_sc_hd__mux2_1)
     1    0.002233    0.053487    0.346075    4.921283 v _0571_/X (sky130_fd_sc_hd__mux2_1)
                                                         _0025_ (net)
                      0.053487    0.000000    4.921283 v _1068_/D (sky130_fd_sc_hd__dfstp_2)
                                              4.921283   data arrival time

                      0.150000   20.000000   20.000000   clock clk (rise edge)
                                  0.000000   20.000000   clock network delay (ideal)
                                 -0.250000   19.750002   clock uncertainty
                                  0.000000   19.750002   clock reconvergence pessimism
                                             19.750002 ^ _1068_/CLK (sky130_fd_sc_hd__dfstp_2)
                                 -0.050650   19.699350   library setup time
                                             19.699350   data required time
---------------------------------------------------------------------------------------------
                                             19.699350   data required time
                                             -4.921283   data arrival time
---------------------------------------------------------------------------------------------
                                             14.778068   slack (MET)


Startpoint: uio_in[4] (input port clocked by clk)
Endpoint: _1069_ (rising edge-triggered flip-flop clocked by clk)
Path Group: clk
Path Type: max

Fanout         Cap        Slew       Delay        Time   Description
---------------------------------------------------------------------------------------------
                      0.150000    0.000000    0.000000   clock clk (rise edge)
                                  0.000000    0.000000   clock network delay (ideal)
                                  4.000000    4.000000 v input external delay
     2    0.005686    0.015532    0.009636    4.009636 v uio_in[4] (in)
                                                         uio_in[4] (net)
                      0.015532    0.000000    4.009636 v _0551_/A_N (sky130_fd_sc_hd__and4b_2)
     4    0.006027    0.068936    0.278899    4.288535 ^ _0551_/X (sky130_fd_sc_hd__and4b_2)
                                                         _0219_ (net)
                      0.068936    0.000000    4.288535 ^ _0570_/B (sky130_fd_sc_hd__and3b_2)
     8    0.028160    0.158367    0.286673    4.575208 ^ _0570_/X (sky130_fd_sc_hd__and3b_2)
                                                         _0222_ (net)
                      0.158367    0.000000    4.575208 ^ _0572_/S (sky130_fd_sc_hd__mux2_1)
     1    0.002233    0.053487    0.346075    4.921283 v _0572_/X (sky130_fd_sc_hd__mux2_1)
                                                         _0026_ (net)
                      0.053487    0.000000    4.921283 v _1069_/D (sky130_fd_sc_hd__dfstp_2)
                                              4.921283   data arrival time

                      0.150000   20.000000   20.000000   clock clk (rise edge)
                                  0.000000   20.000000   clock network delay (ideal)
                                 -0.250000   19.750002   clock uncertainty
                                  0.000000   19.750002   clock reconvergence pessimism
                                             19.750002 ^ _1069_/CLK (sky130_fd_sc_hd__dfstp_2)
                                 -0.050650   19.699350   library setup time
                                             19.699350   data required time
---------------------------------------------------------------------------------------------
                                             19.699350   data required time
                                             -4.921283   data arrival time
---------------------------------------------------------------------------------------------
                                             14.778068   slack (MET)


Startpoint: uio_in[4] (input port clocked by clk)
Endpoint: _1108_ (rising edge-triggered flip-flop clocked by clk)
Path Group: clk
Path Type: max

Fanout         Cap        Slew       Delay        Time   Description
---------------------------------------------------------------------------------------------
                      0.150000    0.000000    0.000000   clock clk (rise edge)
                                  0.000000    0.000000   clock network delay (ideal)
                                  4.000000    4.000000 ^ input external delay
     2    0.006247    0.035912    0.022930    4.022930 ^ uio_in[4] (in)
                                                         uio_in[4] (net)
                      0.035912    0.000000    4.022930 ^ _0589_/D (sky130_fd_sc_hd__nand4_2)
     4    0.005489    0.080559    0.106401    4.129331 v _0589_/Y (sky130_fd_sc_hd__nand4_2)
                                                         _0225_ (net)
                      0.080559    0.000000    4.129331 v _0617_/B (sky130_fd_sc_hd__or2_2)
     8    0.026280    0.115115    0.380866    4.510197 v _0617_/X (sky130_fd_sc_hd__or2_2)
                                                         _0229_ (net)
                      0.115115    0.000000    4.510197 v _0618_/S (sky130_fd_sc_hd__mux2_1)
     1    0.001949    0.051856    0.336978    4.847176 v _0618_/X (sky130_fd_sc_hd__mux2_1)
                                                         _0065_ (net)
                      0.051856    0.000000    4.847176 v _1108_/D (sky130_fd_sc_hd__dfrtp_2)
                                              4.847176   data arrival time

                      0.150000   20.000000   20.000000   clock clk (rise edge)
                                  0.000000   20.000000   clock network delay (ideal)
                                 -0.250000   19.750002   clock uncertainty
                                  0.000000   19.750002   clock reconvergence pessimism
                                             19.750002 ^ _1108_/CLK (sky130_fd_sc_hd__dfrtp_2)
                                 -0.094196   19.655806   library setup time
                                             19.655806   data required time
---------------------------------------------------------------------------------------------
                                             19.655806   data required time
                                             -4.847176   data arrival time
---------------------------------------------------------------------------------------------
                                             14.808629   slack (MET)


Startpoint: uio_in[4] (input port clocked by clk)
Endpoint: _1109_ (rising edge-triggered flip-flop clocked by clk)
Path Group: clk
Path Type: max

Fanout         Cap        Slew       Delay        Time   Description
---------------------------------------------------------------------------------------------
                      0.150000    0.000000    0.000000   clock clk (rise edge)
                                  0.000000    0.000000   clock network delay (ideal)
                                  4.000000    4.000000 ^ input external delay
     2    0.006247    0.035912    0.022930    4.022930 ^ uio_in[4] (in)
                                                         uio_in[4] (net)
                      0.035912    0.000000    4.022930 ^ _0589_/D (sky130_fd_sc_hd__nand4_2)
     4    0.005489    0.080559    0.106401    4.129331 v _0589_/Y (sky130_fd_sc_hd__nand4_2)
                                                         _0225_ (net)
                      0.080559    0.000000    4.129331 v _0617_/B (sky130_fd_sc_hd__or2_2)
     8    0.026280    0.115115    0.380866    4.510197 v _0617_/X (sky130_fd_sc_hd__or2_2)
                                                         _0229_ (net)
                      0.115115    0.000000    4.510197 v _0619_/S (sky130_fd_sc_hd__mux2_1)
     1    0.001949    0.051856    0.336978    4.847176 v _0619_/X (sky130_fd_sc_hd__mux2_1)
                                                         _0066_ (net)
                      0.051856    0.000000    4.847176 v _1109_/D (sky130_fd_sc_hd__dfrtp_2)
                                              4.847176   data arrival time

                      0.150000   20.000000   20.000000   clock clk (rise edge)
                                  0.000000   20.000000   clock network delay (ideal)
                                 -0.250000   19.750002   clock uncertainty
                                  0.000000   19.750002   clock reconvergence pessimism
                                             19.750002 ^ _1109_/CLK (sky130_fd_sc_hd__dfrtp_2)
                                 -0.094196   19.655806   library setup time
                                             19.655806   data required time
---------------------------------------------------------------------------------------------
                                             19.655806   data required time
                                             -4.847176   data arrival time
---------------------------------------------------------------------------------------------
                                             14.808629   slack (MET)


Startpoint: uio_in[4] (input port clocked by clk)
Endpoint: _1110_ (rising edge-triggered flip-flop clocked by clk)
Path Group: clk
Path Type: max

Fanout         Cap        Slew       Delay        Time   Description
---------------------------------------------------------------------------------------------
                      0.150000    0.000000    0.000000   clock clk (rise edge)
                                  0.000000    0.000000   clock network delay (ideal)
                                  4.000000    4.000000 ^ input external delay
     2    0.006247    0.035912    0.022930    4.022930 ^ uio_in[4] (in)
                                                         uio_in[4] (net)
                      0.035912    0.000000    4.022930 ^ _0589_/D (sky130_fd_sc_hd__nand4_2)
     4    0.005489    0.080559    0.106401    4.129331 v _0589_/Y (sky130_fd_sc_hd__nand4_2)
                                                         _0225_ (net)
                      0.080559    0.000000    4.129331 v _0617_/B (sky130_fd_sc_hd__or2_2)
     8    0.026280    0.115115    0.380866    4.510197 v _0617_/X (sky130_fd_sc_hd__or2_2)
                                                         _0229_ (net)
                      0.115115    0.000000    4.510197 v _0620_/S (sky130_fd_sc_hd__mux2_1)
     1    0.001949    0.051856    0.336978    4.847176 v _0620_/X (sky130_fd_sc_hd__mux2_1)
                                                         _0067_ (net)
                      0.051856    0.000000    4.847176 v _1110_/D (sky130_fd_sc_hd__dfrtp_2)
                                              4.847176   data arrival time

                      0.150000   20.000000   20.000000   clock clk (rise edge)
                                  0.000000   20.000000   clock network delay (ideal)
                                 -0.250000   19.750002   clock uncertainty
                                  0.000000   19.750002   clock reconvergence pessimism
                                             19.750002 ^ _1110_/CLK (sky130_fd_sc_hd__dfrtp_2)
                                 -0.094196   19.655806   library setup time
                                             19.655806   data required time
---------------------------------------------------------------------------------------------
                                             19.655806   data required time
                                             -4.847176   data arrival time
---------------------------------------------------------------------------------------------
                                             14.808629   slack (MET)


Startpoint: uio_in[4] (input port clocked by clk)
Endpoint: _1112_ (rising edge-triggered flip-flop clocked by clk)
Path Group: clk
Path Type: max

Fanout         Cap        Slew       Delay        Time   Description
---------------------------------------------------------------------------------------------
                      0.150000    0.000000    0.000000   clock clk (rise edge)
                                  0.000000    0.000000   clock network delay (ideal)
                                  4.000000    4.000000 ^ input external delay
     2    0.006247    0.035912    0.022930    4.022930 ^ uio_in[4] (in)
                                                         uio_in[4] (net)
                      0.035912    0.000000    4.022930 ^ _0589_/D (sky130_fd_sc_hd__nand4_2)
     4    0.005489    0.080559    0.106401    4.129331 v _0589_/Y (sky130_fd_sc_hd__nand4_2)
                                                         _0225_ (net)
                      0.080559    0.000000    4.129331 v _0617_/B (sky130_fd_sc_hd__or2_2)
     8    0.026280    0.115115    0.380866    4.510197 v _0617_/X (sky130_fd_sc_hd__or2_2)
                                                         _0229_ (net)
                      0.115115    0.000000    4.510197 v _0622_/S (sky130_fd_sc_hd__mux2_1)
     1    0.001949    0.051856    0.336978    4.847176 v _0622_/X (sky130_fd_sc_hd__mux2_1)
                                                         _0069_ (net)
                      0.051856    0.000000    4.847176 v _1112_/D (sky130_fd_sc_hd__dfrtp_2)
                                              4.847176   data arrival time

                      0.150000   20.000000   20.000000   clock clk (rise edge)
                                  0.000000   20.000000   clock network delay (ideal)
                                 -0.250000   19.750002   clock uncertainty
                                  0.000000   19.750002   clock reconvergence pessimism
                                             19.750002 ^ _1112_/CLK (sky130_fd_sc_hd__dfrtp_2)
                                 -0.094196   19.655806   library setup time
                                             19.655806   data required time
---------------------------------------------------------------------------------------------
                                             19.655806   data required time
                                             -4.847176   data arrival time
---------------------------------------------------------------------------------------------
                                             14.808629   slack (MET)


Startpoint: uio_in[4] (input port clocked by clk)
Endpoint: _1113_ (rising edge-triggered flip-flop clocked by clk)
Path Group: clk
Path Type: max

Fanout         Cap        Slew       Delay        Time   Description
---------------------------------------------------------------------------------------------
                      0.150000    0.000000    0.000000   clock clk (rise edge)
                                  0.000000    0.000000   clock network delay (ideal)
                                  4.000000    4.000000 ^ input external delay
     2    0.006247    0.035912    0.022930    4.022930 ^ uio_in[4] (in)
                                                         uio_in[4] (net)
                      0.035912    0.000000    4.022930 ^ _0589_/D (sky130_fd_sc_hd__nand4_2)
     4    0.005489    0.080559    0.106401    4.129331 v _0589_/Y (sky130_fd_sc_hd__nand4_2)
                                                         _0225_ (net)
                      0.080559    0.000000    4.129331 v _0617_/B (sky130_fd_sc_hd__or2_2)
     8    0.026280    0.115115    0.380866    4.510197 v _0617_/X (sky130_fd_sc_hd__or2_2)
                                                         _0229_ (net)
                      0.115115    0.000000    4.510197 v _0623_/S (sky130_fd_sc_hd__mux2_1)
     1    0.001949    0.051856    0.336978    4.847176 v _0623_/X (sky130_fd_sc_hd__mux2_1)
                                                         _0070_ (net)
                      0.051856    0.000000    4.847176 v _1113_/D (sky130_fd_sc_hd__dfrtp_2)
                                              4.847176   data arrival time

                      0.150000   20.000000   20.000000   clock clk (rise edge)
                                  0.000000   20.000000   clock network delay (ideal)
                                 -0.250000   19.750002   clock uncertainty
                                  0.000000   19.750002   clock reconvergence pessimism
                                             19.750002 ^ _1113_/CLK (sky130_fd_sc_hd__dfrtp_2)
                                 -0.094196   19.655806   library setup time
                                             19.655806   data required time
---------------------------------------------------------------------------------------------
                                             19.655806   data required time
                                             -4.847176   data arrival time
---------------------------------------------------------------------------------------------
                                             14.808629   slack (MET)


Startpoint: uio_in[4] (input port clocked by clk)
Endpoint: _1114_ (rising edge-triggered flip-flop clocked by clk)
Path Group: clk
Path Type: max

Fanout         Cap        Slew       Delay        Time   Description
---------------------------------------------------------------------------------------------
                      0.150000    0.000000    0.000000   clock clk (rise edge)
                                  0.000000    0.000000   clock network delay (ideal)
                                  4.000000    4.000000 ^ input external delay
     2    0.006247    0.035912    0.022930    4.022930 ^ uio_in[4] (in)
                                                         uio_in[4] (net)
                      0.035912    0.000000    4.022930 ^ _0589_/D (sky130_fd_sc_hd__nand4_2)
     4    0.005489    0.080559    0.106401    4.129331 v _0589_/Y (sky130_fd_sc_hd__nand4_2)
                                                         _0225_ (net)
                      0.080559    0.000000    4.129331 v _0617_/B (sky130_fd_sc_hd__or2_2)
     8    0.026280    0.115115    0.380866    4.510197 v _0617_/X (sky130_fd_sc_hd__or2_2)
                                                         _0229_ (net)
                      0.115115    0.000000    4.510197 v _0624_/S (sky130_fd_sc_hd__mux2_1)
     1    0.001949    0.051856    0.336978    4.847176 v _0624_/X (sky130_fd_sc_hd__mux2_1)
                                                         _0071_ (net)
                      0.051856    0.000000    4.847176 v _1114_/D (sky130_fd_sc_hd__dfrtp_2)
                                              4.847176   data arrival time

                      0.150000   20.000000   20.000000   clock clk (rise edge)
                                  0.000000   20.000000   clock network delay (ideal)
                                 -0.250000   19.750002   clock uncertainty
                                  0.000000   19.750002   clock reconvergence pessimism
                                             19.750002 ^ _1114_/CLK (sky130_fd_sc_hd__dfrtp_2)
                                 -0.094196   19.655806   library setup time
                                             19.655806   data required time
---------------------------------------------------------------------------------------------
                                             19.655806   data required time
                                             -4.847176   data arrival time
---------------------------------------------------------------------------------------------
                                             14.808629   slack (MET)


Startpoint: uio_in[4] (input port clocked by clk)
Endpoint: _1115_ (rising edge-triggered flip-flop clocked by clk)
Path Group: clk
Path Type: max

Fanout         Cap        Slew       Delay        Time   Description
---------------------------------------------------------------------------------------------
                      0.150000    0.000000    0.000000   clock clk (rise edge)
                                  0.000000    0.000000   clock network delay (ideal)
                                  4.000000    4.000000 ^ input external delay
     2    0.006247    0.035912    0.022930    4.022930 ^ uio_in[4] (in)
                                                         uio_in[4] (net)
                      0.035912    0.000000    4.022930 ^ _0589_/D (sky130_fd_sc_hd__nand4_2)
     4    0.005489    0.080559    0.106401    4.129331 v _0589_/Y (sky130_fd_sc_hd__nand4_2)
                                                         _0225_ (net)
                      0.080559    0.000000    4.129331 v _0617_/B (sky130_fd_sc_hd__or2_2)
     8    0.026280    0.115115    0.380866    4.510197 v _0617_/X (sky130_fd_sc_hd__or2_2)
                                                         _0229_ (net)
                      0.115115    0.000000    4.510197 v _0625_/S (sky130_fd_sc_hd__mux2_1)
     1    0.001949    0.051856    0.336978    4.847176 v _0625_/X (sky130_fd_sc_hd__mux2_1)
                                                         _0072_ (net)
                      0.051856    0.000000    4.847176 v _1115_/D (sky130_fd_sc_hd__dfrtp_2)
                                              4.847176   data arrival time

                      0.150000   20.000000   20.000000   clock clk (rise edge)
                                  0.000000   20.000000   clock network delay (ideal)
                                 -0.250000   19.750002   clock uncertainty
                                  0.000000   19.750002   clock reconvergence pessimism
                                             19.750002 ^ _1115_/CLK (sky130_fd_sc_hd__dfrtp_2)
                                 -0.094196   19.655806   library setup time
                                             19.655806   data required time
---------------------------------------------------------------------------------------------
                                             19.655806   data required time
                                             -4.847176   data arrival time
---------------------------------------------------------------------------------------------
                                             14.808629   slack (MET)


Startpoint: uio_in[4] (input port clocked by clk)
Endpoint: _1111_ (rising edge-triggered flip-flop clocked by clk)
Path Group: clk
Path Type: max

Fanout         Cap        Slew       Delay        Time   Description
---------------------------------------------------------------------------------------------
                      0.150000    0.000000    0.000000   clock clk (rise edge)
                                  0.000000    0.000000   clock network delay (ideal)
                                  4.000000    4.000000 ^ input external delay
     2    0.006247    0.035912    0.022930    4.022930 ^ uio_in[4] (in)
                                                         uio_in[4] (net)
                      0.035912    0.000000    4.022930 ^ _0589_/D (sky130_fd_sc_hd__nand4_2)
     4    0.005489    0.080559    0.106401    4.129331 v _0589_/Y (sky130_fd_sc_hd__nand4_2)
                                                         _0225_ (net)
                      0.080559    0.000000    4.129331 v _0617_/B (sky130_fd_sc_hd__or2_2)
     8    0.026280    0.115115    0.380866    4.510197 v _0617_/X (sky130_fd_sc_hd__or2_2)
                                                         _0229_ (net)
                      0.115115    0.000000    4.510197 v _0621_/S (sky130_fd_sc_hd__mux2_1)
     1    0.002233    0.053490    0.339773    4.849970 v _0621_/X (sky130_fd_sc_hd__mux2_1)
                                                         _0068_ (net)
                      0.053490    0.000000    4.849970 v _1111_/D (sky130_fd_sc_hd__dfstp_2)
                                              4.849970   data arrival time

                      0.150000   20.000000   20.000000   clock clk (rise edge)
                                  0.000000   20.000000   clock network delay (ideal)
                                 -0.250000   19.750002   clock uncertainty
                                  0.000000   19.750002   clock reconvergence pessimism
                                             19.750002 ^ _1111_/CLK (sky130_fd_sc_hd__dfstp_2)
                                 -0.050651   19.699350   library setup time
                                             19.699350   data required time
---------------------------------------------------------------------------------------------
                                             19.699350   data required time
                                             -4.849970   data arrival time
---------------------------------------------------------------------------------------------
                                             14.849380   slack (MET)


Startpoint: uio_in[1] (input port clocked by clk)
Endpoint: _1240_ (rising edge-triggered flip-flop clocked by clk)
Path Group: clk
Path Type: max

Fanout         Cap        Slew       Delay        Time   Description
---------------------------------------------------------------------------------------------
                      0.150000    0.000000    0.000000   clock clk (rise edge)
                                  0.000000    0.000000   clock network delay (ideal)
                                  4.000000    4.000000 v input external delay
     3    0.007207    0.018830    0.012222    4.012222 v uio_in[1] (in)
                                                         uio_in[1] (net)
                      0.018830    0.000000    4.012222 v _0527_/A_N (sky130_fd_sc_hd__nand3b_2)
     2    0.005539    0.071598    0.202796    4.215017 v _0527_/Y (sky130_fd_sc_hd__nand3b_2)
                                                         _0204_ (net)
                      0.071598    0.000000    4.215017 v _0528_/B (sky130_fd_sc_hd__and2_2)
     6    0.015596    0.066200    0.245273    4.460290 v _0528_/X (sky130_fd_sc_hd__and2_2)
                                                         _0205_ (net)
                      0.066200    0.000000    4.460290 v _0546_/A2 (sky130_fd_sc_hd__a21bo_2)
     1    0.001949    0.032573    0.219896    4.680186 v _0546_/X (sky130_fd_sc_hd__a21bo_2)
                                                         _0002_ (net)
                      0.032573    0.000000    4.680186 v _1240_/D (sky130_fd_sc_hd__dfrtp_2)
                                              4.680186   data arrival time

                      0.150000   20.000000   20.000000   clock clk (rise edge)
                                  0.000000   20.000000   clock network delay (ideal)
                                 -0.250000   19.750002   clock uncertainty
                                  0.000000   19.750002   clock reconvergence pessimism
                                             19.750002 ^ _1240_/CLK (sky130_fd_sc_hd__dfrtp_2)
                                 -0.085787   19.664213   library setup time
                                             19.664213   data required time
---------------------------------------------------------------------------------------------
                                             19.664213   data required time
                                             -4.680186   data arrival time
---------------------------------------------------------------------------------------------
                                             14.984029   slack (MET)


Startpoint: uio_in[1] (input port clocked by clk)
Endpoint: _1241_ (rising edge-triggered flip-flop clocked by clk)
Path Group: clk
Path Type: max

Fanout         Cap        Slew       Delay        Time   Description
---------------------------------------------------------------------------------------------
                      0.150000    0.000000    0.000000   clock clk (rise edge)
                                  0.000000    0.000000   clock network delay (ideal)
                                  4.000000    4.000000 v input external delay
     3    0.007207    0.018830    0.012222    4.012222 v uio_in[1] (in)
                                                         uio_in[1] (net)
                      0.018830    0.000000    4.012222 v _0527_/A_N (sky130_fd_sc_hd__nand3b_2)
     2    0.005539    0.071598    0.202796    4.215017 v _0527_/Y (sky130_fd_sc_hd__nand3b_2)
                                                         _0204_ (net)
                      0.071598    0.000000    4.215017 v _0528_/B (sky130_fd_sc_hd__and2_2)
     6    0.015596    0.066200    0.245273    4.460290 v _0528_/X (sky130_fd_sc_hd__and2_2)
                                                         _0205_ (net)
                      0.066200    0.000000    4.460290 v _0544_/A2 (sky130_fd_sc_hd__a21bo_2)
     1    0.001949    0.032574    0.219896    4.680186 v _0544_/X (sky130_fd_sc_hd__a21bo_2)
                                                         _0003_ (net)
                      0.032574    0.000000    4.680186 v _1241_/D (sky130_fd_sc_hd__dfrtp_2)
                                              4.680186   data arrival time

                      0.150000   20.000000   20.000000   clock clk (rise edge)
                                  0.000000   20.000000   clock network delay (ideal)
                                 -0.250000   19.750002   clock uncertainty
                                  0.000000   19.750002   clock reconvergence pessimism
                                             19.750002 ^ _1241_/CLK (sky130_fd_sc_hd__dfrtp_2)
                                 -0.085787   19.664213   library setup time
                                             19.664213   data required time
---------------------------------------------------------------------------------------------
                                             19.664213   data required time
                                             -4.680186   data arrival time
---------------------------------------------------------------------------------------------
                                             14.984029   slack (MET)


Startpoint: uio_in[1] (input port clocked by clk)
Endpoint: _1242_ (rising edge-triggered flip-flop clocked by clk)
Path Group: clk
Path Type: max

Fanout         Cap        Slew       Delay        Time   Description
---------------------------------------------------------------------------------------------
                      0.150000    0.000000    0.000000   clock clk (rise edge)
                                  0.000000    0.000000   clock network delay (ideal)
                                  4.000000    4.000000 v input external delay
     3    0.007207    0.018830    0.012222    4.012222 v uio_in[1] (in)
                                                         uio_in[1] (net)
                      0.018830    0.000000    4.012222 v _0527_/A_N (sky130_fd_sc_hd__nand3b_2)
     2    0.005539    0.071598    0.202796    4.215017 v _0527_/Y (sky130_fd_sc_hd__nand3b_2)
                                                         _0204_ (net)
                      0.071598    0.000000    4.215017 v _0528_/B (sky130_fd_sc_hd__and2_2)
     6    0.015596    0.066200    0.245273    4.460290 v _0528_/X (sky130_fd_sc_hd__and2_2)
                                                         _0205_ (net)
                      0.066200    0.000000    4.460290 v _0542_/A2 (sky130_fd_sc_hd__a21bo_2)
     1    0.001949    0.032578    0.219896    4.680186 v _0542_/X (sky130_fd_sc_hd__a21bo_2)
                                                         _0004_ (net)
                      0.032578    0.000000    4.680186 v _1242_/D (sky130_fd_sc_hd__dfrtp_2)
                                              4.680186   data arrival time

                      0.150000   20.000000   20.000000   clock clk (rise edge)
                                  0.000000   20.000000   clock network delay (ideal)
                                 -0.250000   19.750002   clock uncertainty
                                  0.000000   19.750002   clock reconvergence pessimism
                                             19.750002 ^ _1242_/CLK (sky130_fd_sc_hd__dfrtp_2)
                                 -0.085789   19.664211   library setup time
                                             19.664211   data required time
---------------------------------------------------------------------------------------------
                                             19.664211   data required time
                                             -4.680186   data arrival time
---------------------------------------------------------------------------------------------
                                             14.984025   slack (MET)


Startpoint: uio_in[1] (input port clocked by clk)
Endpoint: _1243_ (rising edge-triggered flip-flop clocked by clk)
Path Group: clk
Path Type: max

Fanout         Cap        Slew       Delay        Time   Description
---------------------------------------------------------------------------------------------
                      0.150000    0.000000    0.000000   clock clk (rise edge)
                                  0.000000    0.000000   clock network delay (ideal)
                                  4.000000    4.000000 v input external delay
     3    0.007207    0.018830    0.012222    4.012222 v uio_in[1] (in)
                                                         uio_in[1] (net)
                      0.018830    0.000000    4.012222 v _0527_/A_N (sky130_fd_sc_hd__nand3b_2)
     2    0.005539    0.071598    0.202796    4.215017 v _0527_/Y (sky130_fd_sc_hd__nand3b_2)
                                                         _0204_ (net)
                      0.071598    0.000000    4.215017 v _0528_/B (sky130_fd_sc_hd__and2_2)
     6    0.015596    0.066200    0.245273    4.460290 v _0528_/X (sky130_fd_sc_hd__and2_2)
                                                         _0205_ (net)
                      0.066200    0.000000    4.460290 v _0540_/A2 (sky130_fd_sc_hd__a21bo_2)
     1    0.001949    0.032573    0.219896    4.680186 v _0540_/X (sky130_fd_sc_hd__a21bo_2)
                                                         _0005_ (net)
                      0.032573    0.000000    4.680186 v _1243_/D (sky130_fd_sc_hd__dfrtp_2)
                                              4.680186   data arrival time

                      0.150000   20.000000   20.000000   clock clk (rise edge)
                                  0.000000   20.000000   clock network delay (ideal)
                                 -0.250000   19.750002   clock uncertainty
                                  0.000000   19.750002   clock reconvergence pessimism
                                             19.750002 ^ _1243_/CLK (sky130_fd_sc_hd__dfrtp_2)
                                 -0.085787   19.664213   library setup time
                                             19.664213   data required time
---------------------------------------------------------------------------------------------
                                             19.664213   data required time
                                             -4.680186   data arrival time
---------------------------------------------------------------------------------------------
                                             14.984029   slack (MET)


Startpoint: uio_in[1] (input port clocked by clk)
Endpoint: _1244_ (rising edge-triggered flip-flop clocked by clk)
Path Group: clk
Path Type: max

Fanout         Cap        Slew       Delay        Time   Description
---------------------------------------------------------------------------------------------
                      0.150000    0.000000    0.000000   clock clk (rise edge)
                                  0.000000    0.000000   clock network delay (ideal)
                                  4.000000    4.000000 v input external delay
     3    0.007207    0.018830    0.012222    4.012222 v uio_in[1] (in)
                                                         uio_in[1] (net)
                      0.018830    0.000000    4.012222 v _0527_/A_N (sky130_fd_sc_hd__nand3b_2)
     2    0.005539    0.071598    0.202796    4.215017 v _0527_/Y (sky130_fd_sc_hd__nand3b_2)
                                                         _0204_ (net)
                      0.071598    0.000000    4.215017 v _0528_/B (sky130_fd_sc_hd__and2_2)
     6    0.015596    0.066200    0.245273    4.460290 v _0528_/X (sky130_fd_sc_hd__and2_2)
                                                         _0205_ (net)
                      0.066200    0.000000    4.460290 v _0538_/A2 (sky130_fd_sc_hd__a21bo_2)
     1    0.001949    0.032573    0.219896    4.680186 v _0538_/X (sky130_fd_sc_hd__a21bo_2)
                                                         _0006_ (net)
                      0.032573    0.000000    4.680186 v _1244_/D (sky130_fd_sc_hd__dfrtp_2)
                                              4.680186   data arrival time

                      0.150000   20.000000   20.000000   clock clk (rise edge)
                                  0.000000   20.000000   clock network delay (ideal)
                                 -0.250000   19.750002   clock uncertainty
                                  0.000000   19.750002   clock reconvergence pessimism
                                             19.750002 ^ _1244_/CLK (sky130_fd_sc_hd__dfrtp_2)
                                 -0.085787   19.664213   library setup time
                                             19.664213   data required time
---------------------------------------------------------------------------------------------
                                             19.664213   data required time
                                             -4.680186   data arrival time
---------------------------------------------------------------------------------------------
                                             14.984029   slack (MET)


Startpoint: uio_in[1] (input port clocked by clk)
Endpoint: _1245_ (rising edge-triggered flip-flop clocked by clk)
Path Group: clk
Path Type: max

Fanout         Cap        Slew       Delay        Time   Description
---------------------------------------------------------------------------------------------
                      0.150000    0.000000    0.000000   clock clk (rise edge)
                                  0.000000    0.000000   clock network delay (ideal)
                                  4.000000    4.000000 v input external delay
     3    0.007207    0.018830    0.012222    4.012222 v uio_in[1] (in)
                                                         uio_in[1] (net)
                      0.018830    0.000000    4.012222 v _0527_/A_N (sky130_fd_sc_hd__nand3b_2)
     2    0.005539    0.071598    0.202796    4.215017 v _0527_/Y (sky130_fd_sc_hd__nand3b_2)
                                                         _0204_ (net)
                      0.071598    0.000000    4.215017 v _0528_/B (sky130_fd_sc_hd__and2_2)
     6    0.015596    0.066200    0.245273    4.460290 v _0528_/X (sky130_fd_sc_hd__and2_2)
                                                         _0205_ (net)
                      0.066200    0.000000    4.460290 v _0529_/A (sky130_fd_sc_hd__inv_2)
     2    0.003960    0.031404    0.055156    4.515446 ^ _0529_/Y (sky130_fd_sc_hd__inv_2)
                                                         _0206_ (net)
                      0.031404    0.000000    4.515446 ^ _0536_/A (sky130_fd_sc_hd__and2_2)
     1    0.002005    0.034723    0.119793    4.635240 ^ _0536_/X (sky130_fd_sc_hd__and2_2)
                                                         _0000_ (net)
                      0.034723    0.000000    4.635240 ^ _1245_/D (sky130_fd_sc_hd__dfrtp_2)
                                              4.635240   data arrival time

                      0.150000   20.000000   20.000000   clock clk (rise edge)
                                  0.000000   20.000000   clock network delay (ideal)
                                 -0.250000   19.750002   clock uncertainty
                                  0.000000   19.750002   clock reconvergence pessimism
                                             19.750002 ^ _1245_/CLK (sky130_fd_sc_hd__dfrtp_2)
                                 -0.045139   19.704863   library setup time
                                             19.704863   data required time
---------------------------------------------------------------------------------------------
                                             19.704863   data required time
                                             -4.635240   data arrival time
---------------------------------------------------------------------------------------------
                                             15.069622   slack (MET)


Startpoint: uio_in[1] (input port clocked by clk)
Endpoint: _1239_ (rising edge-triggered flip-flop clocked by clk)
Path Group: clk
Path Type: max

Fanout         Cap        Slew       Delay        Time   Description
---------------------------------------------------------------------------------------------
                      0.150000    0.000000    0.000000   clock clk (rise edge)
                                  0.000000    0.000000   clock network delay (ideal)
                                  4.000000    4.000000 v input external delay
     3    0.007207    0.018830    0.012222    4.012222 v uio_in[1] (in)
                                                         uio_in[1] (net)
                      0.018830    0.000000    4.012222 v _0527_/A_N (sky130_fd_sc_hd__nand3b_2)
     2    0.005539    0.071598    0.202796    4.215017 v _0527_/Y (sky130_fd_sc_hd__nand3b_2)
                                                         _0204_ (net)
                      0.071598    0.000000    4.215017 v _0528_/B (sky130_fd_sc_hd__and2_2)
     6    0.015596    0.066200    0.245273    4.460290 v _0528_/X (sky130_fd_sc_hd__and2_2)
                                                         _0205_ (net)
                      0.066200    0.000000    4.460290 v _0529_/A (sky130_fd_sc_hd__inv_2)
     2    0.003960    0.031404    0.055156    4.515446 ^ _0529_/Y (sky130_fd_sc_hd__inv_2)
                                                         _0206_ (net)
                      0.031404    0.000000    4.515446 ^ _0547_/B1 (sky130_fd_sc_hd__o22a_2)
     1    0.002488    0.031295    0.124749    4.640195 ^ _0547_/X (sky130_fd_sc_hd__o22a_2)
                                                         _0001_ (net)
                      0.031295    0.000000    4.640195 ^ _1239_/D (sky130_fd_sc_hd__dfstp_2)
                                              4.640195   data arrival time

                      0.150000   20.000000   20.000000   clock clk (rise edge)
                                  0.000000   20.000000   clock network delay (ideal)
                                 -0.250000   19.750002   clock uncertainty
                                  0.000000   19.750002   clock reconvergence pessimism
                                             19.750002 ^ _1239_/CLK (sky130_fd_sc_hd__dfstp_2)
                                 -0.037177   19.712824   library setup time
                                             19.712824   data required time
---------------------------------------------------------------------------------------------
                                             19.712824   data required time
                                             -4.640195   data arrival time
---------------------------------------------------------------------------------------------
                                             15.072628   slack (MET)


Startpoint: _1228_ (rising edge-triggered flip-flop clocked by clk)
Endpoint: uo_out[0] (output port clocked by clk)
Path Group: clk
Path Type: max

Fanout         Cap        Slew       Delay        Time   Description
---------------------------------------------------------------------------------------------
                      0.150000    0.000000    0.000000   clock clk (rise edge)
                                  0.000000    0.000000   clock network delay (ideal)
                      0.150000    0.000000    0.000000 ^ _1228_/CLK (sky130_fd_sc_hd__dfrtp_2)
     2    0.035247    0.113935    0.534772    0.534772 v _1228_/Q (sky130_fd_sc_hd__dfrtp_2)
                                                         uo_out[0] (net)
                      0.113935    0.000000    0.534772 v uo_out[0] (out)
                                              0.534772   data arrival time

                      0.150000   20.000000   20.000000   clock clk (rise edge)
                                  0.000000   20.000000   clock network delay (ideal)
                                 -0.250000   19.750002   clock uncertainty
                                  0.000000   19.750002   clock reconvergence pessimism
                                 -4.000000   15.750001   output external delay
                                             15.750001   data required time
---------------------------------------------------------------------------------------------
                                             15.750001   data required time
                                             -0.534772   data arrival time
---------------------------------------------------------------------------------------------
                                             15.215229   slack (MET)


Startpoint: _1229_ (rising edge-triggered flip-flop clocked by clk)
Endpoint: uo_out[1] (output port clocked by clk)
Path Group: clk
Path Type: max

Fanout         Cap        Slew       Delay        Time   Description
---------------------------------------------------------------------------------------------
                      0.150000    0.000000    0.000000   clock clk (rise edge)
                                  0.000000    0.000000   clock network delay (ideal)
                      0.150000    0.000000    0.000000 ^ _1229_/CLK (sky130_fd_sc_hd__dfrtp_2)
     2    0.035247    0.113935    0.534772    0.534772 v _1229_/Q (sky130_fd_sc_hd__dfrtp_2)
                                                         uo_out[1] (net)
                      0.113935    0.000000    0.534772 v uo_out[1] (out)
                                              0.534772   data arrival time

                      0.150000   20.000000   20.000000   clock clk (rise edge)
                                  0.000000   20.000000   clock network delay (ideal)
                                 -0.250000   19.750002   clock uncertainty
                                  0.000000   19.750002   clock reconvergence pessimism
                                 -4.000000   15.750001   output external delay
                                             15.750001   data required time
---------------------------------------------------------------------------------------------
                                             15.750001   data required time
                                             -0.534772   data arrival time
---------------------------------------------------------------------------------------------
                                             15.215229   slack (MET)


Startpoint: _1230_ (rising edge-triggered flip-flop clocked by clk)
Endpoint: uo_out[2] (output port clocked by clk)
Path Group: clk
Path Type: max

Fanout         Cap        Slew       Delay        Time   Description
---------------------------------------------------------------------------------------------
                      0.150000    0.000000    0.000000   clock clk (rise edge)
                                  0.000000    0.000000   clock network delay (ideal)
                      0.150000    0.000000    0.000000 ^ _1230_/CLK (sky130_fd_sc_hd__dfrtp_2)
     2    0.035247    0.113935    0.534772    0.534772 v _1230_/Q (sky130_fd_sc_hd__dfrtp_2)
                                                         uo_out[2] (net)
                      0.113935    0.000000    0.534772 v uo_out[2] (out)
                                              0.534772   data arrival time

                      0.150000   20.000000   20.000000   clock clk (rise edge)
                                  0.000000   20.000000   clock network delay (ideal)
                                 -0.250000   19.750002   clock uncertainty
                                  0.000000   19.750002   clock reconvergence pessimism
                                 -4.000000   15.750001   output external delay
                                             15.750001   data required time
---------------------------------------------------------------------------------------------
                                             15.750001   data required time
                                             -0.534772   data arrival time
---------------------------------------------------------------------------------------------
                                             15.215229   slack (MET)


Startpoint: _1231_ (rising edge-triggered flip-flop clocked by clk)
Endpoint: uo_out[3] (output port clocked by clk)
Path Group: clk
Path Type: max

Fanout         Cap        Slew       Delay        Time   Description
---------------------------------------------------------------------------------------------
                      0.150000    0.000000    0.000000   clock clk (rise edge)
                                  0.000000    0.000000   clock network delay (ideal)
                      0.150000    0.000000    0.000000 ^ _1231_/CLK (sky130_fd_sc_hd__dfrtp_2)
     2    0.035247    0.113935    0.534772    0.534772 v _1231_/Q (sky130_fd_sc_hd__dfrtp_2)
                                                         uo_out[3] (net)
                      0.113935    0.000000    0.534772 v uo_out[3] (out)
                                              0.534772   data arrival time

                      0.150000   20.000000   20.000000   clock clk (rise edge)
                                  0.000000   20.000000   clock network delay (ideal)
                                 -0.250000   19.750002   clock uncertainty
                                  0.000000   19.750002   clock reconvergence pessimism
                                 -4.000000   15.750001   output external delay
                                             15.750001   data required time
---------------------------------------------------------------------------------------------
                                             15.750001   data required time
                                             -0.534772   data arrival time
---------------------------------------------------------------------------------------------
                                             15.215229   slack (MET)


Startpoint: _1232_ (rising edge-triggered flip-flop clocked by clk)
Endpoint: uo_out[4] (output port clocked by clk)
Path Group: clk
Path Type: max

Fanout         Cap        Slew       Delay        Time   Description
---------------------------------------------------------------------------------------------
                      0.150000    0.000000    0.000000   clock clk (rise edge)
                                  0.000000    0.000000   clock network delay (ideal)
                      0.150000    0.000000    0.000000 ^ _1232_/CLK (sky130_fd_sc_hd__dfrtp_2)
     2    0.035247    0.113935    0.534772    0.534772 v _1232_/Q (sky130_fd_sc_hd__dfrtp_2)
                                                         uo_out[4] (net)
                      0.113935    0.000000    0.534772 v uo_out[4] (out)
                                              0.534772   data arrival time

                      0.150000   20.000000   20.000000   clock clk (rise edge)
                                  0.000000   20.000000   clock network delay (ideal)
                                 -0.250000   19.750002   clock uncertainty
                                  0.000000   19.750002   clock reconvergence pessimism
                                 -4.000000   15.750001   output external delay
                                             15.750001   data required time
---------------------------------------------------------------------------------------------
                                             15.750001   data required time
                                             -0.534772   data arrival time
---------------------------------------------------------------------------------------------
                                             15.215229   slack (MET)


Startpoint: _1233_ (rising edge-triggered flip-flop clocked by clk)
Endpoint: uo_out[5] (output port clocked by clk)
Path Group: clk
Path Type: max

Fanout         Cap        Slew       Delay        Time   Description
---------------------------------------------------------------------------------------------
                      0.150000    0.000000    0.000000   clock clk (rise edge)
                                  0.000000    0.000000   clock network delay (ideal)
                      0.150000    0.000000    0.000000 ^ _1233_/CLK (sky130_fd_sc_hd__dfrtp_2)
     2    0.035247    0.113935    0.534772    0.534772 v _1233_/Q (sky130_fd_sc_hd__dfrtp_2)
                                                         uo_out[5] (net)
                      0.113935    0.000000    0.534772 v uo_out[5] (out)
                                              0.534772   data arrival time

                      0.150000   20.000000   20.000000   clock clk (rise edge)
                                  0.000000   20.000000   clock network delay (ideal)
                                 -0.250000   19.750002   clock uncertainty
                                  0.000000   19.750002   clock reconvergence pessimism
                                 -4.000000   15.750001   output external delay
                                             15.750001   data required time
---------------------------------------------------------------------------------------------
                                             15.750001   data required time
                                             -0.534772   data arrival time
---------------------------------------------------------------------------------------------
                                             15.215229   slack (MET)


Startpoint: _1234_ (rising edge-triggered flip-flop clocked by clk)
Endpoint: uo_out[6] (output port clocked by clk)
Path Group: clk
Path Type: max

Fanout         Cap        Slew       Delay        Time   Description
---------------------------------------------------------------------------------------------
                      0.150000    0.000000    0.000000   clock clk (rise edge)
                                  0.000000    0.000000   clock network delay (ideal)
                      0.150000    0.000000    0.000000 ^ _1234_/CLK (sky130_fd_sc_hd__dfrtp_2)
     2    0.035247    0.113935    0.534772    0.534772 v _1234_/Q (sky130_fd_sc_hd__dfrtp_2)
                                                         uo_out[6] (net)
                      0.113935    0.000000    0.534772 v uo_out[6] (out)
                                              0.534772   data arrival time

                      0.150000   20.000000   20.000000   clock clk (rise edge)
                                  0.000000   20.000000   clock network delay (ideal)
                                 -0.250000   19.750002   clock uncertainty
                                  0.000000   19.750002   clock reconvergence pessimism
                                 -4.000000   15.750001   output external delay
                                             15.750001   data required time
---------------------------------------------------------------------------------------------
                                             15.750001   data required time
                                             -0.534772   data arrival time
---------------------------------------------------------------------------------------------
                                             15.215229   slack (MET)


Startpoint: _1235_ (rising edge-triggered flip-flop clocked by clk)
Endpoint: uo_out[7] (output port clocked by clk)
Path Group: clk
Path Type: max

Fanout         Cap        Slew       Delay        Time   Description
---------------------------------------------------------------------------------------------
                      0.150000    0.000000    0.000000   clock clk (rise edge)
                                  0.000000    0.000000   clock network delay (ideal)
                      0.150000    0.000000    0.000000 ^ _1235_/CLK (sky130_fd_sc_hd__dfrtp_2)
     2    0.035247    0.113935    0.534772    0.534772 v _1235_/Q (sky130_fd_sc_hd__dfrtp_2)
                                                         uo_out[7] (net)
                      0.113935    0.000000    0.534772 v uo_out[7] (out)
                                              0.534772   data arrival time

                      0.150000   20.000000   20.000000   clock clk (rise edge)
                                  0.000000   20.000000   clock network delay (ideal)
                                 -0.250000   19.750002   clock uncertainty
                                  0.000000   19.750002   clock reconvergence pessimism
                                 -4.000000   15.750001   output external delay
                                             15.750001   data required time
---------------------------------------------------------------------------------------------
                                             15.750001   data required time
                                             -0.534772   data arrival time
---------------------------------------------------------------------------------------------
                                             15.215229   slack (MET)


Startpoint: _1238_ (rising edge-triggered flip-flop clocked by clk)
Endpoint: _1185_ (rising edge-triggered flip-flop clocked by clk)
Path Group: clk
Path Type: max

Fanout         Cap        Slew       Delay        Time   Description
---------------------------------------------------------------------------------------------
                      0.150000    0.000000    0.000000   clock clk (rise edge)
                                  0.000000    0.000000   clock network delay (ideal)
                      0.150000    0.000000    0.000000 ^ _1238_/CLK (sky130_fd_sc_hd__dfrtp_2)
    60    0.126366    0.594963    0.821895    0.821895 ^ _1238_/Q (sky130_fd_sc_hd__dfrtp_2)
                                                         tap_index[2] (net)
                      0.594963    0.000000    0.821895 ^ _0700_/C_N (sky130_fd_sc_hd__nor3b_2)
    13    0.033750    0.580899    0.632021    1.453917 ^ _0700_/Y (sky130_fd_sc_hd__nor3b_2)
                                                         _0240_ (net)
                      0.580899    0.000000    1.453917 ^ _0723_/B1 (sky130_fd_sc_hd__a22o_2)
     2    0.007054    0.065947    0.265700    1.719617 ^ _0723_/X (sky130_fd_sc_hd__a22o_2)
                                                         _0262_ (net)
                      0.065947    0.000000    1.719617 ^ _0730_/A2 (sky130_fd_sc_hd__o32ai_2)
     7    0.016165    0.147222    0.128396    1.848012 v _0730_/Y (sky130_fd_sc_hd__o32ai_2)
                                                         _0269_ (net)
                      0.147222    0.000000    1.848012 v _0851_/A (sky130_fd_sc_hd__or4b_2)
     3    0.007902    0.123454    0.762214    2.610226 v _0851_/X (sky130_fd_sc_hd__or4b_2)
                                                         _0386_ (net)
                      0.123454    0.000000    2.610226 v _0854_/A1 (sky130_fd_sc_hd__a21o_2)
     2    0.006064    0.043260    0.235693    2.845920 v _0854_/X (sky130_fd_sc_hd__a21o_2)
                                                         _0389_ (net)
                      0.043260    0.000000    2.845920 v _0855_/C (sky130_fd_sc_hd__and3_2)
     4    0.012925    0.063208    0.248257    3.094177 v _0855_/X (sky130_fd_sc_hd__and3_2)
                                                         _0390_ (net)
                      0.063208    0.000000    3.094177 v _0857_/A (sky130_fd_sc_hd__nor2_2)
     2    0.013063    0.166833    0.185474    3.279651 ^ _0857_/Y (sky130_fd_sc_hd__nor2_2)
                                                         _0392_ (net)
                      0.166833    0.000000    3.279651 ^ _0859_/B (sky130_fd_sc_hd__xnor2_2)
     2    0.009938    0.182685    0.156816    3.436467 ^ _0859_/Y (sky130_fd_sc_hd__xnor2_2)
                                                         _0394_ (net)
                      0.182685    0.000000    3.436467 ^ _0861_/B (sky130_fd_sc_hd__xnor2_2)
     2    0.009931    0.182593    0.159586    3.596053 ^ _0861_/Y (sky130_fd_sc_hd__xnor2_2)
                                                         _0396_ (net)
                      0.182593    0.000000    3.596053 ^ _0863_/B (sky130_fd_sc_hd__xor2_2)
     2    0.006281    0.130167    0.176089    3.772142 ^ _0863_/X (sky130_fd_sc_hd__xor2_2)
                                                         _0398_ (net)
                      0.130167    0.000000    3.772142 ^ _0865_/B (sky130_fd_sc_hd__and2_2)
     2    0.009455    0.068370    0.190278    3.962420 ^ _0865_/X (sky130_fd_sc_hd__and2_2)
                                                         _0400_ (net)
                      0.068370    0.000000    3.962420 ^ _0866_/B (sky130_fd_sc_hd__nor2_2)
     1    0.008077    0.039427    0.048841    4.011261 v _0866_/Y (sky130_fd_sc_hd__nor2_2)
                                                         _0401_ (net)
                      0.039427    0.000000    4.011261 v _0867_/B (sky130_fd_sc_hd__xnor2_2)
     1    0.001505    0.037788    0.118271    4.129532 v _0867_/Y (sky130_fd_sc_hd__xnor2_2)
                                                         _0402_ (net)
                      0.037788    0.000000    4.129532 v _0868_/A0 (sky130_fd_sc_hd__mux2_1)
     1    0.001949    0.051836    0.279691    4.409223 v _0868_/X (sky130_fd_sc_hd__mux2_1)
                                                         _0142_ (net)
                      0.051836    0.000000    4.409223 v _1185_/D (sky130_fd_sc_hd__dfrtp_2)
                                              4.409223   data arrival time

                      0.150000   20.000000   20.000000   clock clk (rise edge)
                                  0.000000   20.000000   clock network delay (ideal)
                                 -0.250000   19.750002   clock uncertainty
                                  0.000000   19.750002   clock reconvergence pessimism
                                             19.750002 ^ _1185_/CLK (sky130_fd_sc_hd__dfrtp_2)
                                 -0.094188   19.655813   library setup time
                                             19.655813   data required time
---------------------------------------------------------------------------------------------
                                             19.655813   data required time
                                             -4.409223   data arrival time
---------------------------------------------------------------------------------------------
                                             15.246592   slack (MET)


Startpoint: _1238_ (rising edge-triggered flip-flop clocked by clk)
Endpoint: _1184_ (rising edge-triggered flip-flop clocked by clk)
Path Group: clk
Path Type: max

Fanout         Cap        Slew       Delay        Time   Description
---------------------------------------------------------------------------------------------
                      0.150000    0.000000    0.000000   clock clk (rise edge)
                                  0.000000    0.000000   clock network delay (ideal)
                      0.150000    0.000000    0.000000 ^ _1238_/CLK (sky130_fd_sc_hd__dfrtp_2)
    60    0.126366    0.594963    0.821895    0.821895 ^ _1238_/Q (sky130_fd_sc_hd__dfrtp_2)
                                                         tap_index[2] (net)
                      0.594963    0.000000    0.821895 ^ _0724_/B_N (sky130_fd_sc_hd__and4bb_2)
     1    0.001344    0.035754    0.305922    1.127818 v _0724_/X (sky130_fd_sc_hd__and4bb_2)
                                                         _0263_ (net)
                      0.035754    0.000000    1.127818 v _0728_/A (sky130_fd_sc_hd__or4_2)
     2    0.006166    0.115602    0.709030    1.836847 v _0728_/X (sky130_fd_sc_hd__or4_2)
                                                         _0267_ (net)
                      0.115602    0.000000    1.836847 v _0730_/A3 (sky130_fd_sc_hd__o32ai_2)
     7    0.017893    0.411462    0.400613    2.237460 ^ _0730_/Y (sky130_fd_sc_hd__o32ai_2)
                                                         _0269_ (net)
                      0.411462    0.000000    2.237460 ^ _0801_/A1_N (sky130_fd_sc_hd__a2bb2o_2)
     2    0.005484    0.052077    0.351869    2.589329 v _0801_/X (sky130_fd_sc_hd__a2bb2o_2)
                                                         _0337_ (net)
                      0.052077    0.000000    2.589329 v _0802_/B1_N (sky130_fd_sc_hd__a21boi_2)
     1    0.008077    0.059564    0.174211    2.763540 v _0802_/Y (sky130_fd_sc_hd__a21boi_2)
                                                         _0338_ (net)
                      0.059564    0.000000    2.763540 v _0803_/B (sky130_fd_sc_hd__xnor2_2)
     2    0.009901    0.076609    0.157399    2.920939 v _0803_/Y (sky130_fd_sc_hd__xnor2_2)
                                                         _0339_ (net)
                      0.076609    0.000000    2.920939 v _0819_/A (sky130_fd_sc_hd__xor2_2)
     2    0.009809    0.089482    0.205084    3.126023 v _0819_/X (sky130_fd_sc_hd__xor2_2)
                                                         _0355_ (net)
                      0.089482    0.000000    3.126023 v _0823_/A (sky130_fd_sc_hd__xnor2_2)
     2    0.012423    0.090933    0.185780    3.311803 v _0823_/Y (sky130_fd_sc_hd__xnor2_2)
                                                         _0359_ (net)
                      0.090933    0.000000    3.311803 v _0825_/B (sky130_fd_sc_hd__xnor2_2)
     1    0.001505    0.043005    0.140774    3.452577 v _0825_/Y (sky130_fd_sc_hd__xnor2_2)
                                                         _0361_ (net)
                      0.043005    0.000000    3.452577 v _0826_/A0 (sky130_fd_sc_hd__mux2_1)
     1    0.001949    0.051836    0.281355    3.733932 v _0826_/X (sky130_fd_sc_hd__mux2_1)
                                                         _0141_ (net)
                      0.051836    0.000000    3.733932 v _1184_/D (sky130_fd_sc_hd__dfrtp_2)
                                              3.733932   data arrival time

                      0.150000   20.000000   20.000000   clock clk (rise edge)
                                  0.000000   20.000000   clock network delay (ideal)
                                 -0.250000   19.750002   clock uncertainty
                                  0.000000   19.750002   clock reconvergence pessimism
                                             19.750002 ^ _1184_/CLK (sky130_fd_sc_hd__dfrtp_2)
                                 -0.094188   19.655813   library setup time
                                             19.655813   data required time
---------------------------------------------------------------------------------------------
                                             19.655813   data required time
                                             -3.733932   data arrival time
---------------------------------------------------------------------------------------------
                                             15.921881   slack (MET)


Startpoint: _1238_ (rising edge-triggered flip-flop clocked by clk)
Endpoint: _1183_ (rising edge-triggered flip-flop clocked by clk)
Path Group: clk
Path Type: max

Fanout         Cap        Slew       Delay        Time   Description
---------------------------------------------------------------------------------------------
                      0.150000    0.000000    0.000000   clock clk (rise edge)
                                  0.000000    0.000000   clock network delay (ideal)
                      0.150000    0.000000    0.000000 ^ _1238_/CLK (sky130_fd_sc_hd__dfrtp_2)
    60    0.126366    0.594963    0.821895    0.821895 ^ _1238_/Q (sky130_fd_sc_hd__dfrtp_2)
                                                         tap_index[2] (net)
                      0.594963    0.000000    0.821895 ^ _0724_/B_N (sky130_fd_sc_hd__and4bb_2)
     1    0.001344    0.035754    0.305922    1.127818 v _0724_/X (sky130_fd_sc_hd__and4bb_2)
                                                         _0263_ (net)
                      0.035754    0.000000    1.127818 v _0728_/A (sky130_fd_sc_hd__or4_2)
     2    0.006166    0.115602    0.709030    1.836847 v _0728_/X (sky130_fd_sc_hd__or4_2)
                                                         _0267_ (net)
                      0.115602    0.000000    1.836847 v _0730_/A3 (sky130_fd_sc_hd__o32ai_2)
     7    0.017893    0.411462    0.400613    2.237460 ^ _0730_/Y (sky130_fd_sc_hd__o32ai_2)
                                                         _0269_ (net)
                      0.411462    0.000000    2.237460 ^ _0768_/A (sky130_fd_sc_hd__nor3_2)
     3    0.012274    0.117100    0.138178    2.375639 v _0768_/Y (sky130_fd_sc_hd__nor3_2)
                                                         _0305_ (net)
                      0.117100    0.000000    2.375639 v _0770_/A (sky130_fd_sc_hd__or2_2)
     2    0.009635    0.076089    0.362681    2.738320 v _0770_/X (sky130_fd_sc_hd__or2_2)
                                                         _0307_ (net)
                      0.076089    0.000000    2.738320 v _0784_/A (sky130_fd_sc_hd__xnor2_2)
     4    0.014382    0.090474    0.186239    2.924559 v _0784_/Y (sky130_fd_sc_hd__xnor2_2)
                                                         _0321_ (net)
                      0.090474    0.000000    2.924559 v _0786_/B (sky130_fd_sc_hd__or2_2)
     1    0.004609    0.061741    0.308647    3.233206 v _0786_/X (sky130_fd_sc_hd__or2_2)
                                                         _0323_ (net)
                      0.061741    0.000000    3.233206 v _0787_/A2 (sky130_fd_sc_hd__a21oi_2)
     1    0.004707    0.101087    0.149943    3.383149 ^ _0787_/Y (sky130_fd_sc_hd__a21oi_2)
                                                         _0324_ (net)
                      0.101087    0.000000    3.383149 ^ _0788_/B1 (sky130_fd_sc_hd__a21oi_2)
     1    0.001505    0.048115    0.034282    3.417431 v _0788_/Y (sky130_fd_sc_hd__a21oi_2)
                                                         _0325_ (net)
                      0.048115    0.000000    3.417431 v _0789_/A0 (sky130_fd_sc_hd__mux2_1)
     1    0.001949    0.051836    0.282985    3.700416 v _0789_/X (sky130_fd_sc_hd__mux2_1)
                                                         _0140_ (net)
                      0.051836    0.000000    3.700416 v _1183_/D (sky130_fd_sc_hd__dfrtp_2)
                                              3.700416   data arrival time

                      0.150000   20.000000   20.000000   clock clk (rise edge)
                                  0.000000   20.000000   clock network delay (ideal)
                                 -0.250000   19.750002   clock uncertainty
                                  0.000000   19.750002   clock reconvergence pessimism
                                             19.750002 ^ _1183_/CLK (sky130_fd_sc_hd__dfrtp_2)
                                 -0.094188   19.655813   library setup time
                                             19.655813   data required time
---------------------------------------------------------------------------------------------
                                             19.655813   data required time
                                             -3.700416   data arrival time
---------------------------------------------------------------------------------------------
                                             15.955398   slack (MET)


Startpoint: _1238_ (rising edge-triggered flip-flop clocked by clk)
Endpoint: _1182_ (rising edge-triggered flip-flop clocked by clk)
Path Group: clk
Path Type: max

Fanout         Cap        Slew       Delay        Time   Description
---------------------------------------------------------------------------------------------
                      0.150000    0.000000    0.000000   clock clk (rise edge)
                                  0.000000    0.000000   clock network delay (ideal)
                      0.150000    0.000000    0.000000 ^ _1238_/CLK (sky130_fd_sc_hd__dfrtp_2)
    60    0.126366    0.594963    0.821895    0.821895 ^ _1238_/Q (sky130_fd_sc_hd__dfrtp_2)
                                                         tap_index[2] (net)
                      0.594963    0.000000    0.821895 ^ _0693_/C (sky130_fd_sc_hd__nor3_2)
    14    0.030304    0.178632    0.217832    1.039727 v _0693_/Y (sky130_fd_sc_hd__nor3_2)
                                                         _0233_ (net)
                      0.178632    0.000000    1.039727 v _0709_/A2 (sky130_fd_sc_hd__a2111o_2)
     2    0.006166    0.074134    0.545733    1.585460 v _0709_/X (sky130_fd_sc_hd__a2111o_2)
                                                         _0249_ (net)
                      0.074134    0.000000    1.585460 v _0711_/A3 (sky130_fd_sc_hd__o32ai_2)
     6    0.020013    0.443629    0.411803    1.997264 ^ _0711_/Y (sky130_fd_sc_hd__o32ai_2)
                                                         _0251_ (net)
                      0.443629    0.000000    1.997264 ^ _0712_/B (sky130_fd_sc_hd__nor2_2)
     2    0.002964    0.070073    0.051927    2.049191 v _0712_/Y (sky130_fd_sc_hd__nor2_2)
                                                         _0252_ (net)
                      0.070073    0.000000    2.049191 v _0751_/A (sky130_fd_sc_hd__or3_2)
     1    0.007837    0.096075    0.528718    2.577909 v _0751_/X (sky130_fd_sc_hd__or3_2)
                                                         _0289_ (net)
                      0.096075    0.000000    2.577909 v _0755_/B (sky130_fd_sc_hd__xor2_2)
     2    0.005539    0.061639    0.170545    2.748454 v _0755_/X (sky130_fd_sc_hd__xor2_2)
                                                         _0293_ (net)
                      0.061639    0.000000    2.748454 v _0756_/B (sky130_fd_sc_hd__and2_2)
     1    0.004078    0.041008    0.205311    2.953765 v _0756_/X (sky130_fd_sc_hd__and2_2)
                                                         _0294_ (net)
                      0.041008    0.000000    2.953765 v _0759_/A2 (sky130_fd_sc_hd__o31ai_2)
     1    0.002005    0.153411    0.199097    3.152862 ^ _0759_/Y (sky130_fd_sc_hd__o31ai_2)
                                                         _0139_ (net)
                      0.153411    0.000000    3.152862 ^ _1182_/D (sky130_fd_sc_hd__dfrtp_2)
                                              3.152862   data arrival time

                      0.150000   20.000000   20.000000   clock clk (rise edge)
                                  0.000000   20.000000   clock network delay (ideal)
                                 -0.250000   19.750002   clock uncertainty
                                  0.000000   19.750002   clock reconvergence pessimism
                                             19.750002 ^ _1182_/CLK (sky130_fd_sc_hd__dfrtp_2)
                                 -0.072234   19.677767   library setup time
                                             19.677767   data required time
---------------------------------------------------------------------------------------------
                                             19.677767   data required time
                                             -3.152862   data arrival time
---------------------------------------------------------------------------------------------
                                             16.524904   slack (MET)


Startpoint: _1189_ (rising edge-triggered flip-flop clocked by clk)
Endpoint: _1203_ (rising edge-triggered flip-flop clocked by clk)
Path Group: clk
Path Type: max

Fanout         Cap        Slew       Delay        Time   Description
---------------------------------------------------------------------------------------------
                      0.150000    0.000000    0.000000   clock clk (rise edge)
                                  0.000000    0.000000   clock network delay (ideal)
                      0.150000    0.000000    0.000000 ^ _1189_/CLK (sky130_fd_sc_hd__dfrtp_2)
     4    0.011899    0.063633    0.474049    0.474049 v _1189_/Q (sky130_fd_sc_hd__dfrtp_2)
                                                         accumulator[1] (net)
                      0.063633    0.000000    0.474049 v _0965_/B (sky130_fd_sc_hd__and2_2)
     2    0.003049    0.037866    0.201318    0.675367 v _0965_/X (sky130_fd_sc_hd__and2_2)
                                                         _0488_ (net)
                      0.037866    0.000000    0.675367 v _0968_/A (sky130_fd_sc_hd__or4bb_2)
     3    0.008719    0.120372    0.692372    1.367739 v _0968_/X (sky130_fd_sc_hd__or4bb_2)
                                                         _0491_ (net)
                      0.120372    0.000000    1.367739 v _0975_/A2 (sky130_fd_sc_hd__a211oi_2)
     3    0.011165    0.273727    0.342675    1.710414 ^ _0975_/Y (sky130_fd_sc_hd__a211oi_2)
                                                         _0497_ (net)
                      0.273727    0.000000    1.710414 ^ _0981_/A2 (sky130_fd_sc_hd__o21ai_2)
     2    0.003721    0.052680    0.081967    1.792382 v _0981_/Y (sky130_fd_sc_hd__o21ai_2)
                                                         _0502_ (net)
                      0.052680    0.000000    1.792382 v _0986_/B1_N (sky130_fd_sc_hd__a21boi_2)
     2    0.010285    0.059511    0.179914    1.972295 v _0986_/Y (sky130_fd_sc_hd__a21boi_2)
                                                         _0506_ (net)
                      0.059511    0.000000    1.972295 v _0992_/A2 (sky130_fd_sc_hd__o21ba_2)
     2    0.010285    0.054124    0.232025    2.204320 v _0992_/X (sky130_fd_sc_hd__o21ba_2)
                                                         _0511_ (net)
                      0.054124    0.000000    2.204320 v _0998_/A2 (sky130_fd_sc_hd__o21ba_2)
     2    0.010285    0.054109    0.229730    2.434050 v _0998_/X (sky130_fd_sc_hd__o21ba_2)
                                                         _0516_ (net)
                      0.054109    0.000000    2.434050 v _1001_/A2 (sky130_fd_sc_hd__o21ba_2)
     1    0.008318    0.049366    0.222693    2.656743 v _1001_/X (sky130_fd_sc_hd__o21ba_2)
                                                         _0518_ (net)
                      0.049366    0.000000    2.656743 v _1003_/A (sky130_fd_sc_hd__xnor2_2)
     1    0.001505    0.037774    0.125534    2.782277 v _1003_/Y (sky130_fd_sc_hd__xnor2_2)
                                                         _0520_ (net)
                      0.037774    0.000000    2.782277 v _1004_/A0 (sky130_fd_sc_hd__mux2_1)
     1    0.001949    0.051845    0.279686    3.061963 v _1004_/X (sky130_fd_sc_hd__mux2_1)
                                                         _0160_ (net)
                      0.051845    0.000000    3.061963 v _1203_/D (sky130_fd_sc_hd__dfrtp_2)
                                              3.061963   data arrival time

                      0.150000   20.000000   20.000000   clock clk (rise edge)
                                  0.000000   20.000000   clock network delay (ideal)
                                 -0.250000   19.750002   clock uncertainty
                                  0.000000   19.750002   clock reconvergence pessimism
                                             19.750002 ^ _1203_/CLK (sky130_fd_sc_hd__dfrtp_2)
                                 -0.094192   19.655809   library setup time
                                             19.655809   data required time
---------------------------------------------------------------------------------------------
                                             19.655809   data required time
                                             -3.061963   data arrival time
---------------------------------------------------------------------------------------------
                                             16.593847   slack (MET)


Startpoint: _1189_ (rising edge-triggered flip-flop clocked by clk)
Endpoint: _1202_ (rising edge-triggered flip-flop clocked by clk)
Path Group: clk
Path Type: max

Fanout         Cap        Slew       Delay        Time   Description
---------------------------------------------------------------------------------------------
                      0.150000    0.000000    0.000000   clock clk (rise edge)
                                  0.000000    0.000000   clock network delay (ideal)
                      0.150000    0.000000    0.000000 ^ _1189_/CLK (sky130_fd_sc_hd__dfrtp_2)
     4    0.011899    0.063633    0.474049    0.474049 v _1189_/Q (sky130_fd_sc_hd__dfrtp_2)
                                                         accumulator[1] (net)
                      0.063633    0.000000    0.474049 v _0965_/B (sky130_fd_sc_hd__and2_2)
     2    0.003049    0.037866    0.201318    0.675367 v _0965_/X (sky130_fd_sc_hd__and2_2)
                                                         _0488_ (net)
                      0.037866    0.000000    0.675367 v _0968_/A (sky130_fd_sc_hd__or4bb_2)
     3    0.008719    0.120372    0.692372    1.367739 v _0968_/X (sky130_fd_sc_hd__or4bb_2)
                                                         _0491_ (net)
                      0.120372    0.000000    1.367739 v _0975_/A2 (sky130_fd_sc_hd__a211oi_2)
     3    0.011165    0.273727    0.342675    1.710414 ^ _0975_/Y (sky130_fd_sc_hd__a211oi_2)
                                                         _0497_ (net)
                      0.273727    0.000000    1.710414 ^ _0981_/A2 (sky130_fd_sc_hd__o21ai_2)
     2    0.003721    0.052680    0.081967    1.792382 v _0981_/Y (sky130_fd_sc_hd__o21ai_2)
                                                         _0502_ (net)
                      0.052680    0.000000    1.792382 v _0986_/B1_N (sky130_fd_sc_hd__a21boi_2)
     2    0.010285    0.059511    0.179914    1.972295 v _0986_/Y (sky130_fd_sc_hd__a21boi_2)
                                                         _0506_ (net)
                      0.059511    0.000000    1.972295 v _0992_/A2 (sky130_fd_sc_hd__o21ba_2)
     2    0.010285    0.054124    0.232025    2.204320 v _0992_/X (sky130_fd_sc_hd__o21ba_2)
                                                         _0511_ (net)
                      0.054124    0.000000    2.204320 v _0998_/A2 (sky130_fd_sc_hd__o21ba_2)
     2    0.010285    0.054109    0.229730    2.434050 v _0998_/X (sky130_fd_sc_hd__o21ba_2)
                                                         _0516_ (net)
                      0.054109    0.000000    2.434050 v _0999_/B (sky130_fd_sc_hd__xnor2_2)
     1    0.001505    0.039175    0.124513    2.558563 v _0999_/Y (sky130_fd_sc_hd__xnor2_2)
                                                         _0517_ (net)
                      0.039175    0.000000    2.558563 v _1000_/A0 (sky130_fd_sc_hd__mux2_1)
     1    0.001949    0.051845    0.280133    2.838696 v _1000_/X (sky130_fd_sc_hd__mux2_1)
                                                         _0159_ (net)
                      0.051845    0.000000    2.838696 v _1202_/D (sky130_fd_sc_hd__dfrtp_2)
                                              2.838696   data arrival time

                      0.150000   20.000000   20.000000   clock clk (rise edge)
                                  0.000000   20.000000   clock network delay (ideal)
                                 -0.250000   19.750002   clock uncertainty
                                  0.000000   19.750002   clock reconvergence pessimism
                                             19.750002 ^ _1202_/CLK (sky130_fd_sc_hd__dfrtp_2)
                                 -0.094192   19.655809   library setup time
                                             19.655809   data required time
---------------------------------------------------------------------------------------------
                                             19.655809   data required time
                                             -2.838696   data arrival time
---------------------------------------------------------------------------------------------
                                             16.817114   slack (MET)


Startpoint: _1238_ (rising edge-triggered flip-flop clocked by clk)
Endpoint: _1181_ (rising edge-triggered flip-flop clocked by clk)
Path Group: clk
Path Type: max

Fanout         Cap        Slew       Delay        Time   Description
---------------------------------------------------------------------------------------------
                      0.150000    0.000000    0.000000   clock clk (rise edge)
                                  0.000000    0.000000   clock network delay (ideal)
                      0.150000    0.000000    0.000000 ^ _1238_/CLK (sky130_fd_sc_hd__dfrtp_2)
    60    0.126366    0.594963    0.821895    0.821895 ^ _1238_/Q (sky130_fd_sc_hd__dfrtp_2)
                                                         tap_index[2] (net)
                      0.594963    0.000000    0.821895 ^ _0724_/B_N (sky130_fd_sc_hd__and4bb_2)
     1    0.001344    0.035754    0.305922    1.127818 v _0724_/X (sky130_fd_sc_hd__and4bb_2)
                                                         _0263_ (net)
                      0.035754    0.000000    1.127818 v _0728_/A (sky130_fd_sc_hd__or4_2)
     2    0.006166    0.115602    0.709030    1.836847 v _0728_/X (sky130_fd_sc_hd__or4_2)
                                                         _0267_ (net)
                      0.115602    0.000000    1.836847 v _0730_/A3 (sky130_fd_sc_hd__o32ai_2)
     7    0.017893    0.411462    0.400613    2.237460 ^ _0730_/Y (sky130_fd_sc_hd__o32ai_2)
                                                         _0269_ (net)
                      0.411462    0.000000    2.237460 ^ _0731_/B (sky130_fd_sc_hd__or2_2)
     3    0.017717    0.105322    0.252961    2.490422 ^ _0731_/X (sky130_fd_sc_hd__or2_2)
                                                         _0270_ (net)
                      0.105322    0.000000    2.490422 ^ _0732_/B (sky130_fd_sc_hd__xnor2_2)
     1    0.001505    0.041441    0.059577    2.549998 v _0732_/Y (sky130_fd_sc_hd__xnor2_2)
                                                         _0271_ (net)
                      0.041441    0.000000    2.549998 v _0733_/A0 (sky130_fd_sc_hd__mux2_1)
     1    0.001949    0.051836    0.280856    2.830854 v _0733_/X (sky130_fd_sc_hd__mux2_1)
                                                         _0138_ (net)
                      0.051836    0.000000    2.830854 v _1181_/D (sky130_fd_sc_hd__dfrtp_2)
                                              2.830854   data arrival time

                      0.150000   20.000000   20.000000   clock clk (rise edge)
                                  0.000000   20.000000   clock network delay (ideal)
                                 -0.250000   19.750002   clock uncertainty
                                  0.000000   19.750002   clock reconvergence pessimism
                                             19.750002 ^ _1181_/CLK (sky130_fd_sc_hd__dfrtp_2)
                                 -0.094188   19.655813   library setup time
                                             19.655813   data required time
---------------------------------------------------------------------------------------------
                                             19.655813   data required time
                                             -2.830854   data arrival time
---------------------------------------------------------------------------------------------
                                             16.824959   slack (MET)


Startpoint: _1189_ (rising edge-triggered flip-flop clocked by clk)
Endpoint: _1201_ (rising edge-triggered flip-flop clocked by clk)
Path Group: clk
Path Type: max

Fanout         Cap        Slew       Delay        Time   Description
---------------------------------------------------------------------------------------------
                      0.150000    0.000000    0.000000   clock clk (rise edge)
                                  0.000000    0.000000   clock network delay (ideal)
                      0.150000    0.000000    0.000000 ^ _1189_/CLK (sky130_fd_sc_hd__dfrtp_2)
     4    0.011899    0.063633    0.474049    0.474049 v _1189_/Q (sky130_fd_sc_hd__dfrtp_2)
                                                         accumulator[1] (net)
                      0.063633    0.000000    0.474049 v _0965_/B (sky130_fd_sc_hd__and2_2)
     2    0.003049    0.037866    0.201318    0.675367 v _0965_/X (sky130_fd_sc_hd__and2_2)
                                                         _0488_ (net)
                      0.037866    0.000000    0.675367 v _0968_/A (sky130_fd_sc_hd__or4bb_2)
     3    0.008719    0.120372    0.692372    1.367739 v _0968_/X (sky130_fd_sc_hd__or4bb_2)
                                                         _0491_ (net)
                      0.120372    0.000000    1.367739 v _0975_/A2 (sky130_fd_sc_hd__a211oi_2)
     3    0.011165    0.273727    0.342675    1.710414 ^ _0975_/Y (sky130_fd_sc_hd__a211oi_2)
                                                         _0497_ (net)
                      0.273727    0.000000    1.710414 ^ _0981_/A2 (sky130_fd_sc_hd__o21ai_2)
     2    0.003721    0.052680    0.081967    1.792382 v _0981_/Y (sky130_fd_sc_hd__o21ai_2)
                                                         _0502_ (net)
                      0.052680    0.000000    1.792382 v _0986_/B1_N (sky130_fd_sc_hd__a21boi_2)
     2    0.010285    0.059511    0.179914    1.972295 v _0986_/Y (sky130_fd_sc_hd__a21boi_2)
                                                         _0506_ (net)
                      0.059511    0.000000    1.972295 v _0992_/A2 (sky130_fd_sc_hd__o21ba_2)
     2    0.010285    0.054124    0.232025    2.204320 v _0992_/X (sky130_fd_sc_hd__o21ba_2)
                                                         _0511_ (net)
                      0.054124    0.000000    2.204320 v _0993_/B (sky130_fd_sc_hd__xnor2_2)
     1    0.001505    0.039175    0.124520    2.328840 v _0993_/Y (sky130_fd_sc_hd__xnor2_2)
                                                         _0512_ (net)
                      0.039175    0.000000    2.328840 v _0994_/A0 (sky130_fd_sc_hd__mux2_1)
     1    0.001949    0.051845    0.280133    2.608973 v _0994_/X (sky130_fd_sc_hd__mux2_1)
                                                         _0158_ (net)
                      0.051845    0.000000    2.608973 v _1201_/D (sky130_fd_sc_hd__dfrtp_2)
                                              2.608973   data arrival time

                      0.150000   20.000000   20.000000   clock clk (rise edge)
                                  0.000000   20.000000   clock network delay (ideal)
                                 -0.250000   19.750002   clock uncertainty
                                  0.000000   19.750002   clock reconvergence pessimism
                                             19.750002 ^ _1201_/CLK (sky130_fd_sc_hd__dfrtp_2)
                                 -0.094192   19.655809   library setup time
                                             19.655809   data required time
---------------------------------------------------------------------------------------------
                                             19.655809   data required time
                                             -2.608973   data arrival time
---------------------------------------------------------------------------------------------
                                             17.046837   slack (MET)


Startpoint: _1189_ (rising edge-triggered flip-flop clocked by clk)
Endpoint: _1200_ (rising edge-triggered flip-flop clocked by clk)
Path Group: clk
Path Type: max

Fanout         Cap        Slew       Delay        Time   Description
---------------------------------------------------------------------------------------------
                      0.150000    0.000000    0.000000   clock clk (rise edge)
                                  0.000000    0.000000   clock network delay (ideal)
                      0.150000    0.000000    0.000000 ^ _1189_/CLK (sky130_fd_sc_hd__dfrtp_2)
     4    0.011899    0.063633    0.474049    0.474049 v _1189_/Q (sky130_fd_sc_hd__dfrtp_2)
                                                         accumulator[1] (net)
                      0.063633    0.000000    0.474049 v _0965_/B (sky130_fd_sc_hd__and2_2)
     2    0.003049    0.037866    0.201318    0.675367 v _0965_/X (sky130_fd_sc_hd__and2_2)
                                                         _0488_ (net)
                      0.037866    0.000000    0.675367 v _0968_/A (sky130_fd_sc_hd__or4bb_2)
     3    0.008719    0.120372    0.692372    1.367739 v _0968_/X (sky130_fd_sc_hd__or4bb_2)
                                                         _0491_ (net)
                      0.120372    0.000000    1.367739 v _0975_/A2 (sky130_fd_sc_hd__a211oi_2)
     3    0.011165    0.273727    0.342675    1.710414 ^ _0975_/Y (sky130_fd_sc_hd__a211oi_2)
                                                         _0497_ (net)
                      0.273727    0.000000    1.710414 ^ _0981_/A2 (sky130_fd_sc_hd__o21ai_2)
     2    0.003721    0.052680    0.081967    1.792382 v _0981_/Y (sky130_fd_sc_hd__o21ai_2)
                                                         _0502_ (net)
                      0.052680    0.000000    1.792382 v _0986_/B1_N (sky130_fd_sc_hd__a21boi_2)
     2    0.010285    0.059511    0.179914    1.972295 v _0986_/Y (sky130_fd_sc_hd__a21boi_2)
                                                         _0506_ (net)
                      0.059511    0.000000    1.972295 v _0987_/B (sky130_fd_sc_hd__xnor2_2)
     1    0.001505    0.039175    0.126898    2.099194 v _0987_/Y (sky130_fd_sc_hd__xnor2_2)
                                                         _0507_ (net)
                      0.039175    0.000000    2.099194 v _0988_/A0 (sky130_fd_sc_hd__mux2_1)
     1    0.001949    0.051845    0.280133    2.379327 v _0988_/X (sky130_fd_sc_hd__mux2_1)
                                                         _0157_ (net)
                      0.051845    0.000000    2.379327 v _1200_/D (sky130_fd_sc_hd__dfrtp_2)
                                              2.379327   data arrival time

                      0.150000   20.000000   20.000000   clock clk (rise edge)
                                  0.000000   20.000000   clock network delay (ideal)
                                 -0.250000   19.750002   clock uncertainty
                                  0.000000   19.750002   clock reconvergence pessimism
                                             19.750002 ^ _1200_/CLK (sky130_fd_sc_hd__dfrtp_2)
                                 -0.094192   19.655809   library setup time
                                             19.655809   data required time
---------------------------------------------------------------------------------------------
                                             19.655809   data required time
                                             -2.379327   data arrival time
---------------------------------------------------------------------------------------------
                                             17.276484   slack (MET)


Startpoint: _1238_ (rising edge-triggered flip-flop clocked by clk)
Endpoint: _1180_ (rising edge-triggered flip-flop clocked by clk)
Path Group: clk
Path Type: max

Fanout         Cap        Slew       Delay        Time   Description
---------------------------------------------------------------------------------------------
                      0.150000    0.000000    0.000000   clock clk (rise edge)
                                  0.000000    0.000000   clock network delay (ideal)
                      0.150000    0.000000    0.000000 ^ _1238_/CLK (sky130_fd_sc_hd__dfrtp_2)
    60    0.126366    0.594963    0.821895    0.821895 ^ _1238_/Q (sky130_fd_sc_hd__dfrtp_2)
                                                         tap_index[2] (net)
                      0.594963    0.000000    0.821895 ^ _0693_/C (sky130_fd_sc_hd__nor3_2)
    14    0.030304    0.178632    0.217832    1.039727 v _0693_/Y (sky130_fd_sc_hd__nor3_2)
                                                         _0233_ (net)
                      0.178632    0.000000    1.039727 v _0709_/A2 (sky130_fd_sc_hd__a2111o_2)
     2    0.006166    0.074134    0.545733    1.585460 v _0709_/X (sky130_fd_sc_hd__a2111o_2)
                                                         _0249_ (net)
                      0.074134    0.000000    1.585460 v _0711_/A3 (sky130_fd_sc_hd__o32ai_2)
     6    0.020013    0.443629    0.411803    1.997264 ^ _0711_/Y (sky130_fd_sc_hd__o32ai_2)
                                                         _0251_ (net)
                      0.443629    0.000000    1.997264 ^ _0712_/B (sky130_fd_sc_hd__nor2_2)
     2    0.002964    0.070073    0.051927    2.049191 v _0712_/Y (sky130_fd_sc_hd__nor2_2)
                                                         _0252_ (net)
                      0.070073    0.000000    2.049191 v _0713_/A0 (sky130_fd_sc_hd__mux2_1)
     1    0.001949    0.051836    0.291257    2.340448 v _0713_/X (sky130_fd_sc_hd__mux2_1)
                                                         _0137_ (net)
                      0.051836    0.000000    2.340448 v _1180_/D (sky130_fd_sc_hd__dfrtp_2)
                                              2.340448   data arrival time

                      0.150000   20.000000   20.000000   clock clk (rise edge)
                                  0.000000   20.000000   clock network delay (ideal)
                                 -0.250000   19.750002   clock uncertainty
                                  0.000000   19.750002   clock reconvergence pessimism
                                             19.750002 ^ _1180_/CLK (sky130_fd_sc_hd__dfrtp_2)
                                 -0.094188   19.655813   library setup time
                                             19.655813   data required time
---------------------------------------------------------------------------------------------
                                             19.655813   data required time
                                             -2.340448   data arrival time
---------------------------------------------------------------------------------------------
                                             17.315365   slack (MET)


Startpoint: _1240_ (rising edge-triggered flip-flop clocked by clk)
Endpoint: _1228_ (rising edge-triggered flip-flop clocked by clk)
Path Group: clk
Path Type: max

Fanout         Cap        Slew       Delay        Time   Description
---------------------------------------------------------------------------------------------
                      0.150000    0.000000    0.000000   clock clk (rise edge)
                                  0.000000    0.000000   clock network delay (ideal)
                      0.150000    0.000000    0.000000 ^ _1240_/CLK (sky130_fd_sc_hd__dfrtp_2)
     3    0.007864    0.053419    0.458355    0.458355 v _1240_/Q (sky130_fd_sc_hd__dfrtp_2)
                                                         phase[1] (net)
                      0.053419    0.000000    0.458355 v _0530_/A (sky130_fd_sc_hd__or4_2)
     1    0.004002    0.106043    0.697751    1.156106 v _0530_/X (sky130_fd_sc_hd__or4_2)
                                                         _0207_ (net)
                      0.106043    0.000000    1.156106 v _0531_/C (sky130_fd_sc_hd__nor3_2)
    11    0.033910    0.584624    0.485241    1.641347 ^ _0531_/Y (sky130_fd_sc_hd__nor3_2)
                                                         _0208_ (net)
                      0.584624    0.000000    1.641347 ^ _0535_/A (sky130_fd_sc_hd__nand2_2)
     9    0.027683    0.207377    0.245555    1.886902 v _0535_/Y (sky130_fd_sc_hd__nand2_2)
                                                         _0212_ (net)
                      0.207377    0.000000    1.886902 v _1029_/S (sky130_fd_sc_hd__mux2_1)
     1    0.001949    0.051869    0.372825    2.259727 v _1029_/X (sky130_fd_sc_hd__mux2_1)
                                                         _0185_ (net)
                      0.051869    0.000000    2.259727 v _1228_/D (sky130_fd_sc_hd__dfrtp_2)
                                              2.259727   data arrival time

                      0.150000   20.000000   20.000000   clock clk (rise edge)
                                  0.000000   20.000000   clock network delay (ideal)
                                 -0.250000   19.750002   clock uncertainty
                                  0.000000   19.750002   clock reconvergence pessimism
                                             19.750002 ^ _1228_/CLK (sky130_fd_sc_hd__dfrtp_2)
                                 -0.094202   19.655800   library setup time
                                             19.655800   data required time
---------------------------------------------------------------------------------------------
                                             19.655800   data required time
                                             -2.259727   data arrival time
---------------------------------------------------------------------------------------------
                                             17.396072   slack (MET)


Startpoint: _1240_ (rising edge-triggered flip-flop clocked by clk)
Endpoint: _1229_ (rising edge-triggered flip-flop clocked by clk)
Path Group: clk
Path Type: max

Fanout         Cap        Slew       Delay        Time   Description
---------------------------------------------------------------------------------------------
                      0.150000    0.000000    0.000000   clock clk (rise edge)
                                  0.000000    0.000000   clock network delay (ideal)
                      0.150000    0.000000    0.000000 ^ _1240_/CLK (sky130_fd_sc_hd__dfrtp_2)
     3    0.007864    0.053419    0.458355    0.458355 v _1240_/Q (sky130_fd_sc_hd__dfrtp_2)
                                                         phase[1] (net)
                      0.053419    0.000000    0.458355 v _0530_/A (sky130_fd_sc_hd__or4_2)
     1    0.004002    0.106043    0.697751    1.156106 v _0530_/X (sky130_fd_sc_hd__or4_2)
                                                         _0207_ (net)
                      0.106043    0.000000    1.156106 v _0531_/C (sky130_fd_sc_hd__nor3_2)
    11    0.033910    0.584624    0.485241    1.641347 ^ _0531_/Y (sky130_fd_sc_hd__nor3_2)
                                                         _0208_ (net)
                      0.584624    0.000000    1.641347 ^ _0535_/A (sky130_fd_sc_hd__nand2_2)
     9    0.027683    0.207377    0.245555    1.886902 v _0535_/Y (sky130_fd_sc_hd__nand2_2)
                                                         _0212_ (net)
                      0.207377    0.000000    1.886902 v _1030_/S (sky130_fd_sc_hd__mux2_1)
     1    0.001949    0.051869    0.372825    2.259727 v _1030_/X (sky130_fd_sc_hd__mux2_1)
                                                         _0186_ (net)
                      0.051869    0.000000    2.259727 v _1229_/D (sky130_fd_sc_hd__dfrtp_2)
                                              2.259727   data arrival time

                      0.150000   20.000000   20.000000   clock clk (rise edge)
                                  0.000000   20.000000   clock network delay (ideal)
                                 -0.250000   19.750002   clock uncertainty
                                  0.000000   19.750002   clock reconvergence pessimism
                                             19.750002 ^ _1229_/CLK (sky130_fd_sc_hd__dfrtp_2)
                                 -0.094202   19.655800   library setup time
                                             19.655800   data required time
---------------------------------------------------------------------------------------------
                                             19.655800   data required time
                                             -2.259727   data arrival time
---------------------------------------------------------------------------------------------
                                             17.396072   slack (MET)


Startpoint: _1240_ (rising edge-triggered flip-flop clocked by clk)
Endpoint: _1230_ (rising edge-triggered flip-flop clocked by clk)
Path Group: clk
Path Type: max

Fanout         Cap        Slew       Delay        Time   Description
---------------------------------------------------------------------------------------------
                      0.150000    0.000000    0.000000   clock clk (rise edge)
                                  0.000000    0.000000   clock network delay (ideal)
                      0.150000    0.000000    0.000000 ^ _1240_/CLK (sky130_fd_sc_hd__dfrtp_2)
     3    0.007864    0.053419    0.458355    0.458355 v _1240_/Q (sky130_fd_sc_hd__dfrtp_2)
                                                         phase[1] (net)
                      0.053419    0.000000    0.458355 v _0530_/A (sky130_fd_sc_hd__or4_2)
     1    0.004002    0.106043    0.697751    1.156106 v _0530_/X (sky130_fd_sc_hd__or4_2)
                                                         _0207_ (net)
                      0.106043    0.000000    1.156106 v _0531_/C (sky130_fd_sc_hd__nor3_2)
    11    0.033910    0.584624    0.485241    1.641347 ^ _0531_/Y (sky130_fd_sc_hd__nor3_2)
                                                         _0208_ (net)
                      0.584624    0.000000    1.641347 ^ _0535_/A (sky130_fd_sc_hd__nand2_2)
     9    0.027683    0.207377    0.245555    1.886902 v _0535_/Y (sky130_fd_sc_hd__nand2_2)
                                                         _0212_ (net)
                      0.207377    0.000000    1.886902 v _1031_/S (sky130_fd_sc_hd__mux2_1)
     1    0.001949    0.051869    0.372825    2.259727 v _1031_/X (sky130_fd_sc_hd__mux2_1)
                                                         _0187_ (net)
                      0.051869    0.000000    2.259727 v _1230_/D (sky130_fd_sc_hd__dfrtp_2)
                                              2.259727   data arrival time

                      0.150000   20.000000   20.000000   clock clk (rise edge)
                                  0.000000   20.000000   clock network delay (ideal)
                                 -0.250000   19.750002   clock uncertainty
                                  0.000000   19.750002   clock reconvergence pessimism
                                             19.750002 ^ _1230_/CLK (sky130_fd_sc_hd__dfrtp_2)
                                 -0.094202   19.655800   library setup time
                                             19.655800   data required time
---------------------------------------------------------------------------------------------
                                             19.655800   data required time
                                             -2.259727   data arrival time
---------------------------------------------------------------------------------------------
                                             17.396072   slack (MET)


Startpoint: _1240_ (rising edge-triggered flip-flop clocked by clk)
Endpoint: _1231_ (rising edge-triggered flip-flop clocked by clk)
Path Group: clk
Path Type: max

Fanout         Cap        Slew       Delay        Time   Description
---------------------------------------------------------------------------------------------
                      0.150000    0.000000    0.000000   clock clk (rise edge)
                                  0.000000    0.000000   clock network delay (ideal)
                      0.150000    0.000000    0.000000 ^ _1240_/CLK (sky130_fd_sc_hd__dfrtp_2)
     3    0.007864    0.053419    0.458355    0.458355 v _1240_/Q (sky130_fd_sc_hd__dfrtp_2)
                                                         phase[1] (net)
                      0.053419    0.000000    0.458355 v _0530_/A (sky130_fd_sc_hd__or4_2)
     1    0.004002    0.106043    0.697751    1.156106 v _0530_/X (sky130_fd_sc_hd__or4_2)
                                                         _0207_ (net)
                      0.106043    0.000000    1.156106 v _0531_/C (sky130_fd_sc_hd__nor3_2)
    11    0.033910    0.584624    0.485241    1.641347 ^ _0531_/Y (sky130_fd_sc_hd__nor3_2)
                                                         _0208_ (net)
                      0.584624    0.000000    1.641347 ^ _0535_/A (sky130_fd_sc_hd__nand2_2)
     9    0.027683    0.207377    0.245555    1.886902 v _0535_/Y (sky130_fd_sc_hd__nand2_2)
                                                         _0212_ (net)
                      0.207377    0.000000    1.886902 v _1032_/S (sky130_fd_sc_hd__mux2_1)
     1    0.001949    0.051869    0.372825    2.259727 v _1032_/X (sky130_fd_sc_hd__mux2_1)
                                                         _0188_ (net)
                      0.051869    0.000000    2.259727 v _1231_/D (sky130_fd_sc_hd__dfrtp_2)
                                              2.259727   data arrival time

                      0.150000   20.000000   20.000000   clock clk (rise edge)
                                  0.000000   20.000000   clock network delay (ideal)
                                 -0.250000   19.750002   clock uncertainty
                                  0.000000   19.750002   clock reconvergence pessimism
                                             19.750002 ^ _1231_/CLK (sky130_fd_sc_hd__dfrtp_2)
                                 -0.094202   19.655800   library setup time
                                             19.655800   data required time
---------------------------------------------------------------------------------------------
                                             19.655800   data required time
                                             -2.259727   data arrival time
---------------------------------------------------------------------------------------------
                                             17.396072   slack (MET)


Startpoint: _1240_ (rising edge-triggered flip-flop clocked by clk)
Endpoint: _1232_ (rising edge-triggered flip-flop clocked by clk)
Path Group: clk
Path Type: max

Fanout         Cap        Slew       Delay        Time   Description
---------------------------------------------------------------------------------------------
                      0.150000    0.000000    0.000000   clock clk (rise edge)
                                  0.000000    0.000000   clock network delay (ideal)
                      0.150000    0.000000    0.000000 ^ _1240_/CLK (sky130_fd_sc_hd__dfrtp_2)
     3    0.007864    0.053419    0.458355    0.458355 v _1240_/Q (sky130_fd_sc_hd__dfrtp_2)
                                                         phase[1] (net)
                      0.053419    0.000000    0.458355 v _0530_/A (sky130_fd_sc_hd__or4_2)
     1    0.004002    0.106043    0.697751    1.156106 v _0530_/X (sky130_fd_sc_hd__or4_2)
                                                         _0207_ (net)
                      0.106043    0.000000    1.156106 v _0531_/C (sky130_fd_sc_hd__nor3_2)
    11    0.033910    0.584624    0.485241    1.641347 ^ _0531_/Y (sky130_fd_sc_hd__nor3_2)
                                                         _0208_ (net)
                      0.584624    0.000000    1.641347 ^ _0535_/A (sky130_fd_sc_hd__nand2_2)
     9    0.027683    0.207377    0.245555    1.886902 v _0535_/Y (sky130_fd_sc_hd__nand2_2)
                                                         _0212_ (net)
                      0.207377    0.000000    1.886902 v _1033_/S (sky130_fd_sc_hd__mux2_1)
     1    0.001949    0.051869    0.372825    2.259727 v _1033_/X (sky130_fd_sc_hd__mux2_1)
                                                         _0189_ (net)
                      0.051869    0.000000    2.259727 v _1232_/D (sky130_fd_sc_hd__dfrtp_2)
                                              2.259727   data arrival time

                      0.150000   20.000000   20.000000   clock clk (rise edge)
                                  0.000000   20.000000   clock network delay (ideal)
                                 -0.250000   19.750002   clock uncertainty
                                  0.000000   19.750002   clock reconvergence pessimism
                                             19.750002 ^ _1232_/CLK (sky130_fd_sc_hd__dfrtp_2)
                                 -0.094202   19.655800   library setup time
                                             19.655800   data required time
---------------------------------------------------------------------------------------------
                                             19.655800   data required time
                                             -2.259727   data arrival time
---------------------------------------------------------------------------------------------
                                             17.396072   slack (MET)


Startpoint: _1240_ (rising edge-triggered flip-flop clocked by clk)
Endpoint: _1233_ (rising edge-triggered flip-flop clocked by clk)
Path Group: clk
Path Type: max

Fanout         Cap        Slew       Delay        Time   Description
---------------------------------------------------------------------------------------------
                      0.150000    0.000000    0.000000   clock clk (rise edge)
                                  0.000000    0.000000   clock network delay (ideal)
                      0.150000    0.000000    0.000000 ^ _1240_/CLK (sky130_fd_sc_hd__dfrtp_2)
     3    0.007864    0.053419    0.458355    0.458355 v _1240_/Q (sky130_fd_sc_hd__dfrtp_2)
                                                         phase[1] (net)
                      0.053419    0.000000    0.458355 v _0530_/A (sky130_fd_sc_hd__or4_2)
     1    0.004002    0.106043    0.697751    1.156106 v _0530_/X (sky130_fd_sc_hd__or4_2)
                                                         _0207_ (net)
                      0.106043    0.000000    1.156106 v _0531_/C (sky130_fd_sc_hd__nor3_2)
    11    0.033910    0.584624    0.485241    1.641347 ^ _0531_/Y (sky130_fd_sc_hd__nor3_2)
                                                         _0208_ (net)
                      0.584624    0.000000    1.641347 ^ _0535_/A (sky130_fd_sc_hd__nand2_2)
     9    0.027683    0.207377    0.245555    1.886902 v _0535_/Y (sky130_fd_sc_hd__nand2_2)
                                                         _0212_ (net)
                      0.207377    0.000000    1.886902 v _1034_/S (sky130_fd_sc_hd__mux2_1)
     1    0.001949    0.051869    0.372825    2.259727 v _1034_/X (sky130_fd_sc_hd__mux2_1)
                                                         _0190_ (net)
                      0.051869    0.000000    2.259727 v _1233_/D (sky130_fd_sc_hd__dfrtp_2)
                                              2.259727   data arrival time

                      0.150000   20.000000   20.000000   clock clk (rise edge)
                                  0.000000   20.000000   clock network delay (ideal)
                                 -0.250000   19.750002   clock uncertainty
                                  0.000000   19.750002   clock reconvergence pessimism
                                             19.750002 ^ _1233_/CLK (sky130_fd_sc_hd__dfrtp_2)
                                 -0.094202   19.655800   library setup time
                                             19.655800   data required time
---------------------------------------------------------------------------------------------
                                             19.655800   data required time
                                             -2.259727   data arrival time
---------------------------------------------------------------------------------------------
                                             17.396072   slack (MET)


Startpoint: _1240_ (rising edge-triggered flip-flop clocked by clk)
Endpoint: _1234_ (rising edge-triggered flip-flop clocked by clk)
Path Group: clk
Path Type: max

Fanout         Cap        Slew       Delay        Time   Description
---------------------------------------------------------------------------------------------
                      0.150000    0.000000    0.000000   clock clk (rise edge)
                                  0.000000    0.000000   clock network delay (ideal)
                      0.150000    0.000000    0.000000 ^ _1240_/CLK (sky130_fd_sc_hd__dfrtp_2)
     3    0.007864    0.053419    0.458355    0.458355 v _1240_/Q (sky130_fd_sc_hd__dfrtp_2)
                                                         phase[1] (net)
                      0.053419    0.000000    0.458355 v _0530_/A (sky130_fd_sc_hd__or4_2)
     1    0.004002    0.106043    0.697751    1.156106 v _0530_/X (sky130_fd_sc_hd__or4_2)
                                                         _0207_ (net)
                      0.106043    0.000000    1.156106 v _0531_/C (sky130_fd_sc_hd__nor3_2)
    11    0.033910    0.584624    0.485241    1.641347 ^ _0531_/Y (sky130_fd_sc_hd__nor3_2)
                                                         _0208_ (net)
                      0.584624    0.000000    1.641347 ^ _0535_/A (sky130_fd_sc_hd__nand2_2)
     9    0.027683    0.207377    0.245555    1.886902 v _0535_/Y (sky130_fd_sc_hd__nand2_2)
                                                         _0212_ (net)
                      0.207377    0.000000    1.886902 v _1035_/S (sky130_fd_sc_hd__mux2_1)
     1    0.001949    0.051869    0.372825    2.259727 v _1035_/X (sky130_fd_sc_hd__mux2_1)
                                                         _0191_ (net)
                      0.051869    0.000000    2.259727 v _1234_/D (sky130_fd_sc_hd__dfrtp_2)
                                              2.259727   data arrival time

                      0.150000   20.000000   20.000000   clock clk (rise edge)
                                  0.000000   20.000000   clock network delay (ideal)
                                 -0.250000   19.750002   clock uncertainty
                                  0.000000   19.750002   clock reconvergence pessimism
                                             19.750002 ^ _1234_/CLK (sky130_fd_sc_hd__dfrtp_2)
                                 -0.094202   19.655800   library setup time
                                             19.655800   data required time
---------------------------------------------------------------------------------------------
                                             19.655800   data required time
                                             -2.259727   data arrival time
---------------------------------------------------------------------------------------------
                                             17.396072   slack (MET)


Startpoint: _1240_ (rising edge-triggered flip-flop clocked by clk)
Endpoint: _1235_ (rising edge-triggered flip-flop clocked by clk)
Path Group: clk
Path Type: max

Fanout         Cap        Slew       Delay        Time   Description
---------------------------------------------------------------------------------------------
                      0.150000    0.000000    0.000000   clock clk (rise edge)
                                  0.000000    0.000000   clock network delay (ideal)
                      0.150000    0.000000    0.000000 ^ _1240_/CLK (sky130_fd_sc_hd__dfrtp_2)
     3    0.007864    0.053419    0.458355    0.458355 v _1240_/Q (sky130_fd_sc_hd__dfrtp_2)
                                                         phase[1] (net)
                      0.053419    0.000000    0.458355 v _0530_/A (sky130_fd_sc_hd__or4_2)
     1    0.004002    0.106043    0.697751    1.156106 v _0530_/X (sky130_fd_sc_hd__or4_2)
                                                         _0207_ (net)
                      0.106043    0.000000    1.156106 v _0531_/C (sky130_fd_sc_hd__nor3_2)
    11    0.033910    0.584624    0.485241    1.641347 ^ _0531_/Y (sky130_fd_sc_hd__nor3_2)
                                                         _0208_ (net)
                      0.584624    0.000000    1.641347 ^ _0535_/A (sky130_fd_sc_hd__nand2_2)
     9    0.027683    0.207377    0.245555    1.886902 v _0535_/Y (sky130_fd_sc_hd__nand2_2)
                                                         _0212_ (net)
                      0.207377    0.000000    1.886902 v _1036_/S (sky130_fd_sc_hd__mux2_1)
     1    0.001949    0.051869    0.372825    2.259727 v _1036_/X (sky130_fd_sc_hd__mux2_1)
                                                         _0192_ (net)
                      0.051869    0.000000    2.259727 v _1235_/D (sky130_fd_sc_hd__dfrtp_2)
                                              2.259727   data arrival time

                      0.150000   20.000000   20.000000   clock clk (rise edge)
                                  0.000000   20.000000   clock network delay (ideal)
                                 -0.250000   19.750002   clock uncertainty
                                  0.000000   19.750002   clock reconvergence pessimism
                                             19.750002 ^ _1235_/CLK (sky130_fd_sc_hd__dfrtp_2)
                                 -0.094202   19.655800   library setup time
                                             19.655800   data required time
---------------------------------------------------------------------------------------------
                                             19.655800   data required time
                                             -2.259727   data arrival time
---------------------------------------------------------------------------------------------
                                             17.396072   slack (MET)


Startpoint: _1189_ (rising edge-triggered flip-flop clocked by clk)
Endpoint: _1199_ (rising edge-triggered flip-flop clocked by clk)
Path Group: clk
Path Type: max

Fanout         Cap        Slew       Delay        Time   Description
---------------------------------------------------------------------------------------------
                      0.150000    0.000000    0.000000   clock clk (rise edge)
                                  0.000000    0.000000   clock network delay (ideal)
                      0.150000    0.000000    0.000000 ^ _1189_/CLK (sky130_fd_sc_hd__dfrtp_2)
     4    0.011899    0.063633    0.474049    0.474049 v _1189_/Q (sky130_fd_sc_hd__dfrtp_2)
                                                         accumulator[1] (net)
                      0.063633    0.000000    0.474049 v _0965_/B (sky130_fd_sc_hd__and2_2)
     2    0.003049    0.037866    0.201318    0.675367 v _0965_/X (sky130_fd_sc_hd__and2_2)
                                                         _0488_ (net)
                      0.037866    0.000000    0.675367 v _0968_/A (sky130_fd_sc_hd__or4bb_2)
     3    0.008719    0.120372    0.692372    1.367739 v _0968_/X (sky130_fd_sc_hd__or4bb_2)
                                                         _0491_ (net)
                      0.120372    0.000000    1.367739 v _0975_/A2 (sky130_fd_sc_hd__a211oi_2)
     3    0.011165    0.273727    0.342675    1.710414 ^ _0975_/Y (sky130_fd_sc_hd__a211oi_2)
                                                         _0497_ (net)
                      0.273727    0.000000    1.710414 ^ _0981_/A2 (sky130_fd_sc_hd__o21ai_2)
     2    0.003721    0.052680    0.081967    1.792382 v _0981_/Y (sky130_fd_sc_hd__o21ai_2)
                                                         _0502_ (net)
                      0.052680    0.000000    1.792382 v _0982_/A4 (sky130_fd_sc_hd__a41o_2)
     1    0.001949    0.035118    0.271393    2.063774 v _0982_/X (sky130_fd_sc_hd__a41o_2)
                                                         _0156_ (net)
                      0.035118    0.000000    2.063774 v _1199_/D (sky130_fd_sc_hd__dfrtp_2)
                                              2.063774   data arrival time

                      0.150000   20.000000   20.000000   clock clk (rise edge)
                                  0.000000   20.000000   clock network delay (ideal)
                                 -0.250000   19.750002   clock uncertainty
                                  0.000000   19.750002   clock reconvergence pessimism
                                             19.750002 ^ _1199_/CLK (sky130_fd_sc_hd__dfrtp_2)
                                 -0.086897   19.663105   library setup time
                                             19.663105   data required time
---------------------------------------------------------------------------------------------
                                             19.663105   data required time
                                             -2.063774   data arrival time
---------------------------------------------------------------------------------------------
                                             17.599331   slack (MET)


Startpoint: _1189_ (rising edge-triggered flip-flop clocked by clk)
Endpoint: _1198_ (rising edge-triggered flip-flop clocked by clk)
Path Group: clk
Path Type: max

Fanout         Cap        Slew       Delay        Time   Description
---------------------------------------------------------------------------------------------
                      0.150000    0.000000    0.000000   clock clk (rise edge)
                                  0.000000    0.000000   clock network delay (ideal)
                      0.150000    0.000000    0.000000 ^ _1189_/CLK (sky130_fd_sc_hd__dfrtp_2)
     4    0.011899    0.063633    0.474049    0.474049 v _1189_/Q (sky130_fd_sc_hd__dfrtp_2)
                                                         accumulator[1] (net)
                      0.063633    0.000000    0.474049 v _0965_/B (sky130_fd_sc_hd__and2_2)
     2    0.003049    0.037866    0.201318    0.675367 v _0965_/X (sky130_fd_sc_hd__and2_2)
                                                         _0488_ (net)
                      0.037866    0.000000    0.675367 v _0968_/A (sky130_fd_sc_hd__or4bb_2)
     3    0.008719    0.120372    0.692372    1.367739 v _0968_/X (sky130_fd_sc_hd__or4bb_2)
                                                         _0491_ (net)
                      0.120372    0.000000    1.367739 v _0975_/A2 (sky130_fd_sc_hd__a211oi_2)
     3    0.011165    0.273727    0.342675    1.710414 ^ _0975_/Y (sky130_fd_sc_hd__a211oi_2)
                                                         _0497_ (net)
                      0.273727    0.000000    1.710414 ^ _0976_/B (sky130_fd_sc_hd__nor2_2)
     1    0.001505    0.045308    0.041957    1.752371 v _0976_/Y (sky130_fd_sc_hd__nor2_2)
                                                         _0498_ (net)
                      0.045308    0.000000    1.752371 v _0977_/A0 (sky130_fd_sc_hd__mux2_1)
     1    0.001949    0.051845    0.282089    2.034461 v _0977_/X (sky130_fd_sc_hd__mux2_1)
                                                         _0155_ (net)
                      0.051845    0.000000    2.034461 v _1198_/D (sky130_fd_sc_hd__dfrtp_2)
                                              2.034461   data arrival time

                      0.150000   20.000000   20.000000   clock clk (rise edge)
                                  0.000000   20.000000   clock network delay (ideal)
                                 -0.250000   19.750002   clock uncertainty
                                  0.000000   19.750002   clock reconvergence pessimism
                                             19.750002 ^ _1198_/CLK (sky130_fd_sc_hd__dfrtp_2)
                                 -0.094192   19.655809   library setup time
                                             19.655809   data required time
---------------------------------------------------------------------------------------------
                                             19.655809   data required time
                                             -2.034461   data arrival time
---------------------------------------------------------------------------------------------
                                             17.621349   slack (MET)


Startpoint: _1189_ (rising edge-triggered flip-flop clocked by clk)
Endpoint: _1197_ (rising edge-triggered flip-flop clocked by clk)
Path Group: clk
Path Type: max

Fanout         Cap        Slew       Delay        Time   Description
---------------------------------------------------------------------------------------------
                      0.150000    0.000000    0.000000   clock clk (rise edge)
                                  0.000000    0.000000   clock network delay (ideal)
                      0.150000    0.000000    0.000000 ^ _1189_/CLK (sky130_fd_sc_hd__dfrtp_2)
     4    0.011899    0.063633    0.474049    0.474049 v _1189_/Q (sky130_fd_sc_hd__dfrtp_2)
                                                         accumulator[1] (net)
                      0.063633    0.000000    0.474049 v _0965_/B (sky130_fd_sc_hd__and2_2)
     2    0.003049    0.037866    0.201318    0.675367 v _0965_/X (sky130_fd_sc_hd__and2_2)
                                                         _0488_ (net)
                      0.037866    0.000000    0.675367 v _0968_/A (sky130_fd_sc_hd__or4bb_2)
     3    0.008719    0.120372    0.692372    1.367739 v _0968_/X (sky130_fd_sc_hd__or4bb_2)
                                                         _0491_ (net)
                      0.120372    0.000000    1.367739 v _0971_/B1 (sky130_fd_sc_hd__a22o_2)
     1    0.001949    0.036890    0.234749    1.602489 v _0971_/X (sky130_fd_sc_hd__a22o_2)
                                                         _0154_ (net)
                      0.036890    0.000000    1.602489 v _1197_/D (sky130_fd_sc_hd__dfrtp_2)
                                              1.602489   data arrival time

                      0.150000   20.000000   20.000000   clock clk (rise edge)
                                  0.000000   20.000000   clock network delay (ideal)
                                 -0.250000   19.750002   clock uncertainty
                                  0.000000   19.750002   clock reconvergence pessimism
                                             19.750002 ^ _1197_/CLK (sky130_fd_sc_hd__dfrtp_2)
                                 -0.087670   19.662331   library setup time
                                             19.662331   data required time
---------------------------------------------------------------------------------------------
                                             19.662331   data required time
                                             -1.602489   data arrival time
---------------------------------------------------------------------------------------------
                                             18.059843   slack (MET)


Startpoint: _1245_ (rising edge-triggered flip-flop clocked by clk)
Endpoint: _1196_ (rising edge-triggered flip-flop clocked by clk)
Path Group: clk
Path Type: max

Fanout         Cap        Slew       Delay        Time   Description
---------------------------------------------------------------------------------------------
                      0.150000    0.000000    0.000000   clock clk (rise edge)
                                  0.000000    0.000000   clock network delay (ideal)
                      0.150000    0.000000    0.000000 ^ _1245_/CLK (sky130_fd_sc_hd__dfrtp_2)
     9    0.034482    0.112297    0.532817    0.532817 v _1245_/Q (sky130_fd_sc_hd__dfrtp_2)
                                                         mac_busy (net)
                      0.112297    0.000000    0.532817 v _0543_/A (sky130_fd_sc_hd__nand2_2)
    10    0.031172    0.174768    0.186259    0.719076 ^ _0543_/Y (sky130_fd_sc_hd__nand2_2)
                                                         _0216_ (net)
                      0.174768    0.000000    0.719076 ^ _0964_/S (sky130_fd_sc_hd__mux2_1)
     1    0.001949    0.051845    0.345737    1.064813 v _0964_/X (sky130_fd_sc_hd__mux2_1)
                                                         _0153_ (net)
                      0.051845    0.000000    1.064813 v _1196_/D (sky130_fd_sc_hd__dfrtp_2)
                                              1.064813   data arrival time

                      0.150000   20.000000   20.000000   clock clk (rise edge)
                                  0.000000   20.000000   clock network delay (ideal)
                                 -0.250000   19.750002   clock uncertainty
                                  0.000000   19.750002   clock reconvergence pessimism
                                             19.750002 ^ _1196_/CLK (sky130_fd_sc_hd__dfrtp_2)
                                 -0.094192   19.655809   library setup time
                                             19.655809   data required time
---------------------------------------------------------------------------------------------
                                             19.655809   data required time
                                             -1.064813   data arrival time
---------------------------------------------------------------------------------------------
                                             18.590996   slack (MET)


Startpoint: _1245_ (rising edge-triggered flip-flop clocked by clk)
Endpoint: _1204_ (rising edge-triggered flip-flop clocked by clk)
Path Group: clk
Path Type: max

Fanout         Cap        Slew       Delay        Time   Description
---------------------------------------------------------------------------------------------
                      0.150000    0.000000    0.000000   clock clk (rise edge)
                                  0.000000    0.000000   clock network delay (ideal)
                      0.150000    0.000000    0.000000 ^ _1245_/CLK (sky130_fd_sc_hd__dfrtp_2)
     9    0.034482    0.112297    0.532817    0.532817 v _1245_/Q (sky130_fd_sc_hd__dfrtp_2)
                                                         mac_busy (net)
                      0.112297    0.000000    0.532817 v _0537_/A (sky130_fd_sc_hd__nand2_2)
     9    0.029543    0.166787    0.180287    0.713104 ^ _0537_/Y (sky130_fd_sc_hd__nand2_2)
                                                         _0213_ (net)
                      0.166787    0.000000    0.713104 ^ _1005_/S (sky130_fd_sc_hd__mux2_1)
     1    0.001949    0.051849    0.344533    1.057638 v _1005_/X (sky130_fd_sc_hd__mux2_1)
                                                         _0161_ (net)
                      0.051849    0.000000    1.057638 v _1204_/D (sky130_fd_sc_hd__dfrtp_2)
                                              1.057638   data arrival time

                      0.150000   20.000000   20.000000   clock clk (rise edge)
                                  0.000000   20.000000   clock network delay (ideal)
                                 -0.250000   19.750002   clock uncertainty
                                  0.000000   19.750002   clock reconvergence pessimism
                                             19.750002 ^ _1204_/CLK (sky130_fd_sc_hd__dfrtp_2)
                                 -0.094194   19.655807   library setup time
                                             19.655807   data required time
---------------------------------------------------------------------------------------------
                                             19.655807   data required time
                                             -1.057638   data arrival time
---------------------------------------------------------------------------------------------
                                             18.598171   slack (MET)


Startpoint: _1245_ (rising edge-triggered flip-flop clocked by clk)
Endpoint: _1205_ (rising edge-triggered flip-flop clocked by clk)
Path Group: clk
Path Type: max

Fanout         Cap        Slew       Delay        Time   Description
---------------------------------------------------------------------------------------------
                      0.150000    0.000000    0.000000   clock clk (rise edge)
                                  0.000000    0.000000   clock network delay (ideal)
                      0.150000    0.000000    0.000000 ^ _1245_/CLK (sky130_fd_sc_hd__dfrtp_2)
     9    0.034482    0.112297    0.532817    0.532817 v _1245_/Q (sky130_fd_sc_hd__dfrtp_2)
                                                         mac_busy (net)
                      0.112297    0.000000    0.532817 v _0537_/A (sky130_fd_sc_hd__nand2_2)
     9    0.029543    0.166787    0.180287    0.713104 ^ _0537_/Y (sky130_fd_sc_hd__nand2_2)
                                                         _0213_ (net)
                      0.166787    0.000000    0.713104 ^ _1006_/S (sky130_fd_sc_hd__mux2_1)
     1    0.001949    0.051849    0.344533    1.057638 v _1006_/X (sky130_fd_sc_hd__mux2_1)
                                                         _0162_ (net)
                      0.051849    0.000000    1.057638 v _1205_/D (sky130_fd_sc_hd__dfrtp_2)
                                              1.057638   data arrival time

                      0.150000   20.000000   20.000000   clock clk (rise edge)
                                  0.000000   20.000000   clock network delay (ideal)
                                 -0.250000   19.750002   clock uncertainty
                                  0.000000   19.750002   clock reconvergence pessimism
                                             19.750002 ^ _1205_/CLK (sky130_fd_sc_hd__dfrtp_2)
                                 -0.094194   19.655807   library setup time
                                             19.655807   data required time
---------------------------------------------------------------------------------------------
                                             19.655807   data required time
                                             -1.057638   data arrival time
---------------------------------------------------------------------------------------------
                                             18.598171   slack (MET)


Startpoint: _1245_ (rising edge-triggered flip-flop clocked by clk)
Endpoint: _1206_ (rising edge-triggered flip-flop clocked by clk)
Path Group: clk
Path Type: max

Fanout         Cap        Slew       Delay        Time   Description
---------------------------------------------------------------------------------------------
                      0.150000    0.000000    0.000000   clock clk (rise edge)
                                  0.000000    0.000000   clock network delay (ideal)
                      0.150000    0.000000    0.000000 ^ _1245_/CLK (sky130_fd_sc_hd__dfrtp_2)
     9    0.034482    0.112297    0.532817    0.532817 v _1245_/Q (sky130_fd_sc_hd__dfrtp_2)
                                                         mac_busy (net)
                      0.112297    0.000000    0.532817 v _0537_/A (sky130_fd_sc_hd__nand2_2)
     9    0.029543    0.166787    0.180287    0.713104 ^ _0537_/Y (sky130_fd_sc_hd__nand2_2)
                                                         _0213_ (net)
                      0.166787    0.000000    0.713104 ^ _1007_/S (sky130_fd_sc_hd__mux2_1)
     1    0.001949    0.051849    0.344533    1.057638 v _1007_/X (sky130_fd_sc_hd__mux2_1)
                                                         _0163_ (net)
                      0.051849    0.000000    1.057638 v _1206_/D (sky130_fd_sc_hd__dfrtp_2)
                                              1.057638   data arrival time

                      0.150000   20.000000   20.000000   clock clk (rise edge)
                                  0.000000   20.000000   clock network delay (ideal)
                                 -0.250000   19.750002   clock uncertainty
                                  0.000000   19.750002   clock reconvergence pessimism
                                             19.750002 ^ _1206_/CLK (sky130_fd_sc_hd__dfrtp_2)
                                 -0.094194   19.655807   library setup time
                                             19.655807   data required time
---------------------------------------------------------------------------------------------
                                             19.655807   data required time
                                             -1.057638   data arrival time
---------------------------------------------------------------------------------------------
                                             18.598171   slack (MET)


Startpoint: _1245_ (rising edge-triggered flip-flop clocked by clk)
Endpoint: _1207_ (rising edge-triggered flip-flop clocked by clk)
Path Group: clk
Path Type: max

Fanout         Cap        Slew       Delay        Time   Description
---------------------------------------------------------------------------------------------
                      0.150000    0.000000    0.000000   clock clk (rise edge)
                                  0.000000    0.000000   clock network delay (ideal)
                      0.150000    0.000000    0.000000 ^ _1245_/CLK (sky130_fd_sc_hd__dfrtp_2)
     9    0.034482    0.112297    0.532817    0.532817 v _1245_/Q (sky130_fd_sc_hd__dfrtp_2)
                                                         mac_busy (net)
                      0.112297    0.000000    0.532817 v _0537_/A (sky130_fd_sc_hd__nand2_2)
     9    0.029543    0.166787    0.180287    0.713104 ^ _0537_/Y (sky130_fd_sc_hd__nand2_2)
                                                         _0213_ (net)
                      0.166787    0.000000    0.713104 ^ _1008_/S (sky130_fd_sc_hd__mux2_1)
     1    0.001949    0.051849    0.344533    1.057638 v _1008_/X (sky130_fd_sc_hd__mux2_1)
                                                         _0164_ (net)
                      0.051849    0.000000    1.057638 v _1207_/D (sky130_fd_sc_hd__dfrtp_2)
                                              1.057638   data arrival time

                      0.150000   20.000000   20.000000   clock clk (rise edge)
                                  0.000000   20.000000   clock network delay (ideal)
                                 -0.250000   19.750002   clock uncertainty
                                  0.000000   19.750002   clock reconvergence pessimism
                                             19.750002 ^ _1207_/CLK (sky130_fd_sc_hd__dfrtp_2)
                                 -0.094194   19.655807   library setup time
                                             19.655807   data required time
---------------------------------------------------------------------------------------------
                                             19.655807   data required time
                                             -1.057638   data arrival time
---------------------------------------------------------------------------------------------
                                             18.598171   slack (MET)


Startpoint: _1245_ (rising edge-triggered flip-flop clocked by clk)
Endpoint: _1208_ (rising edge-triggered flip-flop clocked by clk)
Path Group: clk
Path Type: max

Fanout         Cap        Slew       Delay        Time   Description
---------------------------------------------------------------------------------------------
                      0.150000    0.000000    0.000000   clock clk (rise edge)
                                  0.000000    0.000000   clock network delay (ideal)
                      0.150000    0.000000    0.000000 ^ _1245_/CLK (sky130_fd_sc_hd__dfrtp_2)
     9    0.034482    0.112297    0.532817    0.532817 v _1245_/Q (sky130_fd_sc_hd__dfrtp_2)
                                                         mac_busy (net)
                      0.112297    0.000000    0.532817 v _0537_/A (sky130_fd_sc_hd__nand2_2)
     9    0.029543    0.166787    0.180287    0.713104 ^ _0537_/Y (sky130_fd_sc_hd__nand2_2)
                                                         _0213_ (net)
                      0.166787    0.000000    0.713104 ^ _1009_/S (sky130_fd_sc_hd__mux2_1)
     1    0.001949    0.051849    0.344533    1.057638 v _1009_/X (sky130_fd_sc_hd__mux2_1)
                                                         _0165_ (net)
                      0.051849    0.000000    1.057638 v _1208_/D (sky130_fd_sc_hd__dfrtp_2)
                                              1.057638   data arrival time

                      0.150000   20.000000   20.000000   clock clk (rise edge)
                                  0.000000   20.000000   clock network delay (ideal)
                                 -0.250000   19.750002   clock uncertainty
                                  0.000000   19.750002   clock reconvergence pessimism
                                             19.750002 ^ _1208_/CLK (sky130_fd_sc_hd__dfrtp_2)
                                 -0.094194   19.655807   library setup time
                                             19.655807   data required time
---------------------------------------------------------------------------------------------
                                             19.655807   data required time
                                             -1.057638   data arrival time
---------------------------------------------------------------------------------------------
                                             18.598171   slack (MET)


Startpoint: _1245_ (rising edge-triggered flip-flop clocked by clk)
Endpoint: _1209_ (rising edge-triggered flip-flop clocked by clk)
Path Group: clk
Path Type: max

Fanout         Cap        Slew       Delay        Time   Description
---------------------------------------------------------------------------------------------
                      0.150000    0.000000    0.000000   clock clk (rise edge)
                                  0.000000    0.000000   clock network delay (ideal)
                      0.150000    0.000000    0.000000 ^ _1245_/CLK (sky130_fd_sc_hd__dfrtp_2)
     9    0.034482    0.112297    0.532817    0.532817 v _1245_/Q (sky130_fd_sc_hd__dfrtp_2)
                                                         mac_busy (net)
                      0.112297    0.000000    0.532817 v _0537_/A (sky130_fd_sc_hd__nand2_2)
     9    0.029543    0.166787    0.180287    0.713104 ^ _0537_/Y (sky130_fd_sc_hd__nand2_2)
                                                         _0213_ (net)
                      0.166787    0.000000    0.713104 ^ _1010_/S (sky130_fd_sc_hd__mux2_1)
     1    0.001949    0.051849    0.344533    1.057638 v _1010_/X (sky130_fd_sc_hd__mux2_1)
                                                         _0166_ (net)
                      0.051849    0.000000    1.057638 v _1209_/D (sky130_fd_sc_hd__dfrtp_2)
                                              1.057638   data arrival time

                      0.150000   20.000000   20.000000   clock clk (rise edge)
                                  0.000000   20.000000   clock network delay (ideal)
                                 -0.250000   19.750002   clock uncertainty
                                  0.000000   19.750002   clock reconvergence pessimism
                                             19.750002 ^ _1209_/CLK (sky130_fd_sc_hd__dfrtp_2)
                                 -0.094194   19.655807   library setup time
                                             19.655807   data required time
---------------------------------------------------------------------------------------------
                                             19.655807   data required time
                                             -1.057638   data arrival time
---------------------------------------------------------------------------------------------
                                             18.598171   slack (MET)


Startpoint: _1245_ (rising edge-triggered flip-flop clocked by clk)
Endpoint: _1210_ (rising edge-triggered flip-flop clocked by clk)
Path Group: clk
Path Type: max

Fanout         Cap        Slew       Delay        Time   Description
---------------------------------------------------------------------------------------------
                      0.150000    0.000000    0.000000   clock clk (rise edge)
                                  0.000000    0.000000   clock network delay (ideal)
                      0.150000    0.000000    0.000000 ^ _1245_/CLK (sky130_fd_sc_hd__dfrtp_2)
     9    0.034482    0.112297    0.532817    0.532817 v _1245_/Q (sky130_fd_sc_hd__dfrtp_2)
                                                         mac_busy (net)
                      0.112297    0.000000    0.532817 v _0537_/A (sky130_fd_sc_hd__nand2_2)
     9    0.029543    0.166787    0.180287    0.713104 ^ _0537_/Y (sky130_fd_sc_hd__nand2_2)
                                                         _0213_ (net)
                      0.166787    0.000000    0.713104 ^ _1011_/S (sky130_fd_sc_hd__mux2_1)
     1    0.001949    0.051849    0.344533    1.057638 v _1011_/X (sky130_fd_sc_hd__mux2_1)
                                                         _0167_ (net)
                      0.051849    0.000000    1.057638 v _1210_/D (sky130_fd_sc_hd__dfrtp_2)
                                              1.057638   data arrival time

                      0.150000   20.000000   20.000000   clock clk (rise edge)
                                  0.000000   20.000000   clock network delay (ideal)
                                 -0.250000   19.750002   clock uncertainty
                                  0.000000   19.750002   clock reconvergence pessimism
                                             19.750002 ^ _1210_/CLK (sky130_fd_sc_hd__dfrtp_2)
                                 -0.094194   19.655807   library setup time
                                             19.655807   data required time
---------------------------------------------------------------------------------------------
                                             19.655807   data required time
                                             -1.057638   data arrival time
---------------------------------------------------------------------------------------------
                                             18.598171   slack (MET)


Startpoint: _1245_ (rising edge-triggered flip-flop clocked by clk)
Endpoint: _1211_ (rising edge-triggered flip-flop clocked by clk)
Path Group: clk
Path Type: max

Fanout         Cap        Slew       Delay        Time   Description
---------------------------------------------------------------------------------------------
                      0.150000    0.000000    0.000000   clock clk (rise edge)
                                  0.000000    0.000000   clock network delay (ideal)
                      0.150000    0.000000    0.000000 ^ _1245_/CLK (sky130_fd_sc_hd__dfrtp_2)
     9    0.034482    0.112297    0.532817    0.532817 v _1245_/Q (sky130_fd_sc_hd__dfrtp_2)
                                                         mac_busy (net)
                      0.112297    0.000000    0.532817 v _0537_/A (sky130_fd_sc_hd__nand2_2)
     9    0.029543    0.166787    0.180287    0.713104 ^ _0537_/Y (sky130_fd_sc_hd__nand2_2)
                                                         _0213_ (net)
                      0.166787    0.000000    0.713104 ^ _1012_/S (sky130_fd_sc_hd__mux2_1)
     1    0.001949    0.051849    0.344533    1.057638 v _1012_/X (sky130_fd_sc_hd__mux2_1)
                                                         _0168_ (net)
                      0.051849    0.000000    1.057638 v _1211_/D (sky130_fd_sc_hd__dfrtp_2)
                                              1.057638   data arrival time

                      0.150000   20.000000   20.000000   clock clk (rise edge)
                                  0.000000   20.000000   clock network delay (ideal)
                                 -0.250000   19.750002   clock uncertainty
                                  0.000000   19.750002   clock reconvergence pessimism
                                             19.750002 ^ _1211_/CLK (sky130_fd_sc_hd__dfrtp_2)
                                 -0.094194   19.655807   library setup time
                                             19.655807   data required time
---------------------------------------------------------------------------------------------
                                             19.655807   data required time
                                             -1.057638   data arrival time
---------------------------------------------------------------------------------------------
                                             18.598171   slack (MET)


Startpoint: _1245_ (rising edge-triggered flip-flop clocked by clk)
Endpoint: _1212_ (rising edge-triggered flip-flop clocked by clk)
Path Group: clk
Path Type: max

Fanout         Cap        Slew       Delay        Time   Description
---------------------------------------------------------------------------------------------
                      0.150000    0.000000    0.000000   clock clk (rise edge)
                                  0.000000    0.000000   clock network delay (ideal)
                      0.150000    0.000000    0.000000 ^ _1245_/CLK (sky130_fd_sc_hd__dfrtp_2)
     9    0.034482    0.112297    0.532817    0.532817 v _1245_/Q (sky130_fd_sc_hd__dfrtp_2)
                                                         mac_busy (net)
                      0.112297    0.000000    0.532817 v _0545_/A (sky130_fd_sc_hd__nand2_2)
     9    0.029543    0.166785    0.180287    0.713104 ^ _0545_/Y (sky130_fd_sc_hd__nand2_2)
                                                         _0217_ (net)
                      0.166785    0.000000    0.713104 ^ _1013_/S (sky130_fd_sc_hd__mux2_1)
     1    0.001949    0.051849    0.344533    1.057637 v _1013_/X (sky130_fd_sc_hd__mux2_1)
                                                         _0169_ (net)
                      0.051849    0.000000    1.057637 v _1212_/D (sky130_fd_sc_hd__dfrtp_2)
                                              1.057637   data arrival time

                      0.150000   20.000000   20.000000   clock clk (rise edge)
                                  0.000000   20.000000   clock network delay (ideal)
                                 -0.250000   19.750002   clock uncertainty
                                  0.000000   19.750002   clock reconvergence pessimism
                                             19.750002 ^ _1212_/CLK (sky130_fd_sc_hd__dfrtp_2)
                                 -0.094194   19.655807   library setup time
                                             19.655807   data required time
---------------------------------------------------------------------------------------------
                                             19.655807   data required time
                                             -1.057637   data arrival time
---------------------------------------------------------------------------------------------
                                             18.598171   slack (MET)


Startpoint: _1245_ (rising edge-triggered flip-flop clocked by clk)
Endpoint: _1213_ (rising edge-triggered flip-flop clocked by clk)
Path Group: clk
Path Type: max

Fanout         Cap        Slew       Delay        Time   Description
---------------------------------------------------------------------------------------------
                      0.150000    0.000000    0.000000   clock clk (rise edge)
                                  0.000000    0.000000   clock network delay (ideal)
                      0.150000    0.000000    0.000000 ^ _1245_/CLK (sky130_fd_sc_hd__dfrtp_2)
     9    0.034482    0.112297    0.532817    0.532817 v _1245_/Q (sky130_fd_sc_hd__dfrtp_2)
                                                         mac_busy (net)
                      0.112297    0.000000    0.532817 v _0545_/A (sky130_fd_sc_hd__nand2_2)
     9    0.029543    0.166785    0.180287    0.713104 ^ _0545_/Y (sky130_fd_sc_hd__nand2_2)
                                                         _0217_ (net)
                      0.166785    0.000000    0.713104 ^ _1014_/S (sky130_fd_sc_hd__mux2_1)
     1    0.001949    0.051849    0.344533    1.057637 v _1014_/X (sky130_fd_sc_hd__mux2_1)
                                                         _0170_ (net)
                      0.051849    0.000000    1.057637 v _1213_/D (sky130_fd_sc_hd__dfrtp_2)
                                              1.057637   data arrival time

                      0.150000   20.000000   20.000000   clock clk (rise edge)
                                  0.000000   20.000000   clock network delay (ideal)
                                 -0.250000   19.750002   clock uncertainty
                                  0.000000   19.750002   clock reconvergence pessimism
                                             19.750002 ^ _1213_/CLK (sky130_fd_sc_hd__dfrtp_2)
                                 -0.094194   19.655807   library setup time
                                             19.655807   data required time
---------------------------------------------------------------------------------------------
                                             19.655807   data required time
                                             -1.057637   data arrival time
---------------------------------------------------------------------------------------------
                                             18.598171   slack (MET)


Startpoint: _1245_ (rising edge-triggered flip-flop clocked by clk)
Endpoint: _1214_ (rising edge-triggered flip-flop clocked by clk)
Path Group: clk
Path Type: max

Fanout         Cap        Slew       Delay        Time   Description
---------------------------------------------------------------------------------------------
                      0.150000    0.000000    0.000000   clock clk (rise edge)
                                  0.000000    0.000000   clock network delay (ideal)
                      0.150000    0.000000    0.000000 ^ _1245_/CLK (sky130_fd_sc_hd__dfrtp_2)
     9    0.034482    0.112297    0.532817    0.532817 v _1245_/Q (sky130_fd_sc_hd__dfrtp_2)
                                                         mac_busy (net)
                      0.112297    0.000000    0.532817 v _0545_/A (sky130_fd_sc_hd__nand2_2)
     9    0.029543    0.166785    0.180287    0.713104 ^ _0545_/Y (sky130_fd_sc_hd__nand2_2)
                                                         _0217_ (net)
                      0.166785    0.000000    0.713104 ^ _1015_/S (sky130_fd_sc_hd__mux2_1)
     1    0.001949    0.051849    0.344533    1.057637 v _1015_/X (sky130_fd_sc_hd__mux2_1)
                                                         _0171_ (net)
                      0.051849    0.000000    1.057637 v _1214_/D (sky130_fd_sc_hd__dfrtp_2)
                                              1.057637   data arrival time

                      0.150000   20.000000   20.000000   clock clk (rise edge)
                                  0.000000   20.000000   clock network delay (ideal)
                                 -0.250000   19.750002   clock uncertainty
                                  0.000000   19.750002   clock reconvergence pessimism
                                             19.750002 ^ _1214_/CLK (sky130_fd_sc_hd__dfrtp_2)
                                 -0.094194   19.655807   library setup time
                                             19.655807   data required time
---------------------------------------------------------------------------------------------
                                             19.655807   data required time
                                             -1.057637   data arrival time
---------------------------------------------------------------------------------------------
                                             18.598171   slack (MET)


Startpoint: _1245_ (rising edge-triggered flip-flop clocked by clk)
Endpoint: _1215_ (rising edge-triggered flip-flop clocked by clk)
Path Group: clk
Path Type: max

Fanout         Cap        Slew       Delay        Time   Description
---------------------------------------------------------------------------------------------
                      0.150000    0.000000    0.000000   clock clk (rise edge)
                                  0.000000    0.000000   clock network delay (ideal)
                      0.150000    0.000000    0.000000 ^ _1245_/CLK (sky130_fd_sc_hd__dfrtp_2)
     9    0.034482    0.112297    0.532817    0.532817 v _1245_/Q (sky130_fd_sc_hd__dfrtp_2)
                                                         mac_busy (net)
                      0.112297    0.000000    0.532817 v _0545_/A (sky130_fd_sc_hd__nand2_2)
     9    0.029543    0.166785    0.180287    0.713104 ^ _0545_/Y (sky130_fd_sc_hd__nand2_2)
                                                         _0217_ (net)
                      0.166785    0.000000    0.713104 ^ _1016_/S (sky130_fd_sc_hd__mux2_1)
     1    0.001949    0.051849    0.344533    1.057637 v _1016_/X (sky130_fd_sc_hd__mux2_1)
                                                         _0172_ (net)
                      0.051849    0.000000    1.057637 v _1215_/D (sky130_fd_sc_hd__dfrtp_2)
                                              1.057637   data arrival time

                      0.150000   20.000000   20.000000   clock clk (rise edge)
                                  0.000000   20.000000   clock network delay (ideal)
                                 -0.250000   19.750002   clock uncertainty
                                  0.000000   19.750002   clock reconvergence pessimism
                                             19.750002 ^ _1215_/CLK (sky130_fd_sc_hd__dfrtp_2)
                                 -0.094194   19.655807   library setup time
                                             19.655807   data required time
---------------------------------------------------------------------------------------------
                                             19.655807   data required time
                                             -1.057637   data arrival time
---------------------------------------------------------------------------------------------
                                             18.598171   slack (MET)


Startpoint: _1245_ (rising edge-triggered flip-flop clocked by clk)
Endpoint: _1216_ (rising edge-triggered flip-flop clocked by clk)
Path Group: clk
Path Type: max

Fanout         Cap        Slew       Delay        Time   Description
---------------------------------------------------------------------------------------------
                      0.150000    0.000000    0.000000   clock clk (rise edge)
                                  0.000000    0.000000   clock network delay (ideal)
                      0.150000    0.000000    0.000000 ^ _1245_/CLK (sky130_fd_sc_hd__dfrtp_2)
     9    0.034482    0.112297    0.532817    0.532817 v _1245_/Q (sky130_fd_sc_hd__dfrtp_2)
                                                         mac_busy (net)
                      0.112297    0.000000    0.532817 v _0545_/A (sky130_fd_sc_hd__nand2_2)
     9    0.029543    0.166785    0.180287    0.713104 ^ _0545_/Y (sky130_fd_sc_hd__nand2_2)
                                                         _0217_ (net)
                      0.166785    0.000000    0.713104 ^ _1017_/S (sky130_fd_sc_hd__mux2_1)
     1    0.001949    0.051849    0.344533    1.057637 v _1017_/X (sky130_fd_sc_hd__mux2_1)
                                                         _0173_ (net)
                      0.051849    0.000000    1.057637 v _1216_/D (sky130_fd_sc_hd__dfrtp_2)
                                              1.057637   data arrival time

                      0.150000   20.000000   20.000000   clock clk (rise edge)
                                  0.000000   20.000000   clock network delay (ideal)
                                 -0.250000   19.750002   clock uncertainty
                                  0.000000   19.750002   clock reconvergence pessimism
                                             19.750002 ^ _1216_/CLK (sky130_fd_sc_hd__dfrtp_2)
                                 -0.094194   19.655807   library setup time
                                             19.655807   data required time
---------------------------------------------------------------------------------------------
                                             19.655807   data required time
                                             -1.057637   data arrival time
---------------------------------------------------------------------------------------------
                                             18.598171   slack (MET)


Startpoint: _1245_ (rising edge-triggered flip-flop clocked by clk)
Endpoint: _1217_ (rising edge-triggered flip-flop clocked by clk)
Path Group: clk
Path Type: max

Fanout         Cap        Slew       Delay        Time   Description
---------------------------------------------------------------------------------------------
                      0.150000    0.000000    0.000000   clock clk (rise edge)
                                  0.000000    0.000000   clock network delay (ideal)
                      0.150000    0.000000    0.000000 ^ _1245_/CLK (sky130_fd_sc_hd__dfrtp_2)
     9    0.034482    0.112297    0.532817    0.532817 v _1245_/Q (sky130_fd_sc_hd__dfrtp_2)
                                                         mac_busy (net)
                      0.112297    0.000000    0.532817 v _0545_/A (sky130_fd_sc_hd__nand2_2)
     9    0.029543    0.166785    0.180287    0.713104 ^ _0545_/Y (sky130_fd_sc_hd__nand2_2)
                                                         _0217_ (net)
                      0.166785    0.000000    0.713104 ^ _1018_/S (sky130_fd_sc_hd__mux2_1)
     1    0.001949    0.051849    0.344533    1.057637 v _1018_/X (sky130_fd_sc_hd__mux2_1)
                                                         _0174_ (net)
                      0.051849    0.000000    1.057637 v _1217_/D (sky130_fd_sc_hd__dfrtp_2)
                                              1.057637   data arrival time

                      0.150000   20.000000   20.000000   clock clk (rise edge)
                                  0.000000   20.000000   clock network delay (ideal)
                                 -0.250000   19.750002   clock uncertainty
                                  0.000000   19.750002   clock reconvergence pessimism
                                             19.750002 ^ _1217_/CLK (sky130_fd_sc_hd__dfrtp_2)
                                 -0.094194   19.655807   library setup time
                                             19.655807   data required time
---------------------------------------------------------------------------------------------
                                             19.655807   data required time
                                             -1.057637   data arrival time
---------------------------------------------------------------------------------------------
                                             18.598171   slack (MET)


Startpoint: _1245_ (rising edge-triggered flip-flop clocked by clk)
Endpoint: _1218_ (rising edge-triggered flip-flop clocked by clk)
Path Group: clk
Path Type: max

Fanout         Cap        Slew       Delay        Time   Description
---------------------------------------------------------------------------------------------
                      0.150000    0.000000    0.000000   clock clk (rise edge)
                                  0.000000    0.000000   clock network delay (ideal)
                      0.150000    0.000000    0.000000 ^ _1245_/CLK (sky130_fd_sc_hd__dfrtp_2)
     9    0.034482    0.112297    0.532817    0.532817 v _1245_/Q (sky130_fd_sc_hd__dfrtp_2)
                                                         mac_busy (net)
                      0.112297    0.000000    0.532817 v _0545_/A (sky130_fd_sc_hd__nand2_2)
     9    0.029543    0.166785    0.180287    0.713104 ^ _0545_/Y (sky130_fd_sc_hd__nand2_2)
                                                         _0217_ (net)
                      0.166785    0.000000    0.713104 ^ _1019_/S (sky130_fd_sc_hd__mux2_1)
     1    0.001949    0.051849    0.344533    1.057637 v _1019_/X (sky130_fd_sc_hd__mux2_1)
                                                         _0175_ (net)
                      0.051849    0.000000    1.057637 v _1218_/D (sky130_fd_sc_hd__dfrtp_2)
                                              1.057637   data arrival time

                      0.150000   20.000000   20.000000   clock clk (rise edge)
                                  0.000000   20.000000   clock network delay (ideal)
                                 -0.250000   19.750002   clock uncertainty
                                  0.000000   19.750002   clock reconvergence pessimism
                                             19.750002 ^ _1218_/CLK (sky130_fd_sc_hd__dfrtp_2)
                                 -0.094194   19.655807   library setup time
                                             19.655807   data required time
---------------------------------------------------------------------------------------------
                                             19.655807   data required time
                                             -1.057637   data arrival time
---------------------------------------------------------------------------------------------
                                             18.598171   slack (MET)


Startpoint: _1245_ (rising edge-triggered flip-flop clocked by clk)
Endpoint: _1219_ (rising edge-triggered flip-flop clocked by clk)
Path Group: clk
Path Type: max

Fanout         Cap        Slew       Delay        Time   Description
---------------------------------------------------------------------------------------------
                      0.150000    0.000000    0.000000   clock clk (rise edge)
                                  0.000000    0.000000   clock network delay (ideal)
                      0.150000    0.000000    0.000000 ^ _1245_/CLK (sky130_fd_sc_hd__dfrtp_2)
     9    0.034482    0.112297    0.532817    0.532817 v _1245_/Q (sky130_fd_sc_hd__dfrtp_2)
                                                         mac_busy (net)
                      0.112297    0.000000    0.532817 v _0545_/A (sky130_fd_sc_hd__nand2_2)
     9    0.029543    0.166785    0.180287    0.713104 ^ _0545_/Y (sky130_fd_sc_hd__nand2_2)
                                                         _0217_ (net)
                      0.166785    0.000000    0.713104 ^ _1020_/S (sky130_fd_sc_hd__mux2_1)
     1    0.001949    0.051849    0.344533    1.057637 v _1020_/X (sky130_fd_sc_hd__mux2_1)
                                                         _0176_ (net)
                      0.051849    0.000000    1.057637 v _1219_/D (sky130_fd_sc_hd__dfrtp_2)
                                              1.057637   data arrival time

                      0.150000   20.000000   20.000000   clock clk (rise edge)
                                  0.000000   20.000000   clock network delay (ideal)
                                 -0.250000   19.750002   clock uncertainty
                                  0.000000   19.750002   clock reconvergence pessimism
                                             19.750002 ^ _1219_/CLK (sky130_fd_sc_hd__dfrtp_2)
                                 -0.094194   19.655807   library setup time
                                             19.655807   data required time
---------------------------------------------------------------------------------------------
                                             19.655807   data required time
                                             -1.057637   data arrival time
---------------------------------------------------------------------------------------------
                                             18.598171   slack (MET)


Startpoint: _1245_ (rising edge-triggered flip-flop clocked by clk)
Endpoint: _1220_ (rising edge-triggered flip-flop clocked by clk)
Path Group: clk
Path Type: max

Fanout         Cap        Slew       Delay        Time   Description
---------------------------------------------------------------------------------------------
                      0.150000    0.000000    0.000000   clock clk (rise edge)
                                  0.000000    0.000000   clock network delay (ideal)
                      0.150000    0.000000    0.000000 ^ _1245_/CLK (sky130_fd_sc_hd__dfrtp_2)
     9    0.034482    0.112297    0.532817    0.532817 v _1245_/Q (sky130_fd_sc_hd__dfrtp_2)
                                                         mac_busy (net)
                      0.112297    0.000000    0.532817 v _0539_/A (sky130_fd_sc_hd__nand2_2)
     9    0.029543    0.166786    0.180287    0.713104 ^ _0539_/Y (sky130_fd_sc_hd__nand2_2)
                                                         _0214_ (net)
                      0.166786    0.000000    0.713104 ^ _1021_/S (sky130_fd_sc_hd__mux2_1)
     1    0.001949    0.051849    0.344533    1.057638 v _1021_/X (sky130_fd_sc_hd__mux2_1)
                                                         _0177_ (net)
                      0.051849    0.000000    1.057638 v _1220_/D (sky130_fd_sc_hd__dfrtp_2)
                                              1.057638   data arrival time

                      0.150000   20.000000   20.000000   clock clk (rise edge)
                                  0.000000   20.000000   clock network delay (ideal)
                                 -0.250000   19.750002   clock uncertainty
                                  0.000000   19.750002   clock reconvergence pessimism
                                             19.750002 ^ _1220_/CLK (sky130_fd_sc_hd__dfrtp_2)
                                 -0.094194   19.655807   library setup time
                                             19.655807   data required time
---------------------------------------------------------------------------------------------
                                             19.655807   data required time
                                             -1.057638   data arrival time
---------------------------------------------------------------------------------------------
                                             18.598171   slack (MET)


Startpoint: _1245_ (rising edge-triggered flip-flop clocked by clk)
Endpoint: _1221_ (rising edge-triggered flip-flop clocked by clk)
Path Group: clk
Path Type: max

Fanout         Cap        Slew       Delay        Time   Description
---------------------------------------------------------------------------------------------
                      0.150000    0.000000    0.000000   clock clk (rise edge)
                                  0.000000    0.000000   clock network delay (ideal)
                      0.150000    0.000000    0.000000 ^ _1245_/CLK (sky130_fd_sc_hd__dfrtp_2)
     9    0.034482    0.112297    0.532817    0.532817 v _1245_/Q (sky130_fd_sc_hd__dfrtp_2)
                                                         mac_busy (net)
                      0.112297    0.000000    0.532817 v _0539_/A (sky130_fd_sc_hd__nand2_2)
     9    0.029543    0.166786    0.180287    0.713104 ^ _0539_/Y (sky130_fd_sc_hd__nand2_2)
                                                         _0214_ (net)
                      0.166786    0.000000    0.713104 ^ _1022_/S (sky130_fd_sc_hd__mux2_1)
     1    0.001949    0.051849    0.344533    1.057638 v _1022_/X (sky130_fd_sc_hd__mux2_1)
                                                         _0178_ (net)
                      0.051849    0.000000    1.057638 v _1221_/D (sky130_fd_sc_hd__dfrtp_2)
                                              1.057638   data arrival time

                      0.150000   20.000000   20.000000   clock clk (rise edge)
                                  0.000000   20.000000   clock network delay (ideal)
                                 -0.250000   19.750002   clock uncertainty
                                  0.000000   19.750002   clock reconvergence pessimism
                                             19.750002 ^ _1221_/CLK (sky130_fd_sc_hd__dfrtp_2)
                                 -0.094194   19.655807   library setup time
                                             19.655807   data required time
---------------------------------------------------------------------------------------------
                                             19.655807   data required time
                                             -1.057638   data arrival time
---------------------------------------------------------------------------------------------
                                             18.598171   slack (MET)


Startpoint: _1245_ (rising edge-triggered flip-flop clocked by clk)
Endpoint: _1222_ (rising edge-triggered flip-flop clocked by clk)
Path Group: clk
Path Type: max

Fanout         Cap        Slew       Delay        Time   Description
---------------------------------------------------------------------------------------------
                      0.150000    0.000000    0.000000   clock clk (rise edge)
                                  0.000000    0.000000   clock network delay (ideal)
                      0.150000    0.000000    0.000000 ^ _1245_/CLK (sky130_fd_sc_hd__dfrtp_2)
     9    0.034482    0.112297    0.532817    0.532817 v _1245_/Q (sky130_fd_sc_hd__dfrtp_2)
                                                         mac_busy (net)
                      0.112297    0.000000    0.532817 v _0539_/A (sky130_fd_sc_hd__nand2_2)
     9    0.029543    0.166786    0.180287    0.713104 ^ _0539_/Y (sky130_fd_sc_hd__nand2_2)
                                                         _0214_ (net)
                      0.166786    0.000000    0.713104 ^ _1023_/S (sky130_fd_sc_hd__mux2_1)
     1    0.001949    0.051849    0.344533    1.057638 v _1023_/X (sky130_fd_sc_hd__mux2_1)
                                                         _0179_ (net)
                      0.051849    0.000000    1.057638 v _1222_/D (sky130_fd_sc_hd__dfrtp_2)
                                              1.057638   data arrival time

                      0.150000   20.000000   20.000000   clock clk (rise edge)
                                  0.000000   20.000000   clock network delay (ideal)
                                 -0.250000   19.750002   clock uncertainty
                                  0.000000   19.750002   clock reconvergence pessimism
                                             19.750002 ^ _1222_/CLK (sky130_fd_sc_hd__dfrtp_2)
                                 -0.094194   19.655807   library setup time
                                             19.655807   data required time
---------------------------------------------------------------------------------------------
                                             19.655807   data required time
                                             -1.057638   data arrival time
---------------------------------------------------------------------------------------------
                                             18.598171   slack (MET)


Startpoint: _1245_ (rising edge-triggered flip-flop clocked by clk)
Endpoint: _1223_ (rising edge-triggered flip-flop clocked by clk)
Path Group: clk
Path Type: max

Fanout         Cap        Slew       Delay        Time   Description
---------------------------------------------------------------------------------------------
                      0.150000    0.000000    0.000000   clock clk (rise edge)
                                  0.000000    0.000000   clock network delay (ideal)
                      0.150000    0.000000    0.000000 ^ _1245_/CLK (sky130_fd_sc_hd__dfrtp_2)
     9    0.034482    0.112297    0.532817    0.532817 v _1245_/Q (sky130_fd_sc_hd__dfrtp_2)
                                                         mac_busy (net)
                      0.112297    0.000000    0.532817 v _0539_/A (sky130_fd_sc_hd__nand2_2)
     9    0.029543    0.166786    0.180287    0.713104 ^ _0539_/Y (sky130_fd_sc_hd__nand2_2)
                                                         _0214_ (net)
                      0.166786    0.000000    0.713104 ^ _1024_/S (sky130_fd_sc_hd__mux2_1)
     1    0.001949    0.051849    0.344533    1.057638 v _1024_/X (sky130_fd_sc_hd__mux2_1)
                                                         _0180_ (net)
                      0.051849    0.000000    1.057638 v _1223_/D (sky130_fd_sc_hd__dfrtp_2)
                                              1.057638   data arrival time

                      0.150000   20.000000   20.000000   clock clk (rise edge)
                                  0.000000   20.000000   clock network delay (ideal)
                                 -0.250000   19.750002   clock uncertainty
                                  0.000000   19.750002   clock reconvergence pessimism
                                             19.750002 ^ _1223_/CLK (sky130_fd_sc_hd__dfrtp_2)
                                 -0.094194   19.655807   library setup time
                                             19.655807   data required time
---------------------------------------------------------------------------------------------
                                             19.655807   data required time
                                             -1.057638   data arrival time
---------------------------------------------------------------------------------------------
                                             18.598171   slack (MET)


Startpoint: _1245_ (rising edge-triggered flip-flop clocked by clk)
Endpoint: _1224_ (rising edge-triggered flip-flop clocked by clk)
Path Group: clk
Path Type: max

Fanout         Cap        Slew       Delay        Time   Description
---------------------------------------------------------------------------------------------
                      0.150000    0.000000    0.000000   clock clk (rise edge)
                                  0.000000    0.000000   clock network delay (ideal)
                      0.150000    0.000000    0.000000 ^ _1245_/CLK (sky130_fd_sc_hd__dfrtp_2)
     9    0.034482    0.112297    0.532817    0.532817 v _1245_/Q (sky130_fd_sc_hd__dfrtp_2)
                                                         mac_busy (net)
                      0.112297    0.000000    0.532817 v _0539_/A (sky130_fd_sc_hd__nand2_2)
     9    0.029543    0.166786    0.180287    0.713104 ^ _0539_/Y (sky130_fd_sc_hd__nand2_2)
                                                         _0214_ (net)
                      0.166786    0.000000    0.713104 ^ _1025_/S (sky130_fd_sc_hd__mux2_1)
     1    0.001949    0.051849    0.344533    1.057638 v _1025_/X (sky130_fd_sc_hd__mux2_1)
                                                         _0181_ (net)
                      0.051849    0.000000    1.057638 v _1224_/D (sky130_fd_sc_hd__dfrtp_2)
                                              1.057638   data arrival time

                      0.150000   20.000000   20.000000   clock clk (rise edge)
                                  0.000000   20.000000   clock network delay (ideal)
                                 -0.250000   19.750002   clock uncertainty
                                  0.000000   19.750002   clock reconvergence pessimism
                                             19.750002 ^ _1224_/CLK (sky130_fd_sc_hd__dfrtp_2)
                                 -0.094194   19.655807   library setup time
                                             19.655807   data required time
---------------------------------------------------------------------------------------------
                                             19.655807   data required time
                                             -1.057638   data arrival time
---------------------------------------------------------------------------------------------
                                             18.598171   slack (MET)


Startpoint: _1245_ (rising edge-triggered flip-flop clocked by clk)
Endpoint: _1225_ (rising edge-triggered flip-flop clocked by clk)
Path Group: clk
Path Type: max

Fanout         Cap        Slew       Delay        Time   Description
---------------------------------------------------------------------------------------------
                      0.150000    0.000000    0.000000   clock clk (rise edge)
                                  0.000000    0.000000   clock network delay (ideal)
                      0.150000    0.000000    0.000000 ^ _1245_/CLK (sky130_fd_sc_hd__dfrtp_2)
     9    0.034482    0.112297    0.532817    0.532817 v _1245_/Q (sky130_fd_sc_hd__dfrtp_2)
                                                         mac_busy (net)
                      0.112297    0.000000    0.532817 v _0539_/A (sky130_fd_sc_hd__nand2_2)
     9    0.029543    0.166786    0.180287    0.713104 ^ _0539_/Y (sky130_fd_sc_hd__nand2_2)
                                                         _0214_ (net)
                      0.166786    0.000000    0.713104 ^ _1026_/S (sky130_fd_sc_hd__mux2_1)
     1    0.001949    0.051849    0.344533    1.057638 v _1026_/X (sky130_fd_sc_hd__mux2_1)
                                                         _0182_ (net)
                      0.051849    0.000000    1.057638 v _1225_/D (sky130_fd_sc_hd__dfrtp_2)
                                              1.057638   data arrival time

                      0.150000   20.000000   20.000000   clock clk (rise edge)
                                  0.000000   20.000000   clock network delay (ideal)
                                 -0.250000   19.750002   clock uncertainty
                                  0.000000   19.750002   clock reconvergence pessimism
                                             19.750002 ^ _1225_/CLK (sky130_fd_sc_hd__dfrtp_2)
                                 -0.094194   19.655807   library setup time
                                             19.655807   data required time
---------------------------------------------------------------------------------------------
                                             19.655807   data required time
                                             -1.057638   data arrival time
---------------------------------------------------------------------------------------------
                                             18.598171   slack (MET)


Startpoint: _1245_ (rising edge-triggered flip-flop clocked by clk)
Endpoint: _1226_ (rising edge-triggered flip-flop clocked by clk)
Path Group: clk
Path Type: max

Fanout         Cap        Slew       Delay        Time   Description
---------------------------------------------------------------------------------------------
                      0.150000    0.000000    0.000000   clock clk (rise edge)
                                  0.000000    0.000000   clock network delay (ideal)
                      0.150000    0.000000    0.000000 ^ _1245_/CLK (sky130_fd_sc_hd__dfrtp_2)
     9    0.034482    0.112297    0.532817    0.532817 v _1245_/Q (sky130_fd_sc_hd__dfrtp_2)
                                                         mac_busy (net)
                      0.112297    0.000000    0.532817 v _0539_/A (sky130_fd_sc_hd__nand2_2)
     9    0.029543    0.166786    0.180287    0.713104 ^ _0539_/Y (sky130_fd_sc_hd__nand2_2)
                                                         _0214_ (net)
                      0.166786    0.000000    0.713104 ^ _1027_/S (sky130_fd_sc_hd__mux2_1)
     1    0.001949    0.051849    0.344533    1.057638 v _1027_/X (sky130_fd_sc_hd__mux2_1)
                                                         _0183_ (net)
                      0.051849    0.000000    1.057638 v _1226_/D (sky130_fd_sc_hd__dfrtp_2)
                                              1.057638   data arrival time

                      0.150000   20.000000   20.000000   clock clk (rise edge)
                                  0.000000   20.000000   clock network delay (ideal)
                                 -0.250000   19.750002   clock uncertainty
                                  0.000000   19.750002   clock reconvergence pessimism
                                             19.750002 ^ _1226_/CLK (sky130_fd_sc_hd__dfrtp_2)
                                 -0.094194   19.655807   library setup time
                                             19.655807   data required time
---------------------------------------------------------------------------------------------
                                             19.655807   data required time
                                             -1.057638   data arrival time
---------------------------------------------------------------------------------------------
                                             18.598171   slack (MET)


Startpoint: _1245_ (rising edge-triggered flip-flop clocked by clk)
Endpoint: _1227_ (rising edge-triggered flip-flop clocked by clk)
Path Group: clk
Path Type: max

Fanout         Cap        Slew       Delay        Time   Description
---------------------------------------------------------------------------------------------
                      0.150000    0.000000    0.000000   clock clk (rise edge)
                                  0.000000    0.000000   clock network delay (ideal)
                      0.150000    0.000000    0.000000 ^ _1245_/CLK (sky130_fd_sc_hd__dfrtp_2)
     9    0.034482    0.112297    0.532817    0.532817 v _1245_/Q (sky130_fd_sc_hd__dfrtp_2)
                                                         mac_busy (net)
                      0.112297    0.000000    0.532817 v _0539_/A (sky130_fd_sc_hd__nand2_2)
     9    0.029543    0.166786    0.180287    0.713104 ^ _0539_/Y (sky130_fd_sc_hd__nand2_2)
                                                         _0214_ (net)
                      0.166786    0.000000    0.713104 ^ _1028_/S (sky130_fd_sc_hd__mux2_1)
     1    0.001949    0.051849    0.344533    1.057638 v _1028_/X (sky130_fd_sc_hd__mux2_1)
                                                         _0184_ (net)
                      0.051849    0.000000    1.057638 v _1227_/D (sky130_fd_sc_hd__dfrtp_2)
                                              1.057638   data arrival time

                      0.150000   20.000000   20.000000   clock clk (rise edge)
                                  0.000000   20.000000   clock network delay (ideal)
                                 -0.250000   19.750002   clock uncertainty
                                  0.000000   19.750002   clock reconvergence pessimism
                                             19.750002 ^ _1227_/CLK (sky130_fd_sc_hd__dfrtp_2)
                                 -0.094194   19.655807   library setup time
                                             19.655807   data required time
---------------------------------------------------------------------------------------------
                                             19.655807   data required time
                                             -1.057638   data arrival time
---------------------------------------------------------------------------------------------
                                             18.598171   slack (MET)



