
===========================================================================
report_checks -path_delay min (Hold)
============================================================================
======================= nom_ss_100C_1v60 Corner ===================================

Startpoint: _1023_ (rising edge-triggered flip-flop clocked by clk)
Endpoint: _1023_ (rising edge-triggered flip-flop clocked by clk)
Path Group: clk
Path Type: min

Fanout         Cap        Slew       Delay        Time   Description
---------------------------------------------------------------------------------------------
                      0.150000    0.000000    0.000000   clock clk (rise edge)
                                  0.000000    0.000000   clock network delay (ideal)
                      0.150000    0.000000    0.000000 ^ _1023_/CLK (sky130_fd_sc_hd__dfrtp_2)
     2    0.002965    0.072833    0.676095    0.676095 ^ _1023_/Q (sky130_fd_sc_hd__dfrtp_2)
                                                         coeff0[1] (net)
                      0.072833    0.000000    0.676095 ^ _0538_/A0 (sky130_fd_sc_hd__mux2_1)
     1    0.001853    0.062958    0.201489    0.877585 ^ _0538_/X (sky130_fd_sc_hd__mux2_1)
                                                         _0010_ (net)
                      0.062958    0.000000    0.877585 ^ _1023_/D (sky130_fd_sc_hd__dfrtp_2)
                                              0.877585   data arrival time

                      0.150000    0.000000    0.000000   clock clk (rise edge)
                                  0.000000    0.000000   clock network delay (ideal)
                                  0.250000    0.250000   clock uncertainty
                                  0.000000    0.250000   clock reconvergence pessimism
                                              0.250000 ^ _1023_/CLK (sky130_fd_sc_hd__dfrtp_2)
                                 -0.062171    0.187829   library hold time
                                              0.187829   data required time
---------------------------------------------------------------------------------------------
                                              0.187829   data required time
                                             -0.877585   data arrival time
---------------------------------------------------------------------------------------------
                                              0.689756   slack (MET)


Startpoint: _1025_ (rising edge-triggered flip-flop clocked by clk)
Endpoint: _1025_ (rising edge-triggered flip-flop clocked by clk)
Path Group: clk
Path Type: min

Fanout         Cap        Slew       Delay        Time   Description
---------------------------------------------------------------------------------------------
                      0.150000    0.000000    0.000000   clock clk (rise edge)
                                  0.000000    0.000000   clock network delay (ideal)
                      0.150000    0.000000    0.000000 ^ _1025_/CLK (sky130_fd_sc_hd__dfrtp_2)
     2    0.002965    0.072833    0.676095    0.676095 ^ _1025_/Q (sky130_fd_sc_hd__dfrtp_2)
                                                         coeff0[3] (net)
                      0.072833    0.000000    0.676095 ^ _0540_/A0 (sky130_fd_sc_hd__mux2_1)
     1    0.001853    0.062958    0.201489    0.877585 ^ _0540_/X (sky130_fd_sc_hd__mux2_1)
                                                         _0012_ (net)
                      0.062958    0.000000    0.877585 ^ _1025_/D (sky130_fd_sc_hd__dfrtp_2)
                                              0.877585   data arrival time

                      0.150000    0.000000    0.000000   clock clk (rise edge)
                                  0.000000    0.000000   clock network delay (ideal)
                                  0.250000    0.250000   clock uncertainty
                                  0.000000    0.250000   clock reconvergence pessimism
                                              0.250000 ^ _1025_/CLK (sky130_fd_sc_hd__dfrtp_2)
                                 -0.062171    0.187829   library hold time
                                              0.187829   data required time
---------------------------------------------------------------------------------------------
                                              0.187829   data required time
                                             -0.877585   data arrival time
---------------------------------------------------------------------------------------------
                                              0.689756   slack (MET)


Startpoint: _1026_ (rising edge-triggered flip-flop clocked by clk)
Endpoint: _1026_ (rising edge-triggered flip-flop clocked by clk)
Path Group: clk
Path Type: min

Fanout         Cap        Slew       Delay        Time   Description
---------------------------------------------------------------------------------------------
                      0.150000    0.000000    0.000000   clock clk (rise edge)
                                  0.000000    0.000000   clock network delay (ideal)
                      0.150000    0.000000    0.000000 ^ _1026_/CLK (sky130_fd_sc_hd__dfrtp_2)
     2    0.002965    0.072833    0.676095    0.676095 ^ _1026_/Q (sky130_fd_sc_hd__dfrtp_2)
                                                         coeff0[4] (net)
                      0.072833    0.000000    0.676095 ^ _0541_/A0 (sky130_fd_sc_hd__mux2_1)
     1    0.001853    0.062958    0.201489    0.877585 ^ _0541_/X (sky130_fd_sc_hd__mux2_1)
                                                         _0013_ (net)
                      0.062958    0.000000    0.877585 ^ _1026_/D (sky130_fd_sc_hd__dfrtp_2)
                                              0.877585   data arrival time

                      0.150000    0.000000    0.000000   clock clk (rise edge)
                                  0.000000    0.000000   clock network delay (ideal)
                                  0.250000    0.250000   clock uncertainty
                                  0.000000    0.250000   clock reconvergence pessimism
                                              0.250000 ^ _1026_/CLK (sky130_fd_sc_hd__dfrtp_2)
                                 -0.062171    0.187829   library hold time
                                              0.187829   data required time
---------------------------------------------------------------------------------------------
                                              0.187829   data required time
                                             -0.877585   data arrival time
---------------------------------------------------------------------------------------------
                                              0.689756   slack (MET)


Startpoint: _1169_ (rising edge-triggered flip-flop clocked by clk)
Endpoint: _1177_ (rising edge-triggered flip-flop clocked by clk)
Path Group: clk
Path Type: min

Fanout         Cap        Slew       Delay        Time   Description
---------------------------------------------------------------------------------------------
                      0.150000    0.000000    0.000000   clock clk (rise edge)
                                  0.000000    0.000000   clock network delay (ideal)
                      0.150000    0.000000    0.000000 ^ _1169_/CLK (sky130_fd_sc_hd__dfrtp_2)
     2    0.002965    0.072833    0.676095    0.676095 ^ _1169_/Q (sky130_fd_sc_hd__dfrtp_2)
                                                         add_stage1.a[3] (net)
                      0.072833    0.000000    0.676095 ^ _0978_/A0 (sky130_fd_sc_hd__mux2_1)
     1    0.001853    0.063038    0.201489    0.877585 ^ _0978_/X (sky130_fd_sc_hd__mux2_1)
                                                         _0164_ (net)
                      0.063038    0.000000    0.877585 ^ _1177_/D (sky130_fd_sc_hd__dfrtp_2)
                                              0.877585   data arrival time

                      0.150000    0.000000    0.000000   clock clk (rise edge)
                                  0.000000    0.000000   clock network delay (ideal)
                                  0.250000    0.250000   clock uncertainty
                                  0.000000    0.250000   clock reconvergence pessimism
                                              0.250000 ^ _1177_/CLK (sky130_fd_sc_hd__dfrtp_2)
                                 -0.062190    0.187810   library hold time
                                              0.187810   data required time
---------------------------------------------------------------------------------------------
                                              0.187810   data required time
                                             -0.877585   data arrival time
---------------------------------------------------------------------------------------------
                                              0.689774   slack (MET)


Startpoint: _1034_ (rising edge-triggered flip-flop clocked by clk)
Endpoint: _1034_ (rising edge-triggered flip-flop clocked by clk)
Path Group: clk
Path Type: min

Fanout         Cap        Slew       Delay        Time   Description
---------------------------------------------------------------------------------------------
                      0.150000    0.000000    0.000000   clock clk (rise edge)
                                  0.000000    0.000000   clock network delay (ideal)
                      0.150000    0.000000    0.000000 ^ _1034_/CLK (sky130_fd_sc_hd__dfrtp_2)
     2    0.003010    0.073174    0.676522    0.676522 ^ _1034_/Q (sky130_fd_sc_hd__dfrtp_2)
                                                         coeff1[4] (net)
                      0.073174    0.000000    0.676522 ^ _0550_/A0 (sky130_fd_sc_hd__mux2_1)
     1    0.001853    0.062986    0.201630    0.878152 ^ _0550_/X (sky130_fd_sc_hd__mux2_1)
                                                         _0021_ (net)
                      0.062986    0.000000    0.878152 ^ _1034_/D (sky130_fd_sc_hd__dfrtp_2)
                                              0.878152   data arrival time

                      0.150000    0.000000    0.000000   clock clk (rise edge)
                                  0.000000    0.000000   clock network delay (ideal)
                                  0.250000    0.250000   clock uncertainty
                                  0.000000    0.250000   clock reconvergence pessimism
                                              0.250000 ^ _1034_/CLK (sky130_fd_sc_hd__dfrtp_2)
                                 -0.062178    0.187822   library hold time
                                              0.187822   data required time
---------------------------------------------------------------------------------------------
                                              0.187822   data required time
                                             -0.878152   data arrival time
---------------------------------------------------------------------------------------------
                                              0.690329   slack (MET)


Startpoint: _1166_ (rising edge-triggered flip-flop clocked by clk)
Endpoint: _1174_ (rising edge-triggered flip-flop clocked by clk)
Path Group: clk
Path Type: min

Fanout         Cap        Slew       Delay        Time   Description
---------------------------------------------------------------------------------------------
                      0.150000    0.000000    0.000000   clock clk (rise edge)
                                  0.000000    0.000000   clock network delay (ideal)
                      0.150000    0.000000    0.000000 ^ _1166_/CLK (sky130_fd_sc_hd__dfrtp_2)
     2    0.003441    0.076441    0.680610    0.680610 ^ _1166_/Q (sky130_fd_sc_hd__dfrtp_2)
                                                         add_stage1.a[0] (net)
                      0.076441    0.000000    0.680610 ^ _0975_/A0 (sky130_fd_sc_hd__mux2_1)
     1    0.001853    0.063038    0.202972    0.883582 ^ _0975_/X (sky130_fd_sc_hd__mux2_1)
                                                         _0161_ (net)
                      0.063038    0.000000    0.883582 ^ _1174_/D (sky130_fd_sc_hd__dfrtp_2)
                                              0.883582   data arrival time

                      0.150000    0.000000    0.000000   clock clk (rise edge)
                                  0.000000    0.000000   clock network delay (ideal)
                                  0.250000    0.250000   clock uncertainty
                                  0.000000    0.250000   clock reconvergence pessimism
                                              0.250000 ^ _1174_/CLK (sky130_fd_sc_hd__dfrtp_2)
                                 -0.062190    0.187810   library hold time
                                              0.187810   data required time
---------------------------------------------------------------------------------------------
                                              0.187810   data required time
                                             -0.883582   data arrival time
---------------------------------------------------------------------------------------------
                                              0.695772   slack (MET)


Startpoint: _1168_ (rising edge-triggered flip-flop clocked by clk)
Endpoint: _1176_ (rising edge-triggered flip-flop clocked by clk)
Path Group: clk
Path Type: min

Fanout         Cap        Slew       Delay        Time   Description
---------------------------------------------------------------------------------------------
                      0.150000    0.000000    0.000000   clock clk (rise edge)
                                  0.000000    0.000000   clock network delay (ideal)
                      0.150000    0.000000    0.000000 ^ _1168_/CLK (sky130_fd_sc_hd__dfrtp_2)
     2    0.003441    0.076441    0.680610    0.680610 ^ _1168_/Q (sky130_fd_sc_hd__dfrtp_2)
                                                         add_stage1.a[2] (net)
                      0.076441    0.000000    0.680610 ^ _0977_/A0 (sky130_fd_sc_hd__mux2_1)
     1    0.001853    0.063038    0.202972    0.883582 ^ _0977_/X (sky130_fd_sc_hd__mux2_1)
                                                         _0163_ (net)
                      0.063038    0.000000    0.883582 ^ _1176_/D (sky130_fd_sc_hd__dfrtp_2)
                                              0.883582   data arrival time

                      0.150000    0.000000    0.000000   clock clk (rise edge)
                                  0.000000    0.000000   clock network delay (ideal)
                                  0.250000    0.250000   clock uncertainty
                                  0.000000    0.250000   clock reconvergence pessimism
                                              0.250000 ^ _1176_/CLK (sky130_fd_sc_hd__dfrtp_2)
                                 -0.062190    0.187810   library hold time
                                              0.187810   data required time
---------------------------------------------------------------------------------------------
                                              0.187810   data required time
                                             -0.883582   data arrival time
---------------------------------------------------------------------------------------------
                                              0.695772   slack (MET)


Startpoint: _1170_ (rising edge-triggered flip-flop clocked by clk)
Endpoint: _1178_ (rising edge-triggered flip-flop clocked by clk)
Path Group: clk
Path Type: min

Fanout         Cap        Slew       Delay        Time   Description
---------------------------------------------------------------------------------------------
                      0.150000    0.000000    0.000000   clock clk (rise edge)
                                  0.000000    0.000000   clock network delay (ideal)
                      0.150000    0.000000    0.000000 ^ _1170_/CLK (sky130_fd_sc_hd__dfrtp_2)
     2    0.003441    0.076441    0.680610    0.680610 ^ _1170_/Q (sky130_fd_sc_hd__dfrtp_2)
                                                         add_stage1.a[4] (net)
                      0.076441    0.000000    0.680610 ^ _0979_/A0 (sky130_fd_sc_hd__mux2_1)
     1    0.001853    0.063038    0.202972    0.883582 ^ _0979_/X (sky130_fd_sc_hd__mux2_1)
                                                         _0165_ (net)
                      0.063038    0.000000    0.883582 ^ _1178_/D (sky130_fd_sc_hd__dfrtp_2)
                                              0.883582   data arrival time

                      0.150000    0.000000    0.000000   clock clk (rise edge)
                                  0.000000    0.000000   clock network delay (ideal)
                                  0.250000    0.250000   clock uncertainty
                                  0.000000    0.250000   clock reconvergence pessimism
                                              0.250000 ^ _1178_/CLK (sky130_fd_sc_hd__dfrtp_2)
                                 -0.062190    0.187810   library hold time
                                              0.187810   data required time
---------------------------------------------------------------------------------------------
                                              0.187810   data required time
                                             -0.883582   data arrival time
---------------------------------------------------------------------------------------------
                                              0.695772   slack (MET)


Startpoint: _1171_ (rising edge-triggered flip-flop clocked by clk)
Endpoint: _1179_ (rising edge-triggered flip-flop clocked by clk)
Path Group: clk
Path Type: min

Fanout         Cap        Slew       Delay        Time   Description
---------------------------------------------------------------------------------------------
                      0.150000    0.000000    0.000000   clock clk (rise edge)
                                  0.000000    0.000000   clock network delay (ideal)
                      0.150000    0.000000    0.000000 ^ _1171_/CLK (sky130_fd_sc_hd__dfrtp_2)
     2    0.003441    0.076441    0.680610    0.680610 ^ _1171_/Q (sky130_fd_sc_hd__dfrtp_2)
                                                         add_stage1.a[5] (net)
                      0.076441    0.000000    0.680610 ^ _0980_/A0 (sky130_fd_sc_hd__mux2_1)
     1    0.001853    0.063038    0.202972    0.883582 ^ _0980_/X (sky130_fd_sc_hd__mux2_1)
                                                         _0166_ (net)
                      0.063038    0.000000    0.883582 ^ _1179_/D (sky130_fd_sc_hd__dfrtp_2)
                                              0.883582   data arrival time

                      0.150000    0.000000    0.000000   clock clk (rise edge)
                                  0.000000    0.000000   clock network delay (ideal)
                                  0.250000    0.250000   clock uncertainty
                                  0.000000    0.250000   clock reconvergence pessimism
                                              0.250000 ^ _1179_/CLK (sky130_fd_sc_hd__dfrtp_2)
                                 -0.062190    0.187810   library hold time
                                              0.187810   data required time
---------------------------------------------------------------------------------------------
                                              0.187810   data required time
                                             -0.883582   data arrival time
---------------------------------------------------------------------------------------------
                                              0.695772   slack (MET)


Startpoint: _1172_ (rising edge-triggered flip-flop clocked by clk)
Endpoint: _1180_ (rising edge-triggered flip-flop clocked by clk)
Path Group: clk
Path Type: min

Fanout         Cap        Slew       Delay        Time   Description
---------------------------------------------------------------------------------------------
                      0.150000    0.000000    0.000000   clock clk (rise edge)
                                  0.000000    0.000000   clock network delay (ideal)
                      0.150000    0.000000    0.000000 ^ _1172_/CLK (sky130_fd_sc_hd__dfrtp_2)
     2    0.003441    0.076441    0.680610    0.680610 ^ _1172_/Q (sky130_fd_sc_hd__dfrtp_2)
                                                         add_stage1.a[6] (net)
                      0.076441    0.000000    0.680610 ^ _0981_/A0 (sky130_fd_sc_hd__mux2_1)
     1    0.001853    0.063038    0.202972    0.883582 ^ _0981_/X (sky130_fd_sc_hd__mux2_1)
                                                         _0167_ (net)
                      0.063038    0.000000    0.883582 ^ _1180_/D (sky130_fd_sc_hd__dfrtp_2)
                                              0.883582   data arrival time

                      0.150000    0.000000    0.000000   clock clk (rise edge)
                                  0.000000    0.000000   clock network delay (ideal)
                                  0.250000    0.250000   clock uncertainty
                                  0.000000    0.250000   clock reconvergence pessimism
                                              0.250000 ^ _1180_/CLK (sky130_fd_sc_hd__dfrtp_2)
                                 -0.062190    0.187810   library hold time
                                              0.187810   data required time
---------------------------------------------------------------------------------------------
                                              0.187810   data required time
                                             -0.883582   data arrival time
---------------------------------------------------------------------------------------------
                                              0.695772   slack (MET)


Startpoint: _1173_ (rising edge-triggered flip-flop clocked by clk)
Endpoint: _1181_ (rising edge-triggered flip-flop clocked by clk)
Path Group: clk
Path Type: min

Fanout         Cap        Slew       Delay        Time   Description
---------------------------------------------------------------------------------------------
                      0.150000    0.000000    0.000000   clock clk (rise edge)
                                  0.000000    0.000000   clock network delay (ideal)
                      0.150000    0.000000    0.000000 ^ _1173_/CLK (sky130_fd_sc_hd__dfrtp_2)
     2    0.003441    0.076441    0.680610    0.680610 ^ _1173_/Q (sky130_fd_sc_hd__dfrtp_2)
                                                         add_stage1.a[7] (net)
                      0.076441    0.000000    0.680610 ^ _0982_/A0 (sky130_fd_sc_hd__mux2_1)
     1    0.001853    0.063038    0.202972    0.883582 ^ _0982_/X (sky130_fd_sc_hd__mux2_1)
                                                         _0168_ (net)
                      0.063038    0.000000    0.883582 ^ _1181_/D (sky130_fd_sc_hd__dfrtp_2)
                                              0.883582   data arrival time

                      0.150000    0.000000    0.000000   clock clk (rise edge)
                                  0.000000    0.000000   clock network delay (ideal)
                                  0.250000    0.250000   clock uncertainty
                                  0.000000    0.250000   clock reconvergence pessimism
                                              0.250000 ^ _1181_/CLK (sky130_fd_sc_hd__dfrtp_2)
                                 -0.062190    0.187810   library hold time
                                              0.187810   data required time
---------------------------------------------------------------------------------------------
                                              0.187810   data required time
                                             -0.883582   data arrival time
---------------------------------------------------------------------------------------------
                                              0.695772   slack (MET)


Startpoint: _1174_ (rising edge-triggered flip-flop clocked by clk)
Endpoint: _1182_ (rising edge-triggered flip-flop clocked by clk)
Path Group: clk
Path Type: min

Fanout         Cap        Slew       Delay        Time   Description
---------------------------------------------------------------------------------------------
                      0.150000    0.000000    0.000000   clock clk (rise edge)
                                  0.000000    0.000000   clock network delay (ideal)
                      0.150000    0.000000    0.000000 ^ _1174_/CLK (sky130_fd_sc_hd__dfrtp_2)
     2    0.003441    0.076441    0.680610    0.680610 ^ _1174_/Q (sky130_fd_sc_hd__dfrtp_2)
                                                         add_stage2.a[0] (net)
                      0.076441    0.000000    0.680610 ^ _0983_/A0 (sky130_fd_sc_hd__mux2_1)
     1    0.001853    0.063038    0.202972    0.883582 ^ _0983_/X (sky130_fd_sc_hd__mux2_1)
                                                         _0169_ (net)
                      0.063038    0.000000    0.883582 ^ _1182_/D (sky130_fd_sc_hd__dfrtp_2)
                                              0.883582   data arrival time

                      0.150000    0.000000    0.000000   clock clk (rise edge)
                                  0.000000    0.000000   clock network delay (ideal)
                                  0.250000    0.250000   clock uncertainty
                                  0.000000    0.250000   clock reconvergence pessimism
                                              0.250000 ^ _1182_/CLK (sky130_fd_sc_hd__dfrtp_2)
                                 -0.062190    0.187810   library hold time
                                              0.187810   data required time
---------------------------------------------------------------------------------------------
                                              0.187810   data required time
                                             -0.883582   data arrival time
---------------------------------------------------------------------------------------------
                                              0.695772   slack (MET)


Startpoint: _1175_ (rising edge-triggered flip-flop clocked by clk)
Endpoint: _1183_ (rising edge-triggered flip-flop clocked by clk)
Path Group: clk
Path Type: min

Fanout         Cap        Slew       Delay        Time   Description
---------------------------------------------------------------------------------------------
                      0.150000    0.000000    0.000000   clock clk (rise edge)
                                  0.000000    0.000000   clock network delay (ideal)
                      0.150000    0.000000    0.000000 ^ _1175_/CLK (sky130_fd_sc_hd__dfrtp_2)
     2    0.003441    0.076441    0.680610    0.680610 ^ _1175_/Q (sky130_fd_sc_hd__dfrtp_2)
                                                         add_stage2.a[1] (net)
                      0.076441    0.000000    0.680610 ^ _0984_/A0 (sky130_fd_sc_hd__mux2_1)
     1    0.001853    0.063038    0.202972    0.883582 ^ _0984_/X (sky130_fd_sc_hd__mux2_1)
                                                         _0170_ (net)
                      0.063038    0.000000    0.883582 ^ _1183_/D (sky130_fd_sc_hd__dfrtp_2)
                                              0.883582   data arrival time

                      0.150000    0.000000    0.000000   clock clk (rise edge)
                                  0.000000    0.000000   clock network delay (ideal)
                                  0.250000    0.250000   clock uncertainty
                                  0.000000    0.250000   clock reconvergence pessimism
                                              0.250000 ^ _1183_/CLK (sky130_fd_sc_hd__dfrtp_2)
                                 -0.062190    0.187810   library hold time
                                              0.187810   data required time
---------------------------------------------------------------------------------------------
                                              0.187810   data required time
                                             -0.883582   data arrival time
---------------------------------------------------------------------------------------------
                                              0.695772   slack (MET)


Startpoint: _1176_ (rising edge-triggered flip-flop clocked by clk)
Endpoint: _1184_ (rising edge-triggered flip-flop clocked by clk)
Path Group: clk
Path Type: min

Fanout         Cap        Slew       Delay        Time   Description
---------------------------------------------------------------------------------------------
                      0.150000    0.000000    0.000000   clock clk (rise edge)
                                  0.000000    0.000000   clock network delay (ideal)
                      0.150000    0.000000    0.000000 ^ _1176_/CLK (sky130_fd_sc_hd__dfrtp_2)
     2    0.003441    0.076441    0.680610    0.680610 ^ _1176_/Q (sky130_fd_sc_hd__dfrtp_2)
                                                         add_stage2.a[2] (net)
                      0.076441    0.000000    0.680610 ^ _0985_/A0 (sky130_fd_sc_hd__mux2_1)
     1    0.001853    0.063038    0.202972    0.883582 ^ _0985_/X (sky130_fd_sc_hd__mux2_1)
                                                         _0171_ (net)
                      0.063038    0.000000    0.883582 ^ _1184_/D (sky130_fd_sc_hd__dfrtp_2)
                                              0.883582   data arrival time

                      0.150000    0.000000    0.000000   clock clk (rise edge)
                                  0.000000    0.000000   clock network delay (ideal)
                                  0.250000    0.250000   clock uncertainty
                                  0.000000    0.250000   clock reconvergence pessimism
                                              0.250000 ^ _1184_/CLK (sky130_fd_sc_hd__dfrtp_2)
                                 -0.062190    0.187810   library hold time
                                              0.187810   data required time
---------------------------------------------------------------------------------------------
                                              0.187810   data required time
                                             -0.883582   data arrival time
---------------------------------------------------------------------------------------------
                                              0.695772   slack (MET)


Startpoint: _1177_ (rising edge-triggered flip-flop clocked by clk)
Endpoint: _1185_ (rising edge-triggered flip-flop clocked by clk)
Path Group: clk
Path Type: min

Fanout         Cap        Slew       Delay        Time   Description
---------------------------------------------------------------------------------------------
                      0.150000    0.000000    0.000000   clock clk (rise edge)
                                  0.000000    0.000000   clock network delay (ideal)
                      0.150000    0.000000    0.000000 ^ _1177_/CLK (sky130_fd_sc_hd__dfrtp_2)
     2    0.003441    0.076441    0.680610    0.680610 ^ _1177_/Q (sky130_fd_sc_hd__dfrtp_2)
                                                         add_stage2.a[3] (net)
                      0.076441    0.000000    0.680610 ^ _0986_/A0 (sky130_fd_sc_hd__mux2_1)
     1    0.001853    0.063038    0.202972    0.883582 ^ _0986_/X (sky130_fd_sc_hd__mux2_1)
                                                         _0172_ (net)
                      0.063038    0.000000    0.883582 ^ _1185_/D (sky130_fd_sc_hd__dfrtp_2)
                                              0.883582   data arrival time

                      0.150000    0.000000    0.000000   clock clk (rise edge)
                                  0.000000    0.000000   clock network delay (ideal)
                                  0.250000    0.250000   clock uncertainty
                                  0.000000    0.250000   clock reconvergence pessimism
                                              0.250000 ^ _1185_/CLK (sky130_fd_sc_hd__dfrtp_2)
                                 -0.062190    0.187810   library hold time
                                              0.187810   data required time
---------------------------------------------------------------------------------------------
                                              0.187810   data required time
                                             -0.883582   data arrival time
---------------------------------------------------------------------------------------------
                                              0.695772   slack (MET)


Startpoint: _1178_ (rising edge-triggered flip-flop clocked by clk)
Endpoint: _1186_ (rising edge-triggered flip-flop clocked by clk)
Path Group: clk
Path Type: min

Fanout         Cap        Slew       Delay        Time   Description
---------------------------------------------------------------------------------------------
                      0.150000    0.000000    0.000000   clock clk (rise edge)
                                  0.000000    0.000000   clock network delay (ideal)
                      0.150000    0.000000    0.000000 ^ _1178_/CLK (sky130_fd_sc_hd__dfrtp_2)
     2    0.003441    0.076441    0.680610    0.680610 ^ _1178_/Q (sky130_fd_sc_hd__dfrtp_2)
                                                         add_stage2.a[4] (net)
                      0.076441    0.000000    0.680610 ^ _0987_/A0 (sky130_fd_sc_hd__mux2_1)
     1    0.001853    0.063038    0.202972    0.883582 ^ _0987_/X (sky130_fd_sc_hd__mux2_1)
                                                         _0173_ (net)
                      0.063038    0.000000    0.883582 ^ _1186_/D (sky130_fd_sc_hd__dfrtp_2)
                                              0.883582   data arrival time

                      0.150000    0.000000    0.000000   clock clk (rise edge)
                                  0.000000    0.000000   clock network delay (ideal)
                                  0.250000    0.250000   clock uncertainty
                                  0.000000    0.250000   clock reconvergence pessimism
                                              0.250000 ^ _1186_/CLK (sky130_fd_sc_hd__dfrtp_2)
                                 -0.062190    0.187810   library hold time
                                              0.187810   data required time
---------------------------------------------------------------------------------------------
                                              0.187810   data required time
                                             -0.883582   data arrival time
---------------------------------------------------------------------------------------------
                                              0.695772   slack (MET)


Startpoint: _1179_ (rising edge-triggered flip-flop clocked by clk)
Endpoint: _1187_ (rising edge-triggered flip-flop clocked by clk)
Path Group: clk
Path Type: min

Fanout         Cap        Slew       Delay        Time   Description
---------------------------------------------------------------------------------------------
                      0.150000    0.000000    0.000000   clock clk (rise edge)
                                  0.000000    0.000000   clock network delay (ideal)
                      0.150000    0.000000    0.000000 ^ _1179_/CLK (sky130_fd_sc_hd__dfrtp_2)
     2    0.003441    0.076441    0.680610    0.680610 ^ _1179_/Q (sky130_fd_sc_hd__dfrtp_2)
                                                         add_stage2.a[5] (net)
                      0.076441    0.000000    0.680610 ^ _0988_/A0 (sky130_fd_sc_hd__mux2_1)
     1    0.001853    0.063038    0.202972    0.883582 ^ _0988_/X (sky130_fd_sc_hd__mux2_1)
                                                         _0174_ (net)
                      0.063038    0.000000    0.883582 ^ _1187_/D (sky130_fd_sc_hd__dfrtp_2)
                                              0.883582   data arrival time

                      0.150000    0.000000    0.000000   clock clk (rise edge)
                                  0.000000    0.000000   clock network delay (ideal)
                                  0.250000    0.250000   clock uncertainty
                                  0.000000    0.250000   clock reconvergence pessimism
                                              0.250000 ^ _1187_/CLK (sky130_fd_sc_hd__dfrtp_2)
                                 -0.062190    0.187810   library hold time
                                              0.187810   data required time
---------------------------------------------------------------------------------------------
                                              0.187810   data required time
                                             -0.883582   data arrival time
---------------------------------------------------------------------------------------------
                                              0.695772   slack (MET)


Startpoint: _1180_ (rising edge-triggered flip-flop clocked by clk)
Endpoint: _1188_ (rising edge-triggered flip-flop clocked by clk)
Path Group: clk
Path Type: min

Fanout         Cap        Slew       Delay        Time   Description
---------------------------------------------------------------------------------------------
                      0.150000    0.000000    0.000000   clock clk (rise edge)
                                  0.000000    0.000000   clock network delay (ideal)
                      0.150000    0.000000    0.000000 ^ _1180_/CLK (sky130_fd_sc_hd__dfrtp_2)
     2    0.003441    0.076441    0.680610    0.680610 ^ _1180_/Q (sky130_fd_sc_hd__dfrtp_2)
                                                         add_stage2.a[6] (net)
                      0.076441    0.000000    0.680610 ^ _0989_/A0 (sky130_fd_sc_hd__mux2_1)
     1    0.001853    0.063038    0.202972    0.883582 ^ _0989_/X (sky130_fd_sc_hd__mux2_1)
                                                         _0175_ (net)
                      0.063038    0.000000    0.883582 ^ _1188_/D (sky130_fd_sc_hd__dfrtp_2)
                                              0.883582   data arrival time

                      0.150000    0.000000    0.000000   clock clk (rise edge)
                                  0.000000    0.000000   clock network delay (ideal)
                                  0.250000    0.250000   clock uncertainty
                                  0.000000    0.250000   clock reconvergence pessimism
                                              0.250000 ^ _1188_/CLK (sky130_fd_sc_hd__dfrtp_2)
                                 -0.062190    0.187810   library hold time
                                              0.187810   data required time
---------------------------------------------------------------------------------------------
                                              0.187810   data required time
                                             -0.883582   data arrival time
---------------------------------------------------------------------------------------------
                                              0.695772   slack (MET)


Startpoint: _1181_ (rising edge-triggered flip-flop clocked by clk)
Endpoint: _1189_ (rising edge-triggered flip-flop clocked by clk)
Path Group: clk
Path Type: min

Fanout         Cap        Slew       Delay        Time   Description
---------------------------------------------------------------------------------------------
                      0.150000    0.000000    0.000000   clock clk (rise edge)
                                  0.000000    0.000000   clock network delay (ideal)
                      0.150000    0.000000    0.000000 ^ _1181_/CLK (sky130_fd_sc_hd__dfrtp_2)
     2    0.003441    0.076441    0.680610    0.680610 ^ _1181_/Q (sky130_fd_sc_hd__dfrtp_2)
                                                         add_stage2.a[7] (net)
                      0.076441    0.000000    0.680610 ^ _0990_/A0 (sky130_fd_sc_hd__mux2_1)
     1    0.001853    0.063038    0.202972    0.883582 ^ _0990_/X (sky130_fd_sc_hd__mux2_1)
                                                         _0176_ (net)
                      0.063038    0.000000    0.883582 ^ _1189_/D (sky130_fd_sc_hd__dfrtp_2)
                                              0.883582   data arrival time

                      0.150000    0.000000    0.000000   clock clk (rise edge)
                                  0.000000    0.000000   clock network delay (ideal)
                                  0.250000    0.250000   clock uncertainty
                                  0.000000    0.250000   clock reconvergence pessimism
                                              0.250000 ^ _1189_/CLK (sky130_fd_sc_hd__dfrtp_2)
                                 -0.062190    0.187810   library hold time
                                              0.187810   data required time
---------------------------------------------------------------------------------------------
                                              0.187810   data required time
                                             -0.883582   data arrival time
---------------------------------------------------------------------------------------------
                                              0.695772   slack (MET)


Startpoint: _1182_ (rising edge-triggered flip-flop clocked by clk)
Endpoint: _1190_ (rising edge-triggered flip-flop clocked by clk)
Path Group: clk
Path Type: min

Fanout         Cap        Slew       Delay        Time   Description
---------------------------------------------------------------------------------------------
                      0.150000    0.000000    0.000000   clock clk (rise edge)
                                  0.000000    0.000000   clock network delay (ideal)
                      0.150000    0.000000    0.000000 ^ _1182_/CLK (sky130_fd_sc_hd__dfrtp_2)
     2    0.003441    0.076441    0.680610    0.680610 ^ _1182_/Q (sky130_fd_sc_hd__dfrtp_2)
                                                         add_stage3.a[0] (net)
                      0.076441    0.000000    0.680610 ^ _0991_/A0 (sky130_fd_sc_hd__mux2_1)
     1    0.001853    0.063038    0.202972    0.883582 ^ _0991_/X (sky130_fd_sc_hd__mux2_1)
                                                         _0177_ (net)
                      0.063038    0.000000    0.883582 ^ _1190_/D (sky130_fd_sc_hd__dfrtp_2)
                                              0.883582   data arrival time

                      0.150000    0.000000    0.000000   clock clk (rise edge)
                                  0.000000    0.000000   clock network delay (ideal)
                                  0.250000    0.250000   clock uncertainty
                                  0.000000    0.250000   clock reconvergence pessimism
                                              0.250000 ^ _1190_/CLK (sky130_fd_sc_hd__dfrtp_2)
                                 -0.062190    0.187810   library hold time
                                              0.187810   data required time
---------------------------------------------------------------------------------------------
                                              0.187810   data required time
                                             -0.883582   data arrival time
---------------------------------------------------------------------------------------------
                                              0.695772   slack (MET)


Startpoint: _1183_ (rising edge-triggered flip-flop clocked by clk)
Endpoint: _1191_ (rising edge-triggered flip-flop clocked by clk)
Path Group: clk
Path Type: min

Fanout         Cap        Slew       Delay        Time   Description
---------------------------------------------------------------------------------------------
                      0.150000    0.000000    0.000000   clock clk (rise edge)
                                  0.000000    0.000000   clock network delay (ideal)
                      0.150000    0.000000    0.000000 ^ _1183_/CLK (sky130_fd_sc_hd__dfrtp_2)
     2    0.003441    0.076441    0.680610    0.680610 ^ _1183_/Q (sky130_fd_sc_hd__dfrtp_2)
                                                         add_stage3.a[1] (net)
                      0.076441    0.000000    0.680610 ^ _0992_/A0 (sky130_fd_sc_hd__mux2_1)
     1    0.001853    0.063038    0.202972    0.883582 ^ _0992_/X (sky130_fd_sc_hd__mux2_1)
                                                         _0178_ (net)
                      0.063038    0.000000    0.883582 ^ _1191_/D (sky130_fd_sc_hd__dfrtp_2)
                                              0.883582   data arrival time

                      0.150000    0.000000    0.000000   clock clk (rise edge)
                                  0.000000    0.000000   clock network delay (ideal)
                                  0.250000    0.250000   clock uncertainty
                                  0.000000    0.250000   clock reconvergence pessimism
                                              0.250000 ^ _1191_/CLK (sky130_fd_sc_hd__dfrtp_2)
                                 -0.062190    0.187810   library hold time
                                              0.187810   data required time
---------------------------------------------------------------------------------------------
                                              0.187810   data required time
                                             -0.883582   data arrival time
---------------------------------------------------------------------------------------------
                                              0.695772   slack (MET)


Startpoint: _1184_ (rising edge-triggered flip-flop clocked by clk)
Endpoint: _1192_ (rising edge-triggered flip-flop clocked by clk)
Path Group: clk
Path Type: min

Fanout         Cap        Slew       Delay        Time   Description
---------------------------------------------------------------------------------------------
                      0.150000    0.000000    0.000000   clock clk (rise edge)
                                  0.000000    0.000000   clock network delay (ideal)
                      0.150000    0.000000    0.000000 ^ _1184_/CLK (sky130_fd_sc_hd__dfrtp_2)
     2    0.003441    0.076441    0.680610    0.680610 ^ _1184_/Q (sky130_fd_sc_hd__dfrtp_2)
                                                         add_stage3.a[2] (net)
                      0.076441    0.000000    0.680610 ^ _0993_/A0 (sky130_fd_sc_hd__mux2_1)
     1    0.001853    0.063038    0.202972    0.883582 ^ _0993_/X (sky130_fd_sc_hd__mux2_1)
                                                         _0179_ (net)
                      0.063038    0.000000    0.883582 ^ _1192_/D (sky130_fd_sc_hd__dfrtp_2)
                                              0.883582   data arrival time

                      0.150000    0.000000    0.000000   clock clk (rise edge)
                                  0.000000    0.000000   clock network delay (ideal)
                                  0.250000    0.250000   clock uncertainty
                                  0.000000    0.250000   clock reconvergence pessimism
                                              0.250000 ^ _1192_/CLK (sky130_fd_sc_hd__dfrtp_2)
                                 -0.062190    0.187810   library hold time
                                              0.187810   data required time
---------------------------------------------------------------------------------------------
                                              0.187810   data required time
                                             -0.883582   data arrival time
---------------------------------------------------------------------------------------------
                                              0.695772   slack (MET)


Startpoint: _1185_ (rising edge-triggered flip-flop clocked by clk)
Endpoint: _1193_ (rising edge-triggered flip-flop clocked by clk)
Path Group: clk
Path Type: min

Fanout         Cap        Slew       Delay        Time   Description
---------------------------------------------------------------------------------------------
                      0.150000    0.000000    0.000000   clock clk (rise edge)
                                  0.000000    0.000000   clock network delay (ideal)
                      0.150000    0.000000    0.000000 ^ _1185_/CLK (sky130_fd_sc_hd__dfrtp_2)
     2    0.003441    0.076441    0.680610    0.680610 ^ _1185_/Q (sky130_fd_sc_hd__dfrtp_2)
                                                         add_stage3.a[3] (net)
                      0.076441    0.000000    0.680610 ^ _0994_/A0 (sky130_fd_sc_hd__mux2_1)
     1    0.001853    0.063038    0.202972    0.883582 ^ _0994_/X (sky130_fd_sc_hd__mux2_1)
                                                         _0180_ (net)
                      0.063038    0.000000    0.883582 ^ _1193_/D (sky130_fd_sc_hd__dfrtp_2)
                                              0.883582   data arrival time

                      0.150000    0.000000    0.000000   clock clk (rise edge)
                                  0.000000    0.000000   clock network delay (ideal)
                                  0.250000    0.250000   clock uncertainty
                                  0.000000    0.250000   clock reconvergence pessimism
                                              0.250000 ^ _1193_/CLK (sky130_fd_sc_hd__dfrtp_2)
                                 -0.062190    0.187810   library hold time
                                              0.187810   data required time
---------------------------------------------------------------------------------------------
                                              0.187810   data required time
                                             -0.883582   data arrival time
---------------------------------------------------------------------------------------------
                                              0.695772   slack (MET)


Startpoint: _1186_ (rising edge-triggered flip-flop clocked by clk)
Endpoint: _1194_ (rising edge-triggered flip-flop clocked by clk)
Path Group: clk
Path Type: min

Fanout         Cap        Slew       Delay        Time   Description
---------------------------------------------------------------------------------------------
                      0.150000    0.000000    0.000000   clock clk (rise edge)
                                  0.000000    0.000000   clock network delay (ideal)
                      0.150000    0.000000    0.000000 ^ _1186_/CLK (sky130_fd_sc_hd__dfrtp_2)
     2    0.003441    0.076441    0.680610    0.680610 ^ _1186_/Q (sky130_fd_sc_hd__dfrtp_2)
                                                         add_stage3.a[4] (net)
                      0.076441    0.000000    0.680610 ^ _0995_/A0 (sky130_fd_sc_hd__mux2_1)
     1    0.001853    0.063038    0.202972    0.883582 ^ _0995_/X (sky130_fd_sc_hd__mux2_1)
                                                         _0181_ (net)
                      0.063038    0.000000    0.883582 ^ _1194_/D (sky130_fd_sc_hd__dfrtp_2)
                                              0.883582   data arrival time

                      0.150000    0.000000    0.000000   clock clk (rise edge)
                                  0.000000    0.000000   clock network delay (ideal)
                                  0.250000    0.250000   clock uncertainty
                                  0.000000    0.250000   clock reconvergence pessimism
                                              0.250000 ^ _1194_/CLK (sky130_fd_sc_hd__dfrtp_2)
                                 -0.062190    0.187810   library hold time
                                              0.187810   data required time
---------------------------------------------------------------------------------------------
                                              0.187810   data required time
                                             -0.883582   data arrival time
---------------------------------------------------------------------------------------------
                                              0.695772   slack (MET)


Startpoint: _1187_ (rising edge-triggered flip-flop clocked by clk)
Endpoint: _1195_ (rising edge-triggered flip-flop clocked by clk)
Path Group: clk
Path Type: min

Fanout         Cap        Slew       Delay        Time   Description
---------------------------------------------------------------------------------------------
                      0.150000    0.000000    0.000000   clock clk (rise edge)
                                  0.000000    0.000000   clock network delay (ideal)
                      0.150000    0.000000    0.000000 ^ _1187_/CLK (sky130_fd_sc_hd__dfrtp_2)
     2    0.003441    0.076441    0.680610    0.680610 ^ _1187_/Q (sky130_fd_sc_hd__dfrtp_2)
                                                         add_stage3.a[5] (net)
                      0.076441    0.000000    0.680610 ^ _0996_/A0 (sky130_fd_sc_hd__mux2_1)
     1    0.001853    0.063038    0.202972    0.883582 ^ _0996_/X (sky130_fd_sc_hd__mux2_1)
                                                         _0182_ (net)
                      0.063038    0.000000    0.883582 ^ _1195_/D (sky130_fd_sc_hd__dfrtp_2)
                                              0.883582   data arrival time

                      0.150000    0.000000    0.000000   clock clk (rise edge)
                                  0.000000    0.000000   clock network delay (ideal)
                                  0.250000    0.250000   clock uncertainty
                                  0.000000    0.250000   clock reconvergence pessimism
                                              0.250000 ^ _1195_/CLK (sky130_fd_sc_hd__dfrtp_2)
                                 -0.062190    0.187810   library hold time
                                              0.187810   data required time
---------------------------------------------------------------------------------------------
                                              0.187810   data required time
                                             -0.883582   data arrival time
---------------------------------------------------------------------------------------------
                                              0.695772   slack (MET)


Startpoint: _1188_ (rising edge-triggered flip-flop clocked by clk)
Endpoint: _1196_ (rising edge-triggered flip-flop clocked by clk)
Path Group: clk
Path Type: min

Fanout         Cap        Slew       Delay        Time   Description
---------------------------------------------------------------------------------------------
                      0.150000    0.000000    0.000000   clock clk (rise edge)
                                  0.000000    0.000000   clock network delay (ideal)
                      0.150000    0.000000    0.000000 ^ _1188_/CLK (sky130_fd_sc_hd__dfrtp_2)
     2    0.003441    0.076441    0.680610    0.680610 ^ _1188_/Q (sky130_fd_sc_hd__dfrtp_2)
                                                         add_stage3.a[6] (net)
                      0.076441    0.000000    0.680610 ^ _0997_/A0 (sky130_fd_sc_hd__mux2_1)
     1    0.001853    0.063038    0.202972    0.883582 ^ _0997_/X (sky130_fd_sc_hd__mux2_1)
                                                         _0183_ (net)
                      0.063038    0.000000    0.883582 ^ _1196_/D (sky130_fd_sc_hd__dfrtp_2)
                                              0.883582   data arrival time

                      0.150000    0.000000    0.000000   clock clk (rise edge)
                                  0.000000    0.000000   clock network delay (ideal)
                                  0.250000    0.250000   clock uncertainty
                                  0.000000    0.250000   clock reconvergence pessimism
                                              0.250000 ^ _1196_/CLK (sky130_fd_sc_hd__dfrtp_2)
                                 -0.062190    0.187810   library hold time
                                              0.187810   data required time
---------------------------------------------------------------------------------------------
                                              0.187810   data required time
                                             -0.883582   data arrival time
---------------------------------------------------------------------------------------------
                                              0.695772   slack (MET)


Startpoint: _1189_ (rising edge-triggered flip-flop clocked by clk)
Endpoint: _1197_ (rising edge-triggered flip-flop clocked by clk)
Path Group: clk
Path Type: min

Fanout         Cap        Slew       Delay        Time   Description
---------------------------------------------------------------------------------------------
                      0.150000    0.000000    0.000000   clock clk (rise edge)
                                  0.000000    0.000000   clock network delay (ideal)
                      0.150000    0.000000    0.000000 ^ _1189_/CLK (sky130_fd_sc_hd__dfrtp_2)
     2    0.003441    0.076441    0.680610    0.680610 ^ _1189_/Q (sky130_fd_sc_hd__dfrtp_2)
                                                         add_stage3.a[7] (net)
                      0.076441    0.000000    0.680610 ^ _0998_/A0 (sky130_fd_sc_hd__mux2_1)
     1    0.001853    0.063038    0.202972    0.883582 ^ _0998_/X (sky130_fd_sc_hd__mux2_1)
                                                         _0184_ (net)
                      0.063038    0.000000    0.883582 ^ _1197_/D (sky130_fd_sc_hd__dfrtp_2)
                                              0.883582   data arrival time

                      0.150000    0.000000    0.000000   clock clk (rise edge)
                                  0.000000    0.000000   clock network delay (ideal)
                                  0.250000    0.250000   clock uncertainty
                                  0.000000    0.250000   clock reconvergence pessimism
                                              0.250000 ^ _1197_/CLK (sky130_fd_sc_hd__dfrtp_2)
                                 -0.062190    0.187810   library hold time
                                              0.187810   data required time
---------------------------------------------------------------------------------------------
                                              0.187810   data required time
                                             -0.883582   data arrival time
---------------------------------------------------------------------------------------------
                                              0.695772   slack (MET)


Startpoint: _1020_ (rising edge-triggered flip-flop clocked by clk)
Endpoint: _1020_ (rising edge-triggered flip-flop clocked by clk)
Path Group: clk
Path Type: min

Fanout         Cap        Slew       Delay        Time   Description
---------------------------------------------------------------------------------------------
                      0.150000    0.000000    0.000000   clock clk (rise edge)
                                  0.000000    0.000000   clock network delay (ideal)
                      0.150000    0.000000    0.000000 ^ _1020_/CLK (sky130_fd_sc_hd__dfrtp_2)
     2    0.003441    0.076441    0.680610    0.680610 ^ _1020_/Q (sky130_fd_sc_hd__dfrtp_2)
                                                         window0[6] (net)
                      0.076441    0.000000    0.680610 ^ _0533_/A0 (sky130_fd_sc_hd__mux2_1)
     1    0.001853    0.063406    0.202972    0.883582 ^ _0533_/X (sky130_fd_sc_hd__mux2_1)
                                                         _0007_ (net)
                      0.063406    0.000000    0.883582 ^ _1020_/D (sky130_fd_sc_hd__dfrtp_2)
                                              0.883582   data arrival time

                      0.150000    0.000000    0.000000   clock clk (rise edge)
                                  0.000000    0.000000   clock network delay (ideal)
                                  0.250000    0.250000   clock uncertainty
                                  0.000000    0.250000   clock reconvergence pessimism
                                              0.250000 ^ _1020_/CLK (sky130_fd_sc_hd__dfrtp_2)
                                 -0.062273    0.187727   library hold time
                                              0.187727   data required time
---------------------------------------------------------------------------------------------
                                              0.187727   data required time
                                             -0.883582   data arrival time
---------------------------------------------------------------------------------------------
                                              0.695855   slack (MET)


Startpoint: _1021_ (rising edge-triggered flip-flop clocked by clk)
Endpoint: _1021_ (rising edge-triggered flip-flop clocked by clk)
Path Group: clk
Path Type: min

Fanout         Cap        Slew       Delay        Time   Description
---------------------------------------------------------------------------------------------
                      0.150000    0.000000    0.000000   clock clk (rise edge)
                                  0.000000    0.000000   clock network delay (ideal)
                      0.150000    0.000000    0.000000 ^ _1021_/CLK (sky130_fd_sc_hd__dfrtp_2)
     2    0.003441    0.076441    0.680610    0.680610 ^ _1021_/Q (sky130_fd_sc_hd__dfrtp_2)
                                                         window0[7] (net)
                      0.076441    0.000000    0.680610 ^ _0534_/A0 (sky130_fd_sc_hd__mux2_1)
     1    0.001853    0.063406    0.202972    0.883582 ^ _0534_/X (sky130_fd_sc_hd__mux2_1)
                                                         _0008_ (net)
                      0.063406    0.000000    0.883582 ^ _1021_/D (sky130_fd_sc_hd__dfrtp_2)
                                              0.883582   data arrival time

                      0.150000    0.000000    0.000000   clock clk (rise edge)
                                  0.000000    0.000000   clock network delay (ideal)
                                  0.250000    0.250000   clock uncertainty
                                  0.000000    0.250000   clock reconvergence pessimism
                                              0.250000 ^ _1021_/CLK (sky130_fd_sc_hd__dfrtp_2)
                                 -0.062273    0.187727   library hold time
                                              0.187727   data required time
---------------------------------------------------------------------------------------------
                                              0.187727   data required time
                                             -0.883582   data arrival time
---------------------------------------------------------------------------------------------
                                              0.695855   slack (MET)


Startpoint: _1216_ (rising edge-triggered flip-flop clocked by clk)
Endpoint: _1216_ (rising edge-triggered flip-flop clocked by clk)
Path Group: clk
Path Type: min

Fanout         Cap        Slew       Delay        Time   Description
---------------------------------------------------------------------------------------------
                      0.150000    0.000000    0.000000   clock clk (rise edge)
                                  0.000000    0.000000   clock network delay (ideal)
                      0.150000    0.000000    0.000000 ^ _1216_/CLK (sky130_fd_sc_hd__dfrtp_2)
     2    0.003441    0.076441    0.680610    0.680610 ^ _1216_/Q (sky130_fd_sc_hd__dfrtp_2)
                                                         window0[0] (net)
                      0.076441    0.000000    0.680610 ^ _1014_/A0 (sky130_fd_sc_hd__mux2_1)
     1    0.001853    0.063406    0.202972    0.883582 ^ _1014_/X (sky130_fd_sc_hd__mux2_1)
                                                         _0196_ (net)
                      0.063406    0.000000    0.883582 ^ _1216_/D (sky130_fd_sc_hd__dfrtp_2)
                                              0.883582   data arrival time

                      0.150000    0.000000    0.000000   clock clk (rise edge)
                                  0.000000    0.000000   clock network delay (ideal)
                                  0.250000    0.250000   clock uncertainty
                                  0.000000    0.250000   clock reconvergence pessimism
                                              0.250000 ^ _1216_/CLK (sky130_fd_sc_hd__dfrtp_2)
                                 -0.062273    0.187727   library hold time
                                              0.187727   data required time
---------------------------------------------------------------------------------------------
                                              0.187727   data required time
                                             -0.883582   data arrival time
---------------------------------------------------------------------------------------------
                                              0.695855   slack (MET)


Startpoint: _1217_ (rising edge-triggered flip-flop clocked by clk)
Endpoint: _1217_ (rising edge-triggered flip-flop clocked by clk)
Path Group: clk
Path Type: min

Fanout         Cap        Slew       Delay        Time   Description
---------------------------------------------------------------------------------------------
                      0.150000    0.000000    0.000000   clock clk (rise edge)
                                  0.000000    0.000000   clock network delay (ideal)
                      0.150000    0.000000    0.000000 ^ _1217_/CLK (sky130_fd_sc_hd__dfrtp_2)
     2    0.003441    0.076441    0.680610    0.680610 ^ _1217_/Q (sky130_fd_sc_hd__dfrtp_2)
                                                         window0[1] (net)
                      0.076441    0.000000    0.680610 ^ _1015_/A0 (sky130_fd_sc_hd__mux2_1)
     1    0.001853    0.063406    0.202972    0.883582 ^ _1015_/X (sky130_fd_sc_hd__mux2_1)
                                                         _0197_ (net)
                      0.063406    0.000000    0.883582 ^ _1217_/D (sky130_fd_sc_hd__dfrtp_2)
                                              0.883582   data arrival time

                      0.150000    0.000000    0.000000   clock clk (rise edge)
                                  0.000000    0.000000   clock network delay (ideal)
                                  0.250000    0.250000   clock uncertainty
                                  0.000000    0.250000   clock reconvergence pessimism
                                              0.250000 ^ _1217_/CLK (sky130_fd_sc_hd__dfrtp_2)
                                 -0.062273    0.187727   library hold time
                                              0.187727   data required time
---------------------------------------------------------------------------------------------
                                              0.187727   data required time
                                             -0.883582   data arrival time
---------------------------------------------------------------------------------------------
                                              0.695855   slack (MET)


Startpoint: _1218_ (rising edge-triggered flip-flop clocked by clk)
Endpoint: _1218_ (rising edge-triggered flip-flop clocked by clk)
Path Group: clk
Path Type: min

Fanout         Cap        Slew       Delay        Time   Description
---------------------------------------------------------------------------------------------
                      0.150000    0.000000    0.000000   clock clk (rise edge)
                                  0.000000    0.000000   clock network delay (ideal)
                      0.150000    0.000000    0.000000 ^ _1218_/CLK (sky130_fd_sc_hd__dfrtp_2)
     2    0.003441    0.076441    0.680610    0.680610 ^ _1218_/Q (sky130_fd_sc_hd__dfrtp_2)
                                                         window0[2] (net)
                      0.076441    0.000000    0.680610 ^ _1016_/A0 (sky130_fd_sc_hd__mux2_1)
     1    0.001853    0.063406    0.202972    0.883582 ^ _1016_/X (sky130_fd_sc_hd__mux2_1)
                                                         _0198_ (net)
                      0.063406    0.000000    0.883582 ^ _1218_/D (sky130_fd_sc_hd__dfrtp_2)
                                              0.883582   data arrival time

                      0.150000    0.000000    0.000000   clock clk (rise edge)
                                  0.000000    0.000000   clock network delay (ideal)
                                  0.250000    0.250000   clock uncertainty
                                  0.000000    0.250000   clock reconvergence pessimism
                                              0.250000 ^ _1218_/CLK (sky130_fd_sc_hd__dfrtp_2)
                                 -0.062273    0.187727   library hold time
                                              0.187727   data required time
---------------------------------------------------------------------------------------------
                                              0.187727   data required time
                                             -0.883582   data arrival time
---------------------------------------------------------------------------------------------
                                              0.695855   slack (MET)


Startpoint: _1219_ (rising edge-triggered flip-flop clocked by clk)
Endpoint: _1219_ (rising edge-triggered flip-flop clocked by clk)
Path Group: clk
Path Type: min

Fanout         Cap        Slew       Delay        Time   Description
---------------------------------------------------------------------------------------------
                      0.150000    0.000000    0.000000   clock clk (rise edge)
                                  0.000000    0.000000   clock network delay (ideal)
                      0.150000    0.000000    0.000000 ^ _1219_/CLK (sky130_fd_sc_hd__dfrtp_2)
     2    0.003441    0.076441    0.680610    0.680610 ^ _1219_/Q (sky130_fd_sc_hd__dfrtp_2)
                                                         window0[3] (net)
                      0.076441    0.000000    0.680610 ^ _1017_/A0 (sky130_fd_sc_hd__mux2_1)
     1    0.001853    0.063406    0.202972    0.883582 ^ _1017_/X (sky130_fd_sc_hd__mux2_1)
                                                         _0199_ (net)
                      0.063406    0.000000    0.883582 ^ _1219_/D (sky130_fd_sc_hd__dfrtp_2)
                                              0.883582   data arrival time

                      0.150000    0.000000    0.000000   clock clk (rise edge)
                                  0.000000    0.000000   clock network delay (ideal)
                                  0.250000    0.250000   clock uncertainty
                                  0.000000    0.250000   clock reconvergence pessimism
                                              0.250000 ^ _1219_/CLK (sky130_fd_sc_hd__dfrtp_2)
                                 -0.062273    0.187727   library hold time
                                              0.187727   data required time
---------------------------------------------------------------------------------------------
                                              0.187727   data required time
                                             -0.883582   data arrival time
---------------------------------------------------------------------------------------------
                                              0.695855   slack (MET)


Startpoint: _1220_ (rising edge-triggered flip-flop clocked by clk)
Endpoint: _1220_ (rising edge-triggered flip-flop clocked by clk)
Path Group: clk
Path Type: min

Fanout         Cap        Slew       Delay        Time   Description
---------------------------------------------------------------------------------------------
                      0.150000    0.000000    0.000000   clock clk (rise edge)
                                  0.000000    0.000000   clock network delay (ideal)
                      0.150000    0.000000    0.000000 ^ _1220_/CLK (sky130_fd_sc_hd__dfrtp_2)
     2    0.003441    0.076441    0.680610    0.680610 ^ _1220_/Q (sky130_fd_sc_hd__dfrtp_2)
                                                         window0[4] (net)
                      0.076441    0.000000    0.680610 ^ _1018_/A0 (sky130_fd_sc_hd__mux2_1)
     1    0.001853    0.063406    0.202972    0.883582 ^ _1018_/X (sky130_fd_sc_hd__mux2_1)
                                                         _0200_ (net)
                      0.063406    0.000000    0.883582 ^ _1220_/D (sky130_fd_sc_hd__dfrtp_2)
                                              0.883582   data arrival time

                      0.150000    0.000000    0.000000   clock clk (rise edge)
                                  0.000000    0.000000   clock network delay (ideal)
                                  0.250000    0.250000   clock uncertainty
                                  0.000000    0.250000   clock reconvergence pessimism
                                              0.250000 ^ _1220_/CLK (sky130_fd_sc_hd__dfrtp_2)
                                 -0.062273    0.187727   library hold time
                                              0.187727   data required time
---------------------------------------------------------------------------------------------
                                              0.187727   data required time
                                             -0.883582   data arrival time
---------------------------------------------------------------------------------------------
                                              0.695855   slack (MET)


Startpoint: _1221_ (rising edge-triggered flip-flop clocked by clk)
Endpoint: _1221_ (rising edge-triggered flip-flop clocked by clk)
Path Group: clk
Path Type: min

Fanout         Cap        Slew       Delay        Time   Description
---------------------------------------------------------------------------------------------
                      0.150000    0.000000    0.000000   clock clk (rise edge)
                                  0.000000    0.000000   clock network delay (ideal)
                      0.150000    0.000000    0.000000 ^ _1221_/CLK (sky130_fd_sc_hd__dfrtp_2)
     2    0.003441    0.076441    0.680610    0.680610 ^ _1221_/Q (sky130_fd_sc_hd__dfrtp_2)
                                                         window0[5] (net)
                      0.076441    0.000000    0.680610 ^ _1019_/A0 (sky130_fd_sc_hd__mux2_1)
     1    0.001853    0.063406    0.202972    0.883582 ^ _1019_/X (sky130_fd_sc_hd__mux2_1)
                                                         _0201_ (net)
                      0.063406    0.000000    0.883582 ^ _1221_/D (sky130_fd_sc_hd__dfrtp_2)
                                              0.883582   data arrival time

                      0.150000    0.000000    0.000000   clock clk (rise edge)
                                  0.000000    0.000000   clock network delay (ideal)
                                  0.250000    0.250000   clock uncertainty
                                  0.000000    0.250000   clock reconvergence pessimism
                                              0.250000 ^ _1221_/CLK (sky130_fd_sc_hd__dfrtp_2)
                                 -0.062273    0.187727   library hold time
                                              0.187727   data required time
---------------------------------------------------------------------------------------------
                                              0.187727   data required time
                                             -0.883582   data arrival time
---------------------------------------------------------------------------------------------
                                              0.695855   slack (MET)


Startpoint: _1076_ (rising edge-triggered flip-flop clocked by clk)
Endpoint: _1076_ (rising edge-triggered flip-flop clocked by clk)
Path Group: clk
Path Type: min

Fanout         Cap        Slew       Delay        Time   Description
---------------------------------------------------------------------------------------------
                      0.150000    0.000000    0.000000   clock clk (rise edge)
                                  0.000000    0.000000   clock network delay (ideal)
                      0.150000    0.000000    0.000000 ^ _1076_/CLK (sky130_fd_sc_hd__dfrtp_2)
     2    0.003308    0.075432    0.679349    0.679349 ^ _1076_/Q (sky130_fd_sc_hd__dfrtp_2)
                                                         coeff6[6] (net)
                      0.075432    0.000000    0.679349 ^ _0599_/A1 (sky130_fd_sc_hd__mux2_1)
     1    0.001853    0.063027    0.208261    0.887610 ^ _0599_/X (sky130_fd_sc_hd__mux2_1)
                                                         _0063_ (net)
                      0.063027    0.000000    0.887610 ^ _1076_/D (sky130_fd_sc_hd__dfrtp_2)
                                              0.887610   data arrival time

                      0.150000    0.000000    0.000000   clock clk (rise edge)
                                  0.000000    0.000000   clock network delay (ideal)
                                  0.250000    0.250000   clock uncertainty
                                  0.000000    0.250000   clock reconvergence pessimism
                                              0.250000 ^ _1076_/CLK (sky130_fd_sc_hd__dfrtp_2)
                                 -0.062187    0.187813   library hold time
                                              0.187813   data required time
---------------------------------------------------------------------------------------------
                                              0.187813   data required time
                                             -0.887610   data arrival time
---------------------------------------------------------------------------------------------
                                              0.699797   slack (MET)


Startpoint: _1073_ (rising edge-triggered flip-flop clocked by clk)
Endpoint: _1073_ (rising edge-triggered flip-flop clocked by clk)
Path Group: clk
Path Type: min

Fanout         Cap        Slew       Delay        Time   Description
---------------------------------------------------------------------------------------------
                      0.150000    0.000000    0.000000   clock clk (rise edge)
                                  0.000000    0.000000   clock network delay (ideal)
                      0.150000    0.000000    0.000000 ^ _1073_/CLK (sky130_fd_sc_hd__dfrtp_2)
     2    0.003417    0.076259    0.680383    0.680383 ^ _1073_/Q (sky130_fd_sc_hd__dfrtp_2)
                                                         coeff6[3] (net)
                      0.076259    0.000000    0.680383 ^ _0596_/A1 (sky130_fd_sc_hd__mux2_1)
     1    0.001853    0.063027    0.208592    0.888975 ^ _0596_/X (sky130_fd_sc_hd__mux2_1)
                                                         _0060_ (net)
                      0.063027    0.000000    0.888975 ^ _1073_/D (sky130_fd_sc_hd__dfrtp_2)
                                              0.888975   data arrival time

                      0.150000    0.000000    0.000000   clock clk (rise edge)
                                  0.000000    0.000000   clock network delay (ideal)
                                  0.250000    0.250000   clock uncertainty
                                  0.000000    0.250000   clock reconvergence pessimism
                                              0.250000 ^ _1073_/CLK (sky130_fd_sc_hd__dfrtp_2)
                                 -0.062187    0.187813   library hold time
                                              0.187813   data required time
---------------------------------------------------------------------------------------------
                                              0.187813   data required time
                                             -0.888975   data arrival time
---------------------------------------------------------------------------------------------
                                              0.701162   slack (MET)


Startpoint: _1074_ (rising edge-triggered flip-flop clocked by clk)
Endpoint: _1074_ (rising edge-triggered flip-flop clocked by clk)
Path Group: clk
Path Type: min

Fanout         Cap        Slew       Delay        Time   Description
---------------------------------------------------------------------------------------------
                      0.150000    0.000000    0.000000   clock clk (rise edge)
                                  0.000000    0.000000   clock network delay (ideal)
                      0.150000    0.000000    0.000000 ^ _1074_/CLK (sky130_fd_sc_hd__dfrtp_2)
     2    0.003417    0.076259    0.680383    0.680383 ^ _1074_/Q (sky130_fd_sc_hd__dfrtp_2)
                                                         coeff6[4] (net)
                      0.076259    0.000000    0.680383 ^ _0597_/A1 (sky130_fd_sc_hd__mux2_1)
     1    0.001853    0.063027    0.208592    0.888975 ^ _0597_/X (sky130_fd_sc_hd__mux2_1)
                                                         _0061_ (net)
                      0.063027    0.000000    0.888975 ^ _1074_/D (sky130_fd_sc_hd__dfrtp_2)
                                              0.888975   data arrival time

                      0.150000    0.000000    0.000000   clock clk (rise edge)
                                  0.000000    0.000000   clock network delay (ideal)
                                  0.250000    0.250000   clock uncertainty
                                  0.000000    0.250000   clock reconvergence pessimism
                                              0.250000 ^ _1074_/CLK (sky130_fd_sc_hd__dfrtp_2)
                                 -0.062187    0.187813   library hold time
                                              0.187813   data required time
---------------------------------------------------------------------------------------------
                                              0.187813   data required time
                                             -0.888975   data arrival time
---------------------------------------------------------------------------------------------
                                              0.701162   slack (MET)


Startpoint: _1166_ (rising edge-triggered flip-flop clocked by clk)
Endpoint: _1166_ (rising edge-triggered flip-flop clocked by clk)
Path Group: clk
Path Type: min

Fanout         Cap        Slew       Delay        Time   Description
---------------------------------------------------------------------------------------------
                      0.150000    0.000000    0.000000   clock clk (rise edge)
                                  0.000000    0.000000   clock network delay (ideal)
                      0.150000    0.000000    0.000000 ^ _1166_/CLK (sky130_fd_sc_hd__dfrtp_2)
     2    0.003441    0.076441    0.680610    0.680610 ^ _1166_/Q (sky130_fd_sc_hd__dfrtp_2)
                                                         add_stage1.a[0] (net)
                      0.076441    0.000000    0.680610 ^ _0934_/A1 (sky130_fd_sc_hd__mux2_1)
     1    0.001853    0.063035    0.208665    0.889276 ^ _0934_/X (sky130_fd_sc_hd__mux2_1)
                                                         _0153_ (net)
                      0.063035    0.000000    0.889276 ^ _1166_/D (sky130_fd_sc_hd__dfrtp_2)
                                              0.889276   data arrival time

                      0.150000    0.000000    0.000000   clock clk (rise edge)
                                  0.000000    0.000000   clock network delay (ideal)
                                  0.250000    0.250000   clock uncertainty
                                  0.000000    0.250000   clock reconvergence pessimism
                                              0.250000 ^ _1166_/CLK (sky130_fd_sc_hd__dfrtp_2)
                                 -0.062189    0.187811   library hold time
                                              0.187811   data required time
---------------------------------------------------------------------------------------------
                                              0.187811   data required time
                                             -0.889276   data arrival time
---------------------------------------------------------------------------------------------
                                              0.701465   slack (MET)


Startpoint: _1168_ (rising edge-triggered flip-flop clocked by clk)
Endpoint: _1168_ (rising edge-triggered flip-flop clocked by clk)
Path Group: clk
Path Type: min

Fanout         Cap        Slew       Delay        Time   Description
---------------------------------------------------------------------------------------------
                      0.150000    0.000000    0.000000   clock clk (rise edge)
                                  0.000000    0.000000   clock network delay (ideal)
                      0.150000    0.000000    0.000000 ^ _1168_/CLK (sky130_fd_sc_hd__dfrtp_2)
     2    0.003441    0.076441    0.680610    0.680610 ^ _1168_/Q (sky130_fd_sc_hd__dfrtp_2)
                                                         add_stage1.a[2] (net)
                      0.076441    0.000000    0.680610 ^ _0947_/A1 (sky130_fd_sc_hd__mux2_1)
     1    0.001853    0.063035    0.208665    0.889276 ^ _0947_/X (sky130_fd_sc_hd__mux2_1)
                                                         _0155_ (net)
                      0.063035    0.000000    0.889276 ^ _1168_/D (sky130_fd_sc_hd__dfrtp_2)
                                              0.889276   data arrival time

                      0.150000    0.000000    0.000000   clock clk (rise edge)
                                  0.000000    0.000000   clock network delay (ideal)
                                  0.250000    0.250000   clock uncertainty
                                  0.000000    0.250000   clock reconvergence pessimism
                                              0.250000 ^ _1168_/CLK (sky130_fd_sc_hd__dfrtp_2)
                                 -0.062189    0.187811   library hold time
                                              0.187811   data required time
---------------------------------------------------------------------------------------------
                                              0.187811   data required time
                                             -0.889276   data arrival time
---------------------------------------------------------------------------------------------
                                              0.701465   slack (MET)


Startpoint: _1170_ (rising edge-triggered flip-flop clocked by clk)
Endpoint: _1170_ (rising edge-triggered flip-flop clocked by clk)
Path Group: clk
Path Type: min

Fanout         Cap        Slew       Delay        Time   Description
---------------------------------------------------------------------------------------------
                      0.150000    0.000000    0.000000   clock clk (rise edge)
                                  0.000000    0.000000   clock network delay (ideal)
                      0.150000    0.000000    0.000000 ^ _1170_/CLK (sky130_fd_sc_hd__dfrtp_2)
     2    0.003441    0.076441    0.680610    0.680610 ^ _1170_/Q (sky130_fd_sc_hd__dfrtp_2)
                                                         add_stage1.a[4] (net)
                      0.076441    0.000000    0.680610 ^ _0958_/A1 (sky130_fd_sc_hd__mux2_1)
     1    0.001853    0.063035    0.208665    0.889276 ^ _0958_/X (sky130_fd_sc_hd__mux2_1)
                                                         _0157_ (net)
                      0.063035    0.000000    0.889276 ^ _1170_/D (sky130_fd_sc_hd__dfrtp_2)
                                              0.889276   data arrival time

                      0.150000    0.000000    0.000000   clock clk (rise edge)
                                  0.000000    0.000000   clock network delay (ideal)
                                  0.250000    0.250000   clock uncertainty
                                  0.000000    0.250000   clock reconvergence pessimism
                                              0.250000 ^ _1170_/CLK (sky130_fd_sc_hd__dfrtp_2)
                                 -0.062189    0.187811   library hold time
                                              0.187811   data required time
---------------------------------------------------------------------------------------------
                                              0.187811   data required time
                                             -0.889276   data arrival time
---------------------------------------------------------------------------------------------
                                              0.701465   slack (MET)


Startpoint: _1171_ (rising edge-triggered flip-flop clocked by clk)
Endpoint: _1171_ (rising edge-triggered flip-flop clocked by clk)
Path Group: clk
Path Type: min

Fanout         Cap        Slew       Delay        Time   Description
---------------------------------------------------------------------------------------------
                      0.150000    0.000000    0.000000   clock clk (rise edge)
                                  0.000000    0.000000   clock network delay (ideal)
                      0.150000    0.000000    0.000000 ^ _1171_/CLK (sky130_fd_sc_hd__dfrtp_2)
     2    0.003441    0.076441    0.680610    0.680610 ^ _1171_/Q (sky130_fd_sc_hd__dfrtp_2)
                                                         add_stage1.a[5] (net)
                      0.076441    0.000000    0.680610 ^ _0964_/A1 (sky130_fd_sc_hd__mux2_1)
     1    0.001853    0.063035    0.208665    0.889276 ^ _0964_/X (sky130_fd_sc_hd__mux2_1)
                                                         _0158_ (net)
                      0.063035    0.000000    0.889276 ^ _1171_/D (sky130_fd_sc_hd__dfrtp_2)
                                              0.889276   data arrival time

                      0.150000    0.000000    0.000000   clock clk (rise edge)
                                  0.000000    0.000000   clock network delay (ideal)
                                  0.250000    0.250000   clock uncertainty
                                  0.000000    0.250000   clock reconvergence pessimism
                                              0.250000 ^ _1171_/CLK (sky130_fd_sc_hd__dfrtp_2)
                                 -0.062189    0.187811   library hold time
                                              0.187811   data required time
---------------------------------------------------------------------------------------------
                                              0.187811   data required time
                                             -0.889276   data arrival time
---------------------------------------------------------------------------------------------
                                              0.701465   slack (MET)


Startpoint: _1172_ (rising edge-triggered flip-flop clocked by clk)
Endpoint: _1172_ (rising edge-triggered flip-flop clocked by clk)
Path Group: clk
Path Type: min

Fanout         Cap        Slew       Delay        Time   Description
---------------------------------------------------------------------------------------------
                      0.150000    0.000000    0.000000   clock clk (rise edge)
                                  0.000000    0.000000   clock network delay (ideal)
                      0.150000    0.000000    0.000000 ^ _1172_/CLK (sky130_fd_sc_hd__dfrtp_2)
     2    0.003441    0.076441    0.680610    0.680610 ^ _1172_/Q (sky130_fd_sc_hd__dfrtp_2)
                                                         add_stage1.a[6] (net)
                      0.076441    0.000000    0.680610 ^ _0970_/A1 (sky130_fd_sc_hd__mux2_1)
     1    0.001853    0.063035    0.208665    0.889276 ^ _0970_/X (sky130_fd_sc_hd__mux2_1)
                                                         _0159_ (net)
                      0.063035    0.000000    0.889276 ^ _1172_/D (sky130_fd_sc_hd__dfrtp_2)
                                              0.889276   data arrival time

                      0.150000    0.000000    0.000000   clock clk (rise edge)
                                  0.000000    0.000000   clock network delay (ideal)
                                  0.250000    0.250000   clock uncertainty
                                  0.000000    0.250000   clock reconvergence pessimism
                                              0.250000 ^ _1172_/CLK (sky130_fd_sc_hd__dfrtp_2)
                                 -0.062189    0.187811   library hold time
                                              0.187811   data required time
---------------------------------------------------------------------------------------------
                                              0.187811   data required time
                                             -0.889276   data arrival time
---------------------------------------------------------------------------------------------
                                              0.701465   slack (MET)


Startpoint: _1173_ (rising edge-triggered flip-flop clocked by clk)
Endpoint: _1173_ (rising edge-triggered flip-flop clocked by clk)
Path Group: clk
Path Type: min

Fanout         Cap        Slew       Delay        Time   Description
---------------------------------------------------------------------------------------------
                      0.150000    0.000000    0.000000   clock clk (rise edge)
                                  0.000000    0.000000   clock network delay (ideal)
                      0.150000    0.000000    0.000000 ^ _1173_/CLK (sky130_fd_sc_hd__dfrtp_2)
     2    0.003441    0.076441    0.680610    0.680610 ^ _1173_/Q (sky130_fd_sc_hd__dfrtp_2)
                                                         add_stage1.a[7] (net)
                      0.076441    0.000000    0.680610 ^ _0974_/A1 (sky130_fd_sc_hd__mux2_1)
     1    0.001853    0.063035    0.208665    0.889276 ^ _0974_/X (sky130_fd_sc_hd__mux2_1)
                                                         _0160_ (net)
                      0.063035    0.000000    0.889276 ^ _1173_/D (sky130_fd_sc_hd__dfrtp_2)
                                              0.889276   data arrival time

                      0.150000    0.000000    0.000000   clock clk (rise edge)
                                  0.000000    0.000000   clock network delay (ideal)
                                  0.250000    0.250000   clock uncertainty
                                  0.000000    0.250000   clock reconvergence pessimism
                                              0.250000 ^ _1173_/CLK (sky130_fd_sc_hd__dfrtp_2)
                                 -0.062189    0.187811   library hold time
                                              0.187811   data required time
---------------------------------------------------------------------------------------------
                                              0.187811   data required time
                                             -0.889276   data arrival time
---------------------------------------------------------------------------------------------
                                              0.701465   slack (MET)


Startpoint: _1175_ (rising edge-triggered flip-flop clocked by clk)
Endpoint: _1175_ (rising edge-triggered flip-flop clocked by clk)
Path Group: clk
Path Type: min

Fanout         Cap        Slew       Delay        Time   Description
---------------------------------------------------------------------------------------------
                      0.150000    0.000000    0.000000   clock clk (rise edge)
                                  0.000000    0.000000   clock network delay (ideal)
                      0.150000    0.000000    0.000000 ^ _1175_/CLK (sky130_fd_sc_hd__dfrtp_2)
     2    0.003441    0.076441    0.680610    0.680610 ^ _1175_/Q (sky130_fd_sc_hd__dfrtp_2)
                                                         add_stage2.a[1] (net)
                      0.076441    0.000000    0.680610 ^ _0976_/A1 (sky130_fd_sc_hd__mux2_1)
     1    0.001853    0.063038    0.208665    0.889276 ^ _0976_/X (sky130_fd_sc_hd__mux2_1)
                                                         _0162_ (net)
                      0.063038    0.000000    0.889276 ^ _1175_/D (sky130_fd_sc_hd__dfrtp_2)
                                              0.889276   data arrival time

                      0.150000    0.000000    0.000000   clock clk (rise edge)
                                  0.000000    0.000000   clock network delay (ideal)
                                  0.250000    0.250000   clock uncertainty
                                  0.000000    0.250000   clock reconvergence pessimism
                                              0.250000 ^ _1175_/CLK (sky130_fd_sc_hd__dfrtp_2)
                                 -0.062190    0.187810   library hold time
                                              0.187810   data required time
---------------------------------------------------------------------------------------------
                                              0.187810   data required time
                                             -0.889276   data arrival time
---------------------------------------------------------------------------------------------
                                              0.701465   slack (MET)


Startpoint: _1065_ (rising edge-triggered flip-flop clocked by clk)
Endpoint: _1065_ (rising edge-triggered flip-flop clocked by clk)
Path Group: clk
Path Type: min

Fanout         Cap        Slew       Delay        Time   Description
---------------------------------------------------------------------------------------------
                      0.150000    0.000000    0.000000   clock clk (rise edge)
                                  0.000000    0.000000   clock network delay (ideal)
                      0.150000    0.000000    0.000000 ^ _1065_/CLK (sky130_fd_sc_hd__dfrtp_2)
     2    0.003443    0.076456    0.680629    0.680629 ^ _1065_/Q (sky130_fd_sc_hd__dfrtp_2)
                                                         coeff5[3] (net)
                      0.076456    0.000000    0.680629 ^ _0587_/A1 (sky130_fd_sc_hd__mux2_1)
     1    0.001853    0.063027    0.208672    0.889301 ^ _0587_/X (sky130_fd_sc_hd__mux2_1)
                                                         _0052_ (net)
                      0.063027    0.000000    0.889301 ^ _1065_/D (sky130_fd_sc_hd__dfrtp_2)
                                              0.889301   data arrival time

                      0.150000    0.000000    0.000000   clock clk (rise edge)
                                  0.000000    0.000000   clock network delay (ideal)
                                  0.250000    0.250000   clock uncertainty
                                  0.000000    0.250000   clock reconvergence pessimism
                                              0.250000 ^ _1065_/CLK (sky130_fd_sc_hd__dfrtp_2)
                                 -0.062187    0.187813   library hold time
                                              0.187813   data required time
---------------------------------------------------------------------------------------------
                                              0.187813   data required time
                                             -0.889301   data arrival time
---------------------------------------------------------------------------------------------
                                              0.701488   slack (MET)


Startpoint: _1216_ (rising edge-triggered flip-flop clocked by clk)
Endpoint: _1086_ (rising edge-triggered flip-flop clocked by clk)
Path Group: clk
Path Type: min

Fanout         Cap        Slew       Delay        Time   Description
---------------------------------------------------------------------------------------------
                      0.150000    0.000000    0.000000   clock clk (rise edge)
                                  0.000000    0.000000   clock network delay (ideal)
                      0.150000    0.000000    0.000000 ^ _1216_/CLK (sky130_fd_sc_hd__dfrtp_2)
     2    0.003441    0.076441    0.680610    0.680610 ^ _1216_/Q (sky130_fd_sc_hd__dfrtp_2)
                                                         window0[0] (net)
                      0.076441    0.000000    0.680610 ^ _0610_/A1 (sky130_fd_sc_hd__mux2_1)
     1    0.001853    0.063406    0.208665    0.889276 ^ _0610_/X (sky130_fd_sc_hd__mux2_1)
                                                         _0073_ (net)
                      0.063406    0.000000    0.889276 ^ _1086_/D (sky130_fd_sc_hd__dfrtp_2)
                                              0.889276   data arrival time

                      0.150000    0.000000    0.000000   clock clk (rise edge)
                                  0.000000    0.000000   clock network delay (ideal)
                                  0.250000    0.250000   clock uncertainty
                                  0.000000    0.250000   clock reconvergence pessimism
                                              0.250000 ^ _1086_/CLK (sky130_fd_sc_hd__dfrtp_2)
                                 -0.062273    0.187727   library hold time
                                              0.187727   data required time
---------------------------------------------------------------------------------------------
                                              0.187727   data required time
                                             -0.889276   data arrival time
---------------------------------------------------------------------------------------------
                                              0.701549   slack (MET)


Startpoint: _1217_ (rising edge-triggered flip-flop clocked by clk)
Endpoint: _1087_ (rising edge-triggered flip-flop clocked by clk)
Path Group: clk
Path Type: min

Fanout         Cap        Slew       Delay        Time   Description
---------------------------------------------------------------------------------------------
                      0.150000    0.000000    0.000000   clock clk (rise edge)
                                  0.000000    0.000000   clock network delay (ideal)
                      0.150000    0.000000    0.000000 ^ _1217_/CLK (sky130_fd_sc_hd__dfrtp_2)
     2    0.003441    0.076441    0.680610    0.680610 ^ _1217_/Q (sky130_fd_sc_hd__dfrtp_2)
                                                         window0[1] (net)
                      0.076441    0.000000    0.680610 ^ _0611_/A1 (sky130_fd_sc_hd__mux2_1)
     1    0.001853    0.063406    0.208665    0.889276 ^ _0611_/X (sky130_fd_sc_hd__mux2_1)
                                                         _0074_ (net)
                      0.063406    0.000000    0.889276 ^ _1087_/D (sky130_fd_sc_hd__dfrtp_2)
                                              0.889276   data arrival time

                      0.150000    0.000000    0.000000   clock clk (rise edge)
                                  0.000000    0.000000   clock network delay (ideal)
                                  0.250000    0.250000   clock uncertainty
                                  0.000000    0.250000   clock reconvergence pessimism
                                              0.250000 ^ _1087_/CLK (sky130_fd_sc_hd__dfrtp_2)
                                 -0.062273    0.187727   library hold time
                                              0.187727   data required time
---------------------------------------------------------------------------------------------
                                              0.187727   data required time
                                             -0.889276   data arrival time
---------------------------------------------------------------------------------------------
                                              0.701549   slack (MET)


Startpoint: _1218_ (rising edge-triggered flip-flop clocked by clk)
Endpoint: _1088_ (rising edge-triggered flip-flop clocked by clk)
Path Group: clk
Path Type: min

Fanout         Cap        Slew       Delay        Time   Description
---------------------------------------------------------------------------------------------
                      0.150000    0.000000    0.000000   clock clk (rise edge)
                                  0.000000    0.000000   clock network delay (ideal)
                      0.150000    0.000000    0.000000 ^ _1218_/CLK (sky130_fd_sc_hd__dfrtp_2)
     2    0.003441    0.076441    0.680610    0.680610 ^ _1218_/Q (sky130_fd_sc_hd__dfrtp_2)
                                                         window0[2] (net)
                      0.076441    0.000000    0.680610 ^ _0612_/A1 (sky130_fd_sc_hd__mux2_1)
     1    0.001853    0.063406    0.208665    0.889276 ^ _0612_/X (sky130_fd_sc_hd__mux2_1)
                                                         _0075_ (net)
                      0.063406    0.000000    0.889276 ^ _1088_/D (sky130_fd_sc_hd__dfrtp_2)
                                              0.889276   data arrival time

                      0.150000    0.000000    0.000000   clock clk (rise edge)
                                  0.000000    0.000000   clock network delay (ideal)
                                  0.250000    0.250000   clock uncertainty
                                  0.000000    0.250000   clock reconvergence pessimism
                                              0.250000 ^ _1088_/CLK (sky130_fd_sc_hd__dfrtp_2)
                                 -0.062273    0.187727   library hold time
                                              0.187727   data required time
---------------------------------------------------------------------------------------------
                                              0.187727   data required time
                                             -0.889276   data arrival time
---------------------------------------------------------------------------------------------
                                              0.701549   slack (MET)


Startpoint: _1219_ (rising edge-triggered flip-flop clocked by clk)
Endpoint: _1089_ (rising edge-triggered flip-flop clocked by clk)
Path Group: clk
Path Type: min

Fanout         Cap        Slew       Delay        Time   Description
---------------------------------------------------------------------------------------------
                      0.150000    0.000000    0.000000   clock clk (rise edge)
                                  0.000000    0.000000   clock network delay (ideal)
                      0.150000    0.000000    0.000000 ^ _1219_/CLK (sky130_fd_sc_hd__dfrtp_2)
     2    0.003441    0.076441    0.680610    0.680610 ^ _1219_/Q (sky130_fd_sc_hd__dfrtp_2)
                                                         window0[3] (net)
                      0.076441    0.000000    0.680610 ^ _0613_/A1 (sky130_fd_sc_hd__mux2_1)
     1    0.001853    0.063406    0.208665    0.889276 ^ _0613_/X (sky130_fd_sc_hd__mux2_1)
                                                         _0076_ (net)
                      0.063406    0.000000    0.889276 ^ _1089_/D (sky130_fd_sc_hd__dfrtp_2)
                                              0.889276   data arrival time

                      0.150000    0.000000    0.000000   clock clk (rise edge)
                                  0.000000    0.000000   clock network delay (ideal)
                                  0.250000    0.250000   clock uncertainty
                                  0.000000    0.250000   clock reconvergence pessimism
                                              0.250000 ^ _1089_/CLK (sky130_fd_sc_hd__dfrtp_2)
                                 -0.062273    0.187727   library hold time
                                              0.187727   data required time
---------------------------------------------------------------------------------------------
                                              0.187727   data required time
                                             -0.889276   data arrival time
---------------------------------------------------------------------------------------------
                                              0.701549   slack (MET)


Startpoint: _1220_ (rising edge-triggered flip-flop clocked by clk)
Endpoint: _1090_ (rising edge-triggered flip-flop clocked by clk)
Path Group: clk
Path Type: min

Fanout         Cap        Slew       Delay        Time   Description
---------------------------------------------------------------------------------------------
                      0.150000    0.000000    0.000000   clock clk (rise edge)
                                  0.000000    0.000000   clock network delay (ideal)
                      0.150000    0.000000    0.000000 ^ _1220_/CLK (sky130_fd_sc_hd__dfrtp_2)
     2    0.003441    0.076441    0.680610    0.680610 ^ _1220_/Q (sky130_fd_sc_hd__dfrtp_2)
                                                         window0[4] (net)
                      0.076441    0.000000    0.680610 ^ _0614_/A1 (sky130_fd_sc_hd__mux2_1)
     1    0.001853    0.063406    0.208665    0.889276 ^ _0614_/X (sky130_fd_sc_hd__mux2_1)
                                                         _0077_ (net)
                      0.063406    0.000000    0.889276 ^ _1090_/D (sky130_fd_sc_hd__dfrtp_2)
                                              0.889276   data arrival time

                      0.150000    0.000000    0.000000   clock clk (rise edge)
                                  0.000000    0.000000   clock network delay (ideal)
                                  0.250000    0.250000   clock uncertainty
                                  0.000000    0.250000   clock reconvergence pessimism
                                              0.250000 ^ _1090_/CLK (sky130_fd_sc_hd__dfrtp_2)
                                 -0.062273    0.187727   library hold time
                                              0.187727   data required time
---------------------------------------------------------------------------------------------
                                              0.187727   data required time
                                             -0.889276   data arrival time
---------------------------------------------------------------------------------------------
                                              0.701549   slack (MET)


Startpoint: _1221_ (rising edge-triggered flip-flop clocked by clk)
Endpoint: _1091_ (rising edge-triggered flip-flop clocked by clk)
Path Group: clk
Path Type: min

Fanout         Cap        Slew       Delay        Time   Description
---------------------------------------------------------------------------------------------
                      0.150000    0.000000    0.000000   clock clk (rise edge)
                                  0.000000    0.000000   clock network delay (ideal)
                      0.150000    0.000000    0.000000 ^ _1221_/CLK (sky130_fd_sc_hd__dfrtp_2)
     2    0.003441    0.076441    0.680610    0.680610 ^ _1221_/Q (sky130_fd_sc_hd__dfrtp_2)
                                                         window0[5] (net)
                      0.076441    0.000000    0.680610 ^ _0615_/A1 (sky130_fd_sc_hd__mux2_1)
     1    0.001853    0.063406    0.208665    0.889276 ^ _0615_/X (sky130_fd_sc_hd__mux2_1)
                                                         _0078_ (net)
                      0.063406    0.000000    0.889276 ^ _1091_/D (sky130_fd_sc_hd__dfrtp_2)
                                              0.889276   data arrival time

                      0.150000    0.000000    0.000000   clock clk (rise edge)
                                  0.000000    0.000000   clock network delay (ideal)
                                  0.250000    0.250000   clock uncertainty
                                  0.000000    0.250000   clock reconvergence pessimism
                                              0.250000 ^ _1091_/CLK (sky130_fd_sc_hd__dfrtp_2)
                                 -0.062273    0.187727   library hold time
                                              0.187727   data required time
---------------------------------------------------------------------------------------------
                                              0.187727   data required time
                                             -0.889276   data arrival time
---------------------------------------------------------------------------------------------
                                              0.701549   slack (MET)


Startpoint: _1020_ (rising edge-triggered flip-flop clocked by clk)
Endpoint: _1092_ (rising edge-triggered flip-flop clocked by clk)
Path Group: clk
Path Type: min

Fanout         Cap        Slew       Delay        Time   Description
---------------------------------------------------------------------------------------------
                      0.150000    0.000000    0.000000   clock clk (rise edge)
                                  0.000000    0.000000   clock network delay (ideal)
                      0.150000    0.000000    0.000000 ^ _1020_/CLK (sky130_fd_sc_hd__dfrtp_2)
     2    0.003441    0.076441    0.680610    0.680610 ^ _1020_/Q (sky130_fd_sc_hd__dfrtp_2)
                                                         window0[6] (net)
                      0.076441    0.000000    0.680610 ^ _0616_/A1 (sky130_fd_sc_hd__mux2_1)
     1    0.001853    0.063406    0.208665    0.889276 ^ _0616_/X (sky130_fd_sc_hd__mux2_1)
                                                         _0079_ (net)
                      0.063406    0.000000    0.889276 ^ _1092_/D (sky130_fd_sc_hd__dfrtp_2)
                                              0.889276   data arrival time

                      0.150000    0.000000    0.000000   clock clk (rise edge)
                                  0.000000    0.000000   clock network delay (ideal)
                                  0.250000    0.250000   clock uncertainty
                                  0.000000    0.250000   clock reconvergence pessimism
                                              0.250000 ^ _1092_/CLK (sky130_fd_sc_hd__dfrtp_2)
                                 -0.062273    0.187727   library hold time
                                              0.187727   data required time
---------------------------------------------------------------------------------------------
                                              0.187727   data required time
                                             -0.889276   data arrival time
---------------------------------------------------------------------------------------------
                                              0.701549   slack (MET)


Startpoint: _1021_ (rising edge-triggered flip-flop clocked by clk)
Endpoint: _1093_ (rising edge-triggered flip-flop clocked by clk)
Path Group: clk
Path Type: min

Fanout         Cap        Slew       Delay        Time   Description
---------------------------------------------------------------------------------------------
                      0.150000    0.000000    0.000000   clock clk (rise edge)
                                  0.000000    0.000000   clock network delay (ideal)
                      0.150000    0.000000    0.000000 ^ _1021_/CLK (sky130_fd_sc_hd__dfrtp_2)
     2    0.003441    0.076441    0.680610    0.680610 ^ _1021_/Q (sky130_fd_sc_hd__dfrtp_2)
                                                         window0[7] (net)
                      0.076441    0.000000    0.680610 ^ _0617_/A1 (sky130_fd_sc_hd__mux2_1)
     1    0.001853    0.063406    0.208665    0.889276 ^ _0617_/X (sky130_fd_sc_hd__mux2_1)
                                                         _0080_ (net)
                      0.063406    0.000000    0.889276 ^ _1093_/D (sky130_fd_sc_hd__dfrtp_2)
                                              0.889276   data arrival time

                      0.150000    0.000000    0.000000   clock clk (rise edge)
                                  0.000000    0.000000   clock network delay (ideal)
                                  0.250000    0.250000   clock uncertainty
                                  0.000000    0.250000   clock reconvergence pessimism
                                              0.250000 ^ _1093_/CLK (sky130_fd_sc_hd__dfrtp_2)
                                 -0.062273    0.187727   library hold time
                                              0.187727   data required time
---------------------------------------------------------------------------------------------
                                              0.187727   data required time
                                             -0.889276   data arrival time
---------------------------------------------------------------------------------------------
                                              0.701549   slack (MET)


Startpoint: _1029_ (rising edge-triggered flip-flop clocked by clk)
Endpoint: _1029_ (rising edge-triggered flip-flop clocked by clk)
Path Group: clk
Path Type: min

Fanout         Cap        Slew       Delay        Time   Description
---------------------------------------------------------------------------------------------
                      0.150000    0.000000    0.000000   clock clk (rise edge)
                                  0.000000    0.000000   clock network delay (ideal)
                      0.150000    0.000000    0.000000 ^ _1029_/CLK (sky130_fd_sc_hd__dfrtp_2)
     2    0.003977    0.080503    0.685695    0.685695 ^ _1029_/Q (sky130_fd_sc_hd__dfrtp_2)
                                                         coeff0[7] (net)
                      0.080503    0.000000    0.685695 ^ _0544_/A0 (sky130_fd_sc_hd__mux2_1)
     1    0.001853    0.062958    0.204632    0.890327 ^ _0544_/X (sky130_fd_sc_hd__mux2_1)
                                                         _0016_ (net)
                      0.062958    0.000000    0.890327 ^ _1029_/D (sky130_fd_sc_hd__dfrtp_2)
                                              0.890327   data arrival time

                      0.150000    0.000000    0.000000   clock clk (rise edge)
                                  0.000000    0.000000   clock network delay (ideal)
                                  0.250000    0.250000   clock uncertainty
                                  0.000000    0.250000   clock reconvergence pessimism
                                              0.250000 ^ _1029_/CLK (sky130_fd_sc_hd__dfrtp_2)
                                 -0.062171    0.187829   library hold time
                                              0.187829   data required time
---------------------------------------------------------------------------------------------
                                              0.187829   data required time
                                             -0.890327   data arrival time
---------------------------------------------------------------------------------------------
                                              0.702498   slack (MET)


Startpoint: _1040_ (rising edge-triggered flip-flop clocked by clk)
Endpoint: _1040_ (rising edge-triggered flip-flop clocked by clk)
Path Group: clk
Path Type: min

Fanout         Cap        Slew       Delay        Time   Description
---------------------------------------------------------------------------------------------
                      0.150000    0.000000    0.000000   clock clk (rise edge)
                                  0.000000    0.000000   clock network delay (ideal)
                      0.150000    0.000000    0.000000 ^ _1040_/CLK (sky130_fd_sc_hd__dfrtp_2)
     2    0.003977    0.080503    0.685695    0.685695 ^ _1040_/Q (sky130_fd_sc_hd__dfrtp_2)
                                                         coeff2[2] (net)
                      0.080503    0.000000    0.685695 ^ _0557_/A0 (sky130_fd_sc_hd__mux2_1)
     1    0.001853    0.062986    0.204632    0.890327 ^ _0557_/X (sky130_fd_sc_hd__mux2_1)
                                                         _0027_ (net)
                      0.062986    0.000000    0.890327 ^ _1040_/D (sky130_fd_sc_hd__dfrtp_2)
                                              0.890327   data arrival time

                      0.150000    0.000000    0.000000   clock clk (rise edge)
                                  0.000000    0.000000   clock network delay (ideal)
                                  0.250000    0.250000   clock uncertainty
                                  0.000000    0.250000   clock reconvergence pessimism
                                              0.250000 ^ _1040_/CLK (sky130_fd_sc_hd__dfrtp_2)
                                 -0.062178    0.187822   library hold time
                                              0.187822   data required time
---------------------------------------------------------------------------------------------
                                              0.187822   data required time
                                             -0.890327   data arrival time
---------------------------------------------------------------------------------------------
                                              0.702504   slack (MET)


Startpoint: _1043_ (rising edge-triggered flip-flop clocked by clk)
Endpoint: _1043_ (rising edge-triggered flip-flop clocked by clk)
Path Group: clk
Path Type: min

Fanout         Cap        Slew       Delay        Time   Description
---------------------------------------------------------------------------------------------
                      0.150000    0.000000    0.000000   clock clk (rise edge)
                                  0.000000    0.000000   clock network delay (ideal)
                      0.150000    0.000000    0.000000 ^ _1043_/CLK (sky130_fd_sc_hd__dfrtp_2)
     2    0.003977    0.080503    0.685695    0.685695 ^ _1043_/Q (sky130_fd_sc_hd__dfrtp_2)
                                                         coeff2[5] (net)
                      0.080503    0.000000    0.685695 ^ _0560_/A0 (sky130_fd_sc_hd__mux2_1)
     1    0.001853    0.062986    0.204632    0.890327 ^ _0560_/X (sky130_fd_sc_hd__mux2_1)
                                                         _0030_ (net)
                      0.062986    0.000000    0.890327 ^ _1043_/D (sky130_fd_sc_hd__dfrtp_2)
                                              0.890327   data arrival time

                      0.150000    0.000000    0.000000   clock clk (rise edge)
                                  0.000000    0.000000   clock network delay (ideal)
                                  0.250000    0.250000   clock uncertainty
                                  0.000000    0.250000   clock reconvergence pessimism
                                              0.250000 ^ _1043_/CLK (sky130_fd_sc_hd__dfrtp_2)
                                 -0.062178    0.187822   library hold time
                                              0.187822   data required time
---------------------------------------------------------------------------------------------
                                              0.187822   data required time
                                             -0.890327   data arrival time
---------------------------------------------------------------------------------------------
                                              0.702504   slack (MET)


Startpoint: _1046_ (rising edge-triggered flip-flop clocked by clk)
Endpoint: _1046_ (rising edge-triggered flip-flop clocked by clk)
Path Group: clk
Path Type: min

Fanout         Cap        Slew       Delay        Time   Description
---------------------------------------------------------------------------------------------
                      0.150000    0.000000    0.000000   clock clk (rise edge)
                                  0.000000    0.000000   clock network delay (ideal)
                      0.150000    0.000000    0.000000 ^ _1046_/CLK (sky130_fd_sc_hd__dfrtp_2)
     2    0.003977    0.080503    0.685695    0.685695 ^ _1046_/Q (sky130_fd_sc_hd__dfrtp_2)
                                                         coeff3[0] (net)
                      0.080503    0.000000    0.685695 ^ _0565_/A0 (sky130_fd_sc_hd__mux2_1)
     1    0.001853    0.062985    0.204632    0.890327 ^ _0565_/X (sky130_fd_sc_hd__mux2_1)
                                                         _0033_ (net)
                      0.062985    0.000000    0.890327 ^ _1046_/D (sky130_fd_sc_hd__dfrtp_2)
                                              0.890327   data arrival time

                      0.150000    0.000000    0.000000   clock clk (rise edge)
                                  0.000000    0.000000   clock network delay (ideal)
                                  0.250000    0.250000   clock uncertainty
                                  0.000000    0.250000   clock reconvergence pessimism
                                              0.250000 ^ _1046_/CLK (sky130_fd_sc_hd__dfrtp_2)
                                 -0.062178    0.187822   library hold time
                                              0.187822   data required time
---------------------------------------------------------------------------------------------
                                              0.187822   data required time
                                             -0.890327   data arrival time
---------------------------------------------------------------------------------------------
                                              0.702504   slack (MET)


Startpoint: _1051_ (rising edge-triggered flip-flop clocked by clk)
Endpoint: _1051_ (rising edge-triggered flip-flop clocked by clk)
Path Group: clk
Path Type: min

Fanout         Cap        Slew       Delay        Time   Description
---------------------------------------------------------------------------------------------
                      0.150000    0.000000    0.000000   clock clk (rise edge)
                                  0.000000    0.000000   clock network delay (ideal)
                      0.150000    0.000000    0.000000 ^ _1051_/CLK (sky130_fd_sc_hd__dfrtp_2)
     2    0.003977    0.080503    0.685695    0.685695 ^ _1051_/Q (sky130_fd_sc_hd__dfrtp_2)
                                                         coeff3[5] (net)
                      0.080503    0.000000    0.685695 ^ _0570_/A0 (sky130_fd_sc_hd__mux2_1)
     1    0.001853    0.062985    0.204632    0.890327 ^ _0570_/X (sky130_fd_sc_hd__mux2_1)
                                                         _0038_ (net)
                      0.062985    0.000000    0.890327 ^ _1051_/D (sky130_fd_sc_hd__dfrtp_2)
                                              0.890327   data arrival time

                      0.150000    0.000000    0.000000   clock clk (rise edge)
                                  0.000000    0.000000   clock network delay (ideal)
                                  0.250000    0.250000   clock uncertainty
                                  0.000000    0.250000   clock reconvergence pessimism
                                              0.250000 ^ _1051_/CLK (sky130_fd_sc_hd__dfrtp_2)
                                 -0.062178    0.187822   library hold time
                                              0.187822   data required time
---------------------------------------------------------------------------------------------
                                              0.187822   data required time
                                             -0.890327   data arrival time
---------------------------------------------------------------------------------------------
                                              0.702504   slack (MET)


Startpoint: _1052_ (rising edge-triggered flip-flop clocked by clk)
Endpoint: _1052_ (rising edge-triggered flip-flop clocked by clk)
Path Group: clk
Path Type: min

Fanout         Cap        Slew       Delay        Time   Description
---------------------------------------------------------------------------------------------
                      0.150000    0.000000    0.000000   clock clk (rise edge)
                                  0.000000    0.000000   clock network delay (ideal)
                      0.150000    0.000000    0.000000 ^ _1052_/CLK (sky130_fd_sc_hd__dfrtp_2)
     2    0.003977    0.080503    0.685695    0.685695 ^ _1052_/Q (sky130_fd_sc_hd__dfrtp_2)
                                                         coeff3[6] (net)
                      0.080503    0.000000    0.685695 ^ _0571_/A0 (sky130_fd_sc_hd__mux2_1)
     1    0.001853    0.062985    0.204632    0.890327 ^ _0571_/X (sky130_fd_sc_hd__mux2_1)
                                                         _0039_ (net)
                      0.062985    0.000000    0.890327 ^ _1052_/D (sky130_fd_sc_hd__dfrtp_2)
                                              0.890327   data arrival time

                      0.150000    0.000000    0.000000   clock clk (rise edge)
                                  0.000000    0.000000   clock network delay (ideal)
                                  0.250000    0.250000   clock uncertainty
                                  0.000000    0.250000   clock reconvergence pessimism
                                              0.250000 ^ _1052_/CLK (sky130_fd_sc_hd__dfrtp_2)
                                 -0.062178    0.187822   library hold time
                                              0.187822   data required time
---------------------------------------------------------------------------------------------
                                              0.187822   data required time
                                             -0.890327   data arrival time
---------------------------------------------------------------------------------------------
                                              0.702504   slack (MET)


Startpoint: _1053_ (rising edge-triggered flip-flop clocked by clk)
Endpoint: _1053_ (rising edge-triggered flip-flop clocked by clk)
Path Group: clk
Path Type: min

Fanout         Cap        Slew       Delay        Time   Description
---------------------------------------------------------------------------------------------
                      0.150000    0.000000    0.000000   clock clk (rise edge)
                                  0.000000    0.000000   clock network delay (ideal)
                      0.150000    0.000000    0.000000 ^ _1053_/CLK (sky130_fd_sc_hd__dfrtp_2)
     2    0.003977    0.080503    0.685695    0.685695 ^ _1053_/Q (sky130_fd_sc_hd__dfrtp_2)
                                                         coeff3[7] (net)
                      0.080503    0.000000    0.685695 ^ _0572_/A0 (sky130_fd_sc_hd__mux2_1)
     1    0.001853    0.062985    0.204632    0.890327 ^ _0572_/X (sky130_fd_sc_hd__mux2_1)
                                                         _0040_ (net)
                      0.062985    0.000000    0.890327 ^ _1053_/D (sky130_fd_sc_hd__dfrtp_2)
                                              0.890327   data arrival time

                      0.150000    0.000000    0.000000   clock clk (rise edge)
                                  0.000000    0.000000   clock network delay (ideal)
                                  0.250000    0.250000   clock uncertainty
                                  0.000000    0.250000   clock reconvergence pessimism
                                              0.250000 ^ _1053_/CLK (sky130_fd_sc_hd__dfrtp_2)
                                 -0.062178    0.187822   library hold time
                                              0.187822   data required time
---------------------------------------------------------------------------------------------
                                              0.187822   data required time
                                             -0.890327   data arrival time
---------------------------------------------------------------------------------------------
                                              0.702504   slack (MET)


Startpoint: _1037_ (rising edge-triggered flip-flop clocked by clk)
Endpoint: _1037_ (rising edge-triggered flip-flop clocked by clk)
Path Group: clk
Path Type: min

Fanout         Cap        Slew       Delay        Time   Description
---------------------------------------------------------------------------------------------
                      0.150000    0.000000    0.000000   clock clk (rise edge)
                                  0.000000    0.000000   clock network delay (ideal)
                      0.150000    0.000000    0.000000 ^ _1037_/CLK (sky130_fd_sc_hd__dfrtp_2)
     2    0.003983    0.080549    0.685752    0.685752 ^ _1037_/Q (sky130_fd_sc_hd__dfrtp_2)
                                                         coeff1[7] (net)
                      0.080549    0.000000    0.685752 ^ _0553_/A0 (sky130_fd_sc_hd__mux2_1)
     1    0.001853    0.062986    0.204650    0.890402 ^ _0553_/X (sky130_fd_sc_hd__mux2_1)
                                                         _0024_ (net)
                      0.062986    0.000000    0.890402 ^ _1037_/D (sky130_fd_sc_hd__dfrtp_2)
                                              0.890402   data arrival time

                      0.150000    0.000000    0.000000   clock clk (rise edge)
                                  0.000000    0.000000   clock network delay (ideal)
                                  0.250000    0.250000   clock uncertainty
                                  0.000000    0.250000   clock reconvergence pessimism
                                              0.250000 ^ _1037_/CLK (sky130_fd_sc_hd__dfrtp_2)
                                 -0.062178    0.187822   library hold time
                                              0.187822   data required time
---------------------------------------------------------------------------------------------
                                              0.187822   data required time
                                             -0.890402   data arrival time
---------------------------------------------------------------------------------------------
                                              0.702580   slack (MET)


Startpoint: _1147_ (rising edge-triggered flip-flop clocked by clk)
Endpoint: _1147_ (rising edge-triggered flip-flop clocked by clk)
Path Group: clk
Path Type: min

Fanout         Cap        Slew       Delay        Time   Description
---------------------------------------------------------------------------------------------
                      0.150000    0.000000    0.000000   clock clk (rise edge)
                                  0.000000    0.000000   clock network delay (ideal)
                      0.150000    0.000000    0.000000 ^ _1147_/CLK (sky130_fd_sc_hd__dfrtp_2)
     2    0.003985    0.080564    0.685771    0.685771 ^ _1147_/Q (sky130_fd_sc_hd__dfrtp_2)
                                                         snapshot7[5] (net)
                      0.080564    0.000000    0.685771 ^ _0671_/A0 (sky130_fd_sc_hd__mux2_1)
     1    0.001853    0.063406    0.204656    0.890427 ^ _0671_/X (sky130_fd_sc_hd__mux2_1)
                                                         _0134_ (net)
                      0.063406    0.000000    0.890427 ^ _1147_/D (sky130_fd_sc_hd__dfrtp_2)
                                              0.890427   data arrival time

                      0.150000    0.000000    0.000000   clock clk (rise edge)
                                  0.000000    0.000000   clock network delay (ideal)
                                  0.250000    0.250000   clock uncertainty
                                  0.000000    0.250000   clock reconvergence pessimism
                                              0.250000 ^ _1147_/CLK (sky130_fd_sc_hd__dfrtp_2)
                                 -0.062273    0.187727   library hold time
                                              0.187727   data required time
---------------------------------------------------------------------------------------------
                                              0.187727   data required time
                                             -0.890427   data arrival time
---------------------------------------------------------------------------------------------
                                              0.702700   slack (MET)


Startpoint: _1148_ (rising edge-triggered flip-flop clocked by clk)
Endpoint: _1148_ (rising edge-triggered flip-flop clocked by clk)
Path Group: clk
Path Type: min

Fanout         Cap        Slew       Delay        Time   Description
---------------------------------------------------------------------------------------------
                      0.150000    0.000000    0.000000   clock clk (rise edge)
                                  0.000000    0.000000   clock network delay (ideal)
                      0.150000    0.000000    0.000000 ^ _1148_/CLK (sky130_fd_sc_hd__dfrtp_2)
     2    0.004002    0.080693    0.685932    0.685932 ^ _1148_/Q (sky130_fd_sc_hd__dfrtp_2)
                                                         snapshot7[6] (net)
                      0.080693    0.000000    0.685932 ^ _0672_/A0 (sky130_fd_sc_hd__mux2_1)
     1    0.001853    0.063406    0.204708    0.890640 ^ _0672_/X (sky130_fd_sc_hd__mux2_1)
                                                         _0135_ (net)
                      0.063406    0.000000    0.890640 ^ _1148_/D (sky130_fd_sc_hd__dfrtp_2)
                                              0.890640   data arrival time

                      0.150000    0.000000    0.000000   clock clk (rise edge)
                                  0.000000    0.000000   clock network delay (ideal)
                                  0.250000    0.250000   clock uncertainty
                                  0.000000    0.250000   clock reconvergence pessimism
                                              0.250000 ^ _1148_/CLK (sky130_fd_sc_hd__dfrtp_2)
                                 -0.062273    0.187727   library hold time
                                              0.187727   data required time
---------------------------------------------------------------------------------------------
                                              0.187727   data required time
                                             -0.890640   data arrival time
---------------------------------------------------------------------------------------------
                                              0.702913   slack (MET)


Startpoint: _1047_ (rising edge-triggered flip-flop clocked by clk)
Endpoint: _1047_ (rising edge-triggered flip-flop clocked by clk)
Path Group: clk
Path Type: min

Fanout         Cap        Slew       Delay        Time   Description
---------------------------------------------------------------------------------------------
                      0.150000    0.000000    0.000000   clock clk (rise edge)
                                  0.000000    0.000000   clock network delay (ideal)
                      0.150000    0.000000    0.000000 ^ _1047_/CLK (sky130_fd_sc_hd__dfrtp_2)
     2    0.004025    0.080867    0.686150    0.686150 ^ _1047_/Q (sky130_fd_sc_hd__dfrtp_2)
                                                         coeff3[1] (net)
                      0.080867    0.000000    0.686150 ^ _0566_/A0 (sky130_fd_sc_hd__mux2_1)
     1    0.001853    0.062985    0.204778    0.890928 ^ _0566_/X (sky130_fd_sc_hd__mux2_1)
                                                         _0034_ (net)
                      0.062985    0.000000    0.890928 ^ _1047_/D (sky130_fd_sc_hd__dfrtp_2)
                                              0.890928   data arrival time

                      0.150000    0.000000    0.000000   clock clk (rise edge)
                                  0.000000    0.000000   clock network delay (ideal)
                                  0.250000    0.250000   clock uncertainty
                                  0.000000    0.250000   clock reconvergence pessimism
                                              0.250000 ^ _1047_/CLK (sky130_fd_sc_hd__dfrtp_2)
                                 -0.062178    0.187822   library hold time
                                              0.187822   data required time
---------------------------------------------------------------------------------------------
                                              0.187822   data required time
                                             -0.890928   data arrival time
---------------------------------------------------------------------------------------------
                                              0.703106   slack (MET)


Startpoint: _1049_ (rising edge-triggered flip-flop clocked by clk)
Endpoint: _1049_ (rising edge-triggered flip-flop clocked by clk)
Path Group: clk
Path Type: min

Fanout         Cap        Slew       Delay        Time   Description
---------------------------------------------------------------------------------------------
                      0.150000    0.000000    0.000000   clock clk (rise edge)
                                  0.000000    0.000000   clock network delay (ideal)
                      0.150000    0.000000    0.000000 ^ _1049_/CLK (sky130_fd_sc_hd__dfrtp_2)
     2    0.004025    0.080867    0.686150    0.686150 ^ _1049_/Q (sky130_fd_sc_hd__dfrtp_2)
                                                         coeff3[3] (net)
                      0.080867    0.000000    0.686150 ^ _0568_/A0 (sky130_fd_sc_hd__mux2_1)
     1    0.001853    0.062985    0.204778    0.890928 ^ _0568_/X (sky130_fd_sc_hd__mux2_1)
                                                         _0036_ (net)
                      0.062985    0.000000    0.890928 ^ _1049_/D (sky130_fd_sc_hd__dfrtp_2)
                                              0.890928   data arrival time

                      0.150000    0.000000    0.000000   clock clk (rise edge)
                                  0.000000    0.000000   clock network delay (ideal)
                                  0.250000    0.250000   clock uncertainty
                                  0.000000    0.250000   clock reconvergence pessimism
                                              0.250000 ^ _1049_/CLK (sky130_fd_sc_hd__dfrtp_2)
                                 -0.062178    0.187822   library hold time
                                              0.187822   data required time
---------------------------------------------------------------------------------------------
                                              0.187822   data required time
                                             -0.890928   data arrival time
---------------------------------------------------------------------------------------------
                                              0.703106   slack (MET)


Startpoint: _1050_ (rising edge-triggered flip-flop clocked by clk)
Endpoint: _1050_ (rising edge-triggered flip-flop clocked by clk)
Path Group: clk
Path Type: min

Fanout         Cap        Slew       Delay        Time   Description
---------------------------------------------------------------------------------------------
                      0.150000    0.000000    0.000000   clock clk (rise edge)
                                  0.000000    0.000000   clock network delay (ideal)
                      0.150000    0.000000    0.000000 ^ _1050_/CLK (sky130_fd_sc_hd__dfrtp_2)
     2    0.004025    0.080867    0.686150    0.686150 ^ _1050_/Q (sky130_fd_sc_hd__dfrtp_2)
                                                         coeff3[4] (net)
                      0.080867    0.000000    0.686150 ^ _0569_/A0 (sky130_fd_sc_hd__mux2_1)
     1    0.001853    0.062985    0.204778    0.890928 ^ _0569_/X (sky130_fd_sc_hd__mux2_1)
                                                         _0037_ (net)
                      0.062985    0.000000    0.890928 ^ _1050_/D (sky130_fd_sc_hd__dfrtp_2)
                                              0.890928   data arrival time

                      0.150000    0.000000    0.000000   clock clk (rise edge)
                                  0.000000    0.000000   clock network delay (ideal)
                                  0.250000    0.250000   clock uncertainty
                                  0.000000    0.250000   clock reconvergence pessimism
                                              0.250000 ^ _1050_/CLK (sky130_fd_sc_hd__dfrtp_2)
                                 -0.062178    0.187822   library hold time
                                              0.187822   data required time
---------------------------------------------------------------------------------------------
                                              0.187822   data required time
                                             -0.890928   data arrival time
---------------------------------------------------------------------------------------------
                                              0.703106   slack (MET)


Startpoint: _1028_ (rising edge-triggered flip-flop clocked by clk)
Endpoint: _1028_ (rising edge-triggered flip-flop clocked by clk)
Path Group: clk
Path Type: min

Fanout         Cap        Slew       Delay        Time   Description
---------------------------------------------------------------------------------------------
                      0.150000    0.000000    0.000000   clock clk (rise edge)
                                  0.000000    0.000000   clock network delay (ideal)
                      0.150000    0.000000    0.000000 ^ _1028_/CLK (sky130_fd_sc_hd__dfrtp_2)
     2    0.004039    0.080973    0.686283    0.686283 ^ _1028_/Q (sky130_fd_sc_hd__dfrtp_2)
                                                         coeff0[6] (net)
                      0.080973    0.000000    0.686283 ^ _0543_/A0 (sky130_fd_sc_hd__mux2_1)
     1    0.001853    0.062958    0.204821    0.891104 ^ _0543_/X (sky130_fd_sc_hd__mux2_1)
                                                         _0015_ (net)
                      0.062958    0.000000    0.891104 ^ _1028_/D (sky130_fd_sc_hd__dfrtp_2)
                                              0.891104   data arrival time

                      0.150000    0.000000    0.000000   clock clk (rise edge)
                                  0.000000    0.000000   clock network delay (ideal)
                                  0.250000    0.250000   clock uncertainty
                                  0.000000    0.250000   clock reconvergence pessimism
                                              0.250000 ^ _1028_/CLK (sky130_fd_sc_hd__dfrtp_2)
                                 -0.062171    0.187829   library hold time
                                              0.187829   data required time
---------------------------------------------------------------------------------------------
                                              0.187829   data required time
                                             -0.891104   data arrival time
---------------------------------------------------------------------------------------------
                                              0.703275   slack (MET)


Startpoint: _1030_ (rising edge-triggered flip-flop clocked by clk)
Endpoint: _1030_ (rising edge-triggered flip-flop clocked by clk)
Path Group: clk
Path Type: min

Fanout         Cap        Slew       Delay        Time   Description
---------------------------------------------------------------------------------------------
                      0.150000    0.000000    0.000000   clock clk (rise edge)
                                  0.000000    0.000000   clock network delay (ideal)
                      0.150000    0.000000    0.000000 ^ _1030_/CLK (sky130_fd_sc_hd__dfrtp_2)
     2    0.004039    0.080973    0.686283    0.686283 ^ _1030_/Q (sky130_fd_sc_hd__dfrtp_2)
                                                         coeff1[0] (net)
                      0.080973    0.000000    0.686283 ^ _0546_/A0 (sky130_fd_sc_hd__mux2_1)
     1    0.001853    0.062986    0.204821    0.891104 ^ _0546_/X (sky130_fd_sc_hd__mux2_1)
                                                         _0017_ (net)
                      0.062986    0.000000    0.891104 ^ _1030_/D (sky130_fd_sc_hd__dfrtp_2)
                                              0.891104   data arrival time

                      0.150000    0.000000    0.000000   clock clk (rise edge)
                                  0.000000    0.000000   clock network delay (ideal)
                                  0.250000    0.250000   clock uncertainty
                                  0.000000    0.250000   clock reconvergence pessimism
                                              0.250000 ^ _1030_/CLK (sky130_fd_sc_hd__dfrtp_2)
                                 -0.062178    0.187822   library hold time
                                              0.187822   data required time
---------------------------------------------------------------------------------------------
                                              0.187822   data required time
                                             -0.891104   data arrival time
---------------------------------------------------------------------------------------------
                                              0.703282   slack (MET)


Startpoint: _1041_ (rising edge-triggered flip-flop clocked by clk)
Endpoint: _1041_ (rising edge-triggered flip-flop clocked by clk)
Path Group: clk
Path Type: min

Fanout         Cap        Slew       Delay        Time   Description
---------------------------------------------------------------------------------------------
                      0.150000    0.000000    0.000000   clock clk (rise edge)
                                  0.000000    0.000000   clock network delay (ideal)
                      0.150000    0.000000    0.000000 ^ _1041_/CLK (sky130_fd_sc_hd__dfrtp_2)
     2    0.004039    0.080973    0.686283    0.686283 ^ _1041_/Q (sky130_fd_sc_hd__dfrtp_2)
                                                         coeff2[3] (net)
                      0.080973    0.000000    0.686283 ^ _0558_/A0 (sky130_fd_sc_hd__mux2_1)
     1    0.001853    0.062986    0.204821    0.891104 ^ _0558_/X (sky130_fd_sc_hd__mux2_1)
                                                         _0028_ (net)
                      0.062986    0.000000    0.891104 ^ _1041_/D (sky130_fd_sc_hd__dfrtp_2)
                                              0.891104   data arrival time

                      0.150000    0.000000    0.000000   clock clk (rise edge)
                                  0.000000    0.000000   clock network delay (ideal)
                                  0.250000    0.250000   clock uncertainty
                                  0.000000    0.250000   clock reconvergence pessimism
                                              0.250000 ^ _1041_/CLK (sky130_fd_sc_hd__dfrtp_2)
                                 -0.062178    0.187822   library hold time
                                              0.187822   data required time
---------------------------------------------------------------------------------------------
                                              0.187822   data required time
                                             -0.891104   data arrival time
---------------------------------------------------------------------------------------------
                                              0.703282   slack (MET)


Startpoint: _1045_ (rising edge-triggered flip-flop clocked by clk)
Endpoint: _1045_ (rising edge-triggered flip-flop clocked by clk)
Path Group: clk
Path Type: min

Fanout         Cap        Slew       Delay        Time   Description
---------------------------------------------------------------------------------------------
                      0.150000    0.000000    0.000000   clock clk (rise edge)
                                  0.000000    0.000000   clock network delay (ideal)
                      0.150000    0.000000    0.000000 ^ _1045_/CLK (sky130_fd_sc_hd__dfrtp_2)
     2    0.004039    0.080973    0.686283    0.686283 ^ _1045_/Q (sky130_fd_sc_hd__dfrtp_2)
                                                         coeff2[7] (net)
                      0.080973    0.000000    0.686283 ^ _0562_/A0 (sky130_fd_sc_hd__mux2_1)
     1    0.001853    0.062986    0.204821    0.891104 ^ _0562_/X (sky130_fd_sc_hd__mux2_1)
                                                         _0032_ (net)
                      0.062986    0.000000    0.891104 ^ _1045_/D (sky130_fd_sc_hd__dfrtp_2)
                                              0.891104   data arrival time

                      0.150000    0.000000    0.000000   clock clk (rise edge)
                                  0.000000    0.000000   clock network delay (ideal)
                                  0.250000    0.250000   clock uncertainty
                                  0.000000    0.250000   clock reconvergence pessimism
                                              0.250000 ^ _1045_/CLK (sky130_fd_sc_hd__dfrtp_2)
                                 -0.062178    0.187822   library hold time
                                              0.187822   data required time
---------------------------------------------------------------------------------------------
                                              0.187822   data required time
                                             -0.891104   data arrival time
---------------------------------------------------------------------------------------------
                                              0.703282   slack (MET)


Startpoint: _1024_ (rising edge-triggered flip-flop clocked by clk)
Endpoint: _1024_ (rising edge-triggered flip-flop clocked by clk)
Path Group: clk
Path Type: min

Fanout         Cap        Slew       Delay        Time   Description
---------------------------------------------------------------------------------------------
                      0.150000    0.000000    0.000000   clock clk (rise edge)
                                  0.000000    0.000000   clock network delay (ideal)
                      0.150000    0.000000    0.000000 ^ _1024_/CLK (sky130_fd_sc_hd__dfrtp_2)
     2    0.004078    0.081269    0.686653    0.686653 ^ _1024_/Q (sky130_fd_sc_hd__dfrtp_2)
                                                         coeff0[2] (net)
                      0.081269    0.000000    0.686653 ^ _0539_/A0 (sky130_fd_sc_hd__mux2_1)
     1    0.001853    0.062958    0.204940    0.891593 ^ _0539_/X (sky130_fd_sc_hd__mux2_1)
                                                         _0011_ (net)
                      0.062958    0.000000    0.891593 ^ _1024_/D (sky130_fd_sc_hd__dfrtp_2)
                                              0.891593   data arrival time

                      0.150000    0.000000    0.000000   clock clk (rise edge)
                                  0.000000    0.000000   clock network delay (ideal)
                                  0.250000    0.250000   clock uncertainty
                                  0.000000    0.250000   clock reconvergence pessimism
                                              0.250000 ^ _1024_/CLK (sky130_fd_sc_hd__dfrtp_2)
                                 -0.062171    0.187829   library hold time
                                              0.187829   data required time
---------------------------------------------------------------------------------------------
                                              0.187829   data required time
                                             -0.891593   data arrival time
---------------------------------------------------------------------------------------------
                                              0.703764   slack (MET)


Startpoint: _1027_ (rising edge-triggered flip-flop clocked by clk)
Endpoint: _1027_ (rising edge-triggered flip-flop clocked by clk)
Path Group: clk
Path Type: min

Fanout         Cap        Slew       Delay        Time   Description
---------------------------------------------------------------------------------------------
                      0.150000    0.000000    0.000000   clock clk (rise edge)
                                  0.000000    0.000000   clock network delay (ideal)
                      0.150000    0.000000    0.000000 ^ _1027_/CLK (sky130_fd_sc_hd__dfrtp_2)
     2    0.004078    0.081269    0.686653    0.686653 ^ _1027_/Q (sky130_fd_sc_hd__dfrtp_2)
                                                         coeff0[5] (net)
                      0.081269    0.000000    0.686653 ^ _0542_/A0 (sky130_fd_sc_hd__mux2_1)
     1    0.001853    0.062958    0.204940    0.891593 ^ _0542_/X (sky130_fd_sc_hd__mux2_1)
                                                         _0014_ (net)
                      0.062958    0.000000    0.891593 ^ _1027_/D (sky130_fd_sc_hd__dfrtp_2)
                                              0.891593   data arrival time

                      0.150000    0.000000    0.000000   clock clk (rise edge)
                                  0.000000    0.000000   clock network delay (ideal)
                                  0.250000    0.250000   clock uncertainty
                                  0.000000    0.250000   clock reconvergence pessimism
                                              0.250000 ^ _1027_/CLK (sky130_fd_sc_hd__dfrtp_2)
                                 -0.062171    0.187829   library hold time
                                              0.187829   data required time
---------------------------------------------------------------------------------------------
                                              0.187829   data required time
                                             -0.891593   data arrival time
---------------------------------------------------------------------------------------------
                                              0.703764   slack (MET)


Startpoint: _1035_ (rising edge-triggered flip-flop clocked by clk)
Endpoint: _1035_ (rising edge-triggered flip-flop clocked by clk)
Path Group: clk
Path Type: min

Fanout         Cap        Slew       Delay        Time   Description
---------------------------------------------------------------------------------------------
                      0.150000    0.000000    0.000000   clock clk (rise edge)
                                  0.000000    0.000000   clock network delay (ideal)
                      0.150000    0.000000    0.000000 ^ _1035_/CLK (sky130_fd_sc_hd__dfrtp_2)
     2    0.004078    0.081269    0.686653    0.686653 ^ _1035_/Q (sky130_fd_sc_hd__dfrtp_2)
                                                         coeff1[5] (net)
                      0.081269    0.000000    0.686653 ^ _0551_/A0 (sky130_fd_sc_hd__mux2_1)
     1    0.001853    0.062986    0.204940    0.891593 ^ _0551_/X (sky130_fd_sc_hd__mux2_1)
                                                         _0022_ (net)
                      0.062986    0.000000    0.891593 ^ _1035_/D (sky130_fd_sc_hd__dfrtp_2)
                                              0.891593   data arrival time

                      0.150000    0.000000    0.000000   clock clk (rise edge)
                                  0.000000    0.000000   clock network delay (ideal)
                                  0.250000    0.250000   clock uncertainty
                                  0.000000    0.250000   clock reconvergence pessimism
                                              0.250000 ^ _1035_/CLK (sky130_fd_sc_hd__dfrtp_2)
                                 -0.062178    0.187822   library hold time
                                              0.187822   data required time
---------------------------------------------------------------------------------------------
                                              0.187822   data required time
                                             -0.891593   data arrival time
---------------------------------------------------------------------------------------------
                                              0.703771   slack (MET)


Startpoint: _1036_ (rising edge-triggered flip-flop clocked by clk)
Endpoint: _1036_ (rising edge-triggered flip-flop clocked by clk)
Path Group: clk
Path Type: min

Fanout         Cap        Slew       Delay        Time   Description
---------------------------------------------------------------------------------------------
                      0.150000    0.000000    0.000000   clock clk (rise edge)
                                  0.000000    0.000000   clock network delay (ideal)
                      0.150000    0.000000    0.000000 ^ _1036_/CLK (sky130_fd_sc_hd__dfrtp_2)
     2    0.004078    0.081269    0.686653    0.686653 ^ _1036_/Q (sky130_fd_sc_hd__dfrtp_2)
                                                         coeff1[6] (net)
                      0.081269    0.000000    0.686653 ^ _0552_/A0 (sky130_fd_sc_hd__mux2_1)
     1    0.001853    0.062986    0.204940    0.891593 ^ _0552_/X (sky130_fd_sc_hd__mux2_1)
                                                         _0023_ (net)
                      0.062986    0.000000    0.891593 ^ _1036_/D (sky130_fd_sc_hd__dfrtp_2)
                                              0.891593   data arrival time

                      0.150000    0.000000    0.000000   clock clk (rise edge)
                                  0.000000    0.000000   clock network delay (ideal)
                                  0.250000    0.250000   clock uncertainty
                                  0.000000    0.250000   clock reconvergence pessimism
                                              0.250000 ^ _1036_/CLK (sky130_fd_sc_hd__dfrtp_2)
                                 -0.062178    0.187822   library hold time
                                              0.187822   data required time
---------------------------------------------------------------------------------------------
                                              0.187822   data required time
                                             -0.891593   data arrival time
---------------------------------------------------------------------------------------------
                                              0.703771   slack (MET)


Startpoint: _1044_ (rising edge-triggered flip-flop clocked by clk)
Endpoint: _1044_ (rising edge-triggered flip-flop clocked by clk)
Path Group: clk
Path Type: min

Fanout         Cap        Slew       Delay        Time   Description
---------------------------------------------------------------------------------------------
                      0.150000    0.000000    0.000000   clock clk (rise edge)
                                  0.000000    0.000000   clock network delay (ideal)
                      0.150000    0.000000    0.000000 ^ _1044_/CLK (sky130_fd_sc_hd__dfrtp_2)
     2    0.004078    0.081269    0.686653    0.686653 ^ _1044_/Q (sky130_fd_sc_hd__dfrtp_2)
                                                         coeff2[6] (net)
                      0.081269    0.000000    0.686653 ^ _0561_/A0 (sky130_fd_sc_hd__mux2_1)
     1    0.001853    0.062986    0.204940    0.891593 ^ _0561_/X (sky130_fd_sc_hd__mux2_1)
                                                         _0031_ (net)
                      0.062986    0.000000    0.891593 ^ _1044_/D (sky130_fd_sc_hd__dfrtp_2)
                                              0.891593   data arrival time

                      0.150000    0.000000    0.000000   clock clk (rise edge)
                                  0.000000    0.000000   clock network delay (ideal)
                                  0.250000    0.250000   clock uncertainty
                                  0.000000    0.250000   clock reconvergence pessimism
                                              0.250000 ^ _1044_/CLK (sky130_fd_sc_hd__dfrtp_2)
                                 -0.062178    0.187822   library hold time
                                              0.187822   data required time
---------------------------------------------------------------------------------------------
                                              0.187822   data required time
                                             -0.891593   data arrival time
---------------------------------------------------------------------------------------------
                                              0.703771   slack (MET)


Startpoint: _1149_ (rising edge-triggered flip-flop clocked by clk)
Endpoint: _1149_ (rising edge-triggered flip-flop clocked by clk)
Path Group: clk
Path Type: min

Fanout         Cap        Slew       Delay        Time   Description
---------------------------------------------------------------------------------------------
                      0.150000    0.000000    0.000000   clock clk (rise edge)
                                  0.000000    0.000000   clock network delay (ideal)
                      0.150000    0.000000    0.000000 ^ _1149_/CLK (sky130_fd_sc_hd__dfrtp_2)
     2    0.004075    0.081246    0.686624    0.686624 ^ _1149_/Q (sky130_fd_sc_hd__dfrtp_2)
                                                         snapshot7[7] (net)
                      0.081246    0.000000    0.686624 ^ _0673_/A0 (sky130_fd_sc_hd__mux2_1)
     1    0.001853    0.063406    0.204931    0.891555 ^ _0673_/X (sky130_fd_sc_hd__mux2_1)
                                                         _0136_ (net)
                      0.063406    0.000000    0.891555 ^ _1149_/D (sky130_fd_sc_hd__dfrtp_2)
                                              0.891555   data arrival time

                      0.150000    0.000000    0.000000   clock clk (rise edge)
                                  0.000000    0.000000   clock network delay (ideal)
                                  0.250000    0.250000   clock uncertainty
                                  0.000000    0.250000   clock reconvergence pessimism
                                              0.250000 ^ _1149_/CLK (sky130_fd_sc_hd__dfrtp_2)
                                 -0.062273    0.187727   library hold time
                                              0.187727   data required time
---------------------------------------------------------------------------------------------
                                              0.187727   data required time
                                             -0.891555   data arrival time
---------------------------------------------------------------------------------------------
                                              0.703829   slack (MET)


Startpoint: _1032_ (rising edge-triggered flip-flop clocked by clk)
Endpoint: _1032_ (rising edge-triggered flip-flop clocked by clk)
Path Group: clk
Path Type: min

Fanout         Cap        Slew       Delay        Time   Description
---------------------------------------------------------------------------------------------
                      0.150000    0.000000    0.000000   clock clk (rise edge)
                                  0.000000    0.000000   clock network delay (ideal)
                      0.150000    0.000000    0.000000 ^ _1032_/CLK (sky130_fd_sc_hd__dfrtp_2)
     2    0.004111    0.081519    0.686966    0.686966 ^ _1032_/Q (sky130_fd_sc_hd__dfrtp_2)
                                                         coeff1[2] (net)
                      0.081519    0.000000    0.686966 ^ _0548_/A0 (sky130_fd_sc_hd__mux2_1)
     1    0.001853    0.062986    0.205041    0.892007 ^ _0548_/X (sky130_fd_sc_hd__mux2_1)
                                                         _0019_ (net)
                      0.062986    0.000000    0.892007 ^ _1032_/D (sky130_fd_sc_hd__dfrtp_2)
                                              0.892007   data arrival time

                      0.150000    0.000000    0.000000   clock clk (rise edge)
                                  0.000000    0.000000   clock network delay (ideal)
                                  0.250000    0.250000   clock uncertainty
                                  0.000000    0.250000   clock reconvergence pessimism
                                              0.250000 ^ _1032_/CLK (sky130_fd_sc_hd__dfrtp_2)
                                 -0.062178    0.187822   library hold time
                                              0.187822   data required time
---------------------------------------------------------------------------------------------
                                              0.187822   data required time
                                             -0.892007   data arrival time
---------------------------------------------------------------------------------------------
                                              0.704185   slack (MET)


Startpoint: _1033_ (rising edge-triggered flip-flop clocked by clk)
Endpoint: _1033_ (rising edge-triggered flip-flop clocked by clk)
Path Group: clk
Path Type: min

Fanout         Cap        Slew       Delay        Time   Description
---------------------------------------------------------------------------------------------
                      0.150000    0.000000    0.000000   clock clk (rise edge)
                                  0.000000    0.000000   clock network delay (ideal)
                      0.150000    0.000000    0.000000 ^ _1033_/CLK (sky130_fd_sc_hd__dfrtp_2)
     2    0.004111    0.081519    0.686966    0.686966 ^ _1033_/Q (sky130_fd_sc_hd__dfrtp_2)
                                                         coeff1[3] (net)
                      0.081519    0.000000    0.686966 ^ _0549_/A0 (sky130_fd_sc_hd__mux2_1)
     1    0.001853    0.062986    0.205041    0.892007 ^ _0549_/X (sky130_fd_sc_hd__mux2_1)
                                                         _0020_ (net)
                      0.062986    0.000000    0.892007 ^ _1033_/D (sky130_fd_sc_hd__dfrtp_2)
                                              0.892007   data arrival time

                      0.150000    0.000000    0.000000   clock clk (rise edge)
                                  0.000000    0.000000   clock network delay (ideal)
                                  0.250000    0.250000   clock uncertainty
                                  0.000000    0.250000   clock reconvergence pessimism
                                              0.250000 ^ _1033_/CLK (sky130_fd_sc_hd__dfrtp_2)
                                 -0.062178    0.187822   library hold time
                                              0.187822   data required time
---------------------------------------------------------------------------------------------
                                              0.187822   data required time
                                             -0.892007   data arrival time
---------------------------------------------------------------------------------------------
                                              0.704185   slack (MET)


Startpoint: _1042_ (rising edge-triggered flip-flop clocked by clk)
Endpoint: _1042_ (rising edge-triggered flip-flop clocked by clk)
Path Group: clk
Path Type: min

Fanout         Cap        Slew       Delay        Time   Description
---------------------------------------------------------------------------------------------
                      0.150000    0.000000    0.000000   clock clk (rise edge)
                                  0.000000    0.000000   clock network delay (ideal)
                      0.150000    0.000000    0.000000 ^ _1042_/CLK (sky130_fd_sc_hd__dfrtp_2)
     2    0.004111    0.081519    0.686966    0.686966 ^ _1042_/Q (sky130_fd_sc_hd__dfrtp_2)
                                                         coeff2[4] (net)
                      0.081519    0.000000    0.686966 ^ _0559_/A0 (sky130_fd_sc_hd__mux2_1)
     1    0.001853    0.062986    0.205041    0.892007 ^ _0559_/X (sky130_fd_sc_hd__mux2_1)
                                                         _0029_ (net)
                      0.062986    0.000000    0.892007 ^ _1042_/D (sky130_fd_sc_hd__dfrtp_2)
                                              0.892007   data arrival time

                      0.150000    0.000000    0.000000   clock clk (rise edge)
                                  0.000000    0.000000   clock network delay (ideal)
                                  0.250000    0.250000   clock uncertainty
                                  0.000000    0.250000   clock reconvergence pessimism
                                              0.250000 ^ _1042_/CLK (sky130_fd_sc_hd__dfrtp_2)
                                 -0.062178    0.187822   library hold time
                                              0.187822   data required time
---------------------------------------------------------------------------------------------
                                              0.187822   data required time
                                             -0.892007   data arrival time
---------------------------------------------------------------------------------------------
                                              0.704185   slack (MET)


Startpoint: _1060_ (rising edge-triggered flip-flop clocked by clk)
Endpoint: _1060_ (rising edge-triggered flip-flop clocked by clk)
Path Group: clk
Path Type: min

Fanout         Cap        Slew       Delay        Time   Description
---------------------------------------------------------------------------------------------
                      0.150000    0.000000    0.000000   clock clk (rise edge)
                                  0.000000    0.000000   clock network delay (ideal)
                      0.150000    0.000000    0.000000 ^ _1060_/CLK (sky130_fd_sc_hd__dfrtp_2)
     2    0.004320    0.083103    0.688948    0.688948 ^ _1060_/Q (sky130_fd_sc_hd__dfrtp_2)
                                                         coeff4[6] (net)
                      0.083103    0.000000    0.688948 ^ _0581_/A1 (sky130_fd_sc_hd__mux2_1)
     1    0.001853    0.062866    0.211330    0.900278 ^ _0581_/X (sky130_fd_sc_hd__mux2_1)
                                                         _0047_ (net)
                      0.062866    0.000000    0.900278 ^ _1060_/D (sky130_fd_sc_hd__dfrtp_2)
                                              0.900278   data arrival time

                      0.150000    0.000000    0.000000   clock clk (rise edge)
                                  0.000000    0.000000   clock network delay (ideal)
                                  0.250000    0.250000   clock uncertainty
                                  0.000000    0.250000   clock reconvergence pessimism
                                              0.250000 ^ _1060_/CLK (sky130_fd_sc_hd__dfrtp_2)
                                 -0.062151    0.187849   library hold time
                                              0.187849   data required time
---------------------------------------------------------------------------------------------
                                              0.187849   data required time
                                             -0.900278   data arrival time
---------------------------------------------------------------------------------------------
                                              0.712429   slack (MET)


Startpoint: _1057_ (rising edge-triggered flip-flop clocked by clk)
Endpoint: _1057_ (rising edge-triggered flip-flop clocked by clk)
Path Group: clk
Path Type: min

Fanout         Cap        Slew       Delay        Time   Description
---------------------------------------------------------------------------------------------
                      0.150000    0.000000    0.000000   clock clk (rise edge)
                                  0.000000    0.000000   clock network delay (ideal)
                      0.150000    0.000000    0.000000 ^ _1057_/CLK (sky130_fd_sc_hd__dfrtp_2)
     2    0.004326    0.083149    0.689005    0.689005 ^ _1057_/Q (sky130_fd_sc_hd__dfrtp_2)
                                                         coeff4[3] (net)
                      0.083149    0.000000    0.689005 ^ _0578_/A1 (sky130_fd_sc_hd__mux2_1)
     1    0.001853    0.062866    0.211348    0.900353 ^ _0578_/X (sky130_fd_sc_hd__mux2_1)
                                                         _0044_ (net)
                      0.062866    0.000000    0.900353 ^ _1057_/D (sky130_fd_sc_hd__dfrtp_2)
                                              0.900353   data arrival time

                      0.150000    0.000000    0.000000   clock clk (rise edge)
                                  0.000000    0.000000   clock network delay (ideal)
                                  0.250000    0.250000   clock uncertainty
                                  0.000000    0.250000   clock reconvergence pessimism
                                              0.250000 ^ _1057_/CLK (sky130_fd_sc_hd__dfrtp_2)
                                 -0.062151    0.187849   library hold time
                                              0.187849   data required time
---------------------------------------------------------------------------------------------
                                              0.187849   data required time
                                             -0.900353   data arrival time
---------------------------------------------------------------------------------------------
                                              0.712504   slack (MET)


Startpoint: _1058_ (rising edge-triggered flip-flop clocked by clk)
Endpoint: _1058_ (rising edge-triggered flip-flop clocked by clk)
Path Group: clk
Path Type: min

Fanout         Cap        Slew       Delay        Time   Description
---------------------------------------------------------------------------------------------
                      0.150000    0.000000    0.000000   clock clk (rise edge)
                                  0.000000    0.000000   clock network delay (ideal)
                      0.150000    0.000000    0.000000 ^ _1058_/CLK (sky130_fd_sc_hd__dfrtp_2)
     2    0.004326    0.083149    0.689005    0.689005 ^ _1058_/Q (sky130_fd_sc_hd__dfrtp_2)
                                                         coeff4[4] (net)
                      0.083149    0.000000    0.689005 ^ _0579_/A1 (sky130_fd_sc_hd__mux2_1)
     1    0.001853    0.062866    0.211348    0.900353 ^ _0579_/X (sky130_fd_sc_hd__mux2_1)
                                                         _0045_ (net)
                      0.062866    0.000000    0.900353 ^ _1058_/D (sky130_fd_sc_hd__dfrtp_2)
                                              0.900353   data arrival time

                      0.150000    0.000000    0.000000   clock clk (rise edge)
                                  0.000000    0.000000   clock network delay (ideal)
                                  0.250000    0.250000   clock uncertainty
                                  0.000000    0.250000   clock reconvergence pessimism
                                              0.250000 ^ _1058_/CLK (sky130_fd_sc_hd__dfrtp_2)
                                 -0.062151    0.187849   library hold time
                                              0.187849   data required time
---------------------------------------------------------------------------------------------
                                              0.187849   data required time
                                             -0.900353   data arrival time
---------------------------------------------------------------------------------------------
                                              0.712504   slack (MET)


Startpoint: _1067_ (rising edge-triggered flip-flop clocked by clk)
Endpoint: _1067_ (rising edge-triggered flip-flop clocked by clk)
Path Group: clk
Path Type: min

Fanout         Cap        Slew       Delay        Time   Description
---------------------------------------------------------------------------------------------
                      0.150000    0.000000    0.000000   clock clk (rise edge)
                                  0.000000    0.000000   clock network delay (ideal)
                      0.150000    0.000000    0.000000 ^ _1067_/CLK (sky130_fd_sc_hd__dfrtp_2)
     2    0.004326    0.083149    0.689005    0.689005 ^ _1067_/Q (sky130_fd_sc_hd__dfrtp_2)
                                                         coeff5[5] (net)
                      0.083149    0.000000    0.689005 ^ _0589_/A1 (sky130_fd_sc_hd__mux2_1)
     1    0.001853    0.063027    0.211348    0.900353 ^ _0589_/X (sky130_fd_sc_hd__mux2_1)
                                                         _0054_ (net)
                      0.063027    0.000000    0.900353 ^ _1067_/D (sky130_fd_sc_hd__dfrtp_2)
                                              0.900353   data arrival time

                      0.150000    0.000000    0.000000   clock clk (rise edge)
                                  0.000000    0.000000   clock network delay (ideal)
                                  0.250000    0.250000   clock uncertainty
                                  0.000000    0.250000   clock reconvergence pessimism
                                              0.250000 ^ _1067_/CLK (sky130_fd_sc_hd__dfrtp_2)
                                 -0.062187    0.187813   library hold time
                                              0.187813   data required time
---------------------------------------------------------------------------------------------
                                              0.187813   data required time
                                             -0.900353   data arrival time
---------------------------------------------------------------------------------------------
                                              0.712540   slack (MET)


Startpoint: _1068_ (rising edge-triggered flip-flop clocked by clk)
Endpoint: _1068_ (rising edge-triggered flip-flop clocked by clk)
Path Group: clk
Path Type: min

Fanout         Cap        Slew       Delay        Time   Description
---------------------------------------------------------------------------------------------
                      0.150000    0.000000    0.000000   clock clk (rise edge)
                                  0.000000    0.000000   clock network delay (ideal)
                      0.150000    0.000000    0.000000 ^ _1068_/CLK (sky130_fd_sc_hd__dfrtp_2)
     2    0.004326    0.083149    0.689005    0.689005 ^ _1068_/Q (sky130_fd_sc_hd__dfrtp_2)
                                                         coeff5[6] (net)
                      0.083149    0.000000    0.689005 ^ _0590_/A1 (sky130_fd_sc_hd__mux2_1)
     1    0.001853    0.063027    0.211348    0.900353 ^ _0590_/X (sky130_fd_sc_hd__mux2_1)
                                                         _0055_ (net)
                      0.063027    0.000000    0.900353 ^ _1068_/D (sky130_fd_sc_hd__dfrtp_2)
                                              0.900353   data arrival time

                      0.150000    0.000000    0.000000   clock clk (rise edge)
                                  0.000000    0.000000   clock network delay (ideal)
                                  0.250000    0.250000   clock uncertainty
                                  0.000000    0.250000   clock reconvergence pessimism
                                              0.250000 ^ _1068_/CLK (sky130_fd_sc_hd__dfrtp_2)
                                 -0.062187    0.187813   library hold time
                                              0.187813   data required time
---------------------------------------------------------------------------------------------
                                              0.187813   data required time
                                             -0.900353   data arrival time
---------------------------------------------------------------------------------------------
                                              0.712540   slack (MET)


Startpoint: _1059_ (rising edge-triggered flip-flop clocked by clk)
Endpoint: _1059_ (rising edge-triggered flip-flop clocked by clk)
Path Group: clk
Path Type: min

Fanout         Cap        Slew       Delay        Time   Description
---------------------------------------------------------------------------------------------
                      0.150000    0.000000    0.000000   clock clk (rise edge)
                                  0.000000    0.000000   clock network delay (ideal)
                      0.150000    0.000000    0.000000 ^ _1059_/CLK (sky130_fd_sc_hd__dfrtp_2)
     2    0.004341    0.083262    0.689148    0.689148 ^ _1059_/Q (sky130_fd_sc_hd__dfrtp_2)
                                                         coeff4[5] (net)
                      0.083262    0.000000    0.689148 ^ _0580_/A1 (sky130_fd_sc_hd__mux2_1)
     1    0.001853    0.062866    0.211393    0.900541 ^ _0580_/X (sky130_fd_sc_hd__mux2_1)
                                                         _0046_ (net)
                      0.062866    0.000000    0.900541 ^ _1059_/D (sky130_fd_sc_hd__dfrtp_2)
                                              0.900541   data arrival time

                      0.150000    0.000000    0.000000   clock clk (rise edge)
                                  0.000000    0.000000   clock network delay (ideal)
                                  0.250000    0.250000   clock uncertainty
                                  0.000000    0.250000   clock reconvergence pessimism
                                              0.250000 ^ _1059_/CLK (sky130_fd_sc_hd__dfrtp_2)
                                 -0.062151    0.187849   library hold time
                                              0.187849   data required time
---------------------------------------------------------------------------------------------
                                              0.187849   data required time
                                             -0.900541   data arrival time
---------------------------------------------------------------------------------------------
                                              0.712692   slack (MET)


Startpoint: _1061_ (rising edge-triggered flip-flop clocked by clk)
Endpoint: _1061_ (rising edge-triggered flip-flop clocked by clk)
Path Group: clk
Path Type: min

Fanout         Cap        Slew       Delay        Time   Description
---------------------------------------------------------------------------------------------
                      0.150000    0.000000    0.000000   clock clk (rise edge)
                                  0.000000    0.000000   clock network delay (ideal)
                      0.150000    0.000000    0.000000 ^ _1061_/CLK (sky130_fd_sc_hd__dfrtp_2)
     2    0.004347    0.083308    0.689204    0.689204 ^ _1061_/Q (sky130_fd_sc_hd__dfrtp_2)
                                                         coeff4[7] (net)
                      0.083308    0.000000    0.689204 ^ _0582_/A1 (sky130_fd_sc_hd__mux2_1)
     1    0.001853    0.062866    0.211412    0.900616 ^ _0582_/X (sky130_fd_sc_hd__mux2_1)
                                                         _0048_ (net)
                      0.062866    0.000000    0.900616 ^ _1061_/D (sky130_fd_sc_hd__dfrtp_2)
                                              0.900616   data arrival time

                      0.150000    0.000000    0.000000   clock clk (rise edge)
                                  0.000000    0.000000   clock network delay (ideal)
                                  0.250000    0.250000   clock uncertainty
                                  0.000000    0.250000   clock reconvergence pessimism
                                              0.250000 ^ _1061_/CLK (sky130_fd_sc_hd__dfrtp_2)
                                 -0.062151    0.187849   library hold time
                                              0.187849   data required time
---------------------------------------------------------------------------------------------
                                              0.187849   data required time
                                             -0.900616   data arrival time
---------------------------------------------------------------------------------------------
                                              0.712767   slack (MET)


Startpoint: _1066_ (rising edge-triggered flip-flop clocked by clk)
Endpoint: _1066_ (rising edge-triggered flip-flop clocked by clk)
Path Group: clk
Path Type: min

Fanout         Cap        Slew       Delay        Time   Description
---------------------------------------------------------------------------------------------
                      0.150000    0.000000    0.000000   clock clk (rise edge)
                                  0.000000    0.000000   clock network delay (ideal)
                      0.150000    0.000000    0.000000 ^ _1066_/CLK (sky130_fd_sc_hd__dfrtp_2)
     2    0.004382    0.083573    0.689536    0.689536 ^ _1066_/Q (sky130_fd_sc_hd__dfrtp_2)
                                                         coeff5[4] (net)
                      0.083573    0.000000    0.689536 ^ _0588_/A1 (sky130_fd_sc_hd__mux2_1)
     1    0.001853    0.063027    0.211517    0.901054 ^ _0588_/X (sky130_fd_sc_hd__mux2_1)
                                                         _0053_ (net)
                      0.063027    0.000000    0.901054 ^ _1066_/D (sky130_fd_sc_hd__dfrtp_2)
                                              0.901054   data arrival time

                      0.150000    0.000000    0.000000   clock clk (rise edge)
                                  0.000000    0.000000   clock network delay (ideal)
                                  0.250000    0.250000   clock uncertainty
                                  0.000000    0.250000   clock reconvergence pessimism
                                              0.250000 ^ _1066_/CLK (sky130_fd_sc_hd__dfrtp_2)
                                 -0.062187    0.187813   library hold time
                                              0.187813   data required time
---------------------------------------------------------------------------------------------
                                              0.187813   data required time
                                             -0.901054   data arrival time
---------------------------------------------------------------------------------------------
                                              0.713241   slack (MET)


Startpoint: _1075_ (rising edge-triggered flip-flop clocked by clk)
Endpoint: _1075_ (rising edge-triggered flip-flop clocked by clk)
Path Group: clk
Path Type: min

Fanout         Cap        Slew       Delay        Time   Description
---------------------------------------------------------------------------------------------
                      0.150000    0.000000    0.000000   clock clk (rise edge)
                                  0.000000    0.000000   clock network delay (ideal)
                      0.150000    0.000000    0.000000 ^ _1075_/CLK (sky130_fd_sc_hd__dfrtp_2)
     2    0.004382    0.083573    0.689536    0.689536 ^ _1075_/Q (sky130_fd_sc_hd__dfrtp_2)
                                                         coeff6[5] (net)
                      0.083573    0.000000    0.689536 ^ _0598_/A1 (sky130_fd_sc_hd__mux2_1)
     1    0.001853    0.063027    0.211517    0.901054 ^ _0598_/X (sky130_fd_sc_hd__mux2_1)
                                                         _0062_ (net)
                      0.063027    0.000000    0.901054 ^ _1075_/D (sky130_fd_sc_hd__dfrtp_2)
                                              0.901054   data arrival time

                      0.150000    0.000000    0.000000   clock clk (rise edge)
                                  0.000000    0.000000   clock network delay (ideal)
                                  0.250000    0.250000   clock uncertainty
                                  0.000000    0.250000   clock reconvergence pessimism
                                              0.250000 ^ _1075_/CLK (sky130_fd_sc_hd__dfrtp_2)
                                 -0.062187    0.187813   library hold time
                                              0.187813   data required time
---------------------------------------------------------------------------------------------
                                              0.187813   data required time
                                             -0.901054   data arrival time
---------------------------------------------------------------------------------------------
                                              0.713241   slack (MET)


Startpoint: _1099_ (rising edge-triggered flip-flop clocked by clk)
Endpoint: _1099_ (rising edge-triggered flip-flop clocked by clk)
Path Group: clk
Path Type: min

Fanout         Cap        Slew       Delay        Time   Description
---------------------------------------------------------------------------------------------
                      0.150000    0.000000    0.000000   clock clk (rise edge)
                                  0.000000    0.000000   clock network delay (ideal)
                      0.150000    0.000000    0.000000 ^ _1099_/CLK (sky130_fd_sc_hd__dfrtp_2)
     3    0.004857    0.087174    0.694042    0.694042 ^ _1099_/Q (sky130_fd_sc_hd__dfrtp_2)
                                                         snapshot1[5] (net)
                      0.087174    0.000000    0.694042 ^ _0623_/A0 (sky130_fd_sc_hd__mux2_1)
     1    0.001853    0.063406    0.207318    0.901360 ^ _0623_/X (sky130_fd_sc_hd__mux2_1)
                                                         _0086_ (net)
                      0.063406    0.000000    0.901360 ^ _1099_/D (sky130_fd_sc_hd__dfrtp_2)
                                              0.901360   data arrival time

                      0.150000    0.000000    0.000000   clock clk (rise edge)
                                  0.000000    0.000000   clock network delay (ideal)
                                  0.250000    0.250000   clock uncertainty
                                  0.000000    0.250000   clock reconvergence pessimism
                                              0.250000 ^ _1099_/CLK (sky130_fd_sc_hd__dfrtp_2)
                                 -0.062273    0.187727   library hold time
                                              0.187727   data required time
---------------------------------------------------------------------------------------------
                                              0.187727   data required time
                                             -0.901360   data arrival time
---------------------------------------------------------------------------------------------
                                              0.713634   slack (MET)


Startpoint: _1122_ (rising edge-triggered flip-flop clocked by clk)
Endpoint: _1122_ (rising edge-triggered flip-flop clocked by clk)
Path Group: clk
Path Type: min

Fanout         Cap        Slew       Delay        Time   Description
---------------------------------------------------------------------------------------------
                      0.150000    0.000000    0.000000   clock clk (rise edge)
                                  0.000000    0.000000   clock network delay (ideal)
                      0.150000    0.000000    0.000000 ^ _1122_/CLK (sky130_fd_sc_hd__dfrtp_2)
     3    0.004857    0.087174    0.694042    0.694042 ^ _1122_/Q (sky130_fd_sc_hd__dfrtp_2)
                                                         snapshot4[4] (net)
                      0.087174    0.000000    0.694042 ^ _0646_/A0 (sky130_fd_sc_hd__mux2_1)
     1    0.001853    0.063406    0.207318    0.901360 ^ _0646_/X (sky130_fd_sc_hd__mux2_1)
                                                         _0109_ (net)
                      0.063406    0.000000    0.901360 ^ _1122_/D (sky130_fd_sc_hd__dfrtp_2)
                                              0.901360   data arrival time

                      0.150000    0.000000    0.000000   clock clk (rise edge)
                                  0.000000    0.000000   clock network delay (ideal)
                                  0.250000    0.250000   clock uncertainty
                                  0.000000    0.250000   clock reconvergence pessimism
                                              0.250000 ^ _1122_/CLK (sky130_fd_sc_hd__dfrtp_2)
                                 -0.062273    0.187727   library hold time
                                              0.187727   data required time
---------------------------------------------------------------------------------------------
                                              0.187727   data required time
                                             -0.901360   data arrival time
---------------------------------------------------------------------------------------------
                                              0.713634   slack (MET)


Startpoint: _1117_ (rising edge-triggered flip-flop clocked by clk)
Endpoint: _1117_ (rising edge-triggered flip-flop clocked by clk)
Path Group: clk
Path Type: min

Fanout         Cap        Slew       Delay        Time   Description
---------------------------------------------------------------------------------------------
                      0.150000    0.000000    0.000000   clock clk (rise edge)
                                  0.000000    0.000000   clock network delay (ideal)
                      0.150000    0.000000    0.000000 ^ _1117_/CLK (sky130_fd_sc_hd__dfrtp_2)
     3    0.004858    0.087181    0.694052    0.694052 ^ _1117_/Q (sky130_fd_sc_hd__dfrtp_2)
                                                         snapshot3[7] (net)
                      0.087181    0.000000    0.694052 ^ _0641_/A0 (sky130_fd_sc_hd__mux2_1)
     1    0.001853    0.063406    0.207321    0.901373 ^ _0641_/X (sky130_fd_sc_hd__mux2_1)
                                                         _0104_ (net)
                      0.063406    0.000000    0.901373 ^ _1117_/D (sky130_fd_sc_hd__dfrtp_2)
                                              0.901373   data arrival time

                      0.150000    0.000000    0.000000   clock clk (rise edge)
                                  0.000000    0.000000   clock network delay (ideal)
                                  0.250000    0.250000   clock uncertainty
                                  0.000000    0.250000   clock reconvergence pessimism
                                              0.250000 ^ _1117_/CLK (sky130_fd_sc_hd__dfrtp_2)
                                 -0.062273    0.187727   library hold time
                                              0.187727   data required time
---------------------------------------------------------------------------------------------
                                              0.187727   data required time
                                             -0.901373   data arrival time
---------------------------------------------------------------------------------------------
                                              0.713646   slack (MET)


Startpoint: _1085_ (rising edge-triggered flip-flop clocked by clk)
Endpoint: _1085_ (rising edge-triggered flip-flop clocked by clk)
Path Group: clk
Path Type: min

Fanout         Cap        Slew       Delay        Time   Description
---------------------------------------------------------------------------------------------
                      0.150000    0.000000    0.000000   clock clk (rise edge)
                                  0.000000    0.000000   clock network delay (ideal)
                      0.150000    0.000000    0.000000 ^ _1085_/CLK (sky130_fd_sc_hd__dfrtp_2)
     2    0.004418    0.083846    0.689878    0.689878 ^ _1085_/Q (sky130_fd_sc_hd__dfrtp_2)
                                                         coeff7[7] (net)
                      0.083846    0.000000    0.689878 ^ _0609_/A1 (sky130_fd_sc_hd__mux2_1)
     1    0.001853    0.062944    0.211626    0.901504 ^ _0609_/X (sky130_fd_sc_hd__mux2_1)
                                                         _0072_ (net)
                      0.062944    0.000000    0.901504 ^ _1085_/D (sky130_fd_sc_hd__dfrtp_2)
                                              0.901504   data arrival time

                      0.150000    0.000000    0.000000   clock clk (rise edge)
                                  0.000000    0.000000   clock network delay (ideal)
                                  0.250000    0.250000   clock uncertainty
                                  0.000000    0.250000   clock reconvergence pessimism
                                              0.250000 ^ _1085_/CLK (sky130_fd_sc_hd__dfrtp_2)
                                 -0.062168    0.187832   library hold time
                                              0.187832   data required time
---------------------------------------------------------------------------------------------
                                              0.187832   data required time
                                             -0.901504   data arrival time
---------------------------------------------------------------------------------------------
                                              0.713672   slack (MET)


Startpoint: _1062_ (rising edge-triggered flip-flop clocked by clk)
Endpoint: _1062_ (rising edge-triggered flip-flop clocked by clk)
Path Group: clk
Path Type: min

Fanout         Cap        Slew       Delay        Time   Description
---------------------------------------------------------------------------------------------
                      0.150000    0.000000    0.000000   clock clk (rise edge)
                                  0.000000    0.000000   clock network delay (ideal)
                      0.150000    0.000000    0.000000 ^ _1062_/CLK (sky130_fd_sc_hd__dfrtp_2)
     2    0.004421    0.083869    0.689906    0.689906 ^ _1062_/Q (sky130_fd_sc_hd__dfrtp_2)
                                                         coeff5[0] (net)
                      0.083869    0.000000    0.689906 ^ _0584_/A1 (sky130_fd_sc_hd__mux2_1)
     1    0.001853    0.063027    0.211635    0.901542 ^ _0584_/X (sky130_fd_sc_hd__mux2_1)
                                                         _0049_ (net)
                      0.063027    0.000000    0.901542 ^ _1062_/D (sky130_fd_sc_hd__dfrtp_2)
                                              0.901542   data arrival time

                      0.150000    0.000000    0.000000   clock clk (rise edge)
                                  0.000000    0.000000   clock network delay (ideal)
                                  0.250000    0.250000   clock uncertainty
                                  0.000000    0.250000   clock reconvergence pessimism
                                              0.250000 ^ _1062_/CLK (sky130_fd_sc_hd__dfrtp_2)
                                 -0.062187    0.187813   library hold time
                                              0.187813   data required time
---------------------------------------------------------------------------------------------
                                              0.187813   data required time
                                             -0.901542   data arrival time
---------------------------------------------------------------------------------------------
                                              0.713729   slack (MET)


Startpoint: _1069_ (rising edge-triggered flip-flop clocked by clk)
Endpoint: _1069_ (rising edge-triggered flip-flop clocked by clk)
Path Group: clk
Path Type: min

Fanout         Cap        Slew       Delay        Time   Description
---------------------------------------------------------------------------------------------
                      0.150000    0.000000    0.000000   clock clk (rise edge)
                                  0.000000    0.000000   clock network delay (ideal)
                      0.150000    0.000000    0.000000 ^ _1069_/CLK (sky130_fd_sc_hd__dfrtp_2)
     2    0.004421    0.083869    0.689906    0.689906 ^ _1069_/Q (sky130_fd_sc_hd__dfrtp_2)
                                                         coeff5[7] (net)
                      0.083869    0.000000    0.689906 ^ _0591_/A1 (sky130_fd_sc_hd__mux2_1)
     1    0.001853    0.063027    0.211635    0.901542 ^ _0591_/X (sky130_fd_sc_hd__mux2_1)
                                                         _0056_ (net)
                      0.063027    0.000000    0.901542 ^ _1069_/D (sky130_fd_sc_hd__dfrtp_2)
                                              0.901542   data arrival time

                      0.150000    0.000000    0.000000   clock clk (rise edge)
                                  0.000000    0.000000   clock network delay (ideal)
                                  0.250000    0.250000   clock uncertainty
                                  0.000000    0.250000   clock reconvergence pessimism
                                              0.250000 ^ _1069_/CLK (sky130_fd_sc_hd__dfrtp_2)
                                 -0.062187    0.187813   library hold time
                                              0.187813   data required time
---------------------------------------------------------------------------------------------
                                              0.187813   data required time
                                             -0.901542   data arrival time
---------------------------------------------------------------------------------------------
                                              0.713729   slack (MET)


Startpoint: _1077_ (rising edge-triggered flip-flop clocked by clk)
Endpoint: _1077_ (rising edge-triggered flip-flop clocked by clk)
Path Group: clk
Path Type: min

Fanout         Cap        Slew       Delay        Time   Description
---------------------------------------------------------------------------------------------
                      0.150000    0.000000    0.000000   clock clk (rise edge)
                                  0.000000    0.000000   clock network delay (ideal)
                      0.150000    0.000000    0.000000 ^ _1077_/CLK (sky130_fd_sc_hd__dfrtp_2)
     2    0.004421    0.083869    0.689906    0.689906 ^ _1077_/Q (sky130_fd_sc_hd__dfrtp_2)
                                                         coeff6[7] (net)
                      0.083869    0.000000    0.689906 ^ _0600_/A1 (sky130_fd_sc_hd__mux2_1)
     1    0.001853    0.063027    0.211635    0.901542 ^ _0600_/X (sky130_fd_sc_hd__mux2_1)
                                                         _0064_ (net)
                      0.063027    0.000000    0.901542 ^ _1077_/D (sky130_fd_sc_hd__dfrtp_2)
                                              0.901542   data arrival time

                      0.150000    0.000000    0.000000   clock clk (rise edge)
                                  0.000000    0.000000   clock network delay (ideal)
                                  0.250000    0.250000   clock uncertainty
                                  0.000000    0.250000   clock reconvergence pessimism
                                              0.250000 ^ _1077_/CLK (sky130_fd_sc_hd__dfrtp_2)
                                 -0.062187    0.187813   library hold time
                                              0.187813   data required time
---------------------------------------------------------------------------------------------
                                              0.187813   data required time
                                             -0.901542   data arrival time
---------------------------------------------------------------------------------------------
                                              0.713729   slack (MET)


Startpoint: _1055_ (rising edge-triggered flip-flop clocked by clk)
Endpoint: _1055_ (rising edge-triggered flip-flop clocked by clk)
Path Group: clk
Path Type: min

Fanout         Cap        Slew       Delay        Time   Description
---------------------------------------------------------------------------------------------
                      0.150000    0.000000    0.000000   clock clk (rise edge)
                                  0.000000    0.000000   clock network delay (ideal)
                      0.150000    0.000000    0.000000 ^ _1055_/CLK (sky130_fd_sc_hd__dfrtp_2)
     2    0.004454    0.084119    0.690219    0.690219 ^ _1055_/Q (sky130_fd_sc_hd__dfrtp_2)
                                                         coeff4[1] (net)
                      0.084119    0.000000    0.690219 ^ _0576_/A1 (sky130_fd_sc_hd__mux2_1)
     1    0.001853    0.062866    0.211735    0.901954 ^ _0576_/X (sky130_fd_sc_hd__mux2_1)
                                                         _0042_ (net)
                      0.062866    0.000000    0.901954 ^ _1055_/D (sky130_fd_sc_hd__dfrtp_2)
                                              0.901954   data arrival time

                      0.150000    0.000000    0.000000   clock clk (rise edge)
                                  0.000000    0.000000   clock network delay (ideal)
                                  0.250000    0.250000   clock uncertainty
                                  0.000000    0.250000   clock reconvergence pessimism
                                              0.250000 ^ _1055_/CLK (sky130_fd_sc_hd__dfrtp_2)
                                 -0.062151    0.187849   library hold time
                                              0.187849   data required time
---------------------------------------------------------------------------------------------
                                              0.187849   data required time
                                             -0.901954   data arrival time
---------------------------------------------------------------------------------------------
                                              0.714105   slack (MET)


Startpoint: _1095_ (rising edge-triggered flip-flop clocked by clk)
Endpoint: _1095_ (rising edge-triggered flip-flop clocked by clk)
Path Group: clk
Path Type: min

Fanout         Cap        Slew       Delay        Time   Description
---------------------------------------------------------------------------------------------
                      0.150000    0.000000    0.000000   clock clk (rise edge)
                                  0.000000    0.000000   clock network delay (ideal)
                      0.150000    0.000000    0.000000 ^ _1095_/CLK (sky130_fd_sc_hd__dfrtp_2)
     3    0.004902    0.087515    0.694469    0.694469 ^ _1095_/Q (sky130_fd_sc_hd__dfrtp_2)
                                                         snapshot1[1] (net)
                      0.087515    0.000000    0.694469 ^ _0619_/A0 (sky130_fd_sc_hd__mux2_1)
     1    0.001853    0.063406    0.207456    0.901925 ^ _0619_/X (sky130_fd_sc_hd__mux2_1)
                                                         _0082_ (net)
                      0.063406    0.000000    0.901925 ^ _1095_/D (sky130_fd_sc_hd__dfrtp_2)
                                              0.901925   data arrival time

                      0.150000    0.000000    0.000000   clock clk (rise edge)
                                  0.000000    0.000000   clock network delay (ideal)
                                  0.250000    0.250000   clock uncertainty
                                  0.000000    0.250000   clock reconvergence pessimism
                                              0.250000 ^ _1095_/CLK (sky130_fd_sc_hd__dfrtp_2)
                                 -0.062273    0.187727   library hold time
                                              0.187727   data required time
---------------------------------------------------------------------------------------------
                                              0.187727   data required time
                                             -0.901925   data arrival time
---------------------------------------------------------------------------------------------
                                              0.714198   slack (MET)


Startpoint: _1098_ (rising edge-triggered flip-flop clocked by clk)
Endpoint: _1098_ (rising edge-triggered flip-flop clocked by clk)
Path Group: clk
Path Type: min

Fanout         Cap        Slew       Delay        Time   Description
---------------------------------------------------------------------------------------------
                      0.150000    0.000000    0.000000   clock clk (rise edge)
                                  0.000000    0.000000   clock network delay (ideal)
                      0.150000    0.000000    0.000000 ^ _1098_/CLK (sky130_fd_sc_hd__dfrtp_2)
     3    0.004902    0.087515    0.694469    0.694469 ^ _1098_/Q (sky130_fd_sc_hd__dfrtp_2)
                                                         snapshot1[4] (net)
                      0.087515    0.000000    0.694469 ^ _0622_/A0 (sky130_fd_sc_hd__mux2_1)
     1    0.001853    0.063406    0.207456    0.901925 ^ _0622_/X (sky130_fd_sc_hd__mux2_1)
                                                         _0085_ (net)
                      0.063406    0.000000    0.901925 ^ _1098_/D (sky130_fd_sc_hd__dfrtp_2)
                                              0.901925   data arrival time

                      0.150000    0.000000    0.000000   clock clk (rise edge)
                                  0.000000    0.000000   clock network delay (ideal)
                                  0.250000    0.250000   clock uncertainty
                                  0.000000    0.250000   clock reconvergence pessimism
                                              0.250000 ^ _1098_/CLK (sky130_fd_sc_hd__dfrtp_2)
                                 -0.062273    0.187727   library hold time
                                              0.187727   data required time
---------------------------------------------------------------------------------------------
                                              0.187727   data required time
                                             -0.901925   data arrival time
---------------------------------------------------------------------------------------------
                                              0.714198   slack (MET)


Startpoint: _1102_ (rising edge-triggered flip-flop clocked by clk)
Endpoint: _1102_ (rising edge-triggered flip-flop clocked by clk)
Path Group: clk
Path Type: min

Fanout         Cap        Slew       Delay        Time   Description
---------------------------------------------------------------------------------------------
                      0.150000    0.000000    0.000000   clock clk (rise edge)
                                  0.000000    0.000000   clock network delay (ideal)
                      0.150000    0.000000    0.000000 ^ _1102_/CLK (sky130_fd_sc_hd__dfrtp_2)
     3    0.004902    0.087515    0.694469    0.694469 ^ _1102_/Q (sky130_fd_sc_hd__dfrtp_2)
                                                         snapshot2[0] (net)
                      0.087515    0.000000    0.694469 ^ _0626_/A0 (sky130_fd_sc_hd__mux2_1)
     1    0.001853    0.063406    0.207456    0.901925 ^ _0626_/X (sky130_fd_sc_hd__mux2_1)
                                                         _0089_ (net)
                      0.063406    0.000000    0.901925 ^ _1102_/D (sky130_fd_sc_hd__dfrtp_2)
                                              0.901925   data arrival time

                      0.150000    0.000000    0.000000   clock clk (rise edge)
                                  0.000000    0.000000   clock network delay (ideal)
                                  0.250000    0.250000   clock uncertainty
                                  0.000000    0.250000   clock reconvergence pessimism
                                              0.250000 ^ _1102_/CLK (sky130_fd_sc_hd__dfrtp_2)
                                 -0.062273    0.187727   library hold time
                                              0.187727   data required time
---------------------------------------------------------------------------------------------
                                              0.187727   data required time
                                             -0.901925   data arrival time
---------------------------------------------------------------------------------------------
                                              0.714198   slack (MET)


Startpoint: _1104_ (rising edge-triggered flip-flop clocked by clk)
Endpoint: _1104_ (rising edge-triggered flip-flop clocked by clk)
Path Group: clk
Path Type: min

Fanout         Cap        Slew       Delay        Time   Description
---------------------------------------------------------------------------------------------
                      0.150000    0.000000    0.000000   clock clk (rise edge)
                                  0.000000    0.000000   clock network delay (ideal)
                      0.150000    0.000000    0.000000 ^ _1104_/CLK (sky130_fd_sc_hd__dfrtp_2)
     3    0.004902    0.087515    0.694469    0.694469 ^ _1104_/Q (sky130_fd_sc_hd__dfrtp_2)
                                                         snapshot2[2] (net)
                      0.087515    0.000000    0.694469 ^ _0628_/A0 (sky130_fd_sc_hd__mux2_1)
     1    0.001853    0.063406    0.207456    0.901925 ^ _0628_/X (sky130_fd_sc_hd__mux2_1)
                                                         _0091_ (net)
                      0.063406    0.000000    0.901925 ^ _1104_/D (sky130_fd_sc_hd__dfrtp_2)
                                              0.901925   data arrival time

                      0.150000    0.000000    0.000000   clock clk (rise edge)
                                  0.000000    0.000000   clock network delay (ideal)
                                  0.250000    0.250000   clock uncertainty
                                  0.000000    0.250000   clock reconvergence pessimism
                                              0.250000 ^ _1104_/CLK (sky130_fd_sc_hd__dfrtp_2)
                                 -0.062273    0.187727   library hold time
                                              0.187727   data required time
---------------------------------------------------------------------------------------------
                                              0.187727   data required time
                                             -0.901925   data arrival time
---------------------------------------------------------------------------------------------
                                              0.714198   slack (MET)


Startpoint: _1105_ (rising edge-triggered flip-flop clocked by clk)
Endpoint: _1105_ (rising edge-triggered flip-flop clocked by clk)
Path Group: clk
Path Type: min

Fanout         Cap        Slew       Delay        Time   Description
---------------------------------------------------------------------------------------------
                      0.150000    0.000000    0.000000   clock clk (rise edge)
                                  0.000000    0.000000   clock network delay (ideal)
                      0.150000    0.000000    0.000000 ^ _1105_/CLK (sky130_fd_sc_hd__dfrtp_2)
     3    0.004902    0.087515    0.694469    0.694469 ^ _1105_/Q (sky130_fd_sc_hd__dfrtp_2)
                                                         snapshot2[3] (net)
                      0.087515    0.000000    0.694469 ^ _0629_/A0 (sky130_fd_sc_hd__mux2_1)
     1    0.001853    0.063406    0.207456    0.901925 ^ _0629_/X (sky130_fd_sc_hd__mux2_1)
                                                         _0092_ (net)
                      0.063406    0.000000    0.901925 ^ _1105_/D (sky130_fd_sc_hd__dfrtp_2)
                                              0.901925   data arrival time

                      0.150000    0.000000    0.000000   clock clk (rise edge)
                                  0.000000    0.000000   clock network delay (ideal)
                                  0.250000    0.250000   clock uncertainty
                                  0.000000    0.250000   clock reconvergence pessimism
                                              0.250000 ^ _1105_/CLK (sky130_fd_sc_hd__dfrtp_2)
                                 -0.062273    0.187727   library hold time
                                              0.187727   data required time
---------------------------------------------------------------------------------------------
                                              0.187727   data required time
                                             -0.901925   data arrival time
---------------------------------------------------------------------------------------------
                                              0.714198   slack (MET)


Startpoint: _1134_ (rising edge-triggered flip-flop clocked by clk)
Endpoint: _1134_ (rising edge-triggered flip-flop clocked by clk)
Path Group: clk
Path Type: min

Fanout         Cap        Slew       Delay        Time   Description
---------------------------------------------------------------------------------------------
                      0.150000    0.000000    0.000000   clock clk (rise edge)
                                  0.000000    0.000000   clock network delay (ideal)
                      0.150000    0.000000    0.000000 ^ _1134_/CLK (sky130_fd_sc_hd__dfrtp_2)
     3    0.004966    0.088000    0.695076    0.695076 ^ _1134_/Q (sky130_fd_sc_hd__dfrtp_2)
                                                         snapshot6[0] (net)
                      0.088000    0.000000    0.695076 ^ _0658_/A0 (sky130_fd_sc_hd__mux2_1)
     1    0.001853    0.063406    0.207651    0.902727 ^ _0658_/X (sky130_fd_sc_hd__mux2_1)
                                                         _0121_ (net)
                      0.063406    0.000000    0.902727 ^ _1134_/D (sky130_fd_sc_hd__dfrtp_2)
                                              0.902727   data arrival time

                      0.150000    0.000000    0.000000   clock clk (rise edge)
                                  0.000000    0.000000   clock network delay (ideal)
                                  0.250000    0.250000   clock uncertainty
                                  0.000000    0.250000   clock reconvergence pessimism
                                              0.250000 ^ _1134_/CLK (sky130_fd_sc_hd__dfrtp_2)
                                 -0.062273    0.187727   library hold time
                                              0.187727   data required time
---------------------------------------------------------------------------------------------
                                              0.187727   data required time
                                             -0.902727   data arrival time
---------------------------------------------------------------------------------------------
                                              0.715000   slack (MET)


Startpoint: _1135_ (rising edge-triggered flip-flop clocked by clk)
Endpoint: _1135_ (rising edge-triggered flip-flop clocked by clk)
Path Group: clk
Path Type: min

Fanout         Cap        Slew       Delay        Time   Description
---------------------------------------------------------------------------------------------
                      0.150000    0.000000    0.000000   clock clk (rise edge)
                                  0.000000    0.000000   clock network delay (ideal)
                      0.150000    0.000000    0.000000 ^ _1135_/CLK (sky130_fd_sc_hd__dfrtp_2)
     3    0.004966    0.088000    0.695076    0.695076 ^ _1135_/Q (sky130_fd_sc_hd__dfrtp_2)
                                                         snapshot6[1] (net)
                      0.088000    0.000000    0.695076 ^ _0659_/A0 (sky130_fd_sc_hd__mux2_1)
     1    0.001853    0.063406    0.207651    0.902727 ^ _0659_/X (sky130_fd_sc_hd__mux2_1)
                                                         _0122_ (net)
                      0.063406    0.000000    0.902727 ^ _1135_/D (sky130_fd_sc_hd__dfrtp_2)
                                              0.902727   data arrival time

                      0.150000    0.000000    0.000000   clock clk (rise edge)
                                  0.000000    0.000000   clock network delay (ideal)
                                  0.250000    0.250000   clock uncertainty
                                  0.000000    0.250000   clock reconvergence pessimism
                                              0.250000 ^ _1135_/CLK (sky130_fd_sc_hd__dfrtp_2)
                                 -0.062273    0.187727   library hold time
                                              0.187727   data required time
---------------------------------------------------------------------------------------------
                                              0.187727   data required time
                                             -0.902727   data arrival time
---------------------------------------------------------------------------------------------
                                              0.715000   slack (MET)


Startpoint: _1136_ (rising edge-triggered flip-flop clocked by clk)
Endpoint: _1136_ (rising edge-triggered flip-flop clocked by clk)
Path Group: clk
Path Type: min

Fanout         Cap        Slew       Delay        Time   Description
---------------------------------------------------------------------------------------------
                      0.150000    0.000000    0.000000   clock clk (rise edge)
                                  0.000000    0.000000   clock network delay (ideal)
                      0.150000    0.000000    0.000000 ^ _1136_/CLK (sky130_fd_sc_hd__dfrtp_2)
     3    0.004966    0.088000    0.695076    0.695076 ^ _1136_/Q (sky130_fd_sc_hd__dfrtp_2)
                                                         snapshot6[2] (net)
                      0.088000    0.000000    0.695076 ^ _0660_/A0 (sky130_fd_sc_hd__mux2_1)
     1    0.001853    0.063406    0.207651    0.902727 ^ _0660_/X (sky130_fd_sc_hd__mux2_1)
                                                         _0123_ (net)
                      0.063406    0.000000    0.902727 ^ _1136_/D (sky130_fd_sc_hd__dfrtp_2)
                                              0.902727   data arrival time

                      0.150000    0.000000    0.000000   clock clk (rise edge)
                                  0.000000    0.000000   clock network delay (ideal)
                                  0.250000    0.250000   clock uncertainty
                                  0.000000    0.250000   clock reconvergence pessimism
                                              0.250000 ^ _1136_/CLK (sky130_fd_sc_hd__dfrtp_2)
                                 -0.062273    0.187727   library hold time
                                              0.187727   data required time
---------------------------------------------------------------------------------------------
                                              0.187727   data required time
                                             -0.902727   data arrival time
---------------------------------------------------------------------------------------------
                                              0.715000   slack (MET)


Startpoint: _1137_ (rising edge-triggered flip-flop clocked by clk)
Endpoint: _1137_ (rising edge-triggered flip-flop clocked by clk)
Path Group: clk
Path Type: min

Fanout         Cap        Slew       Delay        Time   Description
---------------------------------------------------------------------------------------------
                      0.150000    0.000000    0.000000   clock clk (rise edge)
                                  0.000000    0.000000   clock network delay (ideal)
                      0.150000    0.000000    0.000000 ^ _1137_/CLK (sky130_fd_sc_hd__dfrtp_2)
     3    0.004966    0.088000    0.695076    0.695076 ^ _1137_/Q (sky130_fd_sc_hd__dfrtp_2)
                                                         snapshot6[3] (net)
                      0.088000    0.000000    0.695076 ^ _0661_/A0 (sky130_fd_sc_hd__mux2_1)
     1    0.001853    0.063406    0.207651    0.902727 ^ _0661_/X (sky130_fd_sc_hd__mux2_1)
                                                         _0124_ (net)
                      0.063406    0.000000    0.902727 ^ _1137_/D (sky130_fd_sc_hd__dfrtp_2)
                                              0.902727   data arrival time

                      0.150000    0.000000    0.000000   clock clk (rise edge)
                                  0.000000    0.000000   clock network delay (ideal)
                                  0.250000    0.250000   clock uncertainty
                                  0.000000    0.250000   clock reconvergence pessimism
                                              0.250000 ^ _1137_/CLK (sky130_fd_sc_hd__dfrtp_2)
                                 -0.062273    0.187727   library hold time
                                              0.187727   data required time
---------------------------------------------------------------------------------------------
                                              0.187727   data required time
                                             -0.902727   data arrival time
---------------------------------------------------------------------------------------------
                                              0.715000   slack (MET)


Startpoint: _1139_ (rising edge-triggered flip-flop clocked by clk)
Endpoint: _1139_ (rising edge-triggered flip-flop clocked by clk)
Path Group: clk
Path Type: min

Fanout         Cap        Slew       Delay        Time   Description
---------------------------------------------------------------------------------------------
                      0.150000    0.000000    0.000000   clock clk (rise edge)
                                  0.000000    0.000000   clock network delay (ideal)
                      0.150000    0.000000    0.000000 ^ _1139_/CLK (sky130_fd_sc_hd__dfrtp_2)
     3    0.004966    0.088000    0.695076    0.695076 ^ _1139_/Q (sky130_fd_sc_hd__dfrtp_2)
                                                         snapshot6[5] (net)
                      0.088000    0.000000    0.695076 ^ _0663_/A0 (sky130_fd_sc_hd__mux2_1)
     1    0.001853    0.063406    0.207651    0.902727 ^ _0663_/X (sky130_fd_sc_hd__mux2_1)
                                                         _0126_ (net)
                      0.063406    0.000000    0.902727 ^ _1139_/D (sky130_fd_sc_hd__dfrtp_2)
                                              0.902727   data arrival time

                      0.150000    0.000000    0.000000   clock clk (rise edge)
                                  0.000000    0.000000   clock network delay (ideal)
                                  0.250000    0.250000   clock uncertainty
                                  0.000000    0.250000   clock reconvergence pessimism
                                              0.250000 ^ _1139_/CLK (sky130_fd_sc_hd__dfrtp_2)
                                 -0.062273    0.187727   library hold time
                                              0.187727   data required time
---------------------------------------------------------------------------------------------
                                              0.187727   data required time
                                             -0.902727   data arrival time
---------------------------------------------------------------------------------------------
                                              0.715000   slack (MET)


Startpoint: _1126_ (rising edge-triggered flip-flop clocked by clk)
Endpoint: _1126_ (rising edge-triggered flip-flop clocked by clk)
Path Group: clk
Path Type: min

Fanout         Cap        Slew       Delay        Time   Description
---------------------------------------------------------------------------------------------
                      0.150000    0.000000    0.000000   clock clk (rise edge)
                                  0.000000    0.000000   clock network delay (ideal)
                      0.150000    0.000000    0.000000 ^ _1126_/CLK (sky130_fd_sc_hd__dfrtp_2)
     3    0.004992    0.088197    0.695323    0.695323 ^ _1126_/Q (sky130_fd_sc_hd__dfrtp_2)
                                                         snapshot5[0] (net)
                      0.088197    0.000000    0.695323 ^ _0650_/A0 (sky130_fd_sc_hd__mux2_1)
     1    0.001853    0.063406    0.207730    0.903053 ^ _0650_/X (sky130_fd_sc_hd__mux2_1)
                                                         _0113_ (net)
                      0.063406    0.000000    0.903053 ^ _1126_/D (sky130_fd_sc_hd__dfrtp_2)
                                              0.903053   data arrival time

                      0.150000    0.000000    0.000000   clock clk (rise edge)
                                  0.000000    0.000000   clock network delay (ideal)
                                  0.250000    0.250000   clock uncertainty
                                  0.000000    0.250000   clock reconvergence pessimism
                                              0.250000 ^ _1126_/CLK (sky130_fd_sc_hd__dfrtp_2)
                                 -0.062273    0.187727   library hold time
                                              0.187727   data required time
---------------------------------------------------------------------------------------------
                                              0.187727   data required time
                                             -0.903053   data arrival time
---------------------------------------------------------------------------------------------
                                              0.715326   slack (MET)


Startpoint: _1128_ (rising edge-triggered flip-flop clocked by clk)
Endpoint: _1128_ (rising edge-triggered flip-flop clocked by clk)
Path Group: clk
Path Type: min

Fanout         Cap        Slew       Delay        Time   Description
---------------------------------------------------------------------------------------------
                      0.150000    0.000000    0.000000   clock clk (rise edge)
                                  0.000000    0.000000   clock network delay (ideal)
                      0.150000    0.000000    0.000000 ^ _1128_/CLK (sky130_fd_sc_hd__dfrtp_2)
     3    0.004992    0.088197    0.695323    0.695323 ^ _1128_/Q (sky130_fd_sc_hd__dfrtp_2)
                                                         snapshot5[2] (net)
                      0.088197    0.000000    0.695323 ^ _0652_/A0 (sky130_fd_sc_hd__mux2_1)
     1    0.001853    0.063406    0.207730    0.903053 ^ _0652_/X (sky130_fd_sc_hd__mux2_1)
                                                         _0115_ (net)
                      0.063406    0.000000    0.903053 ^ _1128_/D (sky130_fd_sc_hd__dfrtp_2)
                                              0.903053   data arrival time

                      0.150000    0.000000    0.000000   clock clk (rise edge)
                                  0.000000    0.000000   clock network delay (ideal)
                                  0.250000    0.250000   clock uncertainty
                                  0.000000    0.250000   clock reconvergence pessimism
                                              0.250000 ^ _1128_/CLK (sky130_fd_sc_hd__dfrtp_2)
                                 -0.062273    0.187727   library hold time
                                              0.187727   data required time
---------------------------------------------------------------------------------------------
                                              0.187727   data required time
                                             -0.903053   data arrival time
---------------------------------------------------------------------------------------------
                                              0.715326   slack (MET)


Startpoint: _1130_ (rising edge-triggered flip-flop clocked by clk)
Endpoint: _1130_ (rising edge-triggered flip-flop clocked by clk)
Path Group: clk
Path Type: min

Fanout         Cap        Slew       Delay        Time   Description
---------------------------------------------------------------------------------------------
                      0.150000    0.000000    0.000000   clock clk (rise edge)
                                  0.000000    0.000000   clock network delay (ideal)
                      0.150000    0.000000    0.000000 ^ _1130_/CLK (sky130_fd_sc_hd__dfrtp_2)
     3    0.004992    0.088197    0.695323    0.695323 ^ _1130_/Q (sky130_fd_sc_hd__dfrtp_2)
                                                         snapshot5[4] (net)
                      0.088197    0.000000    0.695323 ^ _0654_/A0 (sky130_fd_sc_hd__mux2_1)
     1    0.001853    0.063406    0.207730    0.903053 ^ _0654_/X (sky130_fd_sc_hd__mux2_1)
                                                         _0117_ (net)
                      0.063406    0.000000    0.903053 ^ _1130_/D (sky130_fd_sc_hd__dfrtp_2)
                                              0.903053   data arrival time

                      0.150000    0.000000    0.000000   clock clk (rise edge)
                                  0.000000    0.000000   clock network delay (ideal)
                                  0.250000    0.250000   clock uncertainty
                                  0.000000    0.250000   clock reconvergence pessimism
                                              0.250000 ^ _1130_/CLK (sky130_fd_sc_hd__dfrtp_2)
                                 -0.062273    0.187727   library hold time
                                              0.187727   data required time
---------------------------------------------------------------------------------------------
                                              0.187727   data required time
                                             -0.903053   data arrival time
---------------------------------------------------------------------------------------------
                                              0.715326   slack (MET)


Startpoint: _1131_ (rising edge-triggered flip-flop clocked by clk)
Endpoint: _1131_ (rising edge-triggered flip-flop clocked by clk)
Path Group: clk
Path Type: min

Fanout         Cap        Slew       Delay        Time   Description
---------------------------------------------------------------------------------------------
                      0.150000    0.000000    0.000000   clock clk (rise edge)
                                  0.000000    0.000000   clock network delay (ideal)
                      0.150000    0.000000    0.000000 ^ _1131_/CLK (sky130_fd_sc_hd__dfrtp_2)
     3    0.004992    0.088197    0.695323    0.695323 ^ _1131_/Q (sky130_fd_sc_hd__dfrtp_2)
                                                         snapshot5[5] (net)
                      0.088197    0.000000    0.695323 ^ _0655_/A0 (sky130_fd_sc_hd__mux2_1)
     1    0.001853    0.063406    0.207730    0.903053 ^ _0655_/X (sky130_fd_sc_hd__mux2_1)
                                                         _0118_ (net)
                      0.063406    0.000000    0.903053 ^ _1131_/D (sky130_fd_sc_hd__dfrtp_2)
                                              0.903053   data arrival time

                      0.150000    0.000000    0.000000   clock clk (rise edge)
                                  0.000000    0.000000   clock network delay (ideal)
                                  0.250000    0.250000   clock uncertainty
                                  0.000000    0.250000   clock reconvergence pessimism
                                              0.250000 ^ _1131_/CLK (sky130_fd_sc_hd__dfrtp_2)
                                 -0.062273    0.187727   library hold time
                                              0.187727   data required time
---------------------------------------------------------------------------------------------
                                              0.187727   data required time
                                             -0.903053   data arrival time
---------------------------------------------------------------------------------------------
                                              0.715326   slack (MET)


Startpoint: _1089_ (rising edge-triggered flip-flop clocked by clk)
Endpoint: _1097_ (rising edge-triggered flip-flop clocked by clk)
Path Group: clk
Path Type: min

Fanout         Cap        Slew       Delay        Time   Description
---------------------------------------------------------------------------------------------
                      0.150000    0.000000    0.000000   clock clk (rise edge)
                                  0.000000    0.000000   clock network delay (ideal)
                      0.150000    0.000000    0.000000 ^ _1089_/CLK (sky130_fd_sc_hd__dfrtp_2)
     3    0.004857    0.087174    0.694042    0.694042 ^ _1089_/Q (sky130_fd_sc_hd__dfrtp_2)
                                                         snapshot0[3] (net)
                      0.087174    0.000000    0.694042 ^ _0621_/A1 (sky130_fd_sc_hd__mux2_1)
     1    0.001853    0.063406    0.212953    0.906995 ^ _0621_/X (sky130_fd_sc_hd__mux2_1)
                                                         _0084_ (net)
                      0.063406    0.000000    0.906995 ^ _1097_/D (sky130_fd_sc_hd__dfrtp_2)
                                              0.906995   data arrival time

                      0.150000    0.000000    0.000000   clock clk (rise edge)
                                  0.000000    0.000000   clock network delay (ideal)
                                  0.250000    0.250000   clock uncertainty
                                  0.000000    0.250000   clock reconvergence pessimism
                                              0.250000 ^ _1097_/CLK (sky130_fd_sc_hd__dfrtp_2)
                                 -0.062273    0.187727   library hold time
                                              0.187727   data required time
---------------------------------------------------------------------------------------------
                                              0.187727   data required time
                                             -0.906995   data arrival time
---------------------------------------------------------------------------------------------
                                              0.719269   slack (MET)


Startpoint: _1099_ (rising edge-triggered flip-flop clocked by clk)
Endpoint: _1107_ (rising edge-triggered flip-flop clocked by clk)
Path Group: clk
Path Type: min

Fanout         Cap        Slew       Delay        Time   Description
---------------------------------------------------------------------------------------------
                      0.150000    0.000000    0.000000   clock clk (rise edge)
                                  0.000000    0.000000   clock network delay (ideal)
                      0.150000    0.000000    0.000000 ^ _1099_/CLK (sky130_fd_sc_hd__dfrtp_2)
     3    0.004857    0.087174    0.694042    0.694042 ^ _1099_/Q (sky130_fd_sc_hd__dfrtp_2)
                                                         snapshot1[5] (net)
                      0.087174    0.000000    0.694042 ^ _0631_/A1 (sky130_fd_sc_hd__mux2_1)
     1    0.001853    0.063406    0.212953    0.906995 ^ _0631_/X (sky130_fd_sc_hd__mux2_1)
                                                         _0094_ (net)
                      0.063406    0.000000    0.906995 ^ _1107_/D (sky130_fd_sc_hd__dfrtp_2)
                                              0.906995   data arrival time

                      0.150000    0.000000    0.000000   clock clk (rise edge)
                                  0.000000    0.000000   clock network delay (ideal)
                                  0.250000    0.250000   clock uncertainty
                                  0.000000    0.250000   clock reconvergence pessimism
                                              0.250000 ^ _1107_/CLK (sky130_fd_sc_hd__dfrtp_2)
                                 -0.062273    0.187727   library hold time
                                              0.187727   data required time
---------------------------------------------------------------------------------------------
                                              0.187727   data required time
                                             -0.906995   data arrival time
---------------------------------------------------------------------------------------------
                                              0.719269   slack (MET)


Startpoint: _1117_ (rising edge-triggered flip-flop clocked by clk)
Endpoint: _1125_ (rising edge-triggered flip-flop clocked by clk)
Path Group: clk
Path Type: min

Fanout         Cap        Slew       Delay        Time   Description
---------------------------------------------------------------------------------------------
                      0.150000    0.000000    0.000000   clock clk (rise edge)
                                  0.000000    0.000000   clock network delay (ideal)
                      0.150000    0.000000    0.000000 ^ _1117_/CLK (sky130_fd_sc_hd__dfrtp_2)
     3    0.004858    0.087181    0.694052    0.694052 ^ _1117_/Q (sky130_fd_sc_hd__dfrtp_2)
                                                         snapshot3[7] (net)
                      0.087181    0.000000    0.694052 ^ _0649_/A1 (sky130_fd_sc_hd__mux2_1)
     1    0.001853    0.063406    0.212956    0.907008 ^ _0649_/X (sky130_fd_sc_hd__mux2_1)
                                                         _0112_ (net)
                      0.063406    0.000000    0.907008 ^ _1125_/D (sky130_fd_sc_hd__dfrtp_2)
                                              0.907008   data arrival time

                      0.150000    0.000000    0.000000   clock clk (rise edge)
                                  0.000000    0.000000   clock network delay (ideal)
                                  0.250000    0.250000   clock uncertainty
                                  0.000000    0.250000   clock reconvergence pessimism
                                              0.250000 ^ _1125_/CLK (sky130_fd_sc_hd__dfrtp_2)
                                 -0.062273    0.187727   library hold time
                                              0.187727   data required time
---------------------------------------------------------------------------------------------
                                              0.187727   data required time
                                             -0.907008   data arrival time
---------------------------------------------------------------------------------------------
                                              0.719281   slack (MET)


Startpoint: _1095_ (rising edge-triggered flip-flop clocked by clk)
Endpoint: _1103_ (rising edge-triggered flip-flop clocked by clk)
Path Group: clk
Path Type: min

Fanout         Cap        Slew       Delay        Time   Description
---------------------------------------------------------------------------------------------
                      0.150000    0.000000    0.000000   clock clk (rise edge)
                                  0.000000    0.000000   clock network delay (ideal)
                      0.150000    0.000000    0.000000 ^ _1095_/CLK (sky130_fd_sc_hd__dfrtp_2)
     3    0.004902    0.087515    0.694469    0.694469 ^ _1095_/Q (sky130_fd_sc_hd__dfrtp_2)
                                                         snapshot1[1] (net)
                      0.087515    0.000000    0.694469 ^ _0627_/A1 (sky130_fd_sc_hd__mux2_1)
     1    0.001853    0.063406    0.213089    0.907558 ^ _0627_/X (sky130_fd_sc_hd__mux2_1)
                                                         _0090_ (net)
                      0.063406    0.000000    0.907558 ^ _1103_/D (sky130_fd_sc_hd__dfrtp_2)
                                              0.907558   data arrival time

                      0.150000    0.000000    0.000000   clock clk (rise edge)
                                  0.000000    0.000000   clock network delay (ideal)
                                  0.250000    0.250000   clock uncertainty
                                  0.000000    0.250000   clock reconvergence pessimism
                                              0.250000 ^ _1103_/CLK (sky130_fd_sc_hd__dfrtp_2)
                                 -0.062273    0.187727   library hold time
                                              0.187727   data required time
---------------------------------------------------------------------------------------------
                                              0.187727   data required time
                                             -0.907558   data arrival time
---------------------------------------------------------------------------------------------
                                              0.719832   slack (MET)


Startpoint: _1098_ (rising edge-triggered flip-flop clocked by clk)
Endpoint: _1106_ (rising edge-triggered flip-flop clocked by clk)
Path Group: clk
Path Type: min

Fanout         Cap        Slew       Delay        Time   Description
---------------------------------------------------------------------------------------------
                      0.150000    0.000000    0.000000   clock clk (rise edge)
                                  0.000000    0.000000   clock network delay (ideal)
                      0.150000    0.000000    0.000000 ^ _1098_/CLK (sky130_fd_sc_hd__dfrtp_2)
     3    0.004902    0.087515    0.694469    0.694469 ^ _1098_/Q (sky130_fd_sc_hd__dfrtp_2)
                                                         snapshot1[4] (net)
                      0.087515    0.000000    0.694469 ^ _0630_/A1 (sky130_fd_sc_hd__mux2_1)
     1    0.001853    0.063406    0.213089    0.907558 ^ _0630_/X (sky130_fd_sc_hd__mux2_1)
                                                         _0093_ (net)
                      0.063406    0.000000    0.907558 ^ _1106_/D (sky130_fd_sc_hd__dfrtp_2)
                                              0.907558   data arrival time

                      0.150000    0.000000    0.000000   clock clk (rise edge)
                                  0.000000    0.000000   clock network delay (ideal)
                                  0.250000    0.250000   clock uncertainty
                                  0.000000    0.250000   clock reconvergence pessimism
                                              0.250000 ^ _1106_/CLK (sky130_fd_sc_hd__dfrtp_2)
                                 -0.062273    0.187727   library hold time
                                              0.187727   data required time
---------------------------------------------------------------------------------------------
                                              0.187727   data required time
                                             -0.907558   data arrival time
---------------------------------------------------------------------------------------------
                                              0.719832   slack (MET)


Startpoint: _1102_ (rising edge-triggered flip-flop clocked by clk)
Endpoint: _1110_ (rising edge-triggered flip-flop clocked by clk)
Path Group: clk
Path Type: min

Fanout         Cap        Slew       Delay        Time   Description
---------------------------------------------------------------------------------------------
                      0.150000    0.000000    0.000000   clock clk (rise edge)
                                  0.000000    0.000000   clock network delay (ideal)
                      0.150000    0.000000    0.000000 ^ _1102_/CLK (sky130_fd_sc_hd__dfrtp_2)
     3    0.004902    0.087515    0.694469    0.694469 ^ _1102_/Q (sky130_fd_sc_hd__dfrtp_2)
                                                         snapshot2[0] (net)
                      0.087515    0.000000    0.694469 ^ _0634_/A1 (sky130_fd_sc_hd__mux2_1)
     1    0.001853    0.063406    0.213089    0.907558 ^ _0634_/X (sky130_fd_sc_hd__mux2_1)
                                                         _0097_ (net)
                      0.063406    0.000000    0.907558 ^ _1110_/D (sky130_fd_sc_hd__dfrtp_2)
                                              0.907558   data arrival time

                      0.150000    0.000000    0.000000   clock clk (rise edge)
                                  0.000000    0.000000   clock network delay (ideal)
                                  0.250000    0.250000   clock uncertainty
                                  0.000000    0.250000   clock reconvergence pessimism
                                              0.250000 ^ _1110_/CLK (sky130_fd_sc_hd__dfrtp_2)
                                 -0.062273    0.187727   library hold time
                                              0.187727   data required time
---------------------------------------------------------------------------------------------
                                              0.187727   data required time
                                             -0.907558   data arrival time
---------------------------------------------------------------------------------------------
                                              0.719832   slack (MET)


Startpoint: _1104_ (rising edge-triggered flip-flop clocked by clk)
Endpoint: _1112_ (rising edge-triggered flip-flop clocked by clk)
Path Group: clk
Path Type: min

Fanout         Cap        Slew       Delay        Time   Description
---------------------------------------------------------------------------------------------
                      0.150000    0.000000    0.000000   clock clk (rise edge)
                                  0.000000    0.000000   clock network delay (ideal)
                      0.150000    0.000000    0.000000 ^ _1104_/CLK (sky130_fd_sc_hd__dfrtp_2)
     3    0.004902    0.087515    0.694469    0.694469 ^ _1104_/Q (sky130_fd_sc_hd__dfrtp_2)
                                                         snapshot2[2] (net)
                      0.087515    0.000000    0.694469 ^ _0636_/A1 (sky130_fd_sc_hd__mux2_1)
     1    0.001853    0.063406    0.213089    0.907558 ^ _0636_/X (sky130_fd_sc_hd__mux2_1)
                                                         _0099_ (net)
                      0.063406    0.000000    0.907558 ^ _1112_/D (sky130_fd_sc_hd__dfrtp_2)
                                              0.907558   data arrival time

                      0.150000    0.000000    0.000000   clock clk (rise edge)
                                  0.000000    0.000000   clock network delay (ideal)
                                  0.250000    0.250000   clock uncertainty
                                  0.000000    0.250000   clock reconvergence pessimism
                                              0.250000 ^ _1112_/CLK (sky130_fd_sc_hd__dfrtp_2)
                                 -0.062273    0.187727   library hold time
                                              0.187727   data required time
---------------------------------------------------------------------------------------------
                                              0.187727   data required time
                                             -0.907558   data arrival time
---------------------------------------------------------------------------------------------
                                              0.719832   slack (MET)


Startpoint: _1105_ (rising edge-triggered flip-flop clocked by clk)
Endpoint: _1113_ (rising edge-triggered flip-flop clocked by clk)
Path Group: clk
Path Type: min

Fanout         Cap        Slew       Delay        Time   Description
---------------------------------------------------------------------------------------------
                      0.150000    0.000000    0.000000   clock clk (rise edge)
                                  0.000000    0.000000   clock network delay (ideal)
                      0.150000    0.000000    0.000000 ^ _1105_/CLK (sky130_fd_sc_hd__dfrtp_2)
     3    0.004902    0.087515    0.694469    0.694469 ^ _1105_/Q (sky130_fd_sc_hd__dfrtp_2)
                                                         snapshot2[3] (net)
                      0.087515    0.000000    0.694469 ^ _0637_/A1 (sky130_fd_sc_hd__mux2_1)
     1    0.001853    0.063406    0.213089    0.907558 ^ _0637_/X (sky130_fd_sc_hd__mux2_1)
                                                         _0100_ (net)
                      0.063406    0.000000    0.907558 ^ _1113_/D (sky130_fd_sc_hd__dfrtp_2)
                                              0.907558   data arrival time

                      0.150000    0.000000    0.000000   clock clk (rise edge)
                                  0.000000    0.000000   clock network delay (ideal)
                                  0.250000    0.250000   clock uncertainty
                                  0.000000    0.250000   clock reconvergence pessimism
                                              0.250000 ^ _1113_/CLK (sky130_fd_sc_hd__dfrtp_2)
                                 -0.062273    0.187727   library hold time
                                              0.187727   data required time
---------------------------------------------------------------------------------------------
                                              0.187727   data required time
                                             -0.907558   data arrival time
---------------------------------------------------------------------------------------------
                                              0.719832   slack (MET)


Startpoint: _1154_ (rising edge-triggered flip-flop clocked by clk)
Endpoint: _1154_ (rising edge-triggered flip-flop clocked by clk)
Path Group: clk
Path Type: min

Fanout         Cap        Slew       Delay        Time   Description
---------------------------------------------------------------------------------------------
                      0.150000    0.000000    0.000000   clock clk (rise edge)
                                  0.000000    0.000000   clock network delay (ideal)
                      0.150000    0.000000    0.000000 ^ _1154_/CLK (sky130_fd_sc_hd__dfrtp_2)
     3    0.010547    0.125930    0.733141    0.733141 ^ _1154_/Q (sky130_fd_sc_hd__dfrtp_2)
                                                         add_stage0.add1.b[0] (net)
                      0.125930    0.000000    0.733141 ^ _0804_/A (sky130_fd_sc_hd__nand2_2)
     1    0.004312    0.067022    0.101486    0.834626 v _0804_/Y (sky130_fd_sc_hd__nand2_2)
                                                         _0355_ (net)
                      0.067022    0.000000    0.834626 v _0805_/B1 (sky130_fd_sc_hd__o31ai_2)
     1    0.001853    0.060403    0.073779    0.908406 ^ _0805_/Y (sky130_fd_sc_hd__o31ai_2)
                                                         _0141_ (net)
                      0.060403    0.000000    0.908406 ^ _1154_/D (sky130_fd_sc_hd__dfrtp_2)
                                              0.908406   data arrival time

                      0.150000    0.000000    0.000000   clock clk (rise edge)
                                  0.000000    0.000000   clock network delay (ideal)
                                  0.250000    0.250000   clock uncertainty
                                  0.000000    0.250000   clock reconvergence pessimism
                                              0.250000 ^ _1154_/CLK (sky130_fd_sc_hd__dfrtp_2)
                                 -0.061591    0.188409   library hold time
                                              0.188409   data required time
---------------------------------------------------------------------------------------------
                                              0.188409   data required time
                                             -0.908406   data arrival time
---------------------------------------------------------------------------------------------
                                              0.719997   slack (MET)


Startpoint: _1134_ (rising edge-triggered flip-flop clocked by clk)
Endpoint: _1142_ (rising edge-triggered flip-flop clocked by clk)
Path Group: clk
Path Type: min

Fanout         Cap        Slew       Delay        Time   Description
---------------------------------------------------------------------------------------------
                      0.150000    0.000000    0.000000   clock clk (rise edge)
                                  0.000000    0.000000   clock network delay (ideal)
                      0.150000    0.000000    0.000000 ^ _1134_/CLK (sky130_fd_sc_hd__dfrtp_2)
     3    0.004966    0.088000    0.695076    0.695076 ^ _1134_/Q (sky130_fd_sc_hd__dfrtp_2)
                                                         snapshot6[0] (net)
                      0.088000    0.000000    0.695076 ^ _0666_/A1 (sky130_fd_sc_hd__mux2_1)
     1    0.001853    0.063406    0.213283    0.908359 ^ _0666_/X (sky130_fd_sc_hd__mux2_1)
                                                         _0129_ (net)
                      0.063406    0.000000    0.908359 ^ _1142_/D (sky130_fd_sc_hd__dfrtp_2)
                                              0.908359   data arrival time

                      0.150000    0.000000    0.000000   clock clk (rise edge)
                                  0.000000    0.000000   clock network delay (ideal)
                                  0.250000    0.250000   clock uncertainty
                                  0.000000    0.250000   clock reconvergence pessimism
                                              0.250000 ^ _1142_/CLK (sky130_fd_sc_hd__dfrtp_2)
                                 -0.062273    0.187727   library hold time
                                              0.187727   data required time
---------------------------------------------------------------------------------------------
                                              0.187727   data required time
                                             -0.908359   data arrival time
---------------------------------------------------------------------------------------------
                                              0.720632   slack (MET)


Startpoint: _1135_ (rising edge-triggered flip-flop clocked by clk)
Endpoint: _1143_ (rising edge-triggered flip-flop clocked by clk)
Path Group: clk
Path Type: min

Fanout         Cap        Slew       Delay        Time   Description
---------------------------------------------------------------------------------------------
                      0.150000    0.000000    0.000000   clock clk (rise edge)
                                  0.000000    0.000000   clock network delay (ideal)
                      0.150000    0.000000    0.000000 ^ _1135_/CLK (sky130_fd_sc_hd__dfrtp_2)
     3    0.004966    0.088000    0.695076    0.695076 ^ _1135_/Q (sky130_fd_sc_hd__dfrtp_2)
                                                         snapshot6[1] (net)
                      0.088000    0.000000    0.695076 ^ _0667_/A1 (sky130_fd_sc_hd__mux2_1)
     1    0.001853    0.063406    0.213283    0.908359 ^ _0667_/X (sky130_fd_sc_hd__mux2_1)
                                                         _0130_ (net)
                      0.063406    0.000000    0.908359 ^ _1143_/D (sky130_fd_sc_hd__dfrtp_2)
                                              0.908359   data arrival time

                      0.150000    0.000000    0.000000   clock clk (rise edge)
                                  0.000000    0.000000   clock network delay (ideal)
                                  0.250000    0.250000   clock uncertainty
                                  0.000000    0.250000   clock reconvergence pessimism
                                              0.250000 ^ _1143_/CLK (sky130_fd_sc_hd__dfrtp_2)
                                 -0.062273    0.187727   library hold time
                                              0.187727   data required time
---------------------------------------------------------------------------------------------
                                              0.187727   data required time
                                             -0.908359   data arrival time
---------------------------------------------------------------------------------------------
                                              0.720632   slack (MET)


Startpoint: _1136_ (rising edge-triggered flip-flop clocked by clk)
Endpoint: _1144_ (rising edge-triggered flip-flop clocked by clk)
Path Group: clk
Path Type: min

Fanout         Cap        Slew       Delay        Time   Description
---------------------------------------------------------------------------------------------
                      0.150000    0.000000    0.000000   clock clk (rise edge)
                                  0.000000    0.000000   clock network delay (ideal)
                      0.150000    0.000000    0.000000 ^ _1136_/CLK (sky130_fd_sc_hd__dfrtp_2)
     3    0.004966    0.088000    0.695076    0.695076 ^ _1136_/Q (sky130_fd_sc_hd__dfrtp_2)
                                                         snapshot6[2] (net)
                      0.088000    0.000000    0.695076 ^ _0668_/A1 (sky130_fd_sc_hd__mux2_1)
     1    0.001853    0.063406    0.213283    0.908359 ^ _0668_/X (sky130_fd_sc_hd__mux2_1)
                                                         _0131_ (net)
                      0.063406    0.000000    0.908359 ^ _1144_/D (sky130_fd_sc_hd__dfrtp_2)
                                              0.908359   data arrival time

                      0.150000    0.000000    0.000000   clock clk (rise edge)
                                  0.000000    0.000000   clock network delay (ideal)
                                  0.250000    0.250000   clock uncertainty
                                  0.000000    0.250000   clock reconvergence pessimism
                                              0.250000 ^ _1144_/CLK (sky130_fd_sc_hd__dfrtp_2)
                                 -0.062273    0.187727   library hold time
                                              0.187727   data required time
---------------------------------------------------------------------------------------------
                                              0.187727   data required time
                                             -0.908359   data arrival time
---------------------------------------------------------------------------------------------
                                              0.720632   slack (MET)


Startpoint: _1137_ (rising edge-triggered flip-flop clocked by clk)
Endpoint: _1145_ (rising edge-triggered flip-flop clocked by clk)
Path Group: clk
Path Type: min

Fanout         Cap        Slew       Delay        Time   Description
---------------------------------------------------------------------------------------------
                      0.150000    0.000000    0.000000   clock clk (rise edge)
                                  0.000000    0.000000   clock network delay (ideal)
                      0.150000    0.000000    0.000000 ^ _1137_/CLK (sky130_fd_sc_hd__dfrtp_2)
     3    0.004966    0.088000    0.695076    0.695076 ^ _1137_/Q (sky130_fd_sc_hd__dfrtp_2)
                                                         snapshot6[3] (net)
                      0.088000    0.000000    0.695076 ^ _0669_/A1 (sky130_fd_sc_hd__mux2_1)
     1    0.001853    0.063406    0.213283    0.908359 ^ _0669_/X (sky130_fd_sc_hd__mux2_1)
                                                         _0132_ (net)
                      0.063406    0.000000    0.908359 ^ _1145_/D (sky130_fd_sc_hd__dfrtp_2)
                                              0.908359   data arrival time

                      0.150000    0.000000    0.000000   clock clk (rise edge)
                                  0.000000    0.000000   clock network delay (ideal)
                                  0.250000    0.250000   clock uncertainty
                                  0.000000    0.250000   clock reconvergence pessimism
                                              0.250000 ^ _1145_/CLK (sky130_fd_sc_hd__dfrtp_2)
                                 -0.062273    0.187727   library hold time
                                              0.187727   data required time
---------------------------------------------------------------------------------------------
                                              0.187727   data required time
                                             -0.908359   data arrival time
---------------------------------------------------------------------------------------------
                                              0.720632   slack (MET)


Startpoint: _1130_ (rising edge-triggered flip-flop clocked by clk)
Endpoint: _1138_ (rising edge-triggered flip-flop clocked by clk)
Path Group: clk
Path Type: min

Fanout         Cap        Slew       Delay        Time   Description
---------------------------------------------------------------------------------------------
                      0.150000    0.000000    0.000000   clock clk (rise edge)
                                  0.000000    0.000000   clock network delay (ideal)
                      0.150000    0.000000    0.000000 ^ _1130_/CLK (sky130_fd_sc_hd__dfrtp_2)
     3    0.004992    0.088197    0.695323    0.695323 ^ _1130_/Q (sky130_fd_sc_hd__dfrtp_2)
                                                         snapshot5[4] (net)
                      0.088197    0.000000    0.695323 ^ _0662_/A1 (sky130_fd_sc_hd__mux2_1)
     1    0.001853    0.063406    0.213361    0.908684 ^ _0662_/X (sky130_fd_sc_hd__mux2_1)
                                                         _0125_ (net)
                      0.063406    0.000000    0.908684 ^ _1138_/D (sky130_fd_sc_hd__dfrtp_2)
                                              0.908684   data arrival time

                      0.150000    0.000000    0.000000   clock clk (rise edge)
                                  0.000000    0.000000   clock network delay (ideal)
                                  0.250000    0.250000   clock uncertainty
                                  0.000000    0.250000   clock reconvergence pessimism
                                              0.250000 ^ _1138_/CLK (sky130_fd_sc_hd__dfrtp_2)
                                 -0.062273    0.187727   library hold time
                                              0.187727   data required time
---------------------------------------------------------------------------------------------
                                              0.187727   data required time
                                             -0.908684   data arrival time
---------------------------------------------------------------------------------------------
                                              0.720957   slack (MET)


Startpoint: _1213_ (rising edge-triggered flip-flop clocked by clk)
Endpoint: _1213_ (rising edge-triggered flip-flop clocked by clk)
Path Group: clk
Path Type: min

Fanout         Cap        Slew       Delay        Time   Description
---------------------------------------------------------------------------------------------
                      0.150000    0.000000    0.000000   clock clk (rise edge)
                                  0.000000    0.000000   clock network delay (ideal)
                      0.150000    0.000000    0.000000 ^ _1213_/CLK (sky130_fd_sc_hd__dfrtp_2)
     2    0.004988    0.088167    0.695285    0.695285 ^ _1213_/Q (sky130_fd_sc_hd__dfrtp_2)
                                                         phase[4] (net)
                      0.088167    0.000000    0.695285 ^ _0524_/A1 (sky130_fd_sc_hd__a21bo_2)
     1    0.001853    0.047108    0.219701    0.914986 ^ _0524_/X (sky130_fd_sc_hd__a21bo_2)
                                                         _0005_ (net)
                      0.047108    0.000000    0.914986 ^ _1213_/D (sky130_fd_sc_hd__dfrtp_2)
                                              0.914986   data arrival time

                      0.150000    0.000000    0.000000   clock clk (rise edge)
                                  0.000000    0.000000   clock network delay (ideal)
                                  0.250000    0.250000   clock uncertainty
                                  0.000000    0.250000   clock reconvergence pessimism
                                              0.250000 ^ _1213_/CLK (sky130_fd_sc_hd__dfrtp_2)
                                 -0.058570    0.191430   library hold time
                                              0.191430   data required time
---------------------------------------------------------------------------------------------
                                              0.191430   data required time
                                             -0.914986   data arrival time
---------------------------------------------------------------------------------------------
                                              0.723556   slack (MET)


Startpoint: _1190_ (rising edge-triggered flip-flop clocked by clk)
Endpoint: _1198_ (rising edge-triggered flip-flop clocked by clk)
Path Group: clk
Path Type: min

Fanout         Cap        Slew       Delay        Time   Description
---------------------------------------------------------------------------------------------
                      0.150000    0.000000    0.000000   clock clk (rise edge)
                                  0.000000    0.000000   clock network delay (ideal)
                      0.150000    0.000000    0.000000 ^ _1190_/CLK (sky130_fd_sc_hd__dfrtp_2)
     3    0.005875    0.094610    0.702747    0.702747 ^ _1190_/Q (sky130_fd_sc_hd__dfrtp_2)
                                                         stage3[0] (net)
                      0.094610    0.000000    0.702747 ^ _0999_/A0 (sky130_fd_sc_hd__mux2_1)
     1    0.001853    0.063038    0.210313    0.913060 ^ _0999_/X (sky130_fd_sc_hd__mux2_1)
                                                         _0185_ (net)
                      0.063038    0.000000    0.913060 ^ _1198_/D (sky130_fd_sc_hd__dfrtp_2)
                                              0.913060   data arrival time

                      0.150000    0.000000    0.000000   clock clk (rise edge)
                                  0.000000    0.000000   clock network delay (ideal)
                                  0.250000    0.250000   clock uncertainty
                                  0.000000    0.250000   clock reconvergence pessimism
                                              0.250000 ^ _1198_/CLK (sky130_fd_sc_hd__dfrtp_2)
                                 -0.062190    0.187810   library hold time
                                              0.187810   data required time
---------------------------------------------------------------------------------------------
                                              0.187810   data required time
                                             -0.913060   data arrival time
---------------------------------------------------------------------------------------------
                                              0.725250   slack (MET)


Startpoint: _1191_ (rising edge-triggered flip-flop clocked by clk)
Endpoint: _1199_ (rising edge-triggered flip-flop clocked by clk)
Path Group: clk
Path Type: min

Fanout         Cap        Slew       Delay        Time   Description
---------------------------------------------------------------------------------------------
                      0.150000    0.000000    0.000000   clock clk (rise edge)
                                  0.000000    0.000000   clock network delay (ideal)
                      0.150000    0.000000    0.000000 ^ _1191_/CLK (sky130_fd_sc_hd__dfrtp_2)
     3    0.005875    0.094610    0.702747    0.702747 ^ _1191_/Q (sky130_fd_sc_hd__dfrtp_2)
                                                         stage3[1] (net)
                      0.094610    0.000000    0.702747 ^ _1000_/A0 (sky130_fd_sc_hd__mux2_1)
     1    0.001853    0.063038    0.210313    0.913060 ^ _1000_/X (sky130_fd_sc_hd__mux2_1)
                                                         _0186_ (net)
                      0.063038    0.000000    0.913060 ^ _1199_/D (sky130_fd_sc_hd__dfrtp_2)
                                              0.913060   data arrival time

                      0.150000    0.000000    0.000000   clock clk (rise edge)
                                  0.000000    0.000000   clock network delay (ideal)
                                  0.250000    0.250000   clock uncertainty
                                  0.000000    0.250000   clock reconvergence pessimism
                                              0.250000 ^ _1199_/CLK (sky130_fd_sc_hd__dfrtp_2)
                                 -0.062190    0.187810   library hold time
                                              0.187810   data required time
---------------------------------------------------------------------------------------------
                                              0.187810   data required time
                                             -0.913060   data arrival time
---------------------------------------------------------------------------------------------
                                              0.725250   slack (MET)


Startpoint: _1192_ (rising edge-triggered flip-flop clocked by clk)
Endpoint: _1200_ (rising edge-triggered flip-flop clocked by clk)
Path Group: clk
Path Type: min

Fanout         Cap        Slew       Delay        Time   Description
---------------------------------------------------------------------------------------------
                      0.150000    0.000000    0.000000   clock clk (rise edge)
                                  0.000000    0.000000   clock network delay (ideal)
                      0.150000    0.000000    0.000000 ^ _1192_/CLK (sky130_fd_sc_hd__dfrtp_2)
     3    0.005875    0.094610    0.702747    0.702747 ^ _1192_/Q (sky130_fd_sc_hd__dfrtp_2)
                                                         stage3[2] (net)
                      0.094610    0.000000    0.702747 ^ _1001_/A0 (sky130_fd_sc_hd__mux2_1)
     1    0.001853    0.063038    0.210313    0.913060 ^ _1001_/X (sky130_fd_sc_hd__mux2_1)
                                                         _0187_ (net)
                      0.063038    0.000000    0.913060 ^ _1200_/D (sky130_fd_sc_hd__dfrtp_2)
                                              0.913060   data arrival time

                      0.150000    0.000000    0.000000   clock clk (rise edge)
                                  0.000000    0.000000   clock network delay (ideal)
                                  0.250000    0.250000   clock uncertainty
                                  0.000000    0.250000   clock reconvergence pessimism
                                              0.250000 ^ _1200_/CLK (sky130_fd_sc_hd__dfrtp_2)
                                 -0.062190    0.187810   library hold time
                                              0.187810   data required time
---------------------------------------------------------------------------------------------
                                              0.187810   data required time
                                             -0.913060   data arrival time
---------------------------------------------------------------------------------------------
                                              0.725250   slack (MET)


Startpoint: _1193_ (rising edge-triggered flip-flop clocked by clk)
Endpoint: _1201_ (rising edge-triggered flip-flop clocked by clk)
Path Group: clk
Path Type: min

Fanout         Cap        Slew       Delay        Time   Description
---------------------------------------------------------------------------------------------
                      0.150000    0.000000    0.000000   clock clk (rise edge)
                                  0.000000    0.000000   clock network delay (ideal)
                      0.150000    0.000000    0.000000 ^ _1193_/CLK (sky130_fd_sc_hd__dfrtp_2)
     3    0.005875    0.094610    0.702747    0.702747 ^ _1193_/Q (sky130_fd_sc_hd__dfrtp_2)
                                                         stage3[3] (net)
                      0.094610    0.000000    0.702747 ^ _1002_/A0 (sky130_fd_sc_hd__mux2_1)
     1    0.001853    0.063038    0.210313    0.913060 ^ _1002_/X (sky130_fd_sc_hd__mux2_1)
                                                         _0188_ (net)
                      0.063038    0.000000    0.913060 ^ _1201_/D (sky130_fd_sc_hd__dfrtp_2)
                                              0.913060   data arrival time

                      0.150000    0.000000    0.000000   clock clk (rise edge)
                                  0.000000    0.000000   clock network delay (ideal)
                                  0.250000    0.250000   clock uncertainty
                                  0.000000    0.250000   clock reconvergence pessimism
                                              0.250000 ^ _1201_/CLK (sky130_fd_sc_hd__dfrtp_2)
                                 -0.062190    0.187810   library hold time
                                              0.187810   data required time
---------------------------------------------------------------------------------------------
                                              0.187810   data required time
                                             -0.913060   data arrival time
---------------------------------------------------------------------------------------------
                                              0.725250   slack (MET)


Startpoint: _1194_ (rising edge-triggered flip-flop clocked by clk)
Endpoint: _1202_ (rising edge-triggered flip-flop clocked by clk)
Path Group: clk
Path Type: min

Fanout         Cap        Slew       Delay        Time   Description
---------------------------------------------------------------------------------------------
                      0.150000    0.000000    0.000000   clock clk (rise edge)
                                  0.000000    0.000000   clock network delay (ideal)
                      0.150000    0.000000    0.000000 ^ _1194_/CLK (sky130_fd_sc_hd__dfrtp_2)
     3    0.005875    0.094610    0.702747    0.702747 ^ _1194_/Q (sky130_fd_sc_hd__dfrtp_2)
                                                         stage3[4] (net)
                      0.094610    0.000000    0.702747 ^ _1003_/A0 (sky130_fd_sc_hd__mux2_1)
     1    0.001853    0.063038    0.210313    0.913060 ^ _1003_/X (sky130_fd_sc_hd__mux2_1)
                                                         _0189_ (net)
                      0.063038    0.000000    0.913060 ^ _1202_/D (sky130_fd_sc_hd__dfrtp_2)
                                              0.913060   data arrival time

                      0.150000    0.000000    0.000000   clock clk (rise edge)
                                  0.000000    0.000000   clock network delay (ideal)
                                  0.250000    0.250000   clock uncertainty
                                  0.000000    0.250000   clock reconvergence pessimism
                                              0.250000 ^ _1202_/CLK (sky130_fd_sc_hd__dfrtp_2)
                                 -0.062190    0.187810   library hold time
                                              0.187810   data required time
---------------------------------------------------------------------------------------------
                                              0.187810   data required time
                                             -0.913060   data arrival time
---------------------------------------------------------------------------------------------
                                              0.725250   slack (MET)


Startpoint: _1195_ (rising edge-triggered flip-flop clocked by clk)
Endpoint: _1203_ (rising edge-triggered flip-flop clocked by clk)
Path Group: clk
Path Type: min

Fanout         Cap        Slew       Delay        Time   Description
---------------------------------------------------------------------------------------------
                      0.150000    0.000000    0.000000   clock clk (rise edge)
                                  0.000000    0.000000   clock network delay (ideal)
                      0.150000    0.000000    0.000000 ^ _1195_/CLK (sky130_fd_sc_hd__dfrtp_2)
     3    0.005875    0.094610    0.702747    0.702747 ^ _1195_/Q (sky130_fd_sc_hd__dfrtp_2)
                                                         stage3[5] (net)
                      0.094610    0.000000    0.702747 ^ _1004_/A0 (sky130_fd_sc_hd__mux2_1)
     1    0.001853    0.063038    0.210313    0.913060 ^ _1004_/X (sky130_fd_sc_hd__mux2_1)
                                                         _0190_ (net)
                      0.063038    0.000000    0.913060 ^ _1203_/D (sky130_fd_sc_hd__dfrtp_2)
                                              0.913060   data arrival time

                      0.150000    0.000000    0.000000   clock clk (rise edge)
                                  0.000000    0.000000   clock network delay (ideal)
                                  0.250000    0.250000   clock uncertainty
                                  0.000000    0.250000   clock reconvergence pessimism
                                              0.250000 ^ _1203_/CLK (sky130_fd_sc_hd__dfrtp_2)
                                 -0.062190    0.187810   library hold time
                                              0.187810   data required time
---------------------------------------------------------------------------------------------
                                              0.187810   data required time
                                             -0.913060   data arrival time
---------------------------------------------------------------------------------------------
                                              0.725250   slack (MET)


Startpoint: _1196_ (rising edge-triggered flip-flop clocked by clk)
Endpoint: _1204_ (rising edge-triggered flip-flop clocked by clk)
Path Group: clk
Path Type: min

Fanout         Cap        Slew       Delay        Time   Description
---------------------------------------------------------------------------------------------
                      0.150000    0.000000    0.000000   clock clk (rise edge)
                                  0.000000    0.000000   clock network delay (ideal)
                      0.150000    0.000000    0.000000 ^ _1196_/CLK (sky130_fd_sc_hd__dfrtp_2)
     3    0.005875    0.094610    0.702747    0.702747 ^ _1196_/Q (sky130_fd_sc_hd__dfrtp_2)
                                                         stage3[6] (net)
                      0.094610    0.000000    0.702747 ^ _1005_/A0 (sky130_fd_sc_hd__mux2_1)
     1    0.001853    0.063038    0.210313    0.913060 ^ _1005_/X (sky130_fd_sc_hd__mux2_1)
                                                         _0191_ (net)
                      0.063038    0.000000    0.913060 ^ _1204_/D (sky130_fd_sc_hd__dfrtp_2)
                                              0.913060   data arrival time

                      0.150000    0.000000    0.000000   clock clk (rise edge)
                                  0.000000    0.000000   clock network delay (ideal)
                                  0.250000    0.250000   clock uncertainty
                                  0.000000    0.250000   clock reconvergence pessimism
                                              0.250000 ^ _1204_/CLK (sky130_fd_sc_hd__dfrtp_2)
                                 -0.062190    0.187810   library hold time
                                              0.187810   data required time
---------------------------------------------------------------------------------------------
                                              0.187810   data required time
                                             -0.913060   data arrival time
---------------------------------------------------------------------------------------------
                                              0.725250   slack (MET)


Startpoint: _1197_ (rising edge-triggered flip-flop clocked by clk)
Endpoint: _1205_ (rising edge-triggered flip-flop clocked by clk)
Path Group: clk
Path Type: min

Fanout         Cap        Slew       Delay        Time   Description
---------------------------------------------------------------------------------------------
                      0.150000    0.000000    0.000000   clock clk (rise edge)
                                  0.000000    0.000000   clock network delay (ideal)
                      0.150000    0.000000    0.000000 ^ _1197_/CLK (sky130_fd_sc_hd__dfrtp_2)
     3    0.005875    0.094610    0.702747    0.702747 ^ _1197_/Q (sky130_fd_sc_hd__dfrtp_2)
                                                         stage3[7] (net)
                      0.094610    0.000000    0.702747 ^ _1006_/A0 (sky130_fd_sc_hd__mux2_1)
     1    0.001853    0.063038    0.210313    0.913060 ^ _1006_/X (sky130_fd_sc_hd__mux2_1)
                                                         _0192_ (net)
                      0.063038    0.000000    0.913060 ^ _1205_/D (sky130_fd_sc_hd__dfrtp_2)
                                              0.913060   data arrival time

                      0.150000    0.000000    0.000000   clock clk (rise edge)
                                  0.000000    0.000000   clock network delay (ideal)
                                  0.250000    0.250000   clock uncertainty
                                  0.000000    0.250000   clock reconvergence pessimism
                                              0.250000 ^ _1205_/CLK (sky130_fd_sc_hd__dfrtp_2)
                                 -0.062190    0.187810   library hold time
                                              0.187810   data required time
---------------------------------------------------------------------------------------------
                                              0.187810   data required time
                                             -0.913060   data arrival time
---------------------------------------------------------------------------------------------
                                              0.725250   slack (MET)


Startpoint: _1096_ (rising edge-triggered flip-flop clocked by clk)
Endpoint: _1096_ (rising edge-triggered flip-flop clocked by clk)
Path Group: clk
Path Type: min

Fanout         Cap        Slew       Delay        Time   Description
---------------------------------------------------------------------------------------------
                      0.150000    0.000000    0.000000   clock clk (rise edge)
                                  0.000000    0.000000   clock network delay (ideal)
                      0.150000    0.000000    0.000000 ^ _1096_/CLK (sky130_fd_sc_hd__dfrtp_2)
     3    0.005869    0.094570    0.702708    0.702708 ^ _1096_/Q (sky130_fd_sc_hd__dfrtp_2)
                                                         snapshot1[2] (net)
                      0.094570    0.000000    0.702708 ^ _0620_/A0 (sky130_fd_sc_hd__mux2_1)
     1    0.001853    0.063406    0.210297    0.913005 ^ _0620_/X (sky130_fd_sc_hd__mux2_1)
                                                         _0083_ (net)
                      0.063406    0.000000    0.913005 ^ _1096_/D (sky130_fd_sc_hd__dfrtp_2)
                                              0.913005   data arrival time

                      0.150000    0.000000    0.000000   clock clk (rise edge)
                                  0.000000    0.000000   clock network delay (ideal)
                                  0.250000    0.250000   clock uncertainty
                                  0.000000    0.250000   clock reconvergence pessimism
                                              0.250000 ^ _1096_/CLK (sky130_fd_sc_hd__dfrtp_2)
                                 -0.062273    0.187727   library hold time
                                              0.187727   data required time
---------------------------------------------------------------------------------------------
                                              0.187727   data required time
                                             -0.913005   data arrival time
---------------------------------------------------------------------------------------------
                                              0.725278   slack (MET)


Startpoint: _1116_ (rising edge-triggered flip-flop clocked by clk)
Endpoint: _1116_ (rising edge-triggered flip-flop clocked by clk)
Path Group: clk
Path Type: min

Fanout         Cap        Slew       Delay        Time   Description
---------------------------------------------------------------------------------------------
                      0.150000    0.000000    0.000000   clock clk (rise edge)
                                  0.000000    0.000000   clock network delay (ideal)
                      0.150000    0.000000    0.000000 ^ _1116_/CLK (sky130_fd_sc_hd__dfrtp_2)
     3    0.005869    0.094570    0.702708    0.702708 ^ _1116_/Q (sky130_fd_sc_hd__dfrtp_2)
                                                         snapshot3[6] (net)
                      0.094570    0.000000    0.702708 ^ _0640_/A0 (sky130_fd_sc_hd__mux2_1)
     1    0.001853    0.063406    0.210297    0.913005 ^ _0640_/X (sky130_fd_sc_hd__mux2_1)
                                                         _0103_ (net)
                      0.063406    0.000000    0.913005 ^ _1116_/D (sky130_fd_sc_hd__dfrtp_2)
                                              0.913005   data arrival time

                      0.150000    0.000000    0.000000   clock clk (rise edge)
                                  0.000000    0.000000   clock network delay (ideal)
                                  0.250000    0.250000   clock uncertainty
                                  0.000000    0.250000   clock reconvergence pessimism
                                              0.250000 ^ _1116_/CLK (sky130_fd_sc_hd__dfrtp_2)
                                 -0.062273    0.187727   library hold time
                                              0.187727   data required time
---------------------------------------------------------------------------------------------
                                              0.187727   data required time
                                             -0.913005   data arrival time
---------------------------------------------------------------------------------------------
                                              0.725278   slack (MET)


Startpoint: _1118_ (rising edge-triggered flip-flop clocked by clk)
Endpoint: _1118_ (rising edge-triggered flip-flop clocked by clk)
Path Group: clk
Path Type: min

Fanout         Cap        Slew       Delay        Time   Description
---------------------------------------------------------------------------------------------
                      0.150000    0.000000    0.000000   clock clk (rise edge)
                                  0.000000    0.000000   clock network delay (ideal)
                      0.150000    0.000000    0.000000 ^ _1118_/CLK (sky130_fd_sc_hd__dfrtp_2)
     3    0.005869    0.094570    0.702708    0.702708 ^ _1118_/Q (sky130_fd_sc_hd__dfrtp_2)
                                                         snapshot4[0] (net)
                      0.094570    0.000000    0.702708 ^ _0642_/A0 (sky130_fd_sc_hd__mux2_1)
     1    0.001853    0.063406    0.210297    0.913005 ^ _0642_/X (sky130_fd_sc_hd__mux2_1)
                                                         _0105_ (net)
                      0.063406    0.000000    0.913005 ^ _1118_/D (sky130_fd_sc_hd__dfrtp_2)
                                              0.913005   data arrival time

                      0.150000    0.000000    0.000000   clock clk (rise edge)
                                  0.000000    0.000000   clock network delay (ideal)
                                  0.250000    0.250000   clock uncertainty
                                  0.000000    0.250000   clock reconvergence pessimism
                                              0.250000 ^ _1118_/CLK (sky130_fd_sc_hd__dfrtp_2)
                                 -0.062273    0.187727   library hold time
                                              0.187727   data required time
---------------------------------------------------------------------------------------------
                                              0.187727   data required time
                                             -0.913005   data arrival time
---------------------------------------------------------------------------------------------
                                              0.725278   slack (MET)


Startpoint: _1124_ (rising edge-triggered flip-flop clocked by clk)
Endpoint: _1124_ (rising edge-triggered flip-flop clocked by clk)
Path Group: clk
Path Type: min

Fanout         Cap        Slew       Delay        Time   Description
---------------------------------------------------------------------------------------------
                      0.150000    0.000000    0.000000   clock clk (rise edge)
                                  0.000000    0.000000   clock network delay (ideal)
                      0.150000    0.000000    0.000000 ^ _1124_/CLK (sky130_fd_sc_hd__dfrtp_2)
     3    0.005869    0.094570    0.702708    0.702708 ^ _1124_/Q (sky130_fd_sc_hd__dfrtp_2)
                                                         snapshot4[6] (net)
                      0.094570    0.000000    0.702708 ^ _0648_/A0 (sky130_fd_sc_hd__mux2_1)
     1    0.001853    0.063406    0.210297    0.913005 ^ _0648_/X (sky130_fd_sc_hd__mux2_1)
                                                         _0111_ (net)
                      0.063406    0.000000    0.913005 ^ _1124_/D (sky130_fd_sc_hd__dfrtp_2)
                                              0.913005   data arrival time

                      0.150000    0.000000    0.000000   clock clk (rise edge)
                                  0.000000    0.000000   clock network delay (ideal)
                                  0.250000    0.250000   clock uncertainty
                                  0.000000    0.250000   clock reconvergence pessimism
                                              0.250000 ^ _1124_/CLK (sky130_fd_sc_hd__dfrtp_2)
                                 -0.062273    0.187727   library hold time
                                              0.187727   data required time
---------------------------------------------------------------------------------------------
                                              0.187727   data required time
                                             -0.913005   data arrival time
---------------------------------------------------------------------------------------------
                                              0.725278   slack (MET)


Startpoint: _1133_ (rising edge-triggered flip-flop clocked by clk)
Endpoint: _1133_ (rising edge-triggered flip-flop clocked by clk)
Path Group: clk
Path Type: min

Fanout         Cap        Slew       Delay        Time   Description
---------------------------------------------------------------------------------------------
                      0.150000    0.000000    0.000000   clock clk (rise edge)
                                  0.000000    0.000000   clock network delay (ideal)
                      0.150000    0.000000    0.000000 ^ _1133_/CLK (sky130_fd_sc_hd__dfrtp_2)
     3    0.005869    0.094570    0.702708    0.702708 ^ _1133_/Q (sky130_fd_sc_hd__dfrtp_2)
                                                         snapshot5[7] (net)
                      0.094570    0.000000    0.702708 ^ _0657_/A0 (sky130_fd_sc_hd__mux2_1)
     1    0.001853    0.063406    0.210297    0.913005 ^ _0657_/X (sky130_fd_sc_hd__mux2_1)
                                                         _0120_ (net)
                      0.063406    0.000000    0.913005 ^ _1133_/D (sky130_fd_sc_hd__dfrtp_2)
                                              0.913005   data arrival time

                      0.150000    0.000000    0.000000   clock clk (rise edge)
                                  0.000000    0.000000   clock network delay (ideal)
                                  0.250000    0.250000   clock uncertainty
                                  0.000000    0.250000   clock reconvergence pessimism
                                              0.250000 ^ _1133_/CLK (sky130_fd_sc_hd__dfrtp_2)
                                 -0.062273    0.187727   library hold time
                                              0.187727   data required time
---------------------------------------------------------------------------------------------
                                              0.187727   data required time
                                             -0.913005   data arrival time
---------------------------------------------------------------------------------------------
                                              0.725278   slack (MET)


Startpoint: _1101_ (rising edge-triggered flip-flop clocked by clk)
Endpoint: _1101_ (rising edge-triggered flip-flop clocked by clk)
Path Group: clk
Path Type: min

Fanout         Cap        Slew       Delay        Time   Description
---------------------------------------------------------------------------------------------
                      0.150000    0.000000    0.000000   clock clk (rise edge)
                                  0.000000    0.000000   clock network delay (ideal)
                      0.150000    0.000000    0.000000 ^ _1101_/CLK (sky130_fd_sc_hd__dfrtp_2)
     3    0.005875    0.094610    0.702747    0.702747 ^ _1101_/Q (sky130_fd_sc_hd__dfrtp_2)
                                                         snapshot1[7] (net)
                      0.094610    0.000000    0.702747 ^ _0625_/A0 (sky130_fd_sc_hd__mux2_1)
     1    0.001853    0.063406    0.210313    0.913060 ^ _0625_/X (sky130_fd_sc_hd__mux2_1)
                                                         _0088_ (net)
                      0.063406    0.000000    0.913060 ^ _1101_/D (sky130_fd_sc_hd__dfrtp_2)
                                              0.913060   data arrival time

                      0.150000    0.000000    0.000000   clock clk (rise edge)
                                  0.000000    0.000000   clock network delay (ideal)
                                  0.250000    0.250000   clock uncertainty
                                  0.000000    0.250000   clock reconvergence pessimism
                                              0.250000 ^ _1101_/CLK (sky130_fd_sc_hd__dfrtp_2)
                                 -0.062273    0.187727   library hold time
                                              0.187727   data required time
---------------------------------------------------------------------------------------------
                                              0.187727   data required time
                                             -0.913060   data arrival time
---------------------------------------------------------------------------------------------
                                              0.725333   slack (MET)


Startpoint: _1119_ (rising edge-triggered flip-flop clocked by clk)
Endpoint: _1119_ (rising edge-triggered flip-flop clocked by clk)
Path Group: clk
Path Type: min

Fanout         Cap        Slew       Delay        Time   Description
---------------------------------------------------------------------------------------------
                      0.150000    0.000000    0.000000   clock clk (rise edge)
                                  0.000000    0.000000   clock network delay (ideal)
                      0.150000    0.000000    0.000000 ^ _1119_/CLK (sky130_fd_sc_hd__dfrtp_2)
     3    0.005875    0.094610    0.702747    0.702747 ^ _1119_/Q (sky130_fd_sc_hd__dfrtp_2)
                                                         snapshot4[1] (net)
                      0.094610    0.000000    0.702747 ^ _0643_/A0 (sky130_fd_sc_hd__mux2_1)
     1    0.001853    0.063406    0.210313    0.913060 ^ _0643_/X (sky130_fd_sc_hd__mux2_1)
                                                         _0106_ (net)
                      0.063406    0.000000    0.913060 ^ _1119_/D (sky130_fd_sc_hd__dfrtp_2)
                                              0.913060   data arrival time

                      0.150000    0.000000    0.000000   clock clk (rise edge)
                                  0.000000    0.000000   clock network delay (ideal)
                                  0.250000    0.250000   clock uncertainty
                                  0.000000    0.250000   clock reconvergence pessimism
                                              0.250000 ^ _1119_/CLK (sky130_fd_sc_hd__dfrtp_2)
                                 -0.062273    0.187727   library hold time
                                              0.187727   data required time
---------------------------------------------------------------------------------------------
                                              0.187727   data required time
                                             -0.913060   data arrival time
---------------------------------------------------------------------------------------------
                                              0.725333   slack (MET)


Startpoint: _1132_ (rising edge-triggered flip-flop clocked by clk)
Endpoint: _1132_ (rising edge-triggered flip-flop clocked by clk)
Path Group: clk
Path Type: min

Fanout         Cap        Slew       Delay        Time   Description
---------------------------------------------------------------------------------------------
                      0.150000    0.000000    0.000000   clock clk (rise edge)
                                  0.000000    0.000000   clock network delay (ideal)
                      0.150000    0.000000    0.000000 ^ _1132_/CLK (sky130_fd_sc_hd__dfrtp_2)
     3    0.005875    0.094610    0.702747    0.702747 ^ _1132_/Q (sky130_fd_sc_hd__dfrtp_2)
                                                         snapshot5[6] (net)
                      0.094610    0.000000    0.702747 ^ _0656_/A0 (sky130_fd_sc_hd__mux2_1)
     1    0.001853    0.063406    0.210313    0.913060 ^ _0656_/X (sky130_fd_sc_hd__mux2_1)
                                                         _0119_ (net)
                      0.063406    0.000000    0.913060 ^ _1132_/D (sky130_fd_sc_hd__dfrtp_2)
                                              0.913060   data arrival time

                      0.150000    0.000000    0.000000   clock clk (rise edge)
                                  0.000000    0.000000   clock network delay (ideal)
                                  0.250000    0.250000   clock uncertainty
                                  0.000000    0.250000   clock reconvergence pessimism
                                              0.250000 ^ _1132_/CLK (sky130_fd_sc_hd__dfrtp_2)
                                 -0.062273    0.187727   library hold time
                                              0.187727   data required time
---------------------------------------------------------------------------------------------
                                              0.187727   data required time
                                             -0.913060   data arrival time
---------------------------------------------------------------------------------------------
                                              0.725333   slack (MET)


Startpoint: _1100_ (rising edge-triggered flip-flop clocked by clk)
Endpoint: _1100_ (rising edge-triggered flip-flop clocked by clk)
Path Group: clk
Path Type: min

Fanout         Cap        Slew       Delay        Time   Description
---------------------------------------------------------------------------------------------
                      0.150000    0.000000    0.000000   clock clk (rise edge)
                                  0.000000    0.000000   clock network delay (ideal)
                      0.150000    0.000000    0.000000 ^ _1100_/CLK (sky130_fd_sc_hd__dfrtp_2)
     3    0.005890    0.094711    0.702844    0.702844 ^ _1100_/Q (sky130_fd_sc_hd__dfrtp_2)
                                                         snapshot1[6] (net)
                      0.094711    0.000000    0.702844 ^ _0624_/A0 (sky130_fd_sc_hd__mux2_1)
     1    0.001853    0.063406    0.210354    0.913198 ^ _0624_/X (sky130_fd_sc_hd__mux2_1)
                                                         _0087_ (net)
                      0.063406    0.000000    0.913198 ^ _1100_/D (sky130_fd_sc_hd__dfrtp_2)
                                              0.913198   data arrival time

                      0.150000    0.000000    0.000000   clock clk (rise edge)
                                  0.000000    0.000000   clock network delay (ideal)
                                  0.250000    0.250000   clock uncertainty
                                  0.000000    0.250000   clock reconvergence pessimism
                                              0.250000 ^ _1100_/CLK (sky130_fd_sc_hd__dfrtp_2)
                                 -0.062273    0.187727   library hold time
                                              0.187727   data required time
---------------------------------------------------------------------------------------------
                                              0.187727   data required time
                                             -0.913198   data arrival time
---------------------------------------------------------------------------------------------
                                              0.725471   slack (MET)


Startpoint: _1141_ (rising edge-triggered flip-flop clocked by clk)
Endpoint: _1141_ (rising edge-triggered flip-flop clocked by clk)
Path Group: clk
Path Type: min

Fanout         Cap        Slew       Delay        Time   Description
---------------------------------------------------------------------------------------------
                      0.150000    0.000000    0.000000   clock clk (rise edge)
                                  0.000000    0.000000   clock network delay (ideal)
                      0.150000    0.000000    0.000000 ^ _1141_/CLK (sky130_fd_sc_hd__dfrtp_2)
     3    0.005896    0.094751    0.702883    0.702883 ^ _1141_/Q (sky130_fd_sc_hd__dfrtp_2)
                                                         snapshot6[7] (net)
                      0.094751    0.000000    0.702883 ^ _0665_/A0 (sky130_fd_sc_hd__mux2_1)
     1    0.001853    0.063406    0.210370    0.913253 ^ _0665_/X (sky130_fd_sc_hd__mux2_1)
                                                         _0128_ (net)
                      0.063406    0.000000    0.913253 ^ _1141_/D (sky130_fd_sc_hd__dfrtp_2)
                                              0.913253   data arrival time

                      0.150000    0.000000    0.000000   clock clk (rise edge)
                                  0.000000    0.000000   clock network delay (ideal)
                                  0.250000    0.250000   clock uncertainty
                                  0.000000    0.250000   clock reconvergence pessimism
                                              0.250000 ^ _1141_/CLK (sky130_fd_sc_hd__dfrtp_2)
                                 -0.062273    0.187727   library hold time
                                              0.187727   data required time
---------------------------------------------------------------------------------------------
                                              0.187727   data required time
                                             -0.913253   data arrival time
---------------------------------------------------------------------------------------------
                                              0.725527   slack (MET)


Startpoint: _1111_ (rising edge-triggered flip-flop clocked by clk)
Endpoint: _1111_ (rising edge-triggered flip-flop clocked by clk)
Path Group: clk
Path Type: min

Fanout         Cap        Slew       Delay        Time   Description
---------------------------------------------------------------------------------------------
                      0.150000    0.000000    0.000000   clock clk (rise edge)
                                  0.000000    0.000000   clock network delay (ideal)
                      0.150000    0.000000    0.000000 ^ _1111_/CLK (sky130_fd_sc_hd__dfrtp_2)
     3    0.005917    0.094892    0.703020    0.703020 ^ _1111_/Q (sky130_fd_sc_hd__dfrtp_2)
                                                         snapshot3[1] (net)
                      0.094892    0.000000    0.703020 ^ _0635_/A0 (sky130_fd_sc_hd__mux2_1)
     1    0.001853    0.063406    0.210427    0.913447 ^ _0635_/X (sky130_fd_sc_hd__mux2_1)
                                                         _0098_ (net)
                      0.063406    0.000000    0.913447 ^ _1111_/D (sky130_fd_sc_hd__dfrtp_2)
                                              0.913447   data arrival time

                      0.150000    0.000000    0.000000   clock clk (rise edge)
                                  0.000000    0.000000   clock network delay (ideal)
                                  0.250000    0.250000   clock uncertainty
                                  0.000000    0.250000   clock reconvergence pessimism
                                              0.250000 ^ _1111_/CLK (sky130_fd_sc_hd__dfrtp_2)
                                 -0.062273    0.187727   library hold time
                                              0.187727   data required time
---------------------------------------------------------------------------------------------
                                              0.187727   data required time
                                             -0.913447   data arrival time
---------------------------------------------------------------------------------------------
                                              0.725720   slack (MET)


Startpoint: _1114_ (rising edge-triggered flip-flop clocked by clk)
Endpoint: _1114_ (rising edge-triggered flip-flop clocked by clk)
Path Group: clk
Path Type: min

Fanout         Cap        Slew       Delay        Time   Description
---------------------------------------------------------------------------------------------
                      0.150000    0.000000    0.000000   clock clk (rise edge)
                                  0.000000    0.000000   clock network delay (ideal)
                      0.150000    0.000000    0.000000 ^ _1114_/CLK (sky130_fd_sc_hd__dfrtp_2)
     3    0.005917    0.094892    0.703020    0.703020 ^ _1114_/Q (sky130_fd_sc_hd__dfrtp_2)
                                                         snapshot3[4] (net)
                      0.094892    0.000000    0.703020 ^ _0638_/A0 (sky130_fd_sc_hd__mux2_1)
     1    0.001853    0.063406    0.210427    0.913447 ^ _0638_/X (sky130_fd_sc_hd__mux2_1)
                                                         _0101_ (net)
                      0.063406    0.000000    0.913447 ^ _1114_/D (sky130_fd_sc_hd__dfrtp_2)
                                              0.913447   data arrival time

                      0.150000    0.000000    0.000000   clock clk (rise edge)
                                  0.000000    0.000000   clock network delay (ideal)
                                  0.250000    0.250000   clock uncertainty
                                  0.000000    0.250000   clock reconvergence pessimism
                                              0.250000 ^ _1114_/CLK (sky130_fd_sc_hd__dfrtp_2)
                                 -0.062273    0.187727   library hold time
                                              0.187727   data required time
---------------------------------------------------------------------------------------------
                                              0.187727   data required time
                                             -0.913447   data arrival time
---------------------------------------------------------------------------------------------
                                              0.725720   slack (MET)


Startpoint: _1115_ (rising edge-triggered flip-flop clocked by clk)
Endpoint: _1115_ (rising edge-triggered flip-flop clocked by clk)
Path Group: clk
Path Type: min

Fanout         Cap        Slew       Delay        Time   Description
---------------------------------------------------------------------------------------------
                      0.150000    0.000000    0.000000   clock clk (rise edge)
                                  0.000000    0.000000   clock network delay (ideal)
                      0.150000    0.000000    0.000000 ^ _1115_/CLK (sky130_fd_sc_hd__dfrtp_2)
     3    0.005917    0.094892    0.703020    0.703020 ^ _1115_/Q (sky130_fd_sc_hd__dfrtp_2)
                                                         snapshot3[5] (net)
                      0.094892    0.000000    0.703020 ^ _0639_/A0 (sky130_fd_sc_hd__mux2_1)
     1    0.001853    0.063406    0.210427    0.913447 ^ _0639_/X (sky130_fd_sc_hd__mux2_1)
                                                         _0102_ (net)
                      0.063406    0.000000    0.913447 ^ _1115_/D (sky130_fd_sc_hd__dfrtp_2)
                                              0.913447   data arrival time

                      0.150000    0.000000    0.000000   clock clk (rise edge)
                                  0.000000    0.000000   clock network delay (ideal)
                                  0.250000    0.250000   clock uncertainty
                                  0.000000    0.250000   clock reconvergence pessimism
                                              0.250000 ^ _1115_/CLK (sky130_fd_sc_hd__dfrtp_2)
                                 -0.062273    0.187727   library hold time
                                              0.187727   data required time
---------------------------------------------------------------------------------------------
                                              0.187727   data required time
                                             -0.913447   data arrival time
---------------------------------------------------------------------------------------------
                                              0.725720   slack (MET)


Startpoint: _1108_ (rising edge-triggered flip-flop clocked by clk)
Endpoint: _1108_ (rising edge-triggered flip-flop clocked by clk)
Path Group: clk
Path Type: min

Fanout         Cap        Slew       Delay        Time   Description
---------------------------------------------------------------------------------------------
                      0.150000    0.000000    0.000000   clock clk (rise edge)
                                  0.000000    0.000000   clock network delay (ideal)
                      0.150000    0.000000    0.000000 ^ _1108_/CLK (sky130_fd_sc_hd__dfrtp_2)
     3    0.005931    0.094986    0.703111    0.703111 ^ _1108_/Q (sky130_fd_sc_hd__dfrtp_2)
                                                         snapshot2[6] (net)
                      0.094986    0.000000    0.703111 ^ _0632_/A0 (sky130_fd_sc_hd__mux2_1)
     1    0.001853    0.063406    0.210464    0.913576 ^ _0632_/X (sky130_fd_sc_hd__mux2_1)
                                                         _0095_ (net)
                      0.063406    0.000000    0.913576 ^ _1108_/D (sky130_fd_sc_hd__dfrtp_2)
                                              0.913576   data arrival time

                      0.150000    0.000000    0.000000   clock clk (rise edge)
                                  0.000000    0.000000   clock network delay (ideal)
                                  0.250000    0.250000   clock uncertainty
                                  0.000000    0.250000   clock reconvergence pessimism
                                              0.250000 ^ _1108_/CLK (sky130_fd_sc_hd__dfrtp_2)
                                 -0.062273    0.187727   library hold time
                                              0.187727   data required time
---------------------------------------------------------------------------------------------
                                              0.187727   data required time
                                             -0.913576   data arrival time
---------------------------------------------------------------------------------------------
                                              0.725849   slack (MET)


Startpoint: _1127_ (rising edge-triggered flip-flop clocked by clk)
Endpoint: _1127_ (rising edge-triggered flip-flop clocked by clk)
Path Group: clk
Path Type: min

Fanout         Cap        Slew       Delay        Time   Description
---------------------------------------------------------------------------------------------
                      0.150000    0.000000    0.000000   clock clk (rise edge)
                                  0.000000    0.000000   clock network delay (ideal)
                      0.150000    0.000000    0.000000 ^ _1127_/CLK (sky130_fd_sc_hd__dfrtp_2)
     3    0.005931    0.094986    0.703111    0.703111 ^ _1127_/Q (sky130_fd_sc_hd__dfrtp_2)
                                                         snapshot5[1] (net)
                      0.094986    0.000000    0.703111 ^ _0651_/A0 (sky130_fd_sc_hd__mux2_1)
     1    0.001853    0.063406    0.210464    0.913576 ^ _0651_/X (sky130_fd_sc_hd__mux2_1)
                                                         _0114_ (net)
                      0.063406    0.000000    0.913576 ^ _1127_/D (sky130_fd_sc_hd__dfrtp_2)
                                              0.913576   data arrival time

                      0.150000    0.000000    0.000000   clock clk (rise edge)
                                  0.000000    0.000000   clock network delay (ideal)
                                  0.250000    0.250000   clock uncertainty
                                  0.000000    0.250000   clock reconvergence pessimism
                                              0.250000 ^ _1127_/CLK (sky130_fd_sc_hd__dfrtp_2)
                                 -0.062273    0.187727   library hold time
                                              0.187727   data required time
---------------------------------------------------------------------------------------------
                                              0.187727   data required time
                                             -0.913576   data arrival time
---------------------------------------------------------------------------------------------
                                              0.725849   slack (MET)


Startpoint: _1129_ (rising edge-triggered flip-flop clocked by clk)
Endpoint: _1129_ (rising edge-triggered flip-flop clocked by clk)
Path Group: clk
Path Type: min

Fanout         Cap        Slew       Delay        Time   Description
---------------------------------------------------------------------------------------------
                      0.150000    0.000000    0.000000   clock clk (rise edge)
                                  0.000000    0.000000   clock network delay (ideal)
                      0.150000    0.000000    0.000000 ^ _1129_/CLK (sky130_fd_sc_hd__dfrtp_2)
     3    0.005931    0.094986    0.703111    0.703111 ^ _1129_/Q (sky130_fd_sc_hd__dfrtp_2)
                                                         snapshot5[3] (net)
                      0.094986    0.000000    0.703111 ^ _0653_/A0 (sky130_fd_sc_hd__mux2_1)
     1    0.001853    0.063406    0.210464    0.913576 ^ _0653_/X (sky130_fd_sc_hd__mux2_1)
                                                         _0116_ (net)
                      0.063406    0.000000    0.913576 ^ _1129_/D (sky130_fd_sc_hd__dfrtp_2)
                                              0.913576   data arrival time

                      0.150000    0.000000    0.000000   clock clk (rise edge)
                                  0.000000    0.000000   clock network delay (ideal)
                                  0.250000    0.250000   clock uncertainty
                                  0.000000    0.250000   clock reconvergence pessimism
                                              0.250000 ^ _1129_/CLK (sky130_fd_sc_hd__dfrtp_2)
                                 -0.062273    0.187727   library hold time
                                              0.187727   data required time
---------------------------------------------------------------------------------------------
                                              0.187727   data required time
                                             -0.913576   data arrival time
---------------------------------------------------------------------------------------------
                                              0.725849   slack (MET)


Startpoint: _1094_ (rising edge-triggered flip-flop clocked by clk)
Endpoint: _1094_ (rising edge-triggered flip-flop clocked by clk)
Path Group: clk
Path Type: min

Fanout         Cap        Slew       Delay        Time   Description
---------------------------------------------------------------------------------------------
                      0.150000    0.000000    0.000000   clock clk (rise edge)
                                  0.000000    0.000000   clock network delay (ideal)
                      0.150000    0.000000    0.000000 ^ _1094_/CLK (sky130_fd_sc_hd__dfrtp_2)
     3    0.005970    0.095247    0.703365    0.703365 ^ _1094_/Q (sky130_fd_sc_hd__dfrtp_2)
                                                         snapshot1[0] (net)
                      0.095247    0.000000    0.703365 ^ _0618_/A0 (sky130_fd_sc_hd__mux2_1)
     1    0.001853    0.063406    0.210570    0.913935 ^ _0618_/X (sky130_fd_sc_hd__mux2_1)
                                                         _0081_ (net)
                      0.063406    0.000000    0.913935 ^ _1094_/D (sky130_fd_sc_hd__dfrtp_2)
                                              0.913935   data arrival time

                      0.150000    0.000000    0.000000   clock clk (rise edge)
                                  0.000000    0.000000   clock network delay (ideal)
                                  0.250000    0.250000   clock uncertainty
                                  0.000000    0.250000   clock reconvergence pessimism
                                              0.250000 ^ _1094_/CLK (sky130_fd_sc_hd__dfrtp_2)
                                 -0.062273    0.187727   library hold time
                                              0.187727   data required time
---------------------------------------------------------------------------------------------
                                              0.187727   data required time
                                             -0.913935   data arrival time
---------------------------------------------------------------------------------------------
                                              0.726208   slack (MET)


Startpoint: _1109_ (rising edge-triggered flip-flop clocked by clk)
Endpoint: _1109_ (rising edge-triggered flip-flop clocked by clk)
Path Group: clk
Path Type: min

Fanout         Cap        Slew       Delay        Time   Description
---------------------------------------------------------------------------------------------
                      0.150000    0.000000    0.000000   clock clk (rise edge)
                                  0.000000    0.000000   clock network delay (ideal)
                      0.150000    0.000000    0.000000 ^ _1109_/CLK (sky130_fd_sc_hd__dfrtp_2)
     3    0.005970    0.095247    0.703365    0.703365 ^ _1109_/Q (sky130_fd_sc_hd__dfrtp_2)
                                                         snapshot2[7] (net)
                      0.095247    0.000000    0.703365 ^ _0633_/A0 (sky130_fd_sc_hd__mux2_1)
     1    0.001853    0.063406    0.210570    0.913935 ^ _0633_/X (sky130_fd_sc_hd__mux2_1)
                                                         _0096_ (net)
                      0.063406    0.000000    0.913935 ^ _1109_/D (sky130_fd_sc_hd__dfrtp_2)
                                              0.913935   data arrival time

                      0.150000    0.000000    0.000000   clock clk (rise edge)
                                  0.000000    0.000000   clock network delay (ideal)
                                  0.250000    0.250000   clock uncertainty
                                  0.000000    0.250000   clock reconvergence pessimism
                                              0.250000 ^ _1109_/CLK (sky130_fd_sc_hd__dfrtp_2)
                                 -0.062273    0.187727   library hold time
                                              0.187727   data required time
---------------------------------------------------------------------------------------------
                                              0.187727   data required time
                                             -0.913935   data arrival time
---------------------------------------------------------------------------------------------
                                              0.726208   slack (MET)


Startpoint: _1140_ (rising edge-triggered flip-flop clocked by clk)
Endpoint: _1140_ (rising edge-triggered flip-flop clocked by clk)
Path Group: clk
Path Type: min

Fanout         Cap        Slew       Delay        Time   Description
---------------------------------------------------------------------------------------------
                      0.150000    0.000000    0.000000   clock clk (rise edge)
                                  0.000000    0.000000   clock network delay (ideal)
                      0.150000    0.000000    0.000000 ^ _1140_/CLK (sky130_fd_sc_hd__dfrtp_2)
     3    0.005970    0.095247    0.703365    0.703365 ^ _1140_/Q (sky130_fd_sc_hd__dfrtp_2)
                                                         snapshot6[6] (net)
                      0.095247    0.000000    0.703365 ^ _0664_/A0 (sky130_fd_sc_hd__mux2_1)
     1    0.001853    0.063406    0.210570    0.913935 ^ _0664_/X (sky130_fd_sc_hd__mux2_1)
                                                         _0127_ (net)
                      0.063406    0.000000    0.913935 ^ _1140_/D (sky130_fd_sc_hd__dfrtp_2)
                                              0.913935   data arrival time

                      0.150000    0.000000    0.000000   clock clk (rise edge)
                                  0.000000    0.000000   clock network delay (ideal)
                                  0.250000    0.250000   clock uncertainty
                                  0.000000    0.250000   clock reconvergence pessimism
                                              0.250000 ^ _1140_/CLK (sky130_fd_sc_hd__dfrtp_2)
                                 -0.062273    0.187727   library hold time
                                              0.187727   data required time
---------------------------------------------------------------------------------------------
                                              0.187727   data required time
                                             -0.913935   data arrival time
---------------------------------------------------------------------------------------------
                                              0.726208   slack (MET)


Startpoint: _1120_ (rising edge-triggered flip-flop clocked by clk)
Endpoint: _1120_ (rising edge-triggered flip-flop clocked by clk)
Path Group: clk
Path Type: min

Fanout         Cap        Slew       Delay        Time   Description
---------------------------------------------------------------------------------------------
                      0.150000    0.000000    0.000000   clock clk (rise edge)
                                  0.000000    0.000000   clock network delay (ideal)
                      0.150000    0.000000    0.000000 ^ _1120_/CLK (sky130_fd_sc_hd__dfrtp_2)
     3    0.006003    0.095468    0.703580    0.703580 ^ _1120_/Q (sky130_fd_sc_hd__dfrtp_2)
                                                         snapshot4[2] (net)
                      0.095468    0.000000    0.703580 ^ _0644_/A0 (sky130_fd_sc_hd__mux2_1)
     1    0.001853    0.063406    0.210659    0.914238 ^ _0644_/X (sky130_fd_sc_hd__mux2_1)
                                                         _0107_ (net)
                      0.063406    0.000000    0.914238 ^ _1120_/D (sky130_fd_sc_hd__dfrtp_2)
                                              0.914238   data arrival time

                      0.150000    0.000000    0.000000   clock clk (rise edge)
                                  0.000000    0.000000   clock network delay (ideal)
                                  0.250000    0.250000   clock uncertainty
                                  0.000000    0.250000   clock reconvergence pessimism
                                              0.250000 ^ _1120_/CLK (sky130_fd_sc_hd__dfrtp_2)
                                 -0.062273    0.187727   library hold time
                                              0.187727   data required time
---------------------------------------------------------------------------------------------
                                              0.187727   data required time
                                             -0.914238   data arrival time
---------------------------------------------------------------------------------------------
                                              0.726512   slack (MET)


Startpoint: _1121_ (rising edge-triggered flip-flop clocked by clk)
Endpoint: _1121_ (rising edge-triggered flip-flop clocked by clk)
Path Group: clk
Path Type: min

Fanout         Cap        Slew       Delay        Time   Description
---------------------------------------------------------------------------------------------
                      0.150000    0.000000    0.000000   clock clk (rise edge)
                                  0.000000    0.000000   clock network delay (ideal)
                      0.150000    0.000000    0.000000 ^ _1121_/CLK (sky130_fd_sc_hd__dfrtp_2)
     3    0.006003    0.095468    0.703580    0.703580 ^ _1121_/Q (sky130_fd_sc_hd__dfrtp_2)
                                                         snapshot4[3] (net)
                      0.095468    0.000000    0.703580 ^ _0645_/A0 (sky130_fd_sc_hd__mux2_1)
     1    0.001853    0.063406    0.210659    0.914238 ^ _0645_/X (sky130_fd_sc_hd__mux2_1)
                                                         _0108_ (net)
                      0.063406    0.000000    0.914238 ^ _1121_/D (sky130_fd_sc_hd__dfrtp_2)
                                              0.914238   data arrival time

                      0.150000    0.000000    0.000000   clock clk (rise edge)
                                  0.000000    0.000000   clock network delay (ideal)
                                  0.250000    0.250000   clock uncertainty
                                  0.000000    0.250000   clock reconvergence pessimism
                                              0.250000 ^ _1121_/CLK (sky130_fd_sc_hd__dfrtp_2)
                                 -0.062273    0.187727   library hold time
                                              0.187727   data required time
---------------------------------------------------------------------------------------------
                                              0.187727   data required time
                                             -0.914238   data arrival time
---------------------------------------------------------------------------------------------
                                              0.726512   slack (MET)


Startpoint: _1123_ (rising edge-triggered flip-flop clocked by clk)
Endpoint: _1123_ (rising edge-triggered flip-flop clocked by clk)
Path Group: clk
Path Type: min

Fanout         Cap        Slew       Delay        Time   Description
---------------------------------------------------------------------------------------------
                      0.150000    0.000000    0.000000   clock clk (rise edge)
                                  0.000000    0.000000   clock network delay (ideal)
                      0.150000    0.000000    0.000000 ^ _1123_/CLK (sky130_fd_sc_hd__dfrtp_2)
     3    0.006003    0.095468    0.703580    0.703580 ^ _1123_/Q (sky130_fd_sc_hd__dfrtp_2)
                                                         snapshot4[5] (net)
                      0.095468    0.000000    0.703580 ^ _0647_/A0 (sky130_fd_sc_hd__mux2_1)
     1    0.001853    0.063406    0.210659    0.914238 ^ _0647_/X (sky130_fd_sc_hd__mux2_1)
                                                         _0110_ (net)
                      0.063406    0.000000    0.914238 ^ _1123_/D (sky130_fd_sc_hd__dfrtp_2)
                                              0.914238   data arrival time

                      0.150000    0.000000    0.000000   clock clk (rise edge)
                                  0.000000    0.000000   clock network delay (ideal)
                                  0.250000    0.250000   clock uncertainty
                                  0.000000    0.250000   clock reconvergence pessimism
                                              0.250000 ^ _1123_/CLK (sky130_fd_sc_hd__dfrtp_2)
                                 -0.062273    0.187727   library hold time
                                              0.187727   data required time
---------------------------------------------------------------------------------------------
                                              0.187727   data required time
                                             -0.914238   data arrival time
---------------------------------------------------------------------------------------------
                                              0.726512   slack (MET)


Startpoint: _1146_ (rising edge-triggered flip-flop clocked by clk)
Endpoint: _1146_ (rising edge-triggered flip-flop clocked by clk)
Path Group: clk
Path Type: min

Fanout         Cap        Slew       Delay        Time   Description
---------------------------------------------------------------------------------------------
                      0.150000    0.000000    0.000000   clock clk (rise edge)
                                  0.000000    0.000000   clock network delay (ideal)
                      0.150000    0.000000    0.000000 ^ _1146_/CLK (sky130_fd_sc_hd__dfrtp_2)
     2    0.006022    0.095596    0.703703    0.703703 ^ _1146_/Q (sky130_fd_sc_hd__dfrtp_2)
                                                         snapshot7[4] (net)
                      0.095596    0.000000    0.703703 ^ _0670_/A0 (sky130_fd_sc_hd__mux2_1)
     1    0.001853    0.063406    0.210710    0.914413 ^ _0670_/X (sky130_fd_sc_hd__mux2_1)
                                                         _0133_ (net)
                      0.063406    0.000000    0.914413 ^ _1146_/D (sky130_fd_sc_hd__dfrtp_2)
                                              0.914413   data arrival time

                      0.150000    0.000000    0.000000   clock clk (rise edge)
                                  0.000000    0.000000   clock network delay (ideal)
                                  0.250000    0.250000   clock uncertainty
                                  0.000000    0.250000   clock reconvergence pessimism
                                              0.250000 ^ _1146_/CLK (sky130_fd_sc_hd__dfrtp_2)
                                 -0.062273    0.187727   library hold time
                                              0.187727   data required time
---------------------------------------------------------------------------------------------
                                              0.187727   data required time
                                             -0.914413   data arrival time
---------------------------------------------------------------------------------------------
                                              0.726686   slack (MET)


Startpoint: _1078_ (rising edge-triggered flip-flop clocked by clk)
Endpoint: _1078_ (rising edge-triggered flip-flop clocked by clk)
Path Group: clk
Path Type: min

Fanout         Cap        Slew       Delay        Time   Description
---------------------------------------------------------------------------------------------
                      0.150000    0.000000    0.000000   clock clk (rise edge)
                                  0.000000    0.000000   clock network delay (ideal)
                      0.150000    0.000000    0.000000 ^ _1078_/CLK (sky130_fd_sc_hd__dfrtp_2)
     2    0.006365    0.097895    0.705935    0.705935 ^ _1078_/Q (sky130_fd_sc_hd__dfrtp_2)
                                                         coeff7[0] (net)
                      0.097895    0.000000    0.705935 ^ _0602_/A1 (sky130_fd_sc_hd__mux2_1)
     1    0.001853    0.062944    0.217229    0.923164 ^ _0602_/X (sky130_fd_sc_hd__mux2_1)
                                                         _0065_ (net)
                      0.062944    0.000000    0.923164 ^ _1078_/D (sky130_fd_sc_hd__dfrtp_2)
                                              0.923164   data arrival time

                      0.150000    0.000000    0.000000   clock clk (rise edge)
                                  0.000000    0.000000   clock network delay (ideal)
                                  0.250000    0.250000   clock uncertainty
                                  0.000000    0.250000   clock reconvergence pessimism
                                              0.250000 ^ _1078_/CLK (sky130_fd_sc_hd__dfrtp_2)
                                 -0.062168    0.187832   library hold time
                                              0.187832   data required time
---------------------------------------------------------------------------------------------
                                              0.187832   data required time
                                             -0.923164   data arrival time
---------------------------------------------------------------------------------------------
                                              0.735332   slack (MET)


Startpoint: _1079_ (rising edge-triggered flip-flop clocked by clk)
Endpoint: _1079_ (rising edge-triggered flip-flop clocked by clk)
Path Group: clk
Path Type: min

Fanout         Cap        Slew       Delay        Time   Description
---------------------------------------------------------------------------------------------
                      0.150000    0.000000    0.000000   clock clk (rise edge)
                                  0.000000    0.000000   clock network delay (ideal)
                      0.150000    0.000000    0.000000 ^ _1079_/CLK (sky130_fd_sc_hd__dfrtp_2)
     2    0.006365    0.097895    0.705935    0.705935 ^ _1079_/Q (sky130_fd_sc_hd__dfrtp_2)
                                                         coeff7[1] (net)
                      0.097895    0.000000    0.705935 ^ _0603_/A1 (sky130_fd_sc_hd__mux2_1)
     1    0.001853    0.062944    0.217229    0.923164 ^ _0603_/X (sky130_fd_sc_hd__mux2_1)
                                                         _0066_ (net)
                      0.062944    0.000000    0.923164 ^ _1079_/D (sky130_fd_sc_hd__dfrtp_2)
                                              0.923164   data arrival time

                      0.150000    0.000000    0.000000   clock clk (rise edge)
                                  0.000000    0.000000   clock network delay (ideal)
                                  0.250000    0.250000   clock uncertainty
                                  0.000000    0.250000   clock reconvergence pessimism
                                              0.250000 ^ _1079_/CLK (sky130_fd_sc_hd__dfrtp_2)
                                 -0.062168    0.187832   library hold time
                                              0.187832   data required time
---------------------------------------------------------------------------------------------
                                              0.187832   data required time
                                             -0.923164   data arrival time
---------------------------------------------------------------------------------------------
                                              0.735332   slack (MET)


Startpoint: _1082_ (rising edge-triggered flip-flop clocked by clk)
Endpoint: _1082_ (rising edge-triggered flip-flop clocked by clk)
Path Group: clk
Path Type: min

Fanout         Cap        Slew       Delay        Time   Description
---------------------------------------------------------------------------------------------
                      0.150000    0.000000    0.000000   clock clk (rise edge)
                                  0.000000    0.000000   clock network delay (ideal)
                      0.150000    0.000000    0.000000 ^ _1082_/CLK (sky130_fd_sc_hd__dfrtp_2)
     2    0.006365    0.097895    0.705935    0.705935 ^ _1082_/Q (sky130_fd_sc_hd__dfrtp_2)
                                                         coeff7[4] (net)
                      0.097895    0.000000    0.705935 ^ _0606_/A1 (sky130_fd_sc_hd__mux2_1)
     1    0.001853    0.062944    0.217229    0.923164 ^ _0606_/X (sky130_fd_sc_hd__mux2_1)
                                                         _0069_ (net)
                      0.062944    0.000000    0.923164 ^ _1082_/D (sky130_fd_sc_hd__dfrtp_2)
                                              0.923164   data arrival time

                      0.150000    0.000000    0.000000   clock clk (rise edge)
                                  0.000000    0.000000   clock network delay (ideal)
                                  0.250000    0.250000   clock uncertainty
                                  0.000000    0.250000   clock reconvergence pessimism
                                              0.250000 ^ _1082_/CLK (sky130_fd_sc_hd__dfrtp_2)
                                 -0.062168    0.187832   library hold time
                                              0.187832   data required time
---------------------------------------------------------------------------------------------
                                              0.187832   data required time
                                             -0.923164   data arrival time
---------------------------------------------------------------------------------------------
                                              0.735332   slack (MET)


Startpoint: _1084_ (rising edge-triggered flip-flop clocked by clk)
Endpoint: _1084_ (rising edge-triggered flip-flop clocked by clk)
Path Group: clk
Path Type: min

Fanout         Cap        Slew       Delay        Time   Description
---------------------------------------------------------------------------------------------
                      0.150000    0.000000    0.000000   clock clk (rise edge)
                                  0.000000    0.000000   clock network delay (ideal)
                      0.150000    0.000000    0.000000 ^ _1084_/CLK (sky130_fd_sc_hd__dfrtp_2)
     2    0.006365    0.097895    0.705935    0.705935 ^ _1084_/Q (sky130_fd_sc_hd__dfrtp_2)
                                                         coeff7[6] (net)
                      0.097895    0.000000    0.705935 ^ _0608_/A1 (sky130_fd_sc_hd__mux2_1)
     1    0.001853    0.062944    0.217229    0.923164 ^ _0608_/X (sky130_fd_sc_hd__mux2_1)
                                                         _0071_ (net)
                      0.062944    0.000000    0.923164 ^ _1084_/D (sky130_fd_sc_hd__dfrtp_2)
                                              0.923164   data arrival time

                      0.150000    0.000000    0.000000   clock clk (rise edge)
                                  0.000000    0.000000   clock network delay (ideal)
                                  0.250000    0.250000   clock uncertainty
                                  0.000000    0.250000   clock reconvergence pessimism
                                              0.250000 ^ _1084_/CLK (sky130_fd_sc_hd__dfrtp_2)
                                 -0.062168    0.187832   library hold time
                                              0.187832   data required time
---------------------------------------------------------------------------------------------
                                              0.187832   data required time
                                             -0.923164   data arrival time
---------------------------------------------------------------------------------------------
                                              0.735332   slack (MET)


Startpoint: _1080_ (rising edge-triggered flip-flop clocked by clk)
Endpoint: _1080_ (rising edge-triggered flip-flop clocked by clk)
Path Group: clk
Path Type: min

Fanout         Cap        Slew       Delay        Time   Description
---------------------------------------------------------------------------------------------
                      0.150000    0.000000    0.000000   clock clk (rise edge)
                                  0.000000    0.000000   clock network delay (ideal)
                      0.150000    0.000000    0.000000 ^ _1080_/CLK (sky130_fd_sc_hd__dfrtp_2)
     2    0.006470    0.098599    0.706618    0.706618 ^ _1080_/Q (sky130_fd_sc_hd__dfrtp_2)
                                                         coeff7[2] (net)
                      0.098599    0.000000    0.706618 ^ _0604_/A1 (sky130_fd_sc_hd__mux2_1)
     1    0.001853    0.062944    0.217510    0.924128 ^ _0604_/X (sky130_fd_sc_hd__mux2_1)
                                                         _0067_ (net)
                      0.062944    0.000000    0.924128 ^ _1080_/D (sky130_fd_sc_hd__dfrtp_2)
                                              0.924128   data arrival time

                      0.150000    0.000000    0.000000   clock clk (rise edge)
                                  0.000000    0.000000   clock network delay (ideal)
                                  0.250000    0.250000   clock uncertainty
                                  0.000000    0.250000   clock reconvergence pessimism
                                              0.250000 ^ _1080_/CLK (sky130_fd_sc_hd__dfrtp_2)
                                 -0.062168    0.187832   library hold time
                                              0.187832   data required time
---------------------------------------------------------------------------------------------
                                              0.187832   data required time
                                             -0.924128   data arrival time
---------------------------------------------------------------------------------------------
                                              0.736296   slack (MET)


Startpoint: _1083_ (rising edge-triggered flip-flop clocked by clk)
Endpoint: _1083_ (rising edge-triggered flip-flop clocked by clk)
Path Group: clk
Path Type: min

Fanout         Cap        Slew       Delay        Time   Description
---------------------------------------------------------------------------------------------
                      0.150000    0.000000    0.000000   clock clk (rise edge)
                                  0.000000    0.000000   clock network delay (ideal)
                      0.150000    0.000000    0.000000 ^ _1083_/CLK (sky130_fd_sc_hd__dfrtp_2)
     2    0.006470    0.098599    0.706618    0.706618 ^ _1083_/Q (sky130_fd_sc_hd__dfrtp_2)
                                                         coeff7[5] (net)
                      0.098599    0.000000    0.706618 ^ _0607_/A1 (sky130_fd_sc_hd__mux2_1)
     1    0.001853    0.062944    0.217510    0.924128 ^ _0607_/X (sky130_fd_sc_hd__mux2_1)
                                                         _0070_ (net)
                      0.062944    0.000000    0.924128 ^ _1083_/D (sky130_fd_sc_hd__dfrtp_2)
                                              0.924128   data arrival time

                      0.150000    0.000000    0.000000   clock clk (rise edge)
                                  0.000000    0.000000   clock network delay (ideal)
                                  0.250000    0.250000   clock uncertainty
                                  0.000000    0.250000   clock reconvergence pessimism
                                              0.250000 ^ _1083_/CLK (sky130_fd_sc_hd__dfrtp_2)
                                 -0.062168    0.187832   library hold time
                                              0.187832   data required time
---------------------------------------------------------------------------------------------
                                              0.187832   data required time
                                             -0.924128   data arrival time
---------------------------------------------------------------------------------------------
                                              0.736296   slack (MET)


Startpoint: _1213_ (rising edge-triggered flip-flop clocked by clk)
Endpoint: _1209_ (rising edge-triggered flip-flop clocked by clk)
Path Group: clk
Path Type: min

Fanout         Cap        Slew       Delay        Time   Description
---------------------------------------------------------------------------------------------
                      0.150000    0.000000    0.000000   clock clk (rise edge)
                                  0.000000    0.000000   clock network delay (ideal)
                      0.150000    0.000000    0.000000 ^ _1213_/CLK (sky130_fd_sc_hd__dfrtp_2)
     2    0.004988    0.088167    0.695285    0.695285 ^ _1213_/Q (sky130_fd_sc_hd__dfrtp_2)
                                                         phase[4] (net)
                      0.088167    0.000000    0.695285 ^ _0531_/A2 (sky130_fd_sc_hd__o22a_2)
     1    0.002386    0.054802    0.246254    0.941539 ^ _0531_/X (sky130_fd_sc_hd__o22a_2)
                                                         _0001_ (net)
                      0.054802    0.000000    0.941539 ^ _1209_/D (sky130_fd_sc_hd__dfstp_2)
                                              0.941539   data arrival time

                      0.150000    0.000000    0.000000   clock clk (rise edge)
                                  0.000000    0.000000   clock network delay (ideal)
                                  0.250000    0.250000   clock uncertainty
                                  0.000000    0.250000   clock reconvergence pessimism
                                              0.250000 ^ _1209_/CLK (sky130_fd_sc_hd__dfstp_2)
                                 -0.048070    0.201930   library hold time
                                              0.201930   data required time
---------------------------------------------------------------------------------------------
                                              0.201930   data required time
                                             -0.941539   data arrival time
---------------------------------------------------------------------------------------------
                                              0.739609   slack (MET)


Startpoint: _1152_ (rising edge-triggered flip-flop clocked by clk)
Endpoint: _1152_ (rising edge-triggered flip-flop clocked by clk)
Path Group: clk
Path Type: min

Fanout         Cap        Slew       Delay        Time   Description
---------------------------------------------------------------------------------------------
                      0.150000    0.000000    0.000000   clock clk (rise edge)
                                  0.000000    0.000000   clock network delay (ideal)
                      0.150000    0.000000    0.000000 ^ _1152_/CLK (sky130_fd_sc_hd__dfrtp_2)
     3    0.007893    0.108138    0.715875    0.715875 ^ _1152_/Q (sky130_fd_sc_hd__dfrtp_2)
                                                         add_stage0.add0.b[2] (net)
                      0.108138    0.000000    0.715875 ^ _0739_/A1 (sky130_fd_sc_hd__mux2_1)
     1    0.001853    0.063030    0.221315    0.937190 ^ _0739_/X (sky130_fd_sc_hd__mux2_1)
                                                         _0139_ (net)
                      0.063030    0.000000    0.937190 ^ _1152_/D (sky130_fd_sc_hd__dfrtp_2)
                                              0.937190   data arrival time

                      0.150000    0.000000    0.000000   clock clk (rise edge)
                                  0.000000    0.000000   clock network delay (ideal)
                                  0.250000    0.250000   clock uncertainty
                                  0.000000    0.250000   clock reconvergence pessimism
                                              0.250000 ^ _1152_/CLK (sky130_fd_sc_hd__dfrtp_2)
                                 -0.062188    0.187812   library hold time
                                              0.187812   data required time
---------------------------------------------------------------------------------------------
                                              0.187812   data required time
                                             -0.937190   data arrival time
---------------------------------------------------------------------------------------------
                                              0.749378   slack (MET)


Startpoint: _1155_ (rising edge-triggered flip-flop clocked by clk)
Endpoint: _1155_ (rising edge-triggered flip-flop clocked by clk)
Path Group: clk
Path Type: min

Fanout         Cap        Slew       Delay        Time   Description
---------------------------------------------------------------------------------------------
                      0.150000    0.000000    0.000000   clock clk (rise edge)
                                  0.000000    0.000000   clock network delay (ideal)
                      0.150000    0.000000    0.000000 ^ _1155_/CLK (sky130_fd_sc_hd__dfrtp_2)
     3    0.007893    0.108138    0.715875    0.715875 ^ _1155_/Q (sky130_fd_sc_hd__dfrtp_2)
                                                         add_stage0.add1.b[1] (net)
                      0.108138    0.000000    0.715875 ^ _0845_/A1 (sky130_fd_sc_hd__mux2_1)
     1    0.001853    0.063030    0.221315    0.937190 ^ _0845_/X (sky130_fd_sc_hd__mux2_1)
                                                         _0142_ (net)
                      0.063030    0.000000    0.937190 ^ _1155_/D (sky130_fd_sc_hd__dfrtp_2)
                                              0.937190   data arrival time

                      0.150000    0.000000    0.000000   clock clk (rise edge)
                                  0.000000    0.000000   clock network delay (ideal)
                                  0.250000    0.250000   clock uncertainty
                                  0.000000    0.250000   clock reconvergence pessimism
                                              0.250000 ^ _1155_/CLK (sky130_fd_sc_hd__dfrtp_2)
                                 -0.062188    0.187812   library hold time
                                              0.187812   data required time
---------------------------------------------------------------------------------------------
                                              0.187812   data required time
                                             -0.937190   data arrival time
---------------------------------------------------------------------------------------------
                                              0.749378   slack (MET)


Startpoint: _1156_ (rising edge-triggered flip-flop clocked by clk)
Endpoint: _1156_ (rising edge-triggered flip-flop clocked by clk)
Path Group: clk
Path Type: min

Fanout         Cap        Slew       Delay        Time   Description
---------------------------------------------------------------------------------------------
                      0.150000    0.000000    0.000000   clock clk (rise edge)
                                  0.000000    0.000000   clock network delay (ideal)
                      0.150000    0.000000    0.000000 ^ _1156_/CLK (sky130_fd_sc_hd__dfrtp_2)
     3    0.007893    0.108138    0.715875    0.715875 ^ _1156_/Q (sky130_fd_sc_hd__dfrtp_2)
                                                         add_stage0.add1.b[2] (net)
                      0.108138    0.000000    0.715875 ^ _0886_/A1 (sky130_fd_sc_hd__mux2_1)
     1    0.001853    0.063030    0.221315    0.937190 ^ _0886_/X (sky130_fd_sc_hd__mux2_1)
                                                         _0143_ (net)
                      0.063030    0.000000    0.937190 ^ _1156_/D (sky130_fd_sc_hd__dfrtp_2)
                                              0.937190   data arrival time

                      0.150000    0.000000    0.000000   clock clk (rise edge)
                                  0.000000    0.000000   clock network delay (ideal)
                                  0.250000    0.250000   clock uncertainty
                                  0.000000    0.250000   clock reconvergence pessimism
                                              0.250000 ^ _1156_/CLK (sky130_fd_sc_hd__dfrtp_2)
                                 -0.062188    0.187812   library hold time
                                              0.187812   data required time
---------------------------------------------------------------------------------------------
                                              0.187812   data required time
                                             -0.937190   data arrival time
---------------------------------------------------------------------------------------------
                                              0.749378   slack (MET)


Startpoint: _1167_ (rising edge-triggered flip-flop clocked by clk)
Endpoint: _1167_ (rising edge-triggered flip-flop clocked by clk)
Path Group: clk
Path Type: min

Fanout         Cap        Slew       Delay        Time   Description
---------------------------------------------------------------------------------------------
                      0.150000    0.000000    0.000000   clock clk (rise edge)
                                  0.000000    0.000000   clock network delay (ideal)
                      0.150000    0.000000    0.000000 ^ _1167_/CLK (sky130_fd_sc_hd__dfrtp_2)
     2    0.003983    0.080549    0.685752    0.685752 ^ _1167_/Q (sky130_fd_sc_hd__dfrtp_2)
                                                         add_stage1.a[1] (net)
                      0.080549    0.000000    0.685752 ^ _0941_/A1 (sky130_fd_sc_hd__a22o_2)
     1    0.001853    0.055488    0.254878    0.940630 ^ _0941_/X (sky130_fd_sc_hd__a22o_2)
                                                         _0154_ (net)
                      0.055488    0.000000    0.940630 ^ _1167_/D (sky130_fd_sc_hd__dfrtp_2)
                                              0.940630   data arrival time

                      0.150000    0.000000    0.000000   clock clk (rise edge)
                                  0.000000    0.000000   clock network delay (ideal)
                                  0.250000    0.250000   clock uncertainty
                                  0.000000    0.250000   clock reconvergence pessimism
                                              0.250000 ^ _1167_/CLK (sky130_fd_sc_hd__dfrtp_2)
                                 -0.060474    0.189526   library hold time
                                              0.189526   data required time
---------------------------------------------------------------------------------------------
                                              0.189526   data required time
                                             -0.940630   data arrival time
---------------------------------------------------------------------------------------------
                                              0.751104   slack (MET)


Startpoint: _1214_ (rising edge-triggered flip-flop clocked by clk)
Endpoint: _1214_ (rising edge-triggered flip-flop clocked by clk)
Path Group: clk
Path Type: min

Fanout         Cap        Slew       Delay        Time   Description
---------------------------------------------------------------------------------------------
                      0.150000    0.000000    0.000000   clock clk (rise edge)
                                  0.000000    0.000000   clock network delay (ideal)
                      0.150000    0.000000    0.000000 ^ _1214_/CLK (sky130_fd_sc_hd__dfrtp_2)
     3    0.008463    0.111960    0.719583    0.719583 ^ _1214_/Q (sky130_fd_sc_hd__dfrtp_2)
                                                         phase[5] (net)
                      0.111960    0.000000    0.719583 ^ _0522_/A1 (sky130_fd_sc_hd__a21bo_2)
     1    0.001853    0.047108    0.229195    0.948778 ^ _0522_/X (sky130_fd_sc_hd__a21bo_2)
                                                         _0006_ (net)
                      0.047108    0.000000    0.948778 ^ _1214_/D (sky130_fd_sc_hd__dfrtp_2)
                                              0.948778   data arrival time

                      0.150000    0.000000    0.000000   clock clk (rise edge)
                                  0.000000    0.000000   clock network delay (ideal)
                                  0.250000    0.250000   clock uncertainty
                                  0.000000    0.250000   clock reconvergence pessimism
                                              0.250000 ^ _1214_/CLK (sky130_fd_sc_hd__dfrtp_2)
                                 -0.058570    0.191430   library hold time
                                              0.191430   data required time
---------------------------------------------------------------------------------------------
                                              0.191430   data required time
                                             -0.948778   data arrival time
---------------------------------------------------------------------------------------------
                                              0.757348   slack (MET)


Startpoint: _1210_ (rising edge-triggered flip-flop clocked by clk)
Endpoint: _1210_ (rising edge-triggered flip-flop clocked by clk)
Path Group: clk
Path Type: min

Fanout         Cap        Slew       Delay        Time   Description
---------------------------------------------------------------------------------------------
                      0.150000    0.000000    0.000000   clock clk (rise edge)
                                  0.000000    0.000000   clock network delay (ideal)
                      0.150000    0.000000    0.000000 ^ _1210_/CLK (sky130_fd_sc_hd__dfrtp_2)
     3    0.008528    0.112395    0.720006    0.720006 ^ _1210_/Q (sky130_fd_sc_hd__dfrtp_2)
                                                         phase[1] (net)
                      0.112395    0.000000    0.720006 ^ _0530_/A1 (sky130_fd_sc_hd__a21bo_2)
     1    0.001853    0.047108    0.229369    0.949375 ^ _0530_/X (sky130_fd_sc_hd__a21bo_2)
                                                         _0002_ (net)
                      0.047108    0.000000    0.949375 ^ _1210_/D (sky130_fd_sc_hd__dfrtp_2)
                                              0.949375   data arrival time

                      0.150000    0.000000    0.000000   clock clk (rise edge)
                                  0.000000    0.000000   clock network delay (ideal)
                                  0.250000    0.250000   clock uncertainty
                                  0.000000    0.250000   clock reconvergence pessimism
                                              0.250000 ^ _1210_/CLK (sky130_fd_sc_hd__dfrtp_2)
                                 -0.058570    0.191430   library hold time
                                              0.191430   data required time
---------------------------------------------------------------------------------------------
                                              0.191430   data required time
                                             -0.949375   data arrival time
---------------------------------------------------------------------------------------------
                                              0.757945   slack (MET)


Startpoint: _1211_ (rising edge-triggered flip-flop clocked by clk)
Endpoint: _1211_ (rising edge-triggered flip-flop clocked by clk)
Path Group: clk
Path Type: min

Fanout         Cap        Slew       Delay        Time   Description
---------------------------------------------------------------------------------------------
                      0.150000    0.000000    0.000000   clock clk (rise edge)
                                  0.000000    0.000000   clock network delay (ideal)
                      0.150000    0.000000    0.000000 ^ _1211_/CLK (sky130_fd_sc_hd__dfrtp_2)
     3    0.008628    0.113066    0.720657    0.720657 ^ _1211_/Q (sky130_fd_sc_hd__dfrtp_2)
                                                         phase[2] (net)
                      0.113066    0.000000    0.720657 ^ _0528_/A1 (sky130_fd_sc_hd__a21bo_2)
     1    0.001853    0.047119    0.229636    0.950293 ^ _0528_/X (sky130_fd_sc_hd__a21bo_2)
                                                         _0003_ (net)
                      0.047119    0.000000    0.950293 ^ _1211_/D (sky130_fd_sc_hd__dfrtp_2)
                                              0.950293   data arrival time

                      0.150000    0.000000    0.000000   clock clk (rise edge)
                                  0.000000    0.000000   clock network delay (ideal)
                                  0.250000    0.250000   clock uncertainty
                                  0.000000    0.250000   clock reconvergence pessimism
                                              0.250000 ^ _1211_/CLK (sky130_fd_sc_hd__dfrtp_2)
                                 -0.058573    0.191427   library hold time
                                              0.191427   data required time
---------------------------------------------------------------------------------------------
                                              0.191427   data required time
                                             -0.950293   data arrival time
---------------------------------------------------------------------------------------------
                                              0.758865   slack (MET)


Startpoint: _1190_ (rising edge-triggered flip-flop clocked by clk)
Endpoint: _1158_ (rising edge-triggered flip-flop clocked by clk)
Path Group: clk
Path Type: min

Fanout         Cap        Slew       Delay        Time   Description
---------------------------------------------------------------------------------------------
                      0.150000    0.000000    0.000000   clock clk (rise edge)
                                  0.000000    0.000000   clock network delay (ideal)
                      0.150000    0.000000    0.000000 ^ _1190_/CLK (sky130_fd_sc_hd__dfrtp_2)
     3    0.005875    0.094610    0.702747    0.702747 ^ _1190_/Q (sky130_fd_sc_hd__dfrtp_2)
                                                         stage3[0] (net)
                      0.094610    0.000000    0.702747 ^ _0925_/A1 (sky130_fd_sc_hd__a22o_2)
     1    0.001853    0.055455    0.260599    0.963346 ^ _0925_/X (sky130_fd_sc_hd__a22o_2)
                                                         _0145_ (net)
                      0.055455    0.000000    0.963346 ^ _1158_/D (sky130_fd_sc_hd__dfrtp_2)
                                              0.963346   data arrival time

                      0.150000    0.000000    0.000000   clock clk (rise edge)
                                  0.000000    0.000000   clock network delay (ideal)
                                  0.250000    0.250000   clock uncertainty
                                  0.000000    0.250000   clock reconvergence pessimism
                                              0.250000 ^ _1158_/CLK (sky130_fd_sc_hd__dfrtp_2)
                                 -0.060467    0.189533   library hold time
                                              0.189533   data required time
---------------------------------------------------------------------------------------------
                                              0.189533   data required time
                                             -0.963346   data arrival time
---------------------------------------------------------------------------------------------
                                              0.773813   slack (MET)


Startpoint: _1191_ (rising edge-triggered flip-flop clocked by clk)
Endpoint: _1159_ (rising edge-triggered flip-flop clocked by clk)
Path Group: clk
Path Type: min

Fanout         Cap        Slew       Delay        Time   Description
---------------------------------------------------------------------------------------------
                      0.150000    0.000000    0.000000   clock clk (rise edge)
                                  0.000000    0.000000   clock network delay (ideal)
                      0.150000    0.000000    0.000000 ^ _1191_/CLK (sky130_fd_sc_hd__dfrtp_2)
     3    0.005875    0.094610    0.702747    0.702747 ^ _1191_/Q (sky130_fd_sc_hd__dfrtp_2)
                                                         stage3[1] (net)
                      0.094610    0.000000    0.702747 ^ _0926_/A1 (sky130_fd_sc_hd__a22o_2)
     1    0.001853    0.055455    0.260599    0.963346 ^ _0926_/X (sky130_fd_sc_hd__a22o_2)
                                                         _0146_ (net)
                      0.055455    0.000000    0.963346 ^ _1159_/D (sky130_fd_sc_hd__dfrtp_2)
                                              0.963346   data arrival time

                      0.150000    0.000000    0.000000   clock clk (rise edge)
                                  0.000000    0.000000   clock network delay (ideal)
                                  0.250000    0.250000   clock uncertainty
                                  0.000000    0.250000   clock reconvergence pessimism
                                              0.250000 ^ _1159_/CLK (sky130_fd_sc_hd__dfrtp_2)
                                 -0.060467    0.189533   library hold time
                                              0.189533   data required time
---------------------------------------------------------------------------------------------
                                              0.189533   data required time
                                             -0.963346   data arrival time
---------------------------------------------------------------------------------------------
                                              0.773813   slack (MET)


Startpoint: _1192_ (rising edge-triggered flip-flop clocked by clk)
Endpoint: _1160_ (rising edge-triggered flip-flop clocked by clk)
Path Group: clk
Path Type: min

Fanout         Cap        Slew       Delay        Time   Description
---------------------------------------------------------------------------------------------
                      0.150000    0.000000    0.000000   clock clk (rise edge)
                                  0.000000    0.000000   clock network delay (ideal)
                      0.150000    0.000000    0.000000 ^ _1192_/CLK (sky130_fd_sc_hd__dfrtp_2)
     3    0.005875    0.094610    0.702747    0.702747 ^ _1192_/Q (sky130_fd_sc_hd__dfrtp_2)
                                                         stage3[2] (net)
                      0.094610    0.000000    0.702747 ^ _0927_/A1 (sky130_fd_sc_hd__a22o_2)
     1    0.001853    0.055455    0.260599    0.963346 ^ _0927_/X (sky130_fd_sc_hd__a22o_2)
                                                         _0147_ (net)
                      0.055455    0.000000    0.963346 ^ _1160_/D (sky130_fd_sc_hd__dfrtp_2)
                                              0.963346   data arrival time

                      0.150000    0.000000    0.000000   clock clk (rise edge)
                                  0.000000    0.000000   clock network delay (ideal)
                                  0.250000    0.250000   clock uncertainty
                                  0.000000    0.250000   clock reconvergence pessimism
                                              0.250000 ^ _1160_/CLK (sky130_fd_sc_hd__dfrtp_2)
                                 -0.060467    0.189533   library hold time
                                              0.189533   data required time
---------------------------------------------------------------------------------------------
                                              0.189533   data required time
                                             -0.963346   data arrival time
---------------------------------------------------------------------------------------------
                                              0.773813   slack (MET)


Startpoint: _1193_ (rising edge-triggered flip-flop clocked by clk)
Endpoint: _1161_ (rising edge-triggered flip-flop clocked by clk)
Path Group: clk
Path Type: min

Fanout         Cap        Slew       Delay        Time   Description
---------------------------------------------------------------------------------------------
                      0.150000    0.000000    0.000000   clock clk (rise edge)
                                  0.000000    0.000000   clock network delay (ideal)
                      0.150000    0.000000    0.000000 ^ _1193_/CLK (sky130_fd_sc_hd__dfrtp_2)
     3    0.005875    0.094610    0.702747    0.702747 ^ _1193_/Q (sky130_fd_sc_hd__dfrtp_2)
                                                         stage3[3] (net)
                      0.094610    0.000000    0.702747 ^ _0928_/A1 (sky130_fd_sc_hd__a22o_2)
     1    0.001853    0.055455    0.260599    0.963346 ^ _0928_/X (sky130_fd_sc_hd__a22o_2)
                                                         _0148_ (net)
                      0.055455    0.000000    0.963346 ^ _1161_/D (sky130_fd_sc_hd__dfrtp_2)
                                              0.963346   data arrival time

                      0.150000    0.000000    0.000000   clock clk (rise edge)
                                  0.000000    0.000000   clock network delay (ideal)
                                  0.250000    0.250000   clock uncertainty
                                  0.000000    0.250000   clock reconvergence pessimism
                                              0.250000 ^ _1161_/CLK (sky130_fd_sc_hd__dfrtp_2)
                                 -0.060467    0.189533   library hold time
                                              0.189533   data required time
---------------------------------------------------------------------------------------------
                                              0.189533   data required time
                                             -0.963346   data arrival time
---------------------------------------------------------------------------------------------
                                              0.773813   slack (MET)


Startpoint: _1194_ (rising edge-triggered flip-flop clocked by clk)
Endpoint: _1162_ (rising edge-triggered flip-flop clocked by clk)
Path Group: clk
Path Type: min

Fanout         Cap        Slew       Delay        Time   Description
---------------------------------------------------------------------------------------------
                      0.150000    0.000000    0.000000   clock clk (rise edge)
                                  0.000000    0.000000   clock network delay (ideal)
                      0.150000    0.000000    0.000000 ^ _1194_/CLK (sky130_fd_sc_hd__dfrtp_2)
     3    0.005875    0.094610    0.702747    0.702747 ^ _1194_/Q (sky130_fd_sc_hd__dfrtp_2)
                                                         stage3[4] (net)
                      0.094610    0.000000    0.702747 ^ _0929_/A1 (sky130_fd_sc_hd__a22o_2)
     1    0.001853    0.055455    0.260599    0.963346 ^ _0929_/X (sky130_fd_sc_hd__a22o_2)
                                                         _0149_ (net)
                      0.055455    0.000000    0.963346 ^ _1162_/D (sky130_fd_sc_hd__dfrtp_2)
                                              0.963346   data arrival time

                      0.150000    0.000000    0.000000   clock clk (rise edge)
                                  0.000000    0.000000   clock network delay (ideal)
                                  0.250000    0.250000   clock uncertainty
                                  0.000000    0.250000   clock reconvergence pessimism
                                              0.250000 ^ _1162_/CLK (sky130_fd_sc_hd__dfrtp_2)
                                 -0.060467    0.189533   library hold time
                                              0.189533   data required time
---------------------------------------------------------------------------------------------
                                              0.189533   data required time
                                             -0.963346   data arrival time
---------------------------------------------------------------------------------------------
                                              0.773813   slack (MET)


Startpoint: _1195_ (rising edge-triggered flip-flop clocked by clk)
Endpoint: _1163_ (rising edge-triggered flip-flop clocked by clk)
Path Group: clk
Path Type: min

Fanout         Cap        Slew       Delay        Time   Description
---------------------------------------------------------------------------------------------
                      0.150000    0.000000    0.000000   clock clk (rise edge)
                                  0.000000    0.000000   clock network delay (ideal)
                      0.150000    0.000000    0.000000 ^ _1195_/CLK (sky130_fd_sc_hd__dfrtp_2)
     3    0.005875    0.094610    0.702747    0.702747 ^ _1195_/Q (sky130_fd_sc_hd__dfrtp_2)
                                                         stage3[5] (net)
                      0.094610    0.000000    0.702747 ^ _0930_/A1 (sky130_fd_sc_hd__a22o_2)
     1    0.001853    0.055455    0.260599    0.963346 ^ _0930_/X (sky130_fd_sc_hd__a22o_2)
                                                         _0150_ (net)
                      0.055455    0.000000    0.963346 ^ _1163_/D (sky130_fd_sc_hd__dfrtp_2)
                                              0.963346   data arrival time

                      0.150000    0.000000    0.000000   clock clk (rise edge)
                                  0.000000    0.000000   clock network delay (ideal)
                                  0.250000    0.250000   clock uncertainty
                                  0.000000    0.250000   clock reconvergence pessimism
                                              0.250000 ^ _1163_/CLK (sky130_fd_sc_hd__dfrtp_2)
                                 -0.060467    0.189533   library hold time
                                              0.189533   data required time
---------------------------------------------------------------------------------------------
                                              0.189533   data required time
                                             -0.963346   data arrival time
---------------------------------------------------------------------------------------------
                                              0.773813   slack (MET)


Startpoint: _1196_ (rising edge-triggered flip-flop clocked by clk)
Endpoint: _1164_ (rising edge-triggered flip-flop clocked by clk)
Path Group: clk
Path Type: min

Fanout         Cap        Slew       Delay        Time   Description
---------------------------------------------------------------------------------------------
                      0.150000    0.000000    0.000000   clock clk (rise edge)
                                  0.000000    0.000000   clock network delay (ideal)
                      0.150000    0.000000    0.000000 ^ _1196_/CLK (sky130_fd_sc_hd__dfrtp_2)
     3    0.005875    0.094610    0.702747    0.702747 ^ _1196_/Q (sky130_fd_sc_hd__dfrtp_2)
                                                         stage3[6] (net)
                      0.094610    0.000000    0.702747 ^ _0931_/A1 (sky130_fd_sc_hd__a22o_2)
     1    0.001853    0.055455    0.260599    0.963346 ^ _0931_/X (sky130_fd_sc_hd__a22o_2)
                                                         _0151_ (net)
                      0.055455    0.000000    0.963346 ^ _1164_/D (sky130_fd_sc_hd__dfrtp_2)
                                              0.963346   data arrival time

                      0.150000    0.000000    0.000000   clock clk (rise edge)
                                  0.000000    0.000000   clock network delay (ideal)
                                  0.250000    0.250000   clock uncertainty
                                  0.000000    0.250000   clock reconvergence pessimism
                                              0.250000 ^ _1164_/CLK (sky130_fd_sc_hd__dfrtp_2)
                                 -0.060467    0.189533   library hold time
                                              0.189533   data required time
---------------------------------------------------------------------------------------------
                                              0.189533   data required time
                                             -0.963346   data arrival time
---------------------------------------------------------------------------------------------
                                              0.773813   slack (MET)


Startpoint: _1197_ (rising edge-triggered flip-flop clocked by clk)
Endpoint: _1165_ (rising edge-triggered flip-flop clocked by clk)
Path Group: clk
Path Type: min

Fanout         Cap        Slew       Delay        Time   Description
---------------------------------------------------------------------------------------------
                      0.150000    0.000000    0.000000   clock clk (rise edge)
                                  0.000000    0.000000   clock network delay (ideal)
                      0.150000    0.000000    0.000000 ^ _1197_/CLK (sky130_fd_sc_hd__dfrtp_2)
     3    0.005875    0.094610    0.702747    0.702747 ^ _1197_/Q (sky130_fd_sc_hd__dfrtp_2)
                                                         stage3[7] (net)
                      0.094610    0.000000    0.702747 ^ _0932_/A1 (sky130_fd_sc_hd__a22o_2)
     1    0.001853    0.055455    0.260599    0.963346 ^ _0932_/X (sky130_fd_sc_hd__a22o_2)
                                                         _0152_ (net)
                      0.055455    0.000000    0.963346 ^ _1165_/D (sky130_fd_sc_hd__dfrtp_2)
                                              0.963346   data arrival time

                      0.150000    0.000000    0.000000   clock clk (rise edge)
                                  0.000000    0.000000   clock network delay (ideal)
                                  0.250000    0.250000   clock uncertainty
                                  0.000000    0.250000   clock reconvergence pessimism
                                              0.250000 ^ _1165_/CLK (sky130_fd_sc_hd__dfrtp_2)
                                 -0.060467    0.189533   library hold time
                                              0.189533   data required time
---------------------------------------------------------------------------------------------
                                              0.189533   data required time
                                             -0.963346   data arrival time
---------------------------------------------------------------------------------------------
                                              0.773813   slack (MET)


Startpoint: _1157_ (rising edge-triggered flip-flop clocked by clk)
Endpoint: _1157_ (rising edge-triggered flip-flop clocked by clk)
Path Group: clk
Path Type: min

Fanout         Cap        Slew       Delay        Time   Description
---------------------------------------------------------------------------------------------
                      0.150000    0.000000    0.000000   clock clk (rise edge)
                                  0.000000    0.000000   clock network delay (ideal)
                      0.150000    0.000000    0.000000 ^ _1157_/CLK (sky130_fd_sc_hd__dfrtp_2)
     2    0.011284    0.130871    0.737935    0.737935 ^ _1157_/Q (sky130_fd_sc_hd__dfrtp_2)
                                                         add_stage0.add1.b[3] (net)
                      0.130871    0.000000    0.737935 ^ _0923_/A1 (sky130_fd_sc_hd__mux2_1)
     1    0.001853    0.063030    0.230381    0.968317 ^ _0923_/X (sky130_fd_sc_hd__mux2_1)
                                                         _0144_ (net)
                      0.063030    0.000000    0.968317 ^ _1157_/D (sky130_fd_sc_hd__dfrtp_2)
                                              0.968317   data arrival time

                      0.150000    0.000000    0.000000   clock clk (rise edge)
                                  0.000000    0.000000   clock network delay (ideal)
                                  0.250000    0.250000   clock uncertainty
                                  0.000000    0.250000   clock reconvergence pessimism
                                              0.250000 ^ _1157_/CLK (sky130_fd_sc_hd__dfrtp_2)
                                 -0.062188    0.187812   library hold time
                                              0.187812   data required time
---------------------------------------------------------------------------------------------
                                              0.187812   data required time
                                             -0.968317   data arrival time
---------------------------------------------------------------------------------------------
                                              0.780504   slack (MET)


Startpoint: _1212_ (rising edge-triggered flip-flop clocked by clk)
Endpoint: _1212_ (rising edge-triggered flip-flop clocked by clk)
Path Group: clk
Path Type: min

Fanout         Cap        Slew       Delay        Time   Description
---------------------------------------------------------------------------------------------
                      0.150000    0.000000    0.000000   clock clk (rise edge)
                                  0.000000    0.000000   clock network delay (ideal)
                      0.150000    0.000000    0.000000 ^ _1212_/CLK (sky130_fd_sc_hd__dfrtp_2)
     4    0.011255    0.130677    0.737746    0.737746 ^ _1212_/Q (sky130_fd_sc_hd__dfrtp_2)
                                                         phase[3] (net)
                      0.130677    0.000000    0.737746 ^ _0526_/A1 (sky130_fd_sc_hd__a21bo_2)
     1    0.001853    0.047140    0.236663    0.974410 ^ _0526_/X (sky130_fd_sc_hd__a21bo_2)
                                                         _0004_ (net)
                      0.047140    0.000000    0.974410 ^ _1212_/D (sky130_fd_sc_hd__dfrtp_2)
                                              0.974410   data arrival time

                      0.150000    0.000000    0.000000   clock clk (rise edge)
                                  0.000000    0.000000   clock network delay (ideal)
                                  0.250000    0.250000   clock uncertainty
                                  0.000000    0.250000   clock reconvergence pessimism
                                              0.250000 ^ _1212_/CLK (sky130_fd_sc_hd__dfrtp_2)
                                 -0.058577    0.191423   library hold time
                                              0.191423   data required time
---------------------------------------------------------------------------------------------
                                              0.191423   data required time
                                             -0.974410   data arrival time
---------------------------------------------------------------------------------------------
                                              0.782987   slack (MET)


Startpoint: _1151_ (rising edge-triggered flip-flop clocked by clk)
Endpoint: _1151_ (rising edge-triggered flip-flop clocked by clk)
Path Group: clk
Path Type: min

Fanout         Cap        Slew       Delay        Time   Description
---------------------------------------------------------------------------------------------
                      0.150000    0.000000    0.000000   clock clk (rise edge)
                                  0.000000    0.000000   clock network delay (ideal)
                      0.150000    0.000000    0.000000 ^ _1151_/CLK (sky130_fd_sc_hd__dfrtp_2)
     4    0.012439    0.138614    0.745449    0.745449 ^ _1151_/Q (sky130_fd_sc_hd__dfrtp_2)
                                                         add_stage0.add0.b[1] (net)
                      0.138614    0.000000    0.745449 ^ _0714_/A1 (sky130_fd_sc_hd__mux2_1)
     1    0.001853    0.063030    0.233470    0.978919 ^ _0714_/X (sky130_fd_sc_hd__mux2_1)
                                                         _0138_ (net)
                      0.063030    0.000000    0.978919 ^ _1151_/D (sky130_fd_sc_hd__dfrtp_2)
                                              0.978919   data arrival time

                      0.150000    0.000000    0.000000   clock clk (rise edge)
                                  0.000000    0.000000   clock network delay (ideal)
                                  0.250000    0.250000   clock uncertainty
                                  0.000000    0.250000   clock reconvergence pessimism
                                              0.250000 ^ _1151_/CLK (sky130_fd_sc_hd__dfrtp_2)
                                 -0.062188    0.187812   library hold time
                                              0.187812   data required time
---------------------------------------------------------------------------------------------
                                              0.187812   data required time
                                             -0.978919   data arrival time
---------------------------------------------------------------------------------------------
                                              0.791107   slack (MET)


Startpoint: _1150_ (rising edge-triggered flip-flop clocked by clk)
Endpoint: _1150_ (rising edge-triggered flip-flop clocked by clk)
Path Group: clk
Path Type: min

Fanout         Cap        Slew       Delay        Time   Description
---------------------------------------------------------------------------------------------
                      0.150000    0.000000    0.000000   clock clk (rise edge)
                                  0.000000    0.000000   clock network delay (ideal)
                      0.150000    0.000000    0.000000 ^ _1150_/CLK (sky130_fd_sc_hd__dfrtp_2)
     4    0.014452    0.152109    0.758545    0.758545 ^ _1150_/Q (sky130_fd_sc_hd__dfrtp_2)
                                                         add_stage0.add0.b[0] (net)
                      0.152109    0.000000    0.758545 ^ _0696_/A1 (sky130_fd_sc_hd__mux2_1)
     1    0.001853    0.063030    0.238852    0.997396 ^ _0696_/X (sky130_fd_sc_hd__mux2_1)
                                                         _0137_ (net)
                      0.063030    0.000000    0.997396 ^ _1150_/D (sky130_fd_sc_hd__dfrtp_2)
                                              0.997396   data arrival time

                      0.150000    0.000000    0.000000   clock clk (rise edge)
                                  0.000000    0.000000   clock network delay (ideal)
                                  0.250000    0.250000   clock uncertainty
                                  0.000000    0.250000   clock reconvergence pessimism
                                              0.250000 ^ _1150_/CLK (sky130_fd_sc_hd__dfrtp_2)
                                 -0.062188    0.187812   library hold time
                                              0.187812   data required time
---------------------------------------------------------------------------------------------
                                              0.187812   data required time
                                             -0.997396   data arrival time
---------------------------------------------------------------------------------------------
                                              0.809584   slack (MET)


Startpoint: _1169_ (rising edge-triggered flip-flop clocked by clk)
Endpoint: _1169_ (rising edge-triggered flip-flop clocked by clk)
Path Group: clk
Path Type: min

Fanout         Cap        Slew       Delay        Time   Description
---------------------------------------------------------------------------------------------
                      0.150000    0.000000    0.000000   clock clk (rise edge)
                                  0.000000    0.000000   clock network delay (ideal)
                      0.150000    0.000000    0.000000 ^ _1169_/CLK (sky130_fd_sc_hd__dfrtp_2)
     2    0.002965    0.072833    0.676095    0.676095 ^ _1169_/Q (sky130_fd_sc_hd__dfrtp_2)
                                                         add_stage1.a[3] (net)
                      0.072833    0.000000    0.676095 ^ _0948_/A (sky130_fd_sc_hd__and2_2)
     1    0.002508    0.066505    0.234220    0.910315 ^ _0948_/X (sky130_fd_sc_hd__and2_2)
                                                         _0484_ (net)
                      0.066505    0.000000    0.910315 ^ _0952_/B1 (sky130_fd_sc_hd__a41o_2)
     1    0.001853    0.042373    0.138388    1.048703 ^ _0952_/X (sky130_fd_sc_hd__a41o_2)
                                                         _0156_ (net)
                      0.042373    0.000000    1.048703 ^ _1169_/D (sky130_fd_sc_hd__dfrtp_2)
                                              1.048703   data arrival time

                      0.150000    0.000000    0.000000   clock clk (rise edge)
                                  0.000000    0.000000   clock network delay (ideal)
                                  0.250000    0.250000   clock uncertainty
                                  0.000000    0.250000   clock reconvergence pessimism
                                              0.250000 ^ _1169_/CLK (sky130_fd_sc_hd__dfrtp_2)
                                 -0.057494    0.192506   library hold time
                                              0.192506   data required time
---------------------------------------------------------------------------------------------
                                              0.192506   data required time
                                             -1.048703   data arrival time
---------------------------------------------------------------------------------------------
                                              0.856198   slack (MET)


Startpoint: _1153_ (rising edge-triggered flip-flop clocked by clk)
Endpoint: _1153_ (rising edge-triggered flip-flop clocked by clk)
Path Group: clk
Path Type: min

Fanout         Cap        Slew       Delay        Time   Description
---------------------------------------------------------------------------------------------
                      0.150000    0.000000    0.000000   clock clk (rise edge)
                                  0.000000    0.000000   clock network delay (ideal)
                      0.150000    0.000000    0.000000 ^ _1153_/CLK (sky130_fd_sc_hd__dfrtp_2)
     3    0.016418    0.165288    0.771334    0.771334 ^ _1153_/Q (sky130_fd_sc_hd__dfrtp_2)
                                                         add_stage0.add0.b[3] (net)
                      0.165288    0.000000    0.771334 ^ _0771_/A1 (sky130_fd_sc_hd__a22o_2)
     1    0.001853    0.055286    0.289359    1.060693 ^ _0771_/X (sky130_fd_sc_hd__a22o_2)
                                                         _0140_ (net)
                      0.055286    0.000000    1.060693 ^ _1153_/D (sky130_fd_sc_hd__dfrtp_2)
                                              1.060693   data arrival time

                      0.150000    0.000000    0.000000   clock clk (rise edge)
                                  0.000000    0.000000   clock network delay (ideal)
                                  0.250000    0.250000   clock uncertainty
                                  0.000000    0.250000   clock reconvergence pessimism
                                              0.250000 ^ _1153_/CLK (sky130_fd_sc_hd__dfrtp_2)
                                 -0.060428    0.189572   library hold time
                                              0.189572   data required time
---------------------------------------------------------------------------------------------
                                              0.189572   data required time
                                             -1.060693   data arrival time
---------------------------------------------------------------------------------------------
                                              0.871121   slack (MET)


Startpoint: _1048_ (rising edge-triggered flip-flop clocked by clk)
Endpoint: _1048_ (rising edge-triggered flip-flop clocked by clk)
Path Group: clk
Path Type: min

Fanout         Cap        Slew       Delay        Time   Description
---------------------------------------------------------------------------------------------
                      0.150000    0.000000    0.000000   clock clk (rise edge)
                                  0.000000    0.000000   clock network delay (ideal)
                      0.150000    0.000000    0.000000 ^ _1048_/CLK (sky130_fd_sc_hd__dfstp_2)
     2    0.003663    0.042899    0.705909    0.705909 v _1048_/Q (sky130_fd_sc_hd__dfstp_2)
                                                         coeff3[2] (net)
                      0.042899    0.000000    0.705909 v _0567_/A0 (sky130_fd_sc_hd__mux2_1)
     1    0.002189    0.105915    0.578340    1.284248 v _0567_/X (sky130_fd_sc_hd__mux2_1)
                                                         _0035_ (net)
                      0.105915    0.000000    1.284248 v _1048_/D (sky130_fd_sc_hd__dfstp_2)
                                              1.284248   data arrival time

                      0.150000    0.000000    0.000000   clock clk (rise edge)
                                  0.000000    0.000000   clock network delay (ideal)
                                  0.250000    0.250000   clock uncertainty
                                  0.000000    0.250000   clock reconvergence pessimism
                                              0.250000 ^ _1048_/CLK (sky130_fd_sc_hd__dfstp_2)
                                  0.010281    0.260281   library hold time
                                              0.260281   data required time
---------------------------------------------------------------------------------------------
                                              0.260281   data required time
                                             -1.284248   data arrival time
---------------------------------------------------------------------------------------------
                                              1.023967   slack (MET)


Startpoint: _1039_ (rising edge-triggered flip-flop clocked by clk)
Endpoint: _1039_ (rising edge-triggered flip-flop clocked by clk)
Path Group: clk
Path Type: min

Fanout         Cap        Slew       Delay        Time   Description
---------------------------------------------------------------------------------------------
                      0.150000    0.000000    0.000000   clock clk (rise edge)
                                  0.000000    0.000000   clock network delay (ideal)
                      0.150000    0.000000    0.000000 ^ _1039_/CLK (sky130_fd_sc_hd__dfstp_2)
     2    0.003666    0.042912    0.705925    0.705925 v _1039_/Q (sky130_fd_sc_hd__dfstp_2)
                                                         coeff2[1] (net)
                      0.042912    0.000000    0.705925 v _0556_/A0 (sky130_fd_sc_hd__mux2_1)
     1    0.002189    0.105908    0.578344    1.284268 v _0556_/X (sky130_fd_sc_hd__mux2_1)
                                                         _0026_ (net)
                      0.105908    0.000000    1.284268 v _1039_/D (sky130_fd_sc_hd__dfstp_2)
                                              1.284268   data arrival time

                      0.150000    0.000000    0.000000   clock clk (rise edge)
                                  0.000000    0.000000   clock network delay (ideal)
                                  0.250000    0.250000   clock uncertainty
                                  0.000000    0.250000   clock reconvergence pessimism
                                              0.250000 ^ _1039_/CLK (sky130_fd_sc_hd__dfstp_2)
                                  0.010283    0.260283   library hold time
                                              0.260283   data required time
---------------------------------------------------------------------------------------------
                                              0.260283   data required time
                                             -1.284268   data arrival time
---------------------------------------------------------------------------------------------
                                              1.023985   slack (MET)


Startpoint: _1022_ (rising edge-triggered flip-flop clocked by clk)
Endpoint: _1022_ (rising edge-triggered flip-flop clocked by clk)
Path Group: clk
Path Type: min

Fanout         Cap        Slew       Delay        Time   Description
---------------------------------------------------------------------------------------------
                      0.150000    0.000000    0.000000   clock clk (rise edge)
                                  0.000000    0.000000   clock network delay (ideal)
                      0.150000    0.000000    0.000000 ^ _1022_/CLK (sky130_fd_sc_hd__dfstp_2)
     2    0.003698    0.043050    0.706092    0.706092 v _1022_/Q (sky130_fd_sc_hd__dfstp_2)
                                                         coeff0[0] (net)
                      0.043050    0.000000    0.706092 v _0537_/A0 (sky130_fd_sc_hd__mux2_1)
     1    0.002189    0.106043    0.578387    1.284479 v _0537_/X (sky130_fd_sc_hd__mux2_1)
                                                         _0009_ (net)
                      0.106043    0.000000    1.284479 v _1022_/D (sky130_fd_sc_hd__dfstp_2)
                                              1.284479   data arrival time

                      0.150000    0.000000    0.000000   clock clk (rise edge)
                                  0.000000    0.000000   clock network delay (ideal)
                                  0.250000    0.250000   clock uncertainty
                                  0.000000    0.250000   clock reconvergence pessimism
                                              0.250000 ^ _1022_/CLK (sky130_fd_sc_hd__dfstp_2)
                                  0.010255    0.260255   library hold time
                                              0.260255   data required time
---------------------------------------------------------------------------------------------
                                              0.260255   data required time
                                             -1.284479   data arrival time
---------------------------------------------------------------------------------------------
                                              1.024224   slack (MET)


Startpoint: _1038_ (rising edge-triggered flip-flop clocked by clk)
Endpoint: _1038_ (rising edge-triggered flip-flop clocked by clk)
Path Group: clk
Path Type: min

Fanout         Cap        Slew       Delay        Time   Description
---------------------------------------------------------------------------------------------
                      0.150000    0.000000    0.000000   clock clk (rise edge)
                                  0.000000    0.000000   clock network delay (ideal)
                      0.150000    0.000000    0.000000 ^ _1038_/CLK (sky130_fd_sc_hd__dfstp_2)
     2    0.003746    0.043256    0.706344    0.706344 v _1038_/Q (sky130_fd_sc_hd__dfstp_2)
                                                         coeff2[0] (net)
                      0.043256    0.000000    0.706344 v _0555_/A0 (sky130_fd_sc_hd__mux2_1)
     1    0.002189    0.105908    0.578451    1.284795 v _0555_/X (sky130_fd_sc_hd__mux2_1)
                                                         _0025_ (net)
                      0.105908    0.000000    1.284795 v _1038_/D (sky130_fd_sc_hd__dfstp_2)
                                              1.284795   data arrival time

                      0.150000    0.000000    0.000000   clock clk (rise edge)
                                  0.000000    0.000000   clock network delay (ideal)
                                  0.250000    0.250000   clock uncertainty
                                  0.000000    0.250000   clock reconvergence pessimism
                                              0.250000 ^ _1038_/CLK (sky130_fd_sc_hd__dfstp_2)
                                  0.010283    0.260283   library hold time
                                              0.260283   data required time
---------------------------------------------------------------------------------------------
                                              0.260283   data required time
                                             -1.284795   data arrival time
---------------------------------------------------------------------------------------------
                                              1.024512   slack (MET)


Startpoint: _1031_ (rising edge-triggered flip-flop clocked by clk)
Endpoint: _1031_ (rising edge-triggered flip-flop clocked by clk)
Path Group: clk
Path Type: min

Fanout         Cap        Slew       Delay        Time   Description
---------------------------------------------------------------------------------------------
                      0.150000    0.000000    0.000000   clock clk (rise edge)
                                  0.000000    0.000000   clock network delay (ideal)
                      0.150000    0.000000    0.000000 ^ _1031_/CLK (sky130_fd_sc_hd__dfstp_2)
     2    0.003754    0.043291    0.706386    0.706386 v _1031_/Q (sky130_fd_sc_hd__dfstp_2)
                                                         coeff1[1] (net)
                      0.043291    0.000000    0.706386 v _0547_/A0 (sky130_fd_sc_hd__mux2_1)
     1    0.002189    0.105908    0.578462    1.284848 v _0547_/X (sky130_fd_sc_hd__mux2_1)
                                                         _0018_ (net)
                      0.105908    0.000000    1.284848 v _1031_/D (sky130_fd_sc_hd__dfstp_2)
                                              1.284848   data arrival time

                      0.150000    0.000000    0.000000   clock clk (rise edge)
                                  0.000000    0.000000   clock network delay (ideal)
                                  0.250000    0.250000   clock uncertainty
                                  0.000000    0.250000   clock reconvergence pessimism
                                              0.250000 ^ _1031_/CLK (sky130_fd_sc_hd__dfstp_2)
                                  0.010283    0.260283   library hold time
                                              0.260283   data required time
---------------------------------------------------------------------------------------------
                                              0.260283   data required time
                                             -1.284848   data arrival time
---------------------------------------------------------------------------------------------
                                              1.024565   slack (MET)


Startpoint: _1056_ (rising edge-triggered flip-flop clocked by clk)
Endpoint: _1056_ (rising edge-triggered flip-flop clocked by clk)
Path Group: clk
Path Type: min

Fanout         Cap        Slew       Delay        Time   Description
---------------------------------------------------------------------------------------------
                      0.150000    0.000000    0.000000   clock clk (rise edge)
                                  0.000000    0.000000   clock network delay (ideal)
                      0.150000    0.000000    0.000000 ^ _1056_/CLK (sky130_fd_sc_hd__dfstp_2)
     2    0.003184    0.040833    0.703395    0.703395 v _1056_/Q (sky130_fd_sc_hd__dfstp_2)
                                                         coeff4[2] (net)
                      0.040833    0.000000    0.703395 v _0577_/A1 (sky130_fd_sc_hd__mux2_1)
     1    0.002189    0.105478    0.599088    1.302483 v _0577_/X (sky130_fd_sc_hd__mux2_1)
                                                         _0043_ (net)
                      0.105478    0.000000    1.302483 v _1056_/D (sky130_fd_sc_hd__dfstp_2)
                                              1.302483   data arrival time

                      0.150000    0.000000    0.000000   clock clk (rise edge)
                                  0.000000    0.000000   clock network delay (ideal)
                                  0.250000    0.250000   clock uncertainty
                                  0.000000    0.250000   clock reconvergence pessimism
                                              0.250000 ^ _1056_/CLK (sky130_fd_sc_hd__dfstp_2)
                                  0.010372    0.260372   library hold time
                                              0.260372   data required time
---------------------------------------------------------------------------------------------
                                              0.260372   data required time
                                             -1.302483   data arrival time
---------------------------------------------------------------------------------------------
                                              1.042111   slack (MET)


Startpoint: _1063_ (rising edge-triggered flip-flop clocked by clk)
Endpoint: _1063_ (rising edge-triggered flip-flop clocked by clk)
Path Group: clk
Path Type: min

Fanout         Cap        Slew       Delay        Time   Description
---------------------------------------------------------------------------------------------
                      0.150000    0.000000    0.000000   clock clk (rise edge)
                                  0.000000    0.000000   clock network delay (ideal)
                      0.150000    0.000000    0.000000 ^ _1063_/CLK (sky130_fd_sc_hd__dfstp_2)
     2    0.003210    0.040945    0.703532    0.703532 v _1063_/Q (sky130_fd_sc_hd__dfstp_2)
                                                         coeff5[1] (net)
                      0.040945    0.000000    0.703532 v _0585_/A1 (sky130_fd_sc_hd__mux2_1)
     1    0.002189    0.105476    0.599120    1.302651 v _0585_/X (sky130_fd_sc_hd__mux2_1)
                                                         _0050_ (net)
                      0.105476    0.000000    1.302651 v _1063_/D (sky130_fd_sc_hd__dfstp_2)
                                              1.302651   data arrival time

                      0.150000    0.000000    0.000000   clock clk (rise edge)
                                  0.000000    0.000000   clock network delay (ideal)
                                  0.250000    0.250000   clock uncertainty
                                  0.000000    0.250000   clock reconvergence pessimism
                                              0.250000 ^ _1063_/CLK (sky130_fd_sc_hd__dfstp_2)
                                  0.010372    0.260372   library hold time
                                              0.260372   data required time
---------------------------------------------------------------------------------------------
                                              0.260372   data required time
                                             -1.302651   data arrival time
---------------------------------------------------------------------------------------------
                                              1.042279   slack (MET)


Startpoint: _1064_ (rising edge-triggered flip-flop clocked by clk)
Endpoint: _1064_ (rising edge-triggered flip-flop clocked by clk)
Path Group: clk
Path Type: min

Fanout         Cap        Slew       Delay        Time   Description
---------------------------------------------------------------------------------------------
                      0.150000    0.000000    0.000000   clock clk (rise edge)
                                  0.000000    0.000000   clock network delay (ideal)
                      0.150000    0.000000    0.000000 ^ _1064_/CLK (sky130_fd_sc_hd__dfstp_2)
     2    0.003210    0.040945    0.703532    0.703532 v _1064_/Q (sky130_fd_sc_hd__dfstp_2)
                                                         coeff5[2] (net)
                      0.040945    0.000000    0.703532 v _0586_/A1 (sky130_fd_sc_hd__mux2_1)
     1    0.002189    0.105476    0.599120    1.302651 v _0586_/X (sky130_fd_sc_hd__mux2_1)
                                                         _0051_ (net)
                      0.105476    0.000000    1.302651 v _1064_/D (sky130_fd_sc_hd__dfstp_2)
                                              1.302651   data arrival time

                      0.150000    0.000000    0.000000   clock clk (rise edge)
                                  0.000000    0.000000   clock network delay (ideal)
                                  0.250000    0.250000   clock uncertainty
                                  0.000000    0.250000   clock reconvergence pessimism
                                              0.250000 ^ _1064_/CLK (sky130_fd_sc_hd__dfstp_2)
                                  0.010372    0.260372   library hold time
                                              0.260372   data required time
---------------------------------------------------------------------------------------------
                                              0.260372   data required time
                                             -1.302651   data arrival time
---------------------------------------------------------------------------------------------
                                              1.042279   slack (MET)


Startpoint: _1070_ (rising edge-triggered flip-flop clocked by clk)
Endpoint: _1070_ (rising edge-triggered flip-flop clocked by clk)
Path Group: clk
Path Type: min

Fanout         Cap        Slew       Delay        Time   Description
---------------------------------------------------------------------------------------------
                      0.150000    0.000000    0.000000   clock clk (rise edge)
                                  0.000000    0.000000   clock network delay (ideal)
                      0.150000    0.000000    0.000000 ^ _1070_/CLK (sky130_fd_sc_hd__dfstp_2)
     2    0.003239    0.041070    0.703684    0.703684 v _1070_/Q (sky130_fd_sc_hd__dfstp_2)
                                                         coeff6[0] (net)
                      0.041070    0.000000    0.703684 v _0593_/A1 (sky130_fd_sc_hd__mux2_1)
     1    0.002189    0.105476    0.599156    1.302839 v _0593_/X (sky130_fd_sc_hd__mux2_1)
                                                         _0057_ (net)
                      0.105476    0.000000    1.302839 v _1070_/D (sky130_fd_sc_hd__dfstp_2)
                                              1.302839   data arrival time

                      0.150000    0.000000    0.000000   clock clk (rise edge)
                                  0.000000    0.000000   clock network delay (ideal)
                                  0.250000    0.250000   clock uncertainty
                                  0.000000    0.250000   clock reconvergence pessimism
                                              0.250000 ^ _1070_/CLK (sky130_fd_sc_hd__dfstp_2)
                                  0.010372    0.260372   library hold time
                                              0.260372   data required time
---------------------------------------------------------------------------------------------
                                              0.260372   data required time
                                             -1.302839   data arrival time
---------------------------------------------------------------------------------------------
                                              1.042467   slack (MET)


Startpoint: _1071_ (rising edge-triggered flip-flop clocked by clk)
Endpoint: _1071_ (rising edge-triggered flip-flop clocked by clk)
Path Group: clk
Path Type: min

Fanout         Cap        Slew       Delay        Time   Description
---------------------------------------------------------------------------------------------
                      0.150000    0.000000    0.000000   clock clk (rise edge)
                                  0.000000    0.000000   clock network delay (ideal)
                      0.150000    0.000000    0.000000 ^ _1071_/CLK (sky130_fd_sc_hd__dfstp_2)
     2    0.003239    0.041070    0.703684    0.703684 v _1071_/Q (sky130_fd_sc_hd__dfstp_2)
                                                         coeff6[1] (net)
                      0.041070    0.000000    0.703684 v _0594_/A1 (sky130_fd_sc_hd__mux2_1)
     1    0.002189    0.105476    0.599156    1.302839 v _0594_/X (sky130_fd_sc_hd__mux2_1)
                                                         _0058_ (net)
                      0.105476    0.000000    1.302839 v _1071_/D (sky130_fd_sc_hd__dfstp_2)
                                              1.302839   data arrival time

                      0.150000    0.000000    0.000000   clock clk (rise edge)
                                  0.000000    0.000000   clock network delay (ideal)
                                  0.250000    0.250000   clock uncertainty
                                  0.000000    0.250000   clock reconvergence pessimism
                                              0.250000 ^ _1071_/CLK (sky130_fd_sc_hd__dfstp_2)
                                  0.010372    0.260372   library hold time
                                              0.260372   data required time
---------------------------------------------------------------------------------------------
                                              0.260372   data required time
                                             -1.302839   data arrival time
---------------------------------------------------------------------------------------------
                                              1.042467   slack (MET)


Startpoint: _1072_ (rising edge-triggered flip-flop clocked by clk)
Endpoint: _1072_ (rising edge-triggered flip-flop clocked by clk)
Path Group: clk
Path Type: min

Fanout         Cap        Slew       Delay        Time   Description
---------------------------------------------------------------------------------------------
                      0.150000    0.000000    0.000000   clock clk (rise edge)
                                  0.000000    0.000000   clock network delay (ideal)
                      0.150000    0.000000    0.000000 ^ _1072_/CLK (sky130_fd_sc_hd__dfstp_2)
     2    0.003239    0.041070    0.703684    0.703684 v _1072_/Q (sky130_fd_sc_hd__dfstp_2)
                                                         coeff6[2] (net)
                      0.041070    0.000000    0.703684 v _0595_/A1 (sky130_fd_sc_hd__mux2_1)
     1    0.002189    0.105476    0.599156    1.302839 v _0595_/X (sky130_fd_sc_hd__mux2_1)
                                                         _0059_ (net)
                      0.105476    0.000000    1.302839 v _1072_/D (sky130_fd_sc_hd__dfstp_2)
                                              1.302839   data arrival time

                      0.150000    0.000000    0.000000   clock clk (rise edge)
                                  0.000000    0.000000   clock network delay (ideal)
                                  0.250000    0.250000   clock uncertainty
                                  0.000000    0.250000   clock reconvergence pessimism
                                              0.250000 ^ _1072_/CLK (sky130_fd_sc_hd__dfstp_2)
                                  0.010372    0.260372   library hold time
                                              0.260372   data required time
---------------------------------------------------------------------------------------------
                                              0.260372   data required time
                                             -1.302839   data arrival time
---------------------------------------------------------------------------------------------
                                              1.042467   slack (MET)


Startpoint: _1054_ (rising edge-triggered flip-flop clocked by clk)
Endpoint: _1054_ (rising edge-triggered flip-flop clocked by clk)
Path Group: clk
Path Type: min

Fanout         Cap        Slew       Delay        Time   Description
---------------------------------------------------------------------------------------------
                      0.150000    0.000000    0.000000   clock clk (rise edge)
                                  0.000000    0.000000   clock network delay (ideal)
                      0.150000    0.000000    0.000000 ^ _1054_/CLK (sky130_fd_sc_hd__dfstp_2)
     2    0.004057    0.044598    0.707976    0.707976 v _1054_/Q (sky130_fd_sc_hd__dfstp_2)
                                                         coeff4[0] (net)
                      0.044598    0.000000    0.707976 v _0575_/A1 (sky130_fd_sc_hd__mux2_1)
     1    0.002189    0.105478    0.600164    1.308141 v _0575_/X (sky130_fd_sc_hd__mux2_1)
                                                         _0041_ (net)
                      0.105478    0.000000    1.308141 v _1054_/D (sky130_fd_sc_hd__dfstp_2)
                                              1.308141   data arrival time

                      0.150000    0.000000    0.000000   clock clk (rise edge)
                                  0.000000    0.000000   clock network delay (ideal)
                                  0.250000    0.250000   clock uncertainty
                                  0.000000    0.250000   clock reconvergence pessimism
                                              0.250000 ^ _1054_/CLK (sky130_fd_sc_hd__dfstp_2)
                                  0.010372    0.260372   library hold time
                                              0.260372   data required time
---------------------------------------------------------------------------------------------
                                              0.260372   data required time
                                             -1.308141   data arrival time
---------------------------------------------------------------------------------------------
                                              1.047769   slack (MET)


Startpoint: _1081_ (rising edge-triggered flip-flop clocked by clk)
Endpoint: _1081_ (rising edge-triggered flip-flop clocked by clk)
Path Group: clk
Path Type: min

Fanout         Cap        Slew       Delay        Time   Description
---------------------------------------------------------------------------------------------
                      0.150000    0.000000    0.000000   clock clk (rise edge)
                                  0.000000    0.000000   clock network delay (ideal)
                      0.150000    0.000000    0.000000 ^ _1081_/CLK (sky130_fd_sc_hd__dfstp_2)
     2    0.005838    0.052069    0.716746    0.716746 v _1081_/Q (sky130_fd_sc_hd__dfstp_2)
                                                         coeff7[3] (net)
                      0.052069    0.000000    0.716746 v _0605_/A1 (sky130_fd_sc_hd__mux2_1)
     1    0.002189    0.105460    0.602302    1.319047 v _0605_/X (sky130_fd_sc_hd__mux2_1)
                                                         _0068_ (net)
                      0.105460    0.000000    1.319047 v _1081_/D (sky130_fd_sc_hd__dfstp_2)
                                              1.319047   data arrival time

                      0.150000    0.000000    0.000000   clock clk (rise edge)
                                  0.000000    0.000000   clock network delay (ideal)
                                  0.250000    0.250000   clock uncertainty
                                  0.000000    0.250000   clock reconvergence pessimism
                                              0.250000 ^ _1081_/CLK (sky130_fd_sc_hd__dfstp_2)
                                  0.010376    0.260376   library hold time
                                              0.260376   data required time
---------------------------------------------------------------------------------------------
                                              0.260376   data required time
                                             -1.319047   data arrival time
---------------------------------------------------------------------------------------------
                                              1.058672   slack (MET)


Startpoint: _1214_ (rising edge-triggered flip-flop clocked by clk)
Endpoint: _1208_ (rising edge-triggered flip-flop clocked by clk)
Path Group: clk
Path Type: min

Fanout         Cap        Slew       Delay        Time   Description
---------------------------------------------------------------------------------------------
                      0.150000    0.000000    0.000000   clock clk (rise edge)
                                  0.000000    0.000000   clock network delay (ideal)
                      0.150000    0.000000    0.000000 ^ _1214_/CLK (sky130_fd_sc_hd__dfrtp_2)
     3    0.008463    0.111960    0.719583    0.719583 ^ _1214_/Q (sky130_fd_sc_hd__dfrtp_2)
                                                         phase[5] (net)
                      0.111960    0.000000    0.719583 ^ _0514_/D (sky130_fd_sc_hd__or4_2)
     1    0.004641    0.063631    0.203650    0.923233 ^ _0514_/X (sky130_fd_sc_hd__or4_2)
                                                         _0206_ (net)
                      0.063631    0.000000    0.923233 ^ _0515_/C (sky130_fd_sc_hd__nor3_2)
    11    0.031142    0.148809    0.142414    1.065647 v _0515_/Y (sky130_fd_sc_hd__nor3_2)
                                                         _0207_ (net)
                      0.148809    0.000000    1.065647 v _1012_/A1 (sky130_fd_sc_hd__a21oi_2)
     1    0.004682    0.148477    0.226838    1.292485 ^ _1012_/Y (sky130_fd_sc_hd__a21oi_2)
                                                         _0509_ (net)
                      0.148477    0.000000    1.292485 ^ _1013_/B (sky130_fd_sc_hd__nor2_2)
     1    0.001838    0.036450    0.073726    1.366211 v _1013_/Y (sky130_fd_sc_hd__nor2_2)
                                                         _0195_ (net)
                      0.036450    0.000000    1.366211 v _1208_/D (sky130_fd_sc_hd__dfrtp_2)
                                              1.366211   data arrival time

                      0.150000    0.000000    0.000000   clock clk (rise edge)
                                  0.000000    0.000000   clock network delay (ideal)
                                  0.250000    0.250000   clock uncertainty
                                  0.000000    0.250000   clock reconvergence pessimism
                                              0.250000 ^ _1208_/CLK (sky130_fd_sc_hd__dfrtp_2)
                                 -0.057969    0.192031   library hold time
                                              0.192031   data required time
---------------------------------------------------------------------------------------------
                                              0.192031   data required time
                                             -1.366211   data arrival time
---------------------------------------------------------------------------------------------
                                              1.174180   slack (MET)


Startpoint: _1215_ (rising edge-triggered flip-flop clocked by clk)
Endpoint: _1206_ (rising edge-triggered flip-flop clocked by clk)
Path Group: clk
Path Type: min

Fanout         Cap        Slew       Delay        Time   Description
---------------------------------------------------------------------------------------------
                      0.150000    0.000000    0.000000   clock clk (rise edge)
                                  0.000000    0.000000   clock network delay (ideal)
                      0.150000    0.000000    0.000000 ^ _1215_/CLK (sky130_fd_sc_hd__dfrtp_2)
    10    0.040257    0.328230    0.895681    0.895681 ^ _1215_/Q (sky130_fd_sc_hd__dfrtp_2)
                                                         mac_busy (net)
                      0.328230    0.000000    0.895681 ^ _1007_/A1 (sky130_fd_sc_hd__a21oi_2)
     2    0.006350    0.093271    0.197086    1.092767 v _1007_/Y (sky130_fd_sc_hd__a21oi_2)
                                                         _0506_ (net)
                      0.093271    0.000000    1.092767 v _1009_/S (sky130_fd_sc_hd__mux2_1)
     1    0.001853    0.062873    0.356809    1.449576 ^ _1009_/X (sky130_fd_sc_hd__mux2_1)
                                                         _0193_ (net)
                      0.062873    0.000000    1.449576 ^ _1206_/D (sky130_fd_sc_hd__dfrtp_2)
                                              1.449576   data arrival time

                      0.150000    0.000000    0.000000   clock clk (rise edge)
                                  0.000000    0.000000   clock network delay (ideal)
                                  0.250000    0.250000   clock uncertainty
                                  0.000000    0.250000   clock reconvergence pessimism
                                              0.250000 ^ _1206_/CLK (sky130_fd_sc_hd__dfrtp_2)
                                 -0.062152    0.187848   library hold time
                                              0.187848   data required time
---------------------------------------------------------------------------------------------
                                              0.187848   data required time
                                             -1.449576   data arrival time
---------------------------------------------------------------------------------------------
                                              1.261729   slack (MET)


Startpoint: _1215_ (rising edge-triggered flip-flop clocked by clk)
Endpoint: _1207_ (rising edge-triggered flip-flop clocked by clk)
Path Group: clk
Path Type: min

Fanout         Cap        Slew       Delay        Time   Description
---------------------------------------------------------------------------------------------
                      0.150000    0.000000    0.000000   clock clk (rise edge)
                                  0.000000    0.000000   clock network delay (ideal)
                      0.150000    0.000000    0.000000 ^ _1215_/CLK (sky130_fd_sc_hd__dfrtp_2)
    10    0.040257    0.328230    0.895681    0.895681 ^ _1215_/Q (sky130_fd_sc_hd__dfrtp_2)
                                                         mac_busy (net)
                      0.328230    0.000000    0.895681 ^ _1007_/A1 (sky130_fd_sc_hd__a21oi_2)
     2    0.006350    0.093271    0.197086    1.092767 v _1007_/Y (sky130_fd_sc_hd__a21oi_2)
                                                         _0506_ (net)
                      0.093271    0.000000    1.092767 v _1011_/S (sky130_fd_sc_hd__mux2_1)
     1    0.001853    0.062873    0.356809    1.449576 ^ _1011_/X (sky130_fd_sc_hd__mux2_1)
                                                         _0194_ (net)
                      0.062873    0.000000    1.449576 ^ _1207_/D (sky130_fd_sc_hd__dfrtp_2)
                                              1.449576   data arrival time

                      0.150000    0.000000    0.000000   clock clk (rise edge)
                                  0.000000    0.000000   clock network delay (ideal)
                                  0.250000    0.250000   clock uncertainty
                                  0.000000    0.250000   clock reconvergence pessimism
                                              0.250000 ^ _1207_/CLK (sky130_fd_sc_hd__dfrtp_2)
                                 -0.062152    0.187848   library hold time
                                              0.187848   data required time
---------------------------------------------------------------------------------------------
                                              0.187848   data required time
                                             -1.449576   data arrival time
---------------------------------------------------------------------------------------------
                                              1.261729   slack (MET)


Startpoint: _1214_ (rising edge-triggered flip-flop clocked by clk)
Endpoint: _1215_ (rising edge-triggered flip-flop clocked by clk)
Path Group: clk
Path Type: min

Fanout         Cap        Slew       Delay        Time   Description
---------------------------------------------------------------------------------------------
                      0.150000    0.000000    0.000000   clock clk (rise edge)
                                  0.000000    0.000000   clock network delay (ideal)
                      0.150000    0.000000    0.000000 ^ _1214_/CLK (sky130_fd_sc_hd__dfrtp_2)
     3    0.008463    0.111960    0.719583    0.719583 ^ _1214_/Q (sky130_fd_sc_hd__dfrtp_2)
                                                         phase[5] (net)
                      0.111960    0.000000    0.719583 ^ _0514_/D (sky130_fd_sc_hd__or4_2)
     1    0.004641    0.063631    0.203650    0.923233 ^ _0514_/X (sky130_fd_sc_hd__or4_2)
                                                         _0206_ (net)
                      0.063631    0.000000    0.923233 ^ _0515_/C (sky130_fd_sc_hd__nor3_2)
    11    0.031142    0.148809    0.142414    1.065647 v _0515_/Y (sky130_fd_sc_hd__nor3_2)
                                                         _0207_ (net)
                      0.148809    0.000000    1.065647 v _0519_/A (sky130_fd_sc_hd__nand2_2)
     9    0.028308    0.245936    0.246534    1.312181 ^ _0519_/Y (sky130_fd_sc_hd__nand2_2)
                                                         _0211_ (net)
                      0.245936    0.000000    1.312181 ^ _0520_/B (sky130_fd_sc_hd__and2_2)
     1    0.001853    0.061308    0.300224    1.612405 ^ _0520_/X (sky130_fd_sc_hd__and2_2)
                                                         _0000_ (net)
                      0.061308    0.000000    1.612405 ^ _1215_/D (sky130_fd_sc_hd__dfrtp_2)
                                              1.612405   data arrival time

                      0.150000    0.000000    0.000000   clock clk (rise edge)
                                  0.000000    0.000000   clock network delay (ideal)
                                  0.250000    0.250000   clock uncertainty
                                  0.000000    0.250000   clock reconvergence pessimism
                                              0.250000 ^ _1215_/CLK (sky130_fd_sc_hd__dfrtp_2)
                                 -0.061796    0.188204   library hold time
                                              0.188204   data required time
---------------------------------------------------------------------------------------------
                                              0.188204   data required time
                                             -1.612405   data arrival time
---------------------------------------------------------------------------------------------
                                              1.424201   slack (MET)


Startpoint: _1198_ (rising edge-triggered flip-flop clocked by clk)
Endpoint: uo_out[0] (output port clocked by clk)
Path Group: clk
Path Type: min

Fanout         Cap        Slew       Delay        Time   Description
---------------------------------------------------------------------------------------------
                      0.150000    0.000000    0.000000   clock clk (rise edge)
                                  0.000000    0.000000   clock network delay (ideal)
                      0.150000    0.000000    0.000000 ^ _1198_/CLK (sky130_fd_sc_hd__dfrtp_2)
     2    0.035334    0.294518    0.870615    0.870615 ^ _1198_/Q (sky130_fd_sc_hd__dfrtp_2)
                                                         uo_out[0] (net)
                      0.294518    0.000000    0.870615 ^ uo_out[0] (out)
                                              0.870615   data arrival time

                      0.150000    0.000000    0.000000   clock clk (rise edge)
                                  0.000000    0.000000   clock network delay (ideal)
                                  0.250000    0.250000   clock uncertainty
                                  0.000000    0.250000   clock reconvergence pessimism
                                 -4.000000   -3.750000   output external delay
                                             -3.750000   data required time
---------------------------------------------------------------------------------------------
                                             -3.750000   data required time
                                             -0.870615   data arrival time
---------------------------------------------------------------------------------------------
                                              4.620615   slack (MET)


Startpoint: _1199_ (rising edge-triggered flip-flop clocked by clk)
Endpoint: uo_out[1] (output port clocked by clk)
Path Group: clk
Path Type: min

Fanout         Cap        Slew       Delay        Time   Description
---------------------------------------------------------------------------------------------
                      0.150000    0.000000    0.000000   clock clk (rise edge)
                                  0.000000    0.000000   clock network delay (ideal)
                      0.150000    0.000000    0.000000 ^ _1199_/CLK (sky130_fd_sc_hd__dfrtp_2)
     2    0.035334    0.294518    0.870615    0.870615 ^ _1199_/Q (sky130_fd_sc_hd__dfrtp_2)
                                                         uo_out[1] (net)
                      0.294518    0.000000    0.870615 ^ uo_out[1] (out)
                                              0.870615   data arrival time

                      0.150000    0.000000    0.000000   clock clk (rise edge)
                                  0.000000    0.000000   clock network delay (ideal)
                                  0.250000    0.250000   clock uncertainty
                                  0.000000    0.250000   clock reconvergence pessimism
                                 -4.000000   -3.750000   output external delay
                                             -3.750000   data required time
---------------------------------------------------------------------------------------------
                                             -3.750000   data required time
                                             -0.870615   data arrival time
---------------------------------------------------------------------------------------------
                                              4.620615   slack (MET)


Startpoint: _1200_ (rising edge-triggered flip-flop clocked by clk)
Endpoint: uo_out[2] (output port clocked by clk)
Path Group: clk
Path Type: min

Fanout         Cap        Slew       Delay        Time   Description
---------------------------------------------------------------------------------------------
                      0.150000    0.000000    0.000000   clock clk (rise edge)
                                  0.000000    0.000000   clock network delay (ideal)
                      0.150000    0.000000    0.000000 ^ _1200_/CLK (sky130_fd_sc_hd__dfrtp_2)
     2    0.035334    0.294518    0.870615    0.870615 ^ _1200_/Q (sky130_fd_sc_hd__dfrtp_2)
                                                         uo_out[2] (net)
                      0.294518    0.000000    0.870615 ^ uo_out[2] (out)
                                              0.870615   data arrival time

                      0.150000    0.000000    0.000000   clock clk (rise edge)
                                  0.000000    0.000000   clock network delay (ideal)
                                  0.250000    0.250000   clock uncertainty
                                  0.000000    0.250000   clock reconvergence pessimism
                                 -4.000000   -3.750000   output external delay
                                             -3.750000   data required time
---------------------------------------------------------------------------------------------
                                             -3.750000   data required time
                                             -0.870615   data arrival time
---------------------------------------------------------------------------------------------
                                              4.620615   slack (MET)


Startpoint: _1201_ (rising edge-triggered flip-flop clocked by clk)
Endpoint: uo_out[3] (output port clocked by clk)
Path Group: clk
Path Type: min

Fanout         Cap        Slew       Delay        Time   Description
---------------------------------------------------------------------------------------------
                      0.150000    0.000000    0.000000   clock clk (rise edge)
                                  0.000000    0.000000   clock network delay (ideal)
                      0.150000    0.000000    0.000000 ^ _1201_/CLK (sky130_fd_sc_hd__dfrtp_2)
     2    0.035334    0.294518    0.870615    0.870615 ^ _1201_/Q (sky130_fd_sc_hd__dfrtp_2)
                                                         uo_out[3] (net)
                      0.294518    0.000000    0.870615 ^ uo_out[3] (out)
                                              0.870615   data arrival time

                      0.150000    0.000000    0.000000   clock clk (rise edge)
                                  0.000000    0.000000   clock network delay (ideal)
                                  0.250000    0.250000   clock uncertainty
                                  0.000000    0.250000   clock reconvergence pessimism
                                 -4.000000   -3.750000   output external delay
                                             -3.750000   data required time
---------------------------------------------------------------------------------------------
                                             -3.750000   data required time
                                             -0.870615   data arrival time
---------------------------------------------------------------------------------------------
                                              4.620615   slack (MET)


Startpoint: _1202_ (rising edge-triggered flip-flop clocked by clk)
Endpoint: uo_out[4] (output port clocked by clk)
Path Group: clk
Path Type: min

Fanout         Cap        Slew       Delay        Time   Description
---------------------------------------------------------------------------------------------
                      0.150000    0.000000    0.000000   clock clk (rise edge)
                                  0.000000    0.000000   clock network delay (ideal)
                      0.150000    0.000000    0.000000 ^ _1202_/CLK (sky130_fd_sc_hd__dfrtp_2)
     2    0.035334    0.294518    0.870615    0.870615 ^ _1202_/Q (sky130_fd_sc_hd__dfrtp_2)
                                                         uo_out[4] (net)
                      0.294518    0.000000    0.870615 ^ uo_out[4] (out)
                                              0.870615   data arrival time

                      0.150000    0.000000    0.000000   clock clk (rise edge)
                                  0.000000    0.000000   clock network delay (ideal)
                                  0.250000    0.250000   clock uncertainty
                                  0.000000    0.250000   clock reconvergence pessimism
                                 -4.000000   -3.750000   output external delay
                                             -3.750000   data required time
---------------------------------------------------------------------------------------------
                                             -3.750000   data required time
                                             -0.870615   data arrival time
---------------------------------------------------------------------------------------------
                                              4.620615   slack (MET)


Startpoint: _1203_ (rising edge-triggered flip-flop clocked by clk)
Endpoint: uo_out[5] (output port clocked by clk)
Path Group: clk
Path Type: min

Fanout         Cap        Slew       Delay        Time   Description
---------------------------------------------------------------------------------------------
                      0.150000    0.000000    0.000000   clock clk (rise edge)
                                  0.000000    0.000000   clock network delay (ideal)
                      0.150000    0.000000    0.000000 ^ _1203_/CLK (sky130_fd_sc_hd__dfrtp_2)
     2    0.035334    0.294518    0.870615    0.870615 ^ _1203_/Q (sky130_fd_sc_hd__dfrtp_2)
                                                         uo_out[5] (net)
                      0.294518    0.000000    0.870615 ^ uo_out[5] (out)
                                              0.870615   data arrival time

                      0.150000    0.000000    0.000000   clock clk (rise edge)
                                  0.000000    0.000000   clock network delay (ideal)
                                  0.250000    0.250000   clock uncertainty
                                  0.000000    0.250000   clock reconvergence pessimism
                                 -4.000000   -3.750000   output external delay
                                             -3.750000   data required time
---------------------------------------------------------------------------------------------
                                             -3.750000   data required time
                                             -0.870615   data arrival time
---------------------------------------------------------------------------------------------
                                              4.620615   slack (MET)


Startpoint: _1204_ (rising edge-triggered flip-flop clocked by clk)
Endpoint: uo_out[6] (output port clocked by clk)
Path Group: clk
Path Type: min

Fanout         Cap        Slew       Delay        Time   Description
---------------------------------------------------------------------------------------------
                      0.150000    0.000000    0.000000   clock clk (rise edge)
                                  0.000000    0.000000   clock network delay (ideal)
                      0.150000    0.000000    0.000000 ^ _1204_/CLK (sky130_fd_sc_hd__dfrtp_2)
     2    0.035334    0.294518    0.870615    0.870615 ^ _1204_/Q (sky130_fd_sc_hd__dfrtp_2)
                                                         uo_out[6] (net)
                      0.294518    0.000000    0.870615 ^ uo_out[6] (out)
                                              0.870615   data arrival time

                      0.150000    0.000000    0.000000   clock clk (rise edge)
                                  0.000000    0.000000   clock network delay (ideal)
                                  0.250000    0.250000   clock uncertainty
                                  0.000000    0.250000   clock reconvergence pessimism
                                 -4.000000   -3.750000   output external delay
                                             -3.750000   data required time
---------------------------------------------------------------------------------------------
                                             -3.750000   data required time
                                             -0.870615   data arrival time
---------------------------------------------------------------------------------------------
                                              4.620615   slack (MET)


Startpoint: _1205_ (rising edge-triggered flip-flop clocked by clk)
Endpoint: uo_out[7] (output port clocked by clk)
Path Group: clk
Path Type: min

Fanout         Cap        Slew       Delay        Time   Description
---------------------------------------------------------------------------------------------
                      0.150000    0.000000    0.000000   clock clk (rise edge)
                                  0.000000    0.000000   clock network delay (ideal)
                      0.150000    0.000000    0.000000 ^ _1205_/CLK (sky130_fd_sc_hd__dfrtp_2)
     2    0.035334    0.294518    0.870615    0.870615 ^ _1205_/Q (sky130_fd_sc_hd__dfrtp_2)
                                                         uo_out[7] (net)
                      0.294518    0.000000    0.870615 ^ uo_out[7] (out)
                                              0.870615   data arrival time

                      0.150000    0.000000    0.000000   clock clk (rise edge)
                                  0.000000    0.000000   clock network delay (ideal)
                                  0.250000    0.250000   clock uncertainty
                                  0.000000    0.250000   clock reconvergence pessimism
                                 -4.000000   -3.750000   output external delay
                                             -3.750000   data required time
---------------------------------------------------------------------------------------------
                                             -3.750000   data required time
                                             -0.870615   data arrival time
---------------------------------------------------------------------------------------------
                                              4.620615   slack (MET)


Startpoint: rst_n (input port clocked by clk)
Endpoint: _1020_ (removal check against rising-edge clock clk)
Path Group: asynchronous
Path Type: min

Fanout         Cap        Slew       Delay        Time   Description
---------------------------------------------------------------------------------------------
                      0.150000    0.000000    0.000000   clock clk (rise edge)
                                  0.000000    0.000000   clock network delay (ideal)
                                  4.000000    4.000000 ^ input external delay
   202    0.659238    4.642534    3.115693    7.115693 ^ rst_n (in)
                                                         rst_n (net)
                      4.642534    0.000000    7.115693 ^ _1020_/RESET_B (sky130_fd_sc_hd__dfrtp_2)
                                              7.115693   data arrival time

                      0.150000    0.000000    0.000000   clock clk (rise edge)
                                  0.000000    0.000000   clock network delay (ideal)
                                  0.250000    0.250000   clock uncertainty
                                  0.000000    0.250000   clock reconvergence pessimism
                                              0.250000 ^ _1020_/CLK (sky130_fd_sc_hd__dfrtp_2)
                                  1.938556    2.188556   library removal time
                                              2.188556   data required time
---------------------------------------------------------------------------------------------
                                              2.188556   data required time
                                             -7.115693   data arrival time
---------------------------------------------------------------------------------------------
                                              4.927136   slack (MET)


Startpoint: rst_n (input port clocked by clk)
Endpoint: _1021_ (removal check against rising-edge clock clk)
Path Group: asynchronous
Path Type: min

Fanout         Cap        Slew       Delay        Time   Description
---------------------------------------------------------------------------------------------
                      0.150000    0.000000    0.000000   clock clk (rise edge)
                                  0.000000    0.000000   clock network delay (ideal)
                                  4.000000    4.000000 ^ input external delay
   202    0.659238    4.642534    3.115693    7.115693 ^ rst_n (in)
                                                         rst_n (net)
                      4.642534    0.000000    7.115693 ^ _1021_/RESET_B (sky130_fd_sc_hd__dfrtp_2)
                                              7.115693   data arrival time

                      0.150000    0.000000    0.000000   clock clk (rise edge)
                                  0.000000    0.000000   clock network delay (ideal)
                                  0.250000    0.250000   clock uncertainty
                                  0.000000    0.250000   clock reconvergence pessimism
                                              0.250000 ^ _1021_/CLK (sky130_fd_sc_hd__dfrtp_2)
                                  1.938556    2.188556   library removal time
                                              2.188556   data required time
---------------------------------------------------------------------------------------------
                                              2.188556   data required time
                                             -7.115693   data arrival time
---------------------------------------------------------------------------------------------
                                              4.927136   slack (MET)


Startpoint: rst_n (input port clocked by clk)
Endpoint: _1023_ (removal check against rising-edge clock clk)
Path Group: asynchronous
Path Type: min

Fanout         Cap        Slew       Delay        Time   Description
---------------------------------------------------------------------------------------------
                      0.150000    0.000000    0.000000   clock clk (rise edge)
                                  0.000000    0.000000   clock network delay (ideal)
                                  4.000000    4.000000 ^ input external delay
   202    0.659238    4.642534    3.115693    7.115693 ^ rst_n (in)
                                                         rst_n (net)
                      4.642534    0.000000    7.115693 ^ _1023_/RESET_B (sky130_fd_sc_hd__dfrtp_2)
                                              7.115693   data arrival time

                      0.150000    0.000000    0.000000   clock clk (rise edge)
                                  0.000000    0.000000   clock network delay (ideal)
                                  0.250000    0.250000   clock uncertainty
                                  0.000000    0.250000   clock reconvergence pessimism
                                              0.250000 ^ _1023_/CLK (sky130_fd_sc_hd__dfrtp_2)
                                  1.938556    2.188556   library removal time
                                              2.188556   data required time
---------------------------------------------------------------------------------------------
                                              2.188556   data required time
                                             -7.115693   data arrival time
---------------------------------------------------------------------------------------------
                                              4.927136   slack (MET)


Startpoint: rst_n (input port clocked by clk)
Endpoint: _1024_ (removal check against rising-edge clock clk)
Path Group: asynchronous
Path Type: min

Fanout         Cap        Slew       Delay        Time   Description
---------------------------------------------------------------------------------------------
                      0.150000    0.000000    0.000000   clock clk (rise edge)
                                  0.000000    0.000000   clock network delay (ideal)
                                  4.000000    4.000000 ^ input external delay
   202    0.659238    4.642534    3.115693    7.115693 ^ rst_n (in)
                                                         rst_n (net)
                      4.642534    0.000000    7.115693 ^ _1024_/RESET_B (sky130_fd_sc_hd__dfrtp_2)
                                              7.115693   data arrival time

                      0.150000    0.000000    0.000000   clock clk (rise edge)
                                  0.000000    0.000000   clock network delay (ideal)
                                  0.250000    0.250000   clock uncertainty
                                  0.000000    0.250000   clock reconvergence pessimism
                                              0.250000 ^ _1024_/CLK (sky130_fd_sc_hd__dfrtp_2)
                                  1.938556    2.188556   library removal time
                                              2.188556   data required time
---------------------------------------------------------------------------------------------
                                              2.188556   data required time
                                             -7.115693   data arrival time
---------------------------------------------------------------------------------------------
                                              4.927136   slack (MET)


Startpoint: rst_n (input port clocked by clk)
Endpoint: _1025_ (removal check against rising-edge clock clk)
Path Group: asynchronous
Path Type: min

Fanout         Cap        Slew       Delay        Time   Description
---------------------------------------------------------------------------------------------
                      0.150000    0.000000    0.000000   clock clk (rise edge)
                                  0.000000    0.000000   clock network delay (ideal)
                                  4.000000    4.000000 ^ input external delay
   202    0.659238    4.642534    3.115693    7.115693 ^ rst_n (in)
                                                         rst_n (net)
                      4.642534    0.000000    7.115693 ^ _1025_/RESET_B (sky130_fd_sc_hd__dfrtp_2)
                                              7.115693   data arrival time

                      0.150000    0.000000    0.000000   clock clk (rise edge)
                                  0.000000    0.000000   clock network delay (ideal)
                                  0.250000    0.250000   clock uncertainty
                                  0.000000    0.250000   clock reconvergence pessimism
                                              0.250000 ^ _1025_/CLK (sky130_fd_sc_hd__dfrtp_2)
                                  1.938556    2.188556   library removal time
                                              2.188556   data required time
---------------------------------------------------------------------------------------------
                                              2.188556   data required time
                                             -7.115693   data arrival time
---------------------------------------------------------------------------------------------
                                              4.927136   slack (MET)


Startpoint: rst_n (input port clocked by clk)
Endpoint: _1026_ (removal check against rising-edge clock clk)
Path Group: asynchronous
Path Type: min

Fanout         Cap        Slew       Delay        Time   Description
---------------------------------------------------------------------------------------------
                      0.150000    0.000000    0.000000   clock clk (rise edge)
                                  0.000000    0.000000   clock network delay (ideal)
                                  4.000000    4.000000 ^ input external delay
   202    0.659238    4.642534    3.115693    7.115693 ^ rst_n (in)
                                                         rst_n (net)
                      4.642534    0.000000    7.115693 ^ _1026_/RESET_B (sky130_fd_sc_hd__dfrtp_2)
                                              7.115693   data arrival time

                      0.150000    0.000000    0.000000   clock clk (rise edge)
                                  0.000000    0.000000   clock network delay (ideal)
                                  0.250000    0.250000   clock uncertainty
                                  0.000000    0.250000   clock reconvergence pessimism
                                              0.250000 ^ _1026_/CLK (sky130_fd_sc_hd__dfrtp_2)
                                  1.938556    2.188556   library removal time
                                              2.188556   data required time
---------------------------------------------------------------------------------------------
                                              2.188556   data required time
                                             -7.115693   data arrival time
---------------------------------------------------------------------------------------------
                                              4.927136   slack (MET)


Startpoint: rst_n (input port clocked by clk)
Endpoint: _1027_ (removal check against rising-edge clock clk)
Path Group: asynchronous
Path Type: min

Fanout         Cap        Slew       Delay        Time   Description
---------------------------------------------------------------------------------------------
                      0.150000    0.000000    0.000000   clock clk (rise edge)
                                  0.000000    0.000000   clock network delay (ideal)
                                  4.000000    4.000000 ^ input external delay
   202    0.659238    4.642534    3.115693    7.115693 ^ rst_n (in)
                                                         rst_n (net)
                      4.642534    0.000000    7.115693 ^ _1027_/RESET_B (sky130_fd_sc_hd__dfrtp_2)
                                              7.115693   data arrival time

                      0.150000    0.000000    0.000000   clock clk (rise edge)
                                  0.000000    0.000000   clock network delay (ideal)
                                  0.250000    0.250000   clock uncertainty
                                  0.000000    0.250000   clock reconvergence pessimism
                                              0.250000 ^ _1027_/CLK (sky130_fd_sc_hd__dfrtp_2)
                                  1.938556    2.188556   library removal time
                                              2.188556   data required time
---------------------------------------------------------------------------------------------
                                              2.188556   data required time
                                             -7.115693   data arrival time
---------------------------------------------------------------------------------------------
                                              4.927136   slack (MET)


Startpoint: rst_n (input port clocked by clk)
Endpoint: _1028_ (removal check against rising-edge clock clk)
Path Group: asynchronous
Path Type: min

Fanout         Cap        Slew       Delay        Time   Description
---------------------------------------------------------------------------------------------
                      0.150000    0.000000    0.000000   clock clk (rise edge)
                                  0.000000    0.000000   clock network delay (ideal)
                                  4.000000    4.000000 ^ input external delay
   202    0.659238    4.642534    3.115693    7.115693 ^ rst_n (in)
                                                         rst_n (net)
                      4.642534    0.000000    7.115693 ^ _1028_/RESET_B (sky130_fd_sc_hd__dfrtp_2)
                                              7.115693   data arrival time

                      0.150000    0.000000    0.000000   clock clk (rise edge)
                                  0.000000    0.000000   clock network delay (ideal)
                                  0.250000    0.250000   clock uncertainty
                                  0.000000    0.250000   clock reconvergence pessimism
                                              0.250000 ^ _1028_/CLK (sky130_fd_sc_hd__dfrtp_2)
                                  1.938556    2.188556   library removal time
                                              2.188556   data required time
---------------------------------------------------------------------------------------------
                                              2.188556   data required time
                                             -7.115693   data arrival time
---------------------------------------------------------------------------------------------
                                              4.927136   slack (MET)


Startpoint: rst_n (input port clocked by clk)
Endpoint: _1029_ (removal check against rising-edge clock clk)
Path Group: asynchronous
Path Type: min

Fanout         Cap        Slew       Delay        Time   Description
---------------------------------------------------------------------------------------------
                      0.150000    0.000000    0.000000   clock clk (rise edge)
                                  0.000000    0.000000   clock network delay (ideal)
                                  4.000000    4.000000 ^ input external delay
   202    0.659238    4.642534    3.115693    7.115693 ^ rst_n (in)
                                                         rst_n (net)
                      4.642534    0.000000    7.115693 ^ _1029_/RESET_B (sky130_fd_sc_hd__dfrtp_2)
                                              7.115693   data arrival time

                      0.150000    0.000000    0.000000   clock clk (rise edge)
                                  0.000000    0.000000   clock network delay (ideal)
                                  0.250000    0.250000   clock uncertainty
                                  0.000000    0.250000   clock reconvergence pessimism
                                              0.250000 ^ _1029_/CLK (sky130_fd_sc_hd__dfrtp_2)
                                  1.938556    2.188556   library removal time
                                              2.188556   data required time
---------------------------------------------------------------------------------------------
                                              2.188556   data required time
                                             -7.115693   data arrival time
---------------------------------------------------------------------------------------------
                                              4.927136   slack (MET)


Startpoint: rst_n (input port clocked by clk)
Endpoint: _1030_ (removal check against rising-edge clock clk)
Path Group: asynchronous
Path Type: min

Fanout         Cap        Slew       Delay        Time   Description
---------------------------------------------------------------------------------------------
                      0.150000    0.000000    0.000000   clock clk (rise edge)
                                  0.000000    0.000000   clock network delay (ideal)
                                  4.000000    4.000000 ^ input external delay
   202    0.659238    4.642534    3.115693    7.115693 ^ rst_n (in)
                                                         rst_n (net)
                      4.642534    0.000000    7.115693 ^ _1030_/RESET_B (sky130_fd_sc_hd__dfrtp_2)
                                              7.115693   data arrival time

                      0.150000    0.000000    0.000000   clock clk (rise edge)
                                  0.000000    0.000000   clock network delay (ideal)
                                  0.250000    0.250000   clock uncertainty
                                  0.000000    0.250000   clock reconvergence pessimism
                                              0.250000 ^ _1030_/CLK (sky130_fd_sc_hd__dfrtp_2)
                                  1.938556    2.188556   library removal time
                                              2.188556   data required time
---------------------------------------------------------------------------------------------
                                              2.188556   data required time
                                             -7.115693   data arrival time
---------------------------------------------------------------------------------------------
                                              4.927136   slack (MET)


Startpoint: rst_n (input port clocked by clk)
Endpoint: _1032_ (removal check against rising-edge clock clk)
Path Group: asynchronous
Path Type: min

Fanout         Cap        Slew       Delay        Time   Description
---------------------------------------------------------------------------------------------
                      0.150000    0.000000    0.000000   clock clk (rise edge)
                                  0.000000    0.000000   clock network delay (ideal)
                                  4.000000    4.000000 ^ input external delay
   202    0.659238    4.642534    3.115693    7.115693 ^ rst_n (in)
                                                         rst_n (net)
                      4.642534    0.000000    7.115693 ^ _1032_/RESET_B (sky130_fd_sc_hd__dfrtp_2)
                                              7.115693   data arrival time

                      0.150000    0.000000    0.000000   clock clk (rise edge)
                                  0.000000    0.000000   clock network delay (ideal)
                                  0.250000    0.250000   clock uncertainty
                                  0.000000    0.250000   clock reconvergence pessimism
                                              0.250000 ^ _1032_/CLK (sky130_fd_sc_hd__dfrtp_2)
                                  1.938556    2.188556   library removal time
                                              2.188556   data required time
---------------------------------------------------------------------------------------------
                                              2.188556   data required time
                                             -7.115693   data arrival time
---------------------------------------------------------------------------------------------
                                              4.927136   slack (MET)


Startpoint: rst_n (input port clocked by clk)
Endpoint: _1033_ (removal check against rising-edge clock clk)
Path Group: asynchronous
Path Type: min

Fanout         Cap        Slew       Delay        Time   Description
---------------------------------------------------------------------------------------------
                      0.150000    0.000000    0.000000   clock clk (rise edge)
                                  0.000000    0.000000   clock network delay (ideal)
                                  4.000000    4.000000 ^ input external delay
   202    0.659238    4.642534    3.115693    7.115693 ^ rst_n (in)
                                                         rst_n (net)
                      4.642534    0.000000    7.115693 ^ _1033_/RESET_B (sky130_fd_sc_hd__dfrtp_2)
                                              7.115693   data arrival time

                      0.150000    0.000000    0.000000   clock clk (rise edge)
                                  0.000000    0.000000   clock network delay (ideal)
                                  0.250000    0.250000   clock uncertainty
                                  0.000000    0.250000   clock reconvergence pessimism
                                              0.250000 ^ _1033_/CLK (sky130_fd_sc_hd__dfrtp_2)
                                  1.938556    2.188556   library removal time
                                              2.188556   data required time
---------------------------------------------------------------------------------------------
                                              2.188556   data required time
                                             -7.115693   data arrival time
---------------------------------------------------------------------------------------------
                                              4.927136   slack (MET)


Startpoint: rst_n (input port clocked by clk)
Endpoint: _1034_ (removal check against rising-edge clock clk)
Path Group: asynchronous
Path Type: min

Fanout         Cap        Slew       Delay        Time   Description
---------------------------------------------------------------------------------------------
                      0.150000    0.000000    0.000000   clock clk (rise edge)
                                  0.000000    0.000000   clock network delay (ideal)
                                  4.000000    4.000000 ^ input external delay
   202    0.659238    4.642534    3.115693    7.115693 ^ rst_n (in)
                                                         rst_n (net)
                      4.642534    0.000000    7.115693 ^ _1034_/RESET_B (sky130_fd_sc_hd__dfrtp_2)
                                              7.115693   data arrival time

                      0.150000    0.000000    0.000000   clock clk (rise edge)
                                  0.000000    0.000000   clock network delay (ideal)
                                  0.250000    0.250000   clock uncertainty
                                  0.000000    0.250000   clock reconvergence pessimism
                                              0.250000 ^ _1034_/CLK (sky130_fd_sc_hd__dfrtp_2)
                                  1.938556    2.188556   library removal time
                                              2.188556   data required time
---------------------------------------------------------------------------------------------
                                              2.188556   data required time
                                             -7.115693   data arrival time
---------------------------------------------------------------------------------------------
                                              4.927136   slack (MET)


Startpoint: rst_n (input port clocked by clk)
Endpoint: _1035_ (removal check against rising-edge clock clk)
Path Group: asynchronous
Path Type: min

Fanout         Cap        Slew       Delay        Time   Description
---------------------------------------------------------------------------------------------
                      0.150000    0.000000    0.000000   clock clk (rise edge)
                                  0.000000    0.000000   clock network delay (ideal)
                                  4.000000    4.000000 ^ input external delay
   202    0.659238    4.642534    3.115693    7.115693 ^ rst_n (in)
                                                         rst_n (net)
                      4.642534    0.000000    7.115693 ^ _1035_/RESET_B (sky130_fd_sc_hd__dfrtp_2)
                                              7.115693   data arrival time

                      0.150000    0.000000    0.000000   clock clk (rise edge)
                                  0.000000    0.000000   clock network delay (ideal)
                                  0.250000    0.250000   clock uncertainty
                                  0.000000    0.250000   clock reconvergence pessimism
                                              0.250000 ^ _1035_/CLK (sky130_fd_sc_hd__dfrtp_2)
                                  1.938556    2.188556   library removal time
                                              2.188556   data required time
---------------------------------------------------------------------------------------------
                                              2.188556   data required time
                                             -7.115693   data arrival time
---------------------------------------------------------------------------------------------
                                              4.927136   slack (MET)


Startpoint: rst_n (input port clocked by clk)
Endpoint: _1036_ (removal check against rising-edge clock clk)
Path Group: asynchronous
Path Type: min

Fanout         Cap        Slew       Delay        Time   Description
---------------------------------------------------------------------------------------------
                      0.150000    0.000000    0.000000   clock clk (rise edge)
                                  0.000000    0.000000   clock network delay (ideal)
                                  4.000000    4.000000 ^ input external delay
   202    0.659238    4.642534    3.115693    7.115693 ^ rst_n (in)
                                                         rst_n (net)
                      4.642534    0.000000    7.115693 ^ _1036_/RESET_B (sky130_fd_sc_hd__dfrtp_2)
                                              7.115693   data arrival time

                      0.150000    0.000000    0.000000   clock clk (rise edge)
                                  0.000000    0.000000   clock network delay (ideal)
                                  0.250000    0.250000   clock uncertainty
                                  0.000000    0.250000   clock reconvergence pessimism
                                              0.250000 ^ _1036_/CLK (sky130_fd_sc_hd__dfrtp_2)
                                  1.938556    2.188556   library removal time
                                              2.188556   data required time
---------------------------------------------------------------------------------------------
                                              2.188556   data required time
                                             -7.115693   data arrival time
---------------------------------------------------------------------------------------------
                                              4.927136   slack (MET)


Startpoint: rst_n (input port clocked by clk)
Endpoint: _1037_ (removal check against rising-edge clock clk)
Path Group: asynchronous
Path Type: min

Fanout         Cap        Slew       Delay        Time   Description
---------------------------------------------------------------------------------------------
                      0.150000    0.000000    0.000000   clock clk (rise edge)
                                  0.000000    0.000000   clock network delay (ideal)
                                  4.000000    4.000000 ^ input external delay
   202    0.659238    4.642534    3.115693    7.115693 ^ rst_n (in)
                                                         rst_n (net)
                      4.642534    0.000000    7.115693 ^ _1037_/RESET_B (sky130_fd_sc_hd__dfrtp_2)
                                              7.115693   data arrival time

                      0.150000    0.000000    0.000000   clock clk (rise edge)
                                  0.000000    0.000000   clock network delay (ideal)
                                  0.250000    0.250000   clock uncertainty
                                  0.000000    0.250000   clock reconvergence pessimism
                                              0.250000 ^ _1037_/CLK (sky130_fd_sc_hd__dfrtp_2)
                                  1.938556    2.188556   library removal time
                                              2.188556   data required time
---------------------------------------------------------------------------------------------
                                              2.188556   data required time
                                             -7.115693   data arrival time
---------------------------------------------------------------------------------------------
                                              4.927136   slack (MET)


Startpoint: rst_n (input port clocked by clk)
Endpoint: _1040_ (removal check against rising-edge clock clk)
Path Group: asynchronous
Path Type: min

Fanout         Cap        Slew       Delay        Time   Description
---------------------------------------------------------------------------------------------
                      0.150000    0.000000    0.000000   clock clk (rise edge)
                                  0.000000    0.000000   clock network delay (ideal)
                                  4.000000    4.000000 ^ input external delay
   202    0.659238    4.642534    3.115693    7.115693 ^ rst_n (in)
                                                         rst_n (net)
                      4.642534    0.000000    7.115693 ^ _1040_/RESET_B (sky130_fd_sc_hd__dfrtp_2)
                                              7.115693   data arrival time

                      0.150000    0.000000    0.000000   clock clk (rise edge)
                                  0.000000    0.000000   clock network delay (ideal)
                                  0.250000    0.250000   clock uncertainty
                                  0.000000    0.250000   clock reconvergence pessimism
                                              0.250000 ^ _1040_/CLK (sky130_fd_sc_hd__dfrtp_2)
                                  1.938556    2.188556   library removal time
                                              2.188556   data required time
---------------------------------------------------------------------------------------------
                                              2.188556   data required time
                                             -7.115693   data arrival time
---------------------------------------------------------------------------------------------
                                              4.927136   slack (MET)


Startpoint: rst_n (input port clocked by clk)
Endpoint: _1041_ (removal check against rising-edge clock clk)
Path Group: asynchronous
Path Type: min

Fanout         Cap        Slew       Delay        Time   Description
---------------------------------------------------------------------------------------------
                      0.150000    0.000000    0.000000   clock clk (rise edge)
                                  0.000000    0.000000   clock network delay (ideal)
                                  4.000000    4.000000 ^ input external delay
   202    0.659238    4.642534    3.115693    7.115693 ^ rst_n (in)
                                                         rst_n (net)
                      4.642534    0.000000    7.115693 ^ _1041_/RESET_B (sky130_fd_sc_hd__dfrtp_2)
                                              7.115693   data arrival time

                      0.150000    0.000000    0.000000   clock clk (rise edge)
                                  0.000000    0.000000   clock network delay (ideal)
                                  0.250000    0.250000   clock uncertainty
                                  0.000000    0.250000   clock reconvergence pessimism
                                              0.250000 ^ _1041_/CLK (sky130_fd_sc_hd__dfrtp_2)
                                  1.938556    2.188556   library removal time
                                              2.188556   data required time
---------------------------------------------------------------------------------------------
                                              2.188556   data required time
                                             -7.115693   data arrival time
---------------------------------------------------------------------------------------------
                                              4.927136   slack (MET)


Startpoint: rst_n (input port clocked by clk)
Endpoint: _1042_ (removal check against rising-edge clock clk)
Path Group: asynchronous
Path Type: min

Fanout         Cap        Slew       Delay        Time   Description
---------------------------------------------------------------------------------------------
                      0.150000    0.000000    0.000000   clock clk (rise edge)
                                  0.000000    0.000000   clock network delay (ideal)
                                  4.000000    4.000000 ^ input external delay
   202    0.659238    4.642534    3.115693    7.115693 ^ rst_n (in)
                                                         rst_n (net)
                      4.642534    0.000000    7.115693 ^ _1042_/RESET_B (sky130_fd_sc_hd__dfrtp_2)
                                              7.115693   data arrival time

                      0.150000    0.000000    0.000000   clock clk (rise edge)
                                  0.000000    0.000000   clock network delay (ideal)
                                  0.250000    0.250000   clock uncertainty
                                  0.000000    0.250000   clock reconvergence pessimism
                                              0.250000 ^ _1042_/CLK (sky130_fd_sc_hd__dfrtp_2)
                                  1.938556    2.188556   library removal time
                                              2.188556   data required time
---------------------------------------------------------------------------------------------
                                              2.188556   data required time
                                             -7.115693   data arrival time
---------------------------------------------------------------------------------------------
                                              4.927136   slack (MET)


Startpoint: rst_n (input port clocked by clk)
Endpoint: _1043_ (removal check against rising-edge clock clk)
Path Group: asynchronous
Path Type: min

Fanout         Cap        Slew       Delay        Time   Description
---------------------------------------------------------------------------------------------
                      0.150000    0.000000    0.000000   clock clk (rise edge)
                                  0.000000    0.000000   clock network delay (ideal)
                                  4.000000    4.000000 ^ input external delay
   202    0.659238    4.642534    3.115693    7.115693 ^ rst_n (in)
                                                         rst_n (net)
                      4.642534    0.000000    7.115693 ^ _1043_/RESET_B (sky130_fd_sc_hd__dfrtp_2)
                                              7.115693   data arrival time

                      0.150000    0.000000    0.000000   clock clk (rise edge)
                                  0.000000    0.000000   clock network delay (ideal)
                                  0.250000    0.250000   clock uncertainty
                                  0.000000    0.250000   clock reconvergence pessimism
                                              0.250000 ^ _1043_/CLK (sky130_fd_sc_hd__dfrtp_2)
                                  1.938556    2.188556   library removal time
                                              2.188556   data required time
---------------------------------------------------------------------------------------------
                                              2.188556   data required time
                                             -7.115693   data arrival time
---------------------------------------------------------------------------------------------
                                              4.927136   slack (MET)


Startpoint: rst_n (input port clocked by clk)
Endpoint: _1044_ (removal check against rising-edge clock clk)
Path Group: asynchronous
Path Type: min

Fanout         Cap        Slew       Delay        Time   Description
---------------------------------------------------------------------------------------------
                      0.150000    0.000000    0.000000   clock clk (rise edge)
                                  0.000000    0.000000   clock network delay (ideal)
                                  4.000000    4.000000 ^ input external delay
   202    0.659238    4.642534    3.115693    7.115693 ^ rst_n (in)
                                                         rst_n (net)
                      4.642534    0.000000    7.115693 ^ _1044_/RESET_B (sky130_fd_sc_hd__dfrtp_2)
                                              7.115693   data arrival time

                      0.150000    0.000000    0.000000   clock clk (rise edge)
                                  0.000000    0.000000   clock network delay (ideal)
                                  0.250000    0.250000   clock uncertainty
                                  0.000000    0.250000   clock reconvergence pessimism
                                              0.250000 ^ _1044_/CLK (sky130_fd_sc_hd__dfrtp_2)
                                  1.938556    2.188556   library removal time
                                              2.188556   data required time
---------------------------------------------------------------------------------------------
                                              2.188556   data required time
                                             -7.115693   data arrival time
---------------------------------------------------------------------------------------------
                                              4.927136   slack (MET)


Startpoint: rst_n (input port clocked by clk)
Endpoint: _1045_ (removal check against rising-edge clock clk)
Path Group: asynchronous
Path Type: min

Fanout         Cap        Slew       Delay        Time   Description
---------------------------------------------------------------------------------------------
                      0.150000    0.000000    0.000000   clock clk (rise edge)
                                  0.000000    0.000000   clock network delay (ideal)
                                  4.000000    4.000000 ^ input external delay
   202    0.659238    4.642534    3.115693    7.115693 ^ rst_n (in)
                                                         rst_n (net)
                      4.642534    0.000000    7.115693 ^ _1045_/RESET_B (sky130_fd_sc_hd__dfrtp_2)
                                              7.115693   data arrival time

                      0.150000    0.000000    0.000000   clock clk (rise edge)
                                  0.000000    0.000000   clock network delay (ideal)
                                  0.250000    0.250000   clock uncertainty
                                  0.000000    0.250000   clock reconvergence pessimism
                                              0.250000 ^ _1045_/CLK (sky130_fd_sc_hd__dfrtp_2)
                                  1.938556    2.188556   library removal time
                                              2.188556   data required time
---------------------------------------------------------------------------------------------
                                              2.188556   data required time
                                             -7.115693   data arrival time
---------------------------------------------------------------------------------------------
                                              4.927136   slack (MET)


Startpoint: rst_n (input port clocked by clk)
Endpoint: _1046_ (removal check against rising-edge clock clk)
Path Group: asynchronous
Path Type: min

Fanout         Cap        Slew       Delay        Time   Description
---------------------------------------------------------------------------------------------
                      0.150000    0.000000    0.000000   clock clk (rise edge)
                                  0.000000    0.000000   clock network delay (ideal)
                                  4.000000    4.000000 ^ input external delay
   202    0.659238    4.642534    3.115693    7.115693 ^ rst_n (in)
                                                         rst_n (net)
                      4.642534    0.000000    7.115693 ^ _1046_/RESET_B (sky130_fd_sc_hd__dfrtp_2)
                                              7.115693   data arrival time

                      0.150000    0.000000    0.000000   clock clk (rise edge)
                                  0.000000    0.000000   clock network delay (ideal)
                                  0.250000    0.250000   clock uncertainty
                                  0.000000    0.250000   clock reconvergence pessimism
                                              0.250000 ^ _1046_/CLK (sky130_fd_sc_hd__dfrtp_2)
                                  1.938556    2.188556   library removal time
                                              2.188556   data required time
---------------------------------------------------------------------------------------------
                                              2.188556   data required time
                                             -7.115693   data arrival time
---------------------------------------------------------------------------------------------
                                              4.927136   slack (MET)


Startpoint: rst_n (input port clocked by clk)
Endpoint: _1047_ (removal check against rising-edge clock clk)
Path Group: asynchronous
Path Type: min

Fanout         Cap        Slew       Delay        Time   Description
---------------------------------------------------------------------------------------------
                      0.150000    0.000000    0.000000   clock clk (rise edge)
                                  0.000000    0.000000   clock network delay (ideal)
                                  4.000000    4.000000 ^ input external delay
   202    0.659238    4.642534    3.115693    7.115693 ^ rst_n (in)
                                                         rst_n (net)
                      4.642534    0.000000    7.115693 ^ _1047_/RESET_B (sky130_fd_sc_hd__dfrtp_2)
                                              7.115693   data arrival time

                      0.150000    0.000000    0.000000   clock clk (rise edge)
                                  0.000000    0.000000   clock network delay (ideal)
                                  0.250000    0.250000   clock uncertainty
                                  0.000000    0.250000   clock reconvergence pessimism
                                              0.250000 ^ _1047_/CLK (sky130_fd_sc_hd__dfrtp_2)
                                  1.938556    2.188556   library removal time
                                              2.188556   data required time
---------------------------------------------------------------------------------------------
                                              2.188556   data required time
                                             -7.115693   data arrival time
---------------------------------------------------------------------------------------------
                                              4.927136   slack (MET)


Startpoint: rst_n (input port clocked by clk)
Endpoint: _1049_ (removal check against rising-edge clock clk)
Path Group: asynchronous
Path Type: min

Fanout         Cap        Slew       Delay        Time   Description
---------------------------------------------------------------------------------------------
                      0.150000    0.000000    0.000000   clock clk (rise edge)
                                  0.000000    0.000000   clock network delay (ideal)
                                  4.000000    4.000000 ^ input external delay
   202    0.659238    4.642534    3.115693    7.115693 ^ rst_n (in)
                                                         rst_n (net)
                      4.642534    0.000000    7.115693 ^ _1049_/RESET_B (sky130_fd_sc_hd__dfrtp_2)
                                              7.115693   data arrival time

                      0.150000    0.000000    0.000000   clock clk (rise edge)
                                  0.000000    0.000000   clock network delay (ideal)
                                  0.250000    0.250000   clock uncertainty
                                  0.000000    0.250000   clock reconvergence pessimism
                                              0.250000 ^ _1049_/CLK (sky130_fd_sc_hd__dfrtp_2)
                                  1.938556    2.188556   library removal time
                                              2.188556   data required time
---------------------------------------------------------------------------------------------
                                              2.188556   data required time
                                             -7.115693   data arrival time
---------------------------------------------------------------------------------------------
                                              4.927136   slack (MET)


Startpoint: rst_n (input port clocked by clk)
Endpoint: _1050_ (removal check against rising-edge clock clk)
Path Group: asynchronous
Path Type: min

Fanout         Cap        Slew       Delay        Time   Description
---------------------------------------------------------------------------------------------
                      0.150000    0.000000    0.000000   clock clk (rise edge)
                                  0.000000    0.000000   clock network delay (ideal)
                                  4.000000    4.000000 ^ input external delay
   202    0.659238    4.642534    3.115693    7.115693 ^ rst_n (in)
                                                         rst_n (net)
                      4.642534    0.000000    7.115693 ^ _1050_/RESET_B (sky130_fd_sc_hd__dfrtp_2)
                                              7.115693   data arrival time

                      0.150000    0.000000    0.000000   clock clk (rise edge)
                                  0.000000    0.000000   clock network delay (ideal)
                                  0.250000    0.250000   clock uncertainty
                                  0.000000    0.250000   clock reconvergence pessimism
                                              0.250000 ^ _1050_/CLK (sky130_fd_sc_hd__dfrtp_2)
                                  1.938556    2.188556   library removal time
                                              2.188556   data required time
---------------------------------------------------------------------------------------------
                                              2.188556   data required time
                                             -7.115693   data arrival time
---------------------------------------------------------------------------------------------
                                              4.927136   slack (MET)


Startpoint: rst_n (input port clocked by clk)
Endpoint: _1051_ (removal check against rising-edge clock clk)
Path Group: asynchronous
Path Type: min

Fanout         Cap        Slew       Delay        Time   Description
---------------------------------------------------------------------------------------------
                      0.150000    0.000000    0.000000   clock clk (rise edge)
                                  0.000000    0.000000   clock network delay (ideal)
                                  4.000000    4.000000 ^ input external delay
   202    0.659238    4.642534    3.115693    7.115693 ^ rst_n (in)
                                                         rst_n (net)
                      4.642534    0.000000    7.115693 ^ _1051_/RESET_B (sky130_fd_sc_hd__dfrtp_2)
                                              7.115693   data arrival time

                      0.150000    0.000000    0.000000   clock clk (rise edge)
                                  0.000000    0.000000   clock network delay (ideal)
                                  0.250000    0.250000   clock uncertainty
                                  0.000000    0.250000   clock reconvergence pessimism
                                              0.250000 ^ _1051_/CLK (sky130_fd_sc_hd__dfrtp_2)
                                  1.938556    2.188556   library removal time
                                              2.188556   data required time
---------------------------------------------------------------------------------------------
                                              2.188556   data required time
                                             -7.115693   data arrival time
---------------------------------------------------------------------------------------------
                                              4.927136   slack (MET)


Startpoint: rst_n (input port clocked by clk)
Endpoint: _1052_ (removal check against rising-edge clock clk)
Path Group: asynchronous
Path Type: min

Fanout         Cap        Slew       Delay        Time   Description
---------------------------------------------------------------------------------------------
                      0.150000    0.000000    0.000000   clock clk (rise edge)
                                  0.000000    0.000000   clock network delay (ideal)
                                  4.000000    4.000000 ^ input external delay
   202    0.659238    4.642534    3.115693    7.115693 ^ rst_n (in)
                                                         rst_n (net)
                      4.642534    0.000000    7.115693 ^ _1052_/RESET_B (sky130_fd_sc_hd__dfrtp_2)
                                              7.115693   data arrival time

                      0.150000    0.000000    0.000000   clock clk (rise edge)
                                  0.000000    0.000000   clock network delay (ideal)
                                  0.250000    0.250000   clock uncertainty
                                  0.000000    0.250000   clock reconvergence pessimism
                                              0.250000 ^ _1052_/CLK (sky130_fd_sc_hd__dfrtp_2)
                                  1.938556    2.188556   library removal time
                                              2.188556   data required time
---------------------------------------------------------------------------------------------
                                              2.188556   data required time
                                             -7.115693   data arrival time
---------------------------------------------------------------------------------------------
                                              4.927136   slack (MET)


Startpoint: rst_n (input port clocked by clk)
Endpoint: _1053_ (removal check against rising-edge clock clk)
Path Group: asynchronous
Path Type: min

Fanout         Cap        Slew       Delay        Time   Description
---------------------------------------------------------------------------------------------
                      0.150000    0.000000    0.000000   clock clk (rise edge)
                                  0.000000    0.000000   clock network delay (ideal)
                                  4.000000    4.000000 ^ input external delay
   202    0.659238    4.642534    3.115693    7.115693 ^ rst_n (in)
                                                         rst_n (net)
                      4.642534    0.000000    7.115693 ^ _1053_/RESET_B (sky130_fd_sc_hd__dfrtp_2)
                                              7.115693   data arrival time

                      0.150000    0.000000    0.000000   clock clk (rise edge)
                                  0.000000    0.000000   clock network delay (ideal)
                                  0.250000    0.250000   clock uncertainty
                                  0.000000    0.250000   clock reconvergence pessimism
                                              0.250000 ^ _1053_/CLK (sky130_fd_sc_hd__dfrtp_2)
                                  1.938556    2.188556   library removal time
                                              2.188556   data required time
---------------------------------------------------------------------------------------------
                                              2.188556   data required time
                                             -7.115693   data arrival time
---------------------------------------------------------------------------------------------
                                              4.927136   slack (MET)


Startpoint: rst_n (input port clocked by clk)
Endpoint: _1055_ (removal check against rising-edge clock clk)
Path Group: asynchronous
Path Type: min

Fanout         Cap        Slew       Delay        Time   Description
---------------------------------------------------------------------------------------------
                      0.150000    0.000000    0.000000   clock clk (rise edge)
                                  0.000000    0.000000   clock network delay (ideal)
                                  4.000000    4.000000 ^ input external delay
   202    0.659238    4.642534    3.115693    7.115693 ^ rst_n (in)
                                                         rst_n (net)
                      4.642534    0.000000    7.115693 ^ _1055_/RESET_B (sky130_fd_sc_hd__dfrtp_2)
                                              7.115693   data arrival time

                      0.150000    0.000000    0.000000   clock clk (rise edge)
                                  0.000000    0.000000   clock network delay (ideal)
                                  0.250000    0.250000   clock uncertainty
                                  0.000000    0.250000   clock reconvergence pessimism
                                              0.250000 ^ _1055_/CLK (sky130_fd_sc_hd__dfrtp_2)
                                  1.938556    2.188556   library removal time
                                              2.188556   data required time
---------------------------------------------------------------------------------------------
                                              2.188556   data required time
                                             -7.115693   data arrival time
---------------------------------------------------------------------------------------------
                                              4.927136   slack (MET)


Startpoint: rst_n (input port clocked by clk)
Endpoint: _1057_ (removal check against rising-edge clock clk)
Path Group: asynchronous
Path Type: min

Fanout         Cap        Slew       Delay        Time   Description
---------------------------------------------------------------------------------------------
                      0.150000    0.000000    0.000000   clock clk (rise edge)
                                  0.000000    0.000000   clock network delay (ideal)
                                  4.000000    4.000000 ^ input external delay
   202    0.659238    4.642534    3.115693    7.115693 ^ rst_n (in)
                                                         rst_n (net)
                      4.642534    0.000000    7.115693 ^ _1057_/RESET_B (sky130_fd_sc_hd__dfrtp_2)
                                              7.115693   data arrival time

                      0.150000    0.000000    0.000000   clock clk (rise edge)
                                  0.000000    0.000000   clock network delay (ideal)
                                  0.250000    0.250000   clock uncertainty
                                  0.000000    0.250000   clock reconvergence pessimism
                                              0.250000 ^ _1057_/CLK (sky130_fd_sc_hd__dfrtp_2)
                                  1.938556    2.188556   library removal time
                                              2.188556   data required time
---------------------------------------------------------------------------------------------
                                              2.188556   data required time
                                             -7.115693   data arrival time
---------------------------------------------------------------------------------------------
                                              4.927136   slack (MET)


Startpoint: rst_n (input port clocked by clk)
Endpoint: _1058_ (removal check against rising-edge clock clk)
Path Group: asynchronous
Path Type: min

Fanout         Cap        Slew       Delay        Time   Description
---------------------------------------------------------------------------------------------
                      0.150000    0.000000    0.000000   clock clk (rise edge)
                                  0.000000    0.000000   clock network delay (ideal)
                                  4.000000    4.000000 ^ input external delay
   202    0.659238    4.642534    3.115693    7.115693 ^ rst_n (in)
                                                         rst_n (net)
                      4.642534    0.000000    7.115693 ^ _1058_/RESET_B (sky130_fd_sc_hd__dfrtp_2)
                                              7.115693   data arrival time

                      0.150000    0.000000    0.000000   clock clk (rise edge)
                                  0.000000    0.000000   clock network delay (ideal)
                                  0.250000    0.250000   clock uncertainty
                                  0.000000    0.250000   clock reconvergence pessimism
                                              0.250000 ^ _1058_/CLK (sky130_fd_sc_hd__dfrtp_2)
                                  1.938556    2.188556   library removal time
                                              2.188556   data required time
---------------------------------------------------------------------------------------------
                                              2.188556   data required time
                                             -7.115693   data arrival time
---------------------------------------------------------------------------------------------
                                              4.927136   slack (MET)


Startpoint: rst_n (input port clocked by clk)
Endpoint: _1059_ (removal check against rising-edge clock clk)
Path Group: asynchronous
Path Type: min

Fanout         Cap        Slew       Delay        Time   Description
---------------------------------------------------------------------------------------------
                      0.150000    0.000000    0.000000   clock clk (rise edge)
                                  0.000000    0.000000   clock network delay (ideal)
                                  4.000000    4.000000 ^ input external delay
   202    0.659238    4.642534    3.115693    7.115693 ^ rst_n (in)
                                                         rst_n (net)
                      4.642534    0.000000    7.115693 ^ _1059_/RESET_B (sky130_fd_sc_hd__dfrtp_2)
                                              7.115693   data arrival time

                      0.150000    0.000000    0.000000   clock clk (rise edge)
                                  0.000000    0.000000   clock network delay (ideal)
                                  0.250000    0.250000   clock uncertainty
                                  0.000000    0.250000   clock reconvergence pessimism
                                              0.250000 ^ _1059_/CLK (sky130_fd_sc_hd__dfrtp_2)
                                  1.938556    2.188556   library removal time
                                              2.188556   data required time
---------------------------------------------------------------------------------------------
                                              2.188556   data required time
                                             -7.115693   data arrival time
---------------------------------------------------------------------------------------------
                                              4.927136   slack (MET)


Startpoint: rst_n (input port clocked by clk)
Endpoint: _1060_ (removal check against rising-edge clock clk)
Path Group: asynchronous
Path Type: min

Fanout         Cap        Slew       Delay        Time   Description
---------------------------------------------------------------------------------------------
                      0.150000    0.000000    0.000000   clock clk (rise edge)
                                  0.000000    0.000000   clock network delay (ideal)
                                  4.000000    4.000000 ^ input external delay
   202    0.659238    4.642534    3.115693    7.115693 ^ rst_n (in)
                                                         rst_n (net)
                      4.642534    0.000000    7.115693 ^ _1060_/RESET_B (sky130_fd_sc_hd__dfrtp_2)
                                              7.115693   data arrival time

                      0.150000    0.000000    0.000000   clock clk (rise edge)
                                  0.000000    0.000000   clock network delay (ideal)
                                  0.250000    0.250000   clock uncertainty
                                  0.000000    0.250000   clock reconvergence pessimism
                                              0.250000 ^ _1060_/CLK (sky130_fd_sc_hd__dfrtp_2)
                                  1.938556    2.188556   library removal time
                                              2.188556   data required time
---------------------------------------------------------------------------------------------
                                              2.188556   data required time
                                             -7.115693   data arrival time
---------------------------------------------------------------------------------------------
                                              4.927136   slack (MET)


Startpoint: rst_n (input port clocked by clk)
Endpoint: _1061_ (removal check against rising-edge clock clk)
Path Group: asynchronous
Path Type: min

Fanout         Cap        Slew       Delay        Time   Description
---------------------------------------------------------------------------------------------
                      0.150000    0.000000    0.000000   clock clk (rise edge)
                                  0.000000    0.000000   clock network delay (ideal)
                                  4.000000    4.000000 ^ input external delay
   202    0.659238    4.642534    3.115693    7.115693 ^ rst_n (in)
                                                         rst_n (net)
                      4.642534    0.000000    7.115693 ^ _1061_/RESET_B (sky130_fd_sc_hd__dfrtp_2)
                                              7.115693   data arrival time

                      0.150000    0.000000    0.000000   clock clk (rise edge)
                                  0.000000    0.000000   clock network delay (ideal)
                                  0.250000    0.250000   clock uncertainty
                                  0.000000    0.250000   clock reconvergence pessimism
                                              0.250000 ^ _1061_/CLK (sky130_fd_sc_hd__dfrtp_2)
                                  1.938556    2.188556   library removal time
                                              2.188556   data required time
---------------------------------------------------------------------------------------------
                                              2.188556   data required time
                                             -7.115693   data arrival time
---------------------------------------------------------------------------------------------
                                              4.927136   slack (MET)


Startpoint: rst_n (input port clocked by clk)
Endpoint: _1062_ (removal check against rising-edge clock clk)
Path Group: asynchronous
Path Type: min

Fanout         Cap        Slew       Delay        Time   Description
---------------------------------------------------------------------------------------------
                      0.150000    0.000000    0.000000   clock clk (rise edge)
                                  0.000000    0.000000   clock network delay (ideal)
                                  4.000000    4.000000 ^ input external delay
   202    0.659238    4.642534    3.115693    7.115693 ^ rst_n (in)
                                                         rst_n (net)
                      4.642534    0.000000    7.115693 ^ _1062_/RESET_B (sky130_fd_sc_hd__dfrtp_2)
                                              7.115693   data arrival time

                      0.150000    0.000000    0.000000   clock clk (rise edge)
                                  0.000000    0.000000   clock network delay (ideal)
                                  0.250000    0.250000   clock uncertainty
                                  0.000000    0.250000   clock reconvergence pessimism
                                              0.250000 ^ _1062_/CLK (sky130_fd_sc_hd__dfrtp_2)
                                  1.938556    2.188556   library removal time
                                              2.188556   data required time
---------------------------------------------------------------------------------------------
                                              2.188556   data required time
                                             -7.115693   data arrival time
---------------------------------------------------------------------------------------------
                                              4.927136   slack (MET)


Startpoint: rst_n (input port clocked by clk)
Endpoint: _1065_ (removal check against rising-edge clock clk)
Path Group: asynchronous
Path Type: min

Fanout         Cap        Slew       Delay        Time   Description
---------------------------------------------------------------------------------------------
                      0.150000    0.000000    0.000000   clock clk (rise edge)
                                  0.000000    0.000000   clock network delay (ideal)
                                  4.000000    4.000000 ^ input external delay
   202    0.659238    4.642534    3.115693    7.115693 ^ rst_n (in)
                                                         rst_n (net)
                      4.642534    0.000000    7.115693 ^ _1065_/RESET_B (sky130_fd_sc_hd__dfrtp_2)
                                              7.115693   data arrival time

                      0.150000    0.000000    0.000000   clock clk (rise edge)
                                  0.000000    0.000000   clock network delay (ideal)
                                  0.250000    0.250000   clock uncertainty
                                  0.000000    0.250000   clock reconvergence pessimism
                                              0.250000 ^ _1065_/CLK (sky130_fd_sc_hd__dfrtp_2)
                                  1.938556    2.188556   library removal time
                                              2.188556   data required time
---------------------------------------------------------------------------------------------
                                              2.188556   data required time
                                             -7.115693   data arrival time
---------------------------------------------------------------------------------------------
                                              4.927136   slack (MET)


Startpoint: rst_n (input port clocked by clk)
Endpoint: _1066_ (removal check against rising-edge clock clk)
Path Group: asynchronous
Path Type: min

Fanout         Cap        Slew       Delay        Time   Description
---------------------------------------------------------------------------------------------
                      0.150000    0.000000    0.000000   clock clk (rise edge)
                                  0.000000    0.000000   clock network delay (ideal)
                                  4.000000    4.000000 ^ input external delay
   202    0.659238    4.642534    3.115693    7.115693 ^ rst_n (in)
                                                         rst_n (net)
                      4.642534    0.000000    7.115693 ^ _1066_/RESET_B (sky130_fd_sc_hd__dfrtp_2)
                                              7.115693   data arrival time

                      0.150000    0.000000    0.000000   clock clk (rise edge)
                                  0.000000    0.000000   clock network delay (ideal)
                                  0.250000    0.250000   clock uncertainty
                                  0.000000    0.250000   clock reconvergence pessimism
                                              0.250000 ^ _1066_/CLK (sky130_fd_sc_hd__dfrtp_2)
                                  1.938556    2.188556   library removal time
                                              2.188556   data required time
---------------------------------------------------------------------------------------------
                                              2.188556   data required time
                                             -7.115693   data arrival time
---------------------------------------------------------------------------------------------
                                              4.927136   slack (MET)


Startpoint: rst_n (input port clocked by clk)
Endpoint: _1067_ (removal check against rising-edge clock clk)
Path Group: asynchronous
Path Type: min

Fanout         Cap        Slew       Delay        Time   Description
---------------------------------------------------------------------------------------------
                      0.150000    0.000000    0.000000   clock clk (rise edge)
                                  0.000000    0.000000   clock network delay (ideal)
                                  4.000000    4.000000 ^ input external delay
   202    0.659238    4.642534    3.115693    7.115693 ^ rst_n (in)
                                                         rst_n (net)
                      4.642534    0.000000    7.115693 ^ _1067_/RESET_B (sky130_fd_sc_hd__dfrtp_2)
                                              7.115693   data arrival time

                      0.150000    0.000000    0.000000   clock clk (rise edge)
                                  0.000000    0.000000   clock network delay (ideal)
                                  0.250000    0.250000   clock uncertainty
                                  0.000000    0.250000   clock reconvergence pessimism
                                              0.250000 ^ _1067_/CLK (sky130_fd_sc_hd__dfrtp_2)
                                  1.938556    2.188556   library removal time
                                              2.188556   data required time
---------------------------------------------------------------------------------------------
                                              2.188556   data required time
                                             -7.115693   data arrival time
---------------------------------------------------------------------------------------------
                                              4.927136   slack (MET)


Startpoint: rst_n (input port clocked by clk)
Endpoint: _1068_ (removal check against rising-edge clock clk)
Path Group: asynchronous
Path Type: min

Fanout         Cap        Slew       Delay        Time   Description
---------------------------------------------------------------------------------------------
                      0.150000    0.000000    0.000000   clock clk (rise edge)
                                  0.000000    0.000000   clock network delay (ideal)
                                  4.000000    4.000000 ^ input external delay
   202    0.659238    4.642534    3.115693    7.115693 ^ rst_n (in)
                                                         rst_n (net)
                      4.642534    0.000000    7.115693 ^ _1068_/RESET_B (sky130_fd_sc_hd__dfrtp_2)
                                              7.115693   data arrival time

                      0.150000    0.000000    0.000000   clock clk (rise edge)
                                  0.000000    0.000000   clock network delay (ideal)
                                  0.250000    0.250000   clock uncertainty
                                  0.000000    0.250000   clock reconvergence pessimism
                                              0.250000 ^ _1068_/CLK (sky130_fd_sc_hd__dfrtp_2)
                                  1.938556    2.188556   library removal time
                                              2.188556   data required time
---------------------------------------------------------------------------------------------
                                              2.188556   data required time
                                             -7.115693   data arrival time
---------------------------------------------------------------------------------------------
                                              4.927136   slack (MET)


Startpoint: rst_n (input port clocked by clk)
Endpoint: _1069_ (removal check against rising-edge clock clk)
Path Group: asynchronous
Path Type: min

Fanout         Cap        Slew       Delay        Time   Description
---------------------------------------------------------------------------------------------
                      0.150000    0.000000    0.000000   clock clk (rise edge)
                                  0.000000    0.000000   clock network delay (ideal)
                                  4.000000    4.000000 ^ input external delay
   202    0.659238    4.642534    3.115693    7.115693 ^ rst_n (in)
                                                         rst_n (net)
                      4.642534    0.000000    7.115693 ^ _1069_/RESET_B (sky130_fd_sc_hd__dfrtp_2)
                                              7.115693   data arrival time

                      0.150000    0.000000    0.000000   clock clk (rise edge)
                                  0.000000    0.000000   clock network delay (ideal)
                                  0.250000    0.250000   clock uncertainty
                                  0.000000    0.250000   clock reconvergence pessimism
                                              0.250000 ^ _1069_/CLK (sky130_fd_sc_hd__dfrtp_2)
                                  1.938556    2.188556   library removal time
                                              2.188556   data required time
---------------------------------------------------------------------------------------------
                                              2.188556   data required time
                                             -7.115693   data arrival time
---------------------------------------------------------------------------------------------
                                              4.927136   slack (MET)


Startpoint: rst_n (input port clocked by clk)
Endpoint: _1073_ (removal check against rising-edge clock clk)
Path Group: asynchronous
Path Type: min

Fanout         Cap        Slew       Delay        Time   Description
---------------------------------------------------------------------------------------------
                      0.150000    0.000000    0.000000   clock clk (rise edge)
                                  0.000000    0.000000   clock network delay (ideal)
                                  4.000000    4.000000 ^ input external delay
   202    0.659238    4.642534    3.115693    7.115693 ^ rst_n (in)
                                                         rst_n (net)
                      4.642534    0.000000    7.115693 ^ _1073_/RESET_B (sky130_fd_sc_hd__dfrtp_2)
                                              7.115693   data arrival time

                      0.150000    0.000000    0.000000   clock clk (rise edge)
                                  0.000000    0.000000   clock network delay (ideal)
                                  0.250000    0.250000   clock uncertainty
                                  0.000000    0.250000   clock reconvergence pessimism
                                              0.250000 ^ _1073_/CLK (sky130_fd_sc_hd__dfrtp_2)
                                  1.938556    2.188556   library removal time
                                              2.188556   data required time
---------------------------------------------------------------------------------------------
                                              2.188556   data required time
                                             -7.115693   data arrival time
---------------------------------------------------------------------------------------------
                                              4.927136   slack (MET)


Startpoint: rst_n (input port clocked by clk)
Endpoint: _1074_ (removal check against rising-edge clock clk)
Path Group: asynchronous
Path Type: min

Fanout         Cap        Slew       Delay        Time   Description
---------------------------------------------------------------------------------------------
                      0.150000    0.000000    0.000000   clock clk (rise edge)
                                  0.000000    0.000000   clock network delay (ideal)
                                  4.000000    4.000000 ^ input external delay
   202    0.659238    4.642534    3.115693    7.115693 ^ rst_n (in)
                                                         rst_n (net)
                      4.642534    0.000000    7.115693 ^ _1074_/RESET_B (sky130_fd_sc_hd__dfrtp_2)
                                              7.115693   data arrival time

                      0.150000    0.000000    0.000000   clock clk (rise edge)
                                  0.000000    0.000000   clock network delay (ideal)
                                  0.250000    0.250000   clock uncertainty
                                  0.000000    0.250000   clock reconvergence pessimism
                                              0.250000 ^ _1074_/CLK (sky130_fd_sc_hd__dfrtp_2)
                                  1.938556    2.188556   library removal time
                                              2.188556   data required time
---------------------------------------------------------------------------------------------
                                              2.188556   data required time
                                             -7.115693   data arrival time
---------------------------------------------------------------------------------------------
                                              4.927136   slack (MET)


Startpoint: rst_n (input port clocked by clk)
Endpoint: _1075_ (removal check against rising-edge clock clk)
Path Group: asynchronous
Path Type: min

Fanout         Cap        Slew       Delay        Time   Description
---------------------------------------------------------------------------------------------
                      0.150000    0.000000    0.000000   clock clk (rise edge)
                                  0.000000    0.000000   clock network delay (ideal)
                                  4.000000    4.000000 ^ input external delay
   202    0.659238    4.642534    3.115693    7.115693 ^ rst_n (in)
                                                         rst_n (net)
                      4.642534    0.000000    7.115693 ^ _1075_/RESET_B (sky130_fd_sc_hd__dfrtp_2)
                                              7.115693   data arrival time

                      0.150000    0.000000    0.000000   clock clk (rise edge)
                                  0.000000    0.000000   clock network delay (ideal)
                                  0.250000    0.250000   clock uncertainty
                                  0.000000    0.250000   clock reconvergence pessimism
                                              0.250000 ^ _1075_/CLK (sky130_fd_sc_hd__dfrtp_2)
                                  1.938556    2.188556   library removal time
                                              2.188556   data required time
---------------------------------------------------------------------------------------------
                                              2.188556   data required time
                                             -7.115693   data arrival time
---------------------------------------------------------------------------------------------
                                              4.927136   slack (MET)


Startpoint: rst_n (input port clocked by clk)
Endpoint: _1076_ (removal check against rising-edge clock clk)
Path Group: asynchronous
Path Type: min

Fanout         Cap        Slew       Delay        Time   Description
---------------------------------------------------------------------------------------------
                      0.150000    0.000000    0.000000   clock clk (rise edge)
                                  0.000000    0.000000   clock network delay (ideal)
                                  4.000000    4.000000 ^ input external delay
   202    0.659238    4.642534    3.115693    7.115693 ^ rst_n (in)
                                                         rst_n (net)
                      4.642534    0.000000    7.115693 ^ _1076_/RESET_B (sky130_fd_sc_hd__dfrtp_2)
                                              7.115693   data arrival time

                      0.150000    0.000000    0.000000   clock clk (rise edge)
                                  0.000000    0.000000   clock network delay (ideal)
                                  0.250000    0.250000   clock uncertainty
                                  0.000000    0.250000   clock reconvergence pessimism
                                              0.250000 ^ _1076_/CLK (sky130_fd_sc_hd__dfrtp_2)
                                  1.938556    2.188556   library removal time
                                              2.188556   data required time
---------------------------------------------------------------------------------------------
                                              2.188556   data required time
                                             -7.115693   data arrival time
---------------------------------------------------------------------------------------------
                                              4.927136   slack (MET)


Startpoint: rst_n (input port clocked by clk)
Endpoint: _1077_ (removal check against rising-edge clock clk)
Path Group: asynchronous
Path Type: min

Fanout         Cap        Slew       Delay        Time   Description
---------------------------------------------------------------------------------------------
                      0.150000    0.000000    0.000000   clock clk (rise edge)
                                  0.000000    0.000000   clock network delay (ideal)
                                  4.000000    4.000000 ^ input external delay
   202    0.659238    4.642534    3.115693    7.115693 ^ rst_n (in)
                                                         rst_n (net)
                      4.642534    0.000000    7.115693 ^ _1077_/RESET_B (sky130_fd_sc_hd__dfrtp_2)
                                              7.115693   data arrival time

                      0.150000    0.000000    0.000000   clock clk (rise edge)
                                  0.000000    0.000000   clock network delay (ideal)
                                  0.250000    0.250000   clock uncertainty
                                  0.000000    0.250000   clock reconvergence pessimism
                                              0.250000 ^ _1077_/CLK (sky130_fd_sc_hd__dfrtp_2)
                                  1.938556    2.188556   library removal time
                                              2.188556   data required time
---------------------------------------------------------------------------------------------
                                              2.188556   data required time
                                             -7.115693   data arrival time
---------------------------------------------------------------------------------------------
                                              4.927136   slack (MET)


Startpoint: rst_n (input port clocked by clk)
Endpoint: _1078_ (removal check against rising-edge clock clk)
Path Group: asynchronous
Path Type: min

Fanout         Cap        Slew       Delay        Time   Description
---------------------------------------------------------------------------------------------
                      0.150000    0.000000    0.000000   clock clk (rise edge)
                                  0.000000    0.000000   clock network delay (ideal)
                                  4.000000    4.000000 ^ input external delay
   202    0.659238    4.642534    3.115693    7.115693 ^ rst_n (in)
                                                         rst_n (net)
                      4.642534    0.000000    7.115693 ^ _1078_/RESET_B (sky130_fd_sc_hd__dfrtp_2)
                                              7.115693   data arrival time

                      0.150000    0.000000    0.000000   clock clk (rise edge)
                                  0.000000    0.000000   clock network delay (ideal)
                                  0.250000    0.250000   clock uncertainty
                                  0.000000    0.250000   clock reconvergence pessimism
                                              0.250000 ^ _1078_/CLK (sky130_fd_sc_hd__dfrtp_2)
                                  1.938556    2.188556   library removal time
                                              2.188556   data required time
---------------------------------------------------------------------------------------------
                                              2.188556   data required time
                                             -7.115693   data arrival time
---------------------------------------------------------------------------------------------
                                              4.927136   slack (MET)


Startpoint: rst_n (input port clocked by clk)
Endpoint: _1079_ (removal check against rising-edge clock clk)
Path Group: asynchronous
Path Type: min

Fanout         Cap        Slew       Delay        Time   Description
---------------------------------------------------------------------------------------------
                      0.150000    0.000000    0.000000   clock clk (rise edge)
                                  0.000000    0.000000   clock network delay (ideal)
                                  4.000000    4.000000 ^ input external delay
   202    0.659238    4.642534    3.115693    7.115693 ^ rst_n (in)
                                                         rst_n (net)
                      4.642534    0.000000    7.115693 ^ _1079_/RESET_B (sky130_fd_sc_hd__dfrtp_2)
                                              7.115693   data arrival time

                      0.150000    0.000000    0.000000   clock clk (rise edge)
                                  0.000000    0.000000   clock network delay (ideal)
                                  0.250000    0.250000   clock uncertainty
                                  0.000000    0.250000   clock reconvergence pessimism
                                              0.250000 ^ _1079_/CLK (sky130_fd_sc_hd__dfrtp_2)
                                  1.938556    2.188556   library removal time
                                              2.188556   data required time
---------------------------------------------------------------------------------------------
                                              2.188556   data required time
                                             -7.115693   data arrival time
---------------------------------------------------------------------------------------------
                                              4.927136   slack (MET)


Startpoint: rst_n (input port clocked by clk)
Endpoint: _1080_ (removal check against rising-edge clock clk)
Path Group: asynchronous
Path Type: min

Fanout         Cap        Slew       Delay        Time   Description
---------------------------------------------------------------------------------------------
                      0.150000    0.000000    0.000000   clock clk (rise edge)
                                  0.000000    0.000000   clock network delay (ideal)
                                  4.000000    4.000000 ^ input external delay
   202    0.659238    4.642534    3.115693    7.115693 ^ rst_n (in)
                                                         rst_n (net)
                      4.642534    0.000000    7.115693 ^ _1080_/RESET_B (sky130_fd_sc_hd__dfrtp_2)
                                              7.115693   data arrival time

                      0.150000    0.000000    0.000000   clock clk (rise edge)
                                  0.000000    0.000000   clock network delay (ideal)
                                  0.250000    0.250000   clock uncertainty
                                  0.000000    0.250000   clock reconvergence pessimism
                                              0.250000 ^ _1080_/CLK (sky130_fd_sc_hd__dfrtp_2)
                                  1.938556    2.188556   library removal time
                                              2.188556   data required time
---------------------------------------------------------------------------------------------
                                              2.188556   data required time
                                             -7.115693   data arrival time
---------------------------------------------------------------------------------------------
                                              4.927136   slack (MET)


Startpoint: rst_n (input port clocked by clk)
Endpoint: _1082_ (removal check against rising-edge clock clk)
Path Group: asynchronous
Path Type: min

Fanout         Cap        Slew       Delay        Time   Description
---------------------------------------------------------------------------------------------
                      0.150000    0.000000    0.000000   clock clk (rise edge)
                                  0.000000    0.000000   clock network delay (ideal)
                                  4.000000    4.000000 ^ input external delay
   202    0.659238    4.642534    3.115693    7.115693 ^ rst_n (in)
                                                         rst_n (net)
                      4.642534    0.000000    7.115693 ^ _1082_/RESET_B (sky130_fd_sc_hd__dfrtp_2)
                                              7.115693   data arrival time

                      0.150000    0.000000    0.000000   clock clk (rise edge)
                                  0.000000    0.000000   clock network delay (ideal)
                                  0.250000    0.250000   clock uncertainty
                                  0.000000    0.250000   clock reconvergence pessimism
                                              0.250000 ^ _1082_/CLK (sky130_fd_sc_hd__dfrtp_2)
                                  1.938556    2.188556   library removal time
                                              2.188556   data required time
---------------------------------------------------------------------------------------------
                                              2.188556   data required time
                                             -7.115693   data arrival time
---------------------------------------------------------------------------------------------
                                              4.927136   slack (MET)


Startpoint: rst_n (input port clocked by clk)
Endpoint: _1083_ (removal check against rising-edge clock clk)
Path Group: asynchronous
Path Type: min

Fanout         Cap        Slew       Delay        Time   Description
---------------------------------------------------------------------------------------------
                      0.150000    0.000000    0.000000   clock clk (rise edge)
                                  0.000000    0.000000   clock network delay (ideal)
                                  4.000000    4.000000 ^ input external delay
   202    0.659238    4.642534    3.115693    7.115693 ^ rst_n (in)
                                                         rst_n (net)
                      4.642534    0.000000    7.115693 ^ _1083_/RESET_B (sky130_fd_sc_hd__dfrtp_2)
                                              7.115693   data arrival time

                      0.150000    0.000000    0.000000   clock clk (rise edge)
                                  0.000000    0.000000   clock network delay (ideal)
                                  0.250000    0.250000   clock uncertainty
                                  0.000000    0.250000   clock reconvergence pessimism
                                              0.250000 ^ _1083_/CLK (sky130_fd_sc_hd__dfrtp_2)
                                  1.938556    2.188556   library removal time
                                              2.188556   data required time
---------------------------------------------------------------------------------------------
                                              2.188556   data required time
                                             -7.115693   data arrival time
---------------------------------------------------------------------------------------------
                                              4.927136   slack (MET)


Startpoint: rst_n (input port clocked by clk)
Endpoint: _1084_ (removal check against rising-edge clock clk)
Path Group: asynchronous
Path Type: min

Fanout         Cap        Slew       Delay        Time   Description
---------------------------------------------------------------------------------------------
                      0.150000    0.000000    0.000000   clock clk (rise edge)
                                  0.000000    0.000000   clock network delay (ideal)
                                  4.000000    4.000000 ^ input external delay
   202    0.659238    4.642534    3.115693    7.115693 ^ rst_n (in)
                                                         rst_n (net)
                      4.642534    0.000000    7.115693 ^ _1084_/RESET_B (sky130_fd_sc_hd__dfrtp_2)
                                              7.115693   data arrival time

                      0.150000    0.000000    0.000000   clock clk (rise edge)
                                  0.000000    0.000000   clock network delay (ideal)
                                  0.250000    0.250000   clock uncertainty
                                  0.000000    0.250000   clock reconvergence pessimism
                                              0.250000 ^ _1084_/CLK (sky130_fd_sc_hd__dfrtp_2)
                                  1.938556    2.188556   library removal time
                                              2.188556   data required time
---------------------------------------------------------------------------------------------
                                              2.188556   data required time
                                             -7.115693   data arrival time
---------------------------------------------------------------------------------------------
                                              4.927136   slack (MET)


Startpoint: rst_n (input port clocked by clk)
Endpoint: _1085_ (removal check against rising-edge clock clk)
Path Group: asynchronous
Path Type: min

Fanout         Cap        Slew       Delay        Time   Description
---------------------------------------------------------------------------------------------
                      0.150000    0.000000    0.000000   clock clk (rise edge)
                                  0.000000    0.000000   clock network delay (ideal)
                                  4.000000    4.000000 ^ input external delay
   202    0.659238    4.642534    3.115693    7.115693 ^ rst_n (in)
                                                         rst_n (net)
                      4.642534    0.000000    7.115693 ^ _1085_/RESET_B (sky130_fd_sc_hd__dfrtp_2)
                                              7.115693   data arrival time

                      0.150000    0.000000    0.000000   clock clk (rise edge)
                                  0.000000    0.000000   clock network delay (ideal)
                                  0.250000    0.250000   clock uncertainty
                                  0.000000    0.250000   clock reconvergence pessimism
                                              0.250000 ^ _1085_/CLK (sky130_fd_sc_hd__dfrtp_2)
                                  1.938556    2.188556   library removal time
                                              2.188556   data required time
---------------------------------------------------------------------------------------------
                                              2.188556   data required time
                                             -7.115693   data arrival time
---------------------------------------------------------------------------------------------
                                              4.927136   slack (MET)


Startpoint: rst_n (input port clocked by clk)
Endpoint: _1086_ (removal check against rising-edge clock clk)
Path Group: asynchronous
Path Type: min

Fanout         Cap        Slew       Delay        Time   Description
---------------------------------------------------------------------------------------------
                      0.150000    0.000000    0.000000   clock clk (rise edge)
                                  0.000000    0.000000   clock network delay (ideal)
                                  4.000000    4.000000 ^ input external delay
   202    0.659238    4.642534    3.115693    7.115693 ^ rst_n (in)
                                                         rst_n (net)
                      4.642534    0.000000    7.115693 ^ _1086_/RESET_B (sky130_fd_sc_hd__dfrtp_2)
                                              7.115693   data arrival time

                      0.150000    0.000000    0.000000   clock clk (rise edge)
                                  0.000000    0.000000   clock network delay (ideal)
                                  0.250000    0.250000   clock uncertainty
                                  0.000000    0.250000   clock reconvergence pessimism
                                              0.250000 ^ _1086_/CLK (sky130_fd_sc_hd__dfrtp_2)
                                  1.938556    2.188556   library removal time
                                              2.188556   data required time
---------------------------------------------------------------------------------------------
                                              2.188556   data required time
                                             -7.115693   data arrival time
---------------------------------------------------------------------------------------------
                                              4.927136   slack (MET)


Startpoint: rst_n (input port clocked by clk)
Endpoint: _1087_ (removal check against rising-edge clock clk)
Path Group: asynchronous
Path Type: min

Fanout         Cap        Slew       Delay        Time   Description
---------------------------------------------------------------------------------------------
                      0.150000    0.000000    0.000000   clock clk (rise edge)
                                  0.000000    0.000000   clock network delay (ideal)
                                  4.000000    4.000000 ^ input external delay
   202    0.659238    4.642534    3.115693    7.115693 ^ rst_n (in)
                                                         rst_n (net)
                      4.642534    0.000000    7.115693 ^ _1087_/RESET_B (sky130_fd_sc_hd__dfrtp_2)
                                              7.115693   data arrival time

                      0.150000    0.000000    0.000000   clock clk (rise edge)
                                  0.000000    0.000000   clock network delay (ideal)
                                  0.250000    0.250000   clock uncertainty
                                  0.000000    0.250000   clock reconvergence pessimism
                                              0.250000 ^ _1087_/CLK (sky130_fd_sc_hd__dfrtp_2)
                                  1.938556    2.188556   library removal time
                                              2.188556   data required time
---------------------------------------------------------------------------------------------
                                              2.188556   data required time
                                             -7.115693   data arrival time
---------------------------------------------------------------------------------------------
                                              4.927136   slack (MET)


Startpoint: rst_n (input port clocked by clk)
Endpoint: _1088_ (removal check against rising-edge clock clk)
Path Group: asynchronous
Path Type: min

Fanout         Cap        Slew       Delay        Time   Description
---------------------------------------------------------------------------------------------
                      0.150000    0.000000    0.000000   clock clk (rise edge)
                                  0.000000    0.000000   clock network delay (ideal)
                                  4.000000    4.000000 ^ input external delay
   202    0.659238    4.642534    3.115693    7.115693 ^ rst_n (in)
                                                         rst_n (net)
                      4.642534    0.000000    7.115693 ^ _1088_/RESET_B (sky130_fd_sc_hd__dfrtp_2)
                                              7.115693   data arrival time

                      0.150000    0.000000    0.000000   clock clk (rise edge)
                                  0.000000    0.000000   clock network delay (ideal)
                                  0.250000    0.250000   clock uncertainty
                                  0.000000    0.250000   clock reconvergence pessimism
                                              0.250000 ^ _1088_/CLK (sky130_fd_sc_hd__dfrtp_2)
                                  1.938556    2.188556   library removal time
                                              2.188556   data required time
---------------------------------------------------------------------------------------------
                                              2.188556   data required time
                                             -7.115693   data arrival time
---------------------------------------------------------------------------------------------
                                              4.927136   slack (MET)


Startpoint: rst_n (input port clocked by clk)
Endpoint: _1089_ (removal check against rising-edge clock clk)
Path Group: asynchronous
Path Type: min

Fanout         Cap        Slew       Delay        Time   Description
---------------------------------------------------------------------------------------------
                      0.150000    0.000000    0.000000   clock clk (rise edge)
                                  0.000000    0.000000   clock network delay (ideal)
                                  4.000000    4.000000 ^ input external delay
   202    0.659238    4.642534    3.115693    7.115693 ^ rst_n (in)
                                                         rst_n (net)
                      4.642534    0.000000    7.115693 ^ _1089_/RESET_B (sky130_fd_sc_hd__dfrtp_2)
                                              7.115693   data arrival time

                      0.150000    0.000000    0.000000   clock clk (rise edge)
                                  0.000000    0.000000   clock network delay (ideal)
                                  0.250000    0.250000   clock uncertainty
                                  0.000000    0.250000   clock reconvergence pessimism
                                              0.250000 ^ _1089_/CLK (sky130_fd_sc_hd__dfrtp_2)
                                  1.938556    2.188556   library removal time
                                              2.188556   data required time
---------------------------------------------------------------------------------------------
                                              2.188556   data required time
                                             -7.115693   data arrival time
---------------------------------------------------------------------------------------------
                                              4.927136   slack (MET)


Startpoint: rst_n (input port clocked by clk)
Endpoint: _1090_ (removal check against rising-edge clock clk)
Path Group: asynchronous
Path Type: min

Fanout         Cap        Slew       Delay        Time   Description
---------------------------------------------------------------------------------------------
                      0.150000    0.000000    0.000000   clock clk (rise edge)
                                  0.000000    0.000000   clock network delay (ideal)
                                  4.000000    4.000000 ^ input external delay
   202    0.659238    4.642534    3.115693    7.115693 ^ rst_n (in)
                                                         rst_n (net)
                      4.642534    0.000000    7.115693 ^ _1090_/RESET_B (sky130_fd_sc_hd__dfrtp_2)
                                              7.115693   data arrival time

                      0.150000    0.000000    0.000000   clock clk (rise edge)
                                  0.000000    0.000000   clock network delay (ideal)
                                  0.250000    0.250000   clock uncertainty
                                  0.000000    0.250000   clock reconvergence pessimism
                                              0.250000 ^ _1090_/CLK (sky130_fd_sc_hd__dfrtp_2)
                                  1.938556    2.188556   library removal time
                                              2.188556   data required time
---------------------------------------------------------------------------------------------
                                              2.188556   data required time
                                             -7.115693   data arrival time
---------------------------------------------------------------------------------------------
                                              4.927136   slack (MET)


Startpoint: rst_n (input port clocked by clk)
Endpoint: _1091_ (removal check against rising-edge clock clk)
Path Group: asynchronous
Path Type: min

Fanout         Cap        Slew       Delay        Time   Description
---------------------------------------------------------------------------------------------
                      0.150000    0.000000    0.000000   clock clk (rise edge)
                                  0.000000    0.000000   clock network delay (ideal)
                                  4.000000    4.000000 ^ input external delay
   202    0.659238    4.642534    3.115693    7.115693 ^ rst_n (in)
                                                         rst_n (net)
                      4.642534    0.000000    7.115693 ^ _1091_/RESET_B (sky130_fd_sc_hd__dfrtp_2)
                                              7.115693   data arrival time

                      0.150000    0.000000    0.000000   clock clk (rise edge)
                                  0.000000    0.000000   clock network delay (ideal)
                                  0.250000    0.250000   clock uncertainty
                                  0.000000    0.250000   clock reconvergence pessimism
                                              0.250000 ^ _1091_/CLK (sky130_fd_sc_hd__dfrtp_2)
                                  1.938556    2.188556   library removal time
                                              2.188556   data required time
---------------------------------------------------------------------------------------------
                                              2.188556   data required time
                                             -7.115693   data arrival time
---------------------------------------------------------------------------------------------
                                              4.927136   slack (MET)


Startpoint: rst_n (input port clocked by clk)
Endpoint: _1092_ (removal check against rising-edge clock clk)
Path Group: asynchronous
Path Type: min

Fanout         Cap        Slew       Delay        Time   Description
---------------------------------------------------------------------------------------------
                      0.150000    0.000000    0.000000   clock clk (rise edge)
                                  0.000000    0.000000   clock network delay (ideal)
                                  4.000000    4.000000 ^ input external delay
   202    0.659238    4.642534    3.115693    7.115693 ^ rst_n (in)
                                                         rst_n (net)
                      4.642534    0.000000    7.115693 ^ _1092_/RESET_B (sky130_fd_sc_hd__dfrtp_2)
                                              7.115693   data arrival time

                      0.150000    0.000000    0.000000   clock clk (rise edge)
                                  0.000000    0.000000   clock network delay (ideal)
                                  0.250000    0.250000   clock uncertainty
                                  0.000000    0.250000   clock reconvergence pessimism
                                              0.250000 ^ _1092_/CLK (sky130_fd_sc_hd__dfrtp_2)
                                  1.938556    2.188556   library removal time
                                              2.188556   data required time
---------------------------------------------------------------------------------------------
                                              2.188556   data required time
                                             -7.115693   data arrival time
---------------------------------------------------------------------------------------------
                                              4.927136   slack (MET)


Startpoint: rst_n (input port clocked by clk)
Endpoint: _1093_ (removal check against rising-edge clock clk)
Path Group: asynchronous
Path Type: min

Fanout         Cap        Slew       Delay        Time   Description
---------------------------------------------------------------------------------------------
                      0.150000    0.000000    0.000000   clock clk (rise edge)
                                  0.000000    0.000000   clock network delay (ideal)
                                  4.000000    4.000000 ^ input external delay
   202    0.659238    4.642534    3.115693    7.115693 ^ rst_n (in)
                                                         rst_n (net)
                      4.642534    0.000000    7.115693 ^ _1093_/RESET_B (sky130_fd_sc_hd__dfrtp_2)
                                              7.115693   data arrival time

                      0.150000    0.000000    0.000000   clock clk (rise edge)
                                  0.000000    0.000000   clock network delay (ideal)
                                  0.250000    0.250000   clock uncertainty
                                  0.000000    0.250000   clock reconvergence pessimism
                                              0.250000 ^ _1093_/CLK (sky130_fd_sc_hd__dfrtp_2)
                                  1.938556    2.188556   library removal time
                                              2.188556   data required time
---------------------------------------------------------------------------------------------
                                              2.188556   data required time
                                             -7.115693   data arrival time
---------------------------------------------------------------------------------------------
                                              4.927136   slack (MET)


Startpoint: rst_n (input port clocked by clk)
Endpoint: _1094_ (removal check against rising-edge clock clk)
Path Group: asynchronous
Path Type: min

Fanout         Cap        Slew       Delay        Time   Description
---------------------------------------------------------------------------------------------
                      0.150000    0.000000    0.000000   clock clk (rise edge)
                                  0.000000    0.000000   clock network delay (ideal)
                                  4.000000    4.000000 ^ input external delay
   202    0.659238    4.642534    3.115693    7.115693 ^ rst_n (in)
                                                         rst_n (net)
                      4.642534    0.000000    7.115693 ^ _1094_/RESET_B (sky130_fd_sc_hd__dfrtp_2)
                                              7.115693   data arrival time

                      0.150000    0.000000    0.000000   clock clk (rise edge)
                                  0.000000    0.000000   clock network delay (ideal)
                                  0.250000    0.250000   clock uncertainty
                                  0.000000    0.250000   clock reconvergence pessimism
                                              0.250000 ^ _1094_/CLK (sky130_fd_sc_hd__dfrtp_2)
                                  1.938556    2.188556   library removal time
                                              2.188556   data required time
---------------------------------------------------------------------------------------------
                                              2.188556   data required time
                                             -7.115693   data arrival time
---------------------------------------------------------------------------------------------
                                              4.927136   slack (MET)


Startpoint: rst_n (input port clocked by clk)
Endpoint: _1095_ (removal check against rising-edge clock clk)
Path Group: asynchronous
Path Type: min

Fanout         Cap        Slew       Delay        Time   Description
---------------------------------------------------------------------------------------------
                      0.150000    0.000000    0.000000   clock clk (rise edge)
                                  0.000000    0.000000   clock network delay (ideal)
                                  4.000000    4.000000 ^ input external delay
   202    0.659238    4.642534    3.115693    7.115693 ^ rst_n (in)
                                                         rst_n (net)
                      4.642534    0.000000    7.115693 ^ _1095_/RESET_B (sky130_fd_sc_hd__dfrtp_2)
                                              7.115693   data arrival time

                      0.150000    0.000000    0.000000   clock clk (rise edge)
                                  0.000000    0.000000   clock network delay (ideal)
                                  0.250000    0.250000   clock uncertainty
                                  0.000000    0.250000   clock reconvergence pessimism
                                              0.250000 ^ _1095_/CLK (sky130_fd_sc_hd__dfrtp_2)
                                  1.938556    2.188556   library removal time
                                              2.188556   data required time
---------------------------------------------------------------------------------------------
                                              2.188556   data required time
                                             -7.115693   data arrival time
---------------------------------------------------------------------------------------------
                                              4.927136   slack (MET)


Startpoint: rst_n (input port clocked by clk)
Endpoint: _1096_ (removal check against rising-edge clock clk)
Path Group: asynchronous
Path Type: min

Fanout         Cap        Slew       Delay        Time   Description
---------------------------------------------------------------------------------------------
                      0.150000    0.000000    0.000000   clock clk (rise edge)
                                  0.000000    0.000000   clock network delay (ideal)
                                  4.000000    4.000000 ^ input external delay
   202    0.659238    4.642534    3.115693    7.115693 ^ rst_n (in)
                                                         rst_n (net)
                      4.642534    0.000000    7.115693 ^ _1096_/RESET_B (sky130_fd_sc_hd__dfrtp_2)
                                              7.115693   data arrival time

                      0.150000    0.000000    0.000000   clock clk (rise edge)
                                  0.000000    0.000000   clock network delay (ideal)
                                  0.250000    0.250000   clock uncertainty
                                  0.000000    0.250000   clock reconvergence pessimism
                                              0.250000 ^ _1096_/CLK (sky130_fd_sc_hd__dfrtp_2)
                                  1.938556    2.188556   library removal time
                                              2.188556   data required time
---------------------------------------------------------------------------------------------
                                              2.188556   data required time
                                             -7.115693   data arrival time
---------------------------------------------------------------------------------------------
                                              4.927136   slack (MET)


Startpoint: rst_n (input port clocked by clk)
Endpoint: _1097_ (removal check against rising-edge clock clk)
Path Group: asynchronous
Path Type: min

Fanout         Cap        Slew       Delay        Time   Description
---------------------------------------------------------------------------------------------
                      0.150000    0.000000    0.000000   clock clk (rise edge)
                                  0.000000    0.000000   clock network delay (ideal)
                                  4.000000    4.000000 ^ input external delay
   202    0.659238    4.642534    3.115693    7.115693 ^ rst_n (in)
                                                         rst_n (net)
                      4.642534    0.000000    7.115693 ^ _1097_/RESET_B (sky130_fd_sc_hd__dfrtp_2)
                                              7.115693   data arrival time

                      0.150000    0.000000    0.000000   clock clk (rise edge)
                                  0.000000    0.000000   clock network delay (ideal)
                                  0.250000    0.250000   clock uncertainty
                                  0.000000    0.250000   clock reconvergence pessimism
                                              0.250000 ^ _1097_/CLK (sky130_fd_sc_hd__dfrtp_2)
                                  1.938556    2.188556   library removal time
                                              2.188556   data required time
---------------------------------------------------------------------------------------------
                                              2.188556   data required time
                                             -7.115693   data arrival time
---------------------------------------------------------------------------------------------
                                              4.927136   slack (MET)


Startpoint: rst_n (input port clocked by clk)
Endpoint: _1098_ (removal check against rising-edge clock clk)
Path Group: asynchronous
Path Type: min

Fanout         Cap        Slew       Delay        Time   Description
---------------------------------------------------------------------------------------------
                      0.150000    0.000000    0.000000   clock clk (rise edge)
                                  0.000000    0.000000   clock network delay (ideal)
                                  4.000000    4.000000 ^ input external delay
   202    0.659238    4.642534    3.115693    7.115693 ^ rst_n (in)
                                                         rst_n (net)
                      4.642534    0.000000    7.115693 ^ _1098_/RESET_B (sky130_fd_sc_hd__dfrtp_2)
                                              7.115693   data arrival time

                      0.150000    0.000000    0.000000   clock clk (rise edge)
                                  0.000000    0.000000   clock network delay (ideal)
                                  0.250000    0.250000   clock uncertainty
                                  0.000000    0.250000   clock reconvergence pessimism
                                              0.250000 ^ _1098_/CLK (sky130_fd_sc_hd__dfrtp_2)
                                  1.938556    2.188556   library removal time
                                              2.188556   data required time
---------------------------------------------------------------------------------------------
                                              2.188556   data required time
                                             -7.115693   data arrival time
---------------------------------------------------------------------------------------------
                                              4.927136   slack (MET)


Startpoint: rst_n (input port clocked by clk)
Endpoint: _1099_ (removal check against rising-edge clock clk)
Path Group: asynchronous
Path Type: min

Fanout         Cap        Slew       Delay        Time   Description
---------------------------------------------------------------------------------------------
                      0.150000    0.000000    0.000000   clock clk (rise edge)
                                  0.000000    0.000000   clock network delay (ideal)
                                  4.000000    4.000000 ^ input external delay
   202    0.659238    4.642534    3.115693    7.115693 ^ rst_n (in)
                                                         rst_n (net)
                      4.642534    0.000000    7.115693 ^ _1099_/RESET_B (sky130_fd_sc_hd__dfrtp_2)
                                              7.115693   data arrival time

                      0.150000    0.000000    0.000000   clock clk (rise edge)
                                  0.000000    0.000000   clock network delay (ideal)
                                  0.250000    0.250000   clock uncertainty
                                  0.000000    0.250000   clock reconvergence pessimism
                                              0.250000 ^ _1099_/CLK (sky130_fd_sc_hd__dfrtp_2)
                                  1.938556    2.188556   library removal time
                                              2.188556   data required time
---------------------------------------------------------------------------------------------
                                              2.188556   data required time
                                             -7.115693   data arrival time
---------------------------------------------------------------------------------------------
                                              4.927136   slack (MET)


Startpoint: rst_n (input port clocked by clk)
Endpoint: _1100_ (removal check against rising-edge clock clk)
Path Group: asynchronous
Path Type: min

Fanout         Cap        Slew       Delay        Time   Description
---------------------------------------------------------------------------------------------
                      0.150000    0.000000    0.000000   clock clk (rise edge)
                                  0.000000    0.000000   clock network delay (ideal)
                                  4.000000    4.000000 ^ input external delay
   202    0.659238    4.642534    3.115693    7.115693 ^ rst_n (in)
                                                         rst_n (net)
                      4.642534    0.000000    7.115693 ^ _1100_/RESET_B (sky130_fd_sc_hd__dfrtp_2)
                                              7.115693   data arrival time

                      0.150000    0.000000    0.000000   clock clk (rise edge)
                                  0.000000    0.000000   clock network delay (ideal)
                                  0.250000    0.250000   clock uncertainty
                                  0.000000    0.250000   clock reconvergence pessimism
                                              0.250000 ^ _1100_/CLK (sky130_fd_sc_hd__dfrtp_2)
                                  1.938556    2.188556   library removal time
                                              2.188556   data required time
---------------------------------------------------------------------------------------------
                                              2.188556   data required time
                                             -7.115693   data arrival time
---------------------------------------------------------------------------------------------
                                              4.927136   slack (MET)


Startpoint: rst_n (input port clocked by clk)
Endpoint: _1101_ (removal check against rising-edge clock clk)
Path Group: asynchronous
Path Type: min

Fanout         Cap        Slew       Delay        Time   Description
---------------------------------------------------------------------------------------------
                      0.150000    0.000000    0.000000   clock clk (rise edge)
                                  0.000000    0.000000   clock network delay (ideal)
                                  4.000000    4.000000 ^ input external delay
   202    0.659238    4.642534    3.115693    7.115693 ^ rst_n (in)
                                                         rst_n (net)
                      4.642534    0.000000    7.115693 ^ _1101_/RESET_B (sky130_fd_sc_hd__dfrtp_2)
                                              7.115693   data arrival time

                      0.150000    0.000000    0.000000   clock clk (rise edge)
                                  0.000000    0.000000   clock network delay (ideal)
                                  0.250000    0.250000   clock uncertainty
                                  0.000000    0.250000   clock reconvergence pessimism
                                              0.250000 ^ _1101_/CLK (sky130_fd_sc_hd__dfrtp_2)
                                  1.938556    2.188556   library removal time
                                              2.188556   data required time
---------------------------------------------------------------------------------------------
                                              2.188556   data required time
                                             -7.115693   data arrival time
---------------------------------------------------------------------------------------------
                                              4.927136   slack (MET)


Startpoint: rst_n (input port clocked by clk)
Endpoint: _1102_ (removal check against rising-edge clock clk)
Path Group: asynchronous
Path Type: min

Fanout         Cap        Slew       Delay        Time   Description
---------------------------------------------------------------------------------------------
                      0.150000    0.000000    0.000000   clock clk (rise edge)
                                  0.000000    0.000000   clock network delay (ideal)
                                  4.000000    4.000000 ^ input external delay
   202    0.659238    4.642534    3.115693    7.115693 ^ rst_n (in)
                                                         rst_n (net)
                      4.642534    0.000000    7.115693 ^ _1102_/RESET_B (sky130_fd_sc_hd__dfrtp_2)
                                              7.115693   data arrival time

                      0.150000    0.000000    0.000000   clock clk (rise edge)
                                  0.000000    0.000000   clock network delay (ideal)
                                  0.250000    0.250000   clock uncertainty
                                  0.000000    0.250000   clock reconvergence pessimism
                                              0.250000 ^ _1102_/CLK (sky130_fd_sc_hd__dfrtp_2)
                                  1.938556    2.188556   library removal time
                                              2.188556   data required time
---------------------------------------------------------------------------------------------
                                              2.188556   data required time
                                             -7.115693   data arrival time
---------------------------------------------------------------------------------------------
                                              4.927136   slack (MET)


Startpoint: rst_n (input port clocked by clk)
Endpoint: _1103_ (removal check against rising-edge clock clk)
Path Group: asynchronous
Path Type: min

Fanout         Cap        Slew       Delay        Time   Description
---------------------------------------------------------------------------------------------
                      0.150000    0.000000    0.000000   clock clk (rise edge)
                                  0.000000    0.000000   clock network delay (ideal)
                                  4.000000    4.000000 ^ input external delay
   202    0.659238    4.642534    3.115693    7.115693 ^ rst_n (in)
                                                         rst_n (net)
                      4.642534    0.000000    7.115693 ^ _1103_/RESET_B (sky130_fd_sc_hd__dfrtp_2)
                                              7.115693   data arrival time

                      0.150000    0.000000    0.000000   clock clk (rise edge)
                                  0.000000    0.000000   clock network delay (ideal)
                                  0.250000    0.250000   clock uncertainty
                                  0.000000    0.250000   clock reconvergence pessimism
                                              0.250000 ^ _1103_/CLK (sky130_fd_sc_hd__dfrtp_2)
                                  1.938556    2.188556   library removal time
                                              2.188556   data required time
---------------------------------------------------------------------------------------------
                                              2.188556   data required time
                                             -7.115693   data arrival time
---------------------------------------------------------------------------------------------
                                              4.927136   slack (MET)


Startpoint: rst_n (input port clocked by clk)
Endpoint: _1104_ (removal check against rising-edge clock clk)
Path Group: asynchronous
Path Type: min

Fanout         Cap        Slew       Delay        Time   Description
---------------------------------------------------------------------------------------------
                      0.150000    0.000000    0.000000   clock clk (rise edge)
                                  0.000000    0.000000   clock network delay (ideal)
                                  4.000000    4.000000 ^ input external delay
   202    0.659238    4.642534    3.115693    7.115693 ^ rst_n (in)
                                                         rst_n (net)
                      4.642534    0.000000    7.115693 ^ _1104_/RESET_B (sky130_fd_sc_hd__dfrtp_2)
                                              7.115693   data arrival time

                      0.150000    0.000000    0.000000   clock clk (rise edge)
                                  0.000000    0.000000   clock network delay (ideal)
                                  0.250000    0.250000   clock uncertainty
                                  0.000000    0.250000   clock reconvergence pessimism
                                              0.250000 ^ _1104_/CLK (sky130_fd_sc_hd__dfrtp_2)
                                  1.938556    2.188556   library removal time
                                              2.188556   data required time
---------------------------------------------------------------------------------------------
                                              2.188556   data required time
                                             -7.115693   data arrival time
---------------------------------------------------------------------------------------------
                                              4.927136   slack (MET)


Startpoint: rst_n (input port clocked by clk)
Endpoint: _1105_ (removal check against rising-edge clock clk)
Path Group: asynchronous
Path Type: min

Fanout         Cap        Slew       Delay        Time   Description
---------------------------------------------------------------------------------------------
                      0.150000    0.000000    0.000000   clock clk (rise edge)
                                  0.000000    0.000000   clock network delay (ideal)
                                  4.000000    4.000000 ^ input external delay
   202    0.659238    4.642534    3.115693    7.115693 ^ rst_n (in)
                                                         rst_n (net)
                      4.642534    0.000000    7.115693 ^ _1105_/RESET_B (sky130_fd_sc_hd__dfrtp_2)
                                              7.115693   data arrival time

                      0.150000    0.000000    0.000000   clock clk (rise edge)
                                  0.000000    0.000000   clock network delay (ideal)
                                  0.250000    0.250000   clock uncertainty
                                  0.000000    0.250000   clock reconvergence pessimism
                                              0.250000 ^ _1105_/CLK (sky130_fd_sc_hd__dfrtp_2)
                                  1.938556    2.188556   library removal time
                                              2.188556   data required time
---------------------------------------------------------------------------------------------
                                              2.188556   data required time
                                             -7.115693   data arrival time
---------------------------------------------------------------------------------------------
                                              4.927136   slack (MET)


Startpoint: rst_n (input port clocked by clk)
Endpoint: _1106_ (removal check against rising-edge clock clk)
Path Group: asynchronous
Path Type: min

Fanout         Cap        Slew       Delay        Time   Description
---------------------------------------------------------------------------------------------
                      0.150000    0.000000    0.000000   clock clk (rise edge)
                                  0.000000    0.000000   clock network delay (ideal)
                                  4.000000    4.000000 ^ input external delay
   202    0.659238    4.642534    3.115693    7.115693 ^ rst_n (in)
                                                         rst_n (net)
                      4.642534    0.000000    7.115693 ^ _1106_/RESET_B (sky130_fd_sc_hd__dfrtp_2)
                                              7.115693   data arrival time

                      0.150000    0.000000    0.000000   clock clk (rise edge)
                                  0.000000    0.000000   clock network delay (ideal)
                                  0.250000    0.250000   clock uncertainty
                                  0.000000    0.250000   clock reconvergence pessimism
                                              0.250000 ^ _1106_/CLK (sky130_fd_sc_hd__dfrtp_2)
                                  1.938556    2.188556   library removal time
                                              2.188556   data required time
---------------------------------------------------------------------------------------------
                                              2.188556   data required time
                                             -7.115693   data arrival time
---------------------------------------------------------------------------------------------
                                              4.927136   slack (MET)


Startpoint: rst_n (input port clocked by clk)
Endpoint: _1107_ (removal check against rising-edge clock clk)
Path Group: asynchronous
Path Type: min

Fanout         Cap        Slew       Delay        Time   Description
---------------------------------------------------------------------------------------------
                      0.150000    0.000000    0.000000   clock clk (rise edge)
                                  0.000000    0.000000   clock network delay (ideal)
                                  4.000000    4.000000 ^ input external delay
   202    0.659238    4.642534    3.115693    7.115693 ^ rst_n (in)
                                                         rst_n (net)
                      4.642534    0.000000    7.115693 ^ _1107_/RESET_B (sky130_fd_sc_hd__dfrtp_2)
                                              7.115693   data arrival time

                      0.150000    0.000000    0.000000   clock clk (rise edge)
                                  0.000000    0.000000   clock network delay (ideal)
                                  0.250000    0.250000   clock uncertainty
                                  0.000000    0.250000   clock reconvergence pessimism
                                              0.250000 ^ _1107_/CLK (sky130_fd_sc_hd__dfrtp_2)
                                  1.938556    2.188556   library removal time
                                              2.188556   data required time
---------------------------------------------------------------------------------------------
                                              2.188556   data required time
                                             -7.115693   data arrival time
---------------------------------------------------------------------------------------------
                                              4.927136   slack (MET)


Startpoint: rst_n (input port clocked by clk)
Endpoint: _1108_ (removal check against rising-edge clock clk)
Path Group: asynchronous
Path Type: min

Fanout         Cap        Slew       Delay        Time   Description
---------------------------------------------------------------------------------------------
                      0.150000    0.000000    0.000000   clock clk (rise edge)
                                  0.000000    0.000000   clock network delay (ideal)
                                  4.000000    4.000000 ^ input external delay
   202    0.659238    4.642534    3.115693    7.115693 ^ rst_n (in)
                                                         rst_n (net)
                      4.642534    0.000000    7.115693 ^ _1108_/RESET_B (sky130_fd_sc_hd__dfrtp_2)
                                              7.115693   data arrival time

                      0.150000    0.000000    0.000000   clock clk (rise edge)
                                  0.000000    0.000000   clock network delay (ideal)
                                  0.250000    0.250000   clock uncertainty
                                  0.000000    0.250000   clock reconvergence pessimism
                                              0.250000 ^ _1108_/CLK (sky130_fd_sc_hd__dfrtp_2)
                                  1.938556    2.188556   library removal time
                                              2.188556   data required time
---------------------------------------------------------------------------------------------
                                              2.188556   data required time
                                             -7.115693   data arrival time
---------------------------------------------------------------------------------------------
                                              4.927136   slack (MET)


Startpoint: rst_n (input port clocked by clk)
Endpoint: _1109_ (removal check against rising-edge clock clk)
Path Group: asynchronous
Path Type: min

Fanout         Cap        Slew       Delay        Time   Description
---------------------------------------------------------------------------------------------
                      0.150000    0.000000    0.000000   clock clk (rise edge)
                                  0.000000    0.000000   clock network delay (ideal)
                                  4.000000    4.000000 ^ input external delay
   202    0.659238    4.642534    3.115693    7.115693 ^ rst_n (in)
                                                         rst_n (net)
                      4.642534    0.000000    7.115693 ^ _1109_/RESET_B (sky130_fd_sc_hd__dfrtp_2)
                                              7.115693   data arrival time

                      0.150000    0.000000    0.000000   clock clk (rise edge)
                                  0.000000    0.000000   clock network delay (ideal)
                                  0.250000    0.250000   clock uncertainty
                                  0.000000    0.250000   clock reconvergence pessimism
                                              0.250000 ^ _1109_/CLK (sky130_fd_sc_hd__dfrtp_2)
                                  1.938556    2.188556   library removal time
                                              2.188556   data required time
---------------------------------------------------------------------------------------------
                                              2.188556   data required time
                                             -7.115693   data arrival time
---------------------------------------------------------------------------------------------
                                              4.927136   slack (MET)


Startpoint: rst_n (input port clocked by clk)
Endpoint: _1110_ (removal check against rising-edge clock clk)
Path Group: asynchronous
Path Type: min

Fanout         Cap        Slew       Delay        Time   Description
---------------------------------------------------------------------------------------------
                      0.150000    0.000000    0.000000   clock clk (rise edge)
                                  0.000000    0.000000   clock network delay (ideal)
                                  4.000000    4.000000 ^ input external delay
   202    0.659238    4.642534    3.115693    7.115693 ^ rst_n (in)
                                                         rst_n (net)
                      4.642534    0.000000    7.115693 ^ _1110_/RESET_B (sky130_fd_sc_hd__dfrtp_2)
                                              7.115693   data arrival time

                      0.150000    0.000000    0.000000   clock clk (rise edge)
                                  0.000000    0.000000   clock network delay (ideal)
                                  0.250000    0.250000   clock uncertainty
                                  0.000000    0.250000   clock reconvergence pessimism
                                              0.250000 ^ _1110_/CLK (sky130_fd_sc_hd__dfrtp_2)
                                  1.938556    2.188556   library removal time
                                              2.188556   data required time
---------------------------------------------------------------------------------------------
                                              2.188556   data required time
                                             -7.115693   data arrival time
---------------------------------------------------------------------------------------------
                                              4.927136   slack (MET)


Startpoint: rst_n (input port clocked by clk)
Endpoint: _1111_ (removal check against rising-edge clock clk)
Path Group: asynchronous
Path Type: min

Fanout         Cap        Slew       Delay        Time   Description
---------------------------------------------------------------------------------------------
                      0.150000    0.000000    0.000000   clock clk (rise edge)
                                  0.000000    0.000000   clock network delay (ideal)
                                  4.000000    4.000000 ^ input external delay
   202    0.659238    4.642534    3.115693    7.115693 ^ rst_n (in)
                                                         rst_n (net)
                      4.642534    0.000000    7.115693 ^ _1111_/RESET_B (sky130_fd_sc_hd__dfrtp_2)
                                              7.115693   data arrival time

                      0.150000    0.000000    0.000000   clock clk (rise edge)
                                  0.000000    0.000000   clock network delay (ideal)
                                  0.250000    0.250000   clock uncertainty
                                  0.000000    0.250000   clock reconvergence pessimism
                                              0.250000 ^ _1111_/CLK (sky130_fd_sc_hd__dfrtp_2)
                                  1.938556    2.188556   library removal time
                                              2.188556   data required time
---------------------------------------------------------------------------------------------
                                              2.188556   data required time
                                             -7.115693   data arrival time
---------------------------------------------------------------------------------------------
                                              4.927136   slack (MET)


Startpoint: rst_n (input port clocked by clk)
Endpoint: _1112_ (removal check against rising-edge clock clk)
Path Group: asynchronous
Path Type: min

Fanout         Cap        Slew       Delay        Time   Description
---------------------------------------------------------------------------------------------
                      0.150000    0.000000    0.000000   clock clk (rise edge)
                                  0.000000    0.000000   clock network delay (ideal)
                                  4.000000    4.000000 ^ input external delay
   202    0.659238    4.642534    3.115693    7.115693 ^ rst_n (in)
                                                         rst_n (net)
                      4.642534    0.000000    7.115693 ^ _1112_/RESET_B (sky130_fd_sc_hd__dfrtp_2)
                                              7.115693   data arrival time

                      0.150000    0.000000    0.000000   clock clk (rise edge)
                                  0.000000    0.000000   clock network delay (ideal)
                                  0.250000    0.250000   clock uncertainty
                                  0.000000    0.250000   clock reconvergence pessimism
                                              0.250000 ^ _1112_/CLK (sky130_fd_sc_hd__dfrtp_2)
                                  1.938556    2.188556   library removal time
                                              2.188556   data required time
---------------------------------------------------------------------------------------------
                                              2.188556   data required time
                                             -7.115693   data arrival time
---------------------------------------------------------------------------------------------
                                              4.927136   slack (MET)


Startpoint: rst_n (input port clocked by clk)
Endpoint: _1113_ (removal check against rising-edge clock clk)
Path Group: asynchronous
Path Type: min

Fanout         Cap        Slew       Delay        Time   Description
---------------------------------------------------------------------------------------------
                      0.150000    0.000000    0.000000   clock clk (rise edge)
                                  0.000000    0.000000   clock network delay (ideal)
                                  4.000000    4.000000 ^ input external delay
   202    0.659238    4.642534    3.115693    7.115693 ^ rst_n (in)
                                                         rst_n (net)
                      4.642534    0.000000    7.115693 ^ _1113_/RESET_B (sky130_fd_sc_hd__dfrtp_2)
                                              7.115693   data arrival time

                      0.150000    0.000000    0.000000   clock clk (rise edge)
                                  0.000000    0.000000   clock network delay (ideal)
                                  0.250000    0.250000   clock uncertainty
                                  0.000000    0.250000   clock reconvergence pessimism
                                              0.250000 ^ _1113_/CLK (sky130_fd_sc_hd__dfrtp_2)
                                  1.938556    2.188556   library removal time
                                              2.188556   data required time
---------------------------------------------------------------------------------------------
                                              2.188556   data required time
                                             -7.115693   data arrival time
---------------------------------------------------------------------------------------------
                                              4.927136   slack (MET)


Startpoint: rst_n (input port clocked by clk)
Endpoint: _1114_ (removal check against rising-edge clock clk)
Path Group: asynchronous
Path Type: min

Fanout         Cap        Slew       Delay        Time   Description
---------------------------------------------------------------------------------------------
                      0.150000    0.000000    0.000000   clock clk (rise edge)
                                  0.000000    0.000000   clock network delay (ideal)
                                  4.000000    4.000000 ^ input external delay
   202    0.659238    4.642534    3.115693    7.115693 ^ rst_n (in)
                                                         rst_n (net)
                      4.642534    0.000000    7.115693 ^ _1114_/RESET_B (sky130_fd_sc_hd__dfrtp_2)
                                              7.115693   data arrival time

                      0.150000    0.000000    0.000000   clock clk (rise edge)
                                  0.000000    0.000000   clock network delay (ideal)
                                  0.250000    0.250000   clock uncertainty
                                  0.000000    0.250000   clock reconvergence pessimism
                                              0.250000 ^ _1114_/CLK (sky130_fd_sc_hd__dfrtp_2)
                                  1.938556    2.188556   library removal time
                                              2.188556   data required time
---------------------------------------------------------------------------------------------
                                              2.188556   data required time
                                             -7.115693   data arrival time
---------------------------------------------------------------------------------------------
                                              4.927136   slack (MET)


Startpoint: rst_n (input port clocked by clk)
Endpoint: _1115_ (removal check against rising-edge clock clk)
Path Group: asynchronous
Path Type: min

Fanout         Cap        Slew       Delay        Time   Description
---------------------------------------------------------------------------------------------
                      0.150000    0.000000    0.000000   clock clk (rise edge)
                                  0.000000    0.000000   clock network delay (ideal)
                                  4.000000    4.000000 ^ input external delay
   202    0.659238    4.642534    3.115693    7.115693 ^ rst_n (in)
                                                         rst_n (net)
                      4.642534    0.000000    7.115693 ^ _1115_/RESET_B (sky130_fd_sc_hd__dfrtp_2)
                                              7.115693   data arrival time

                      0.150000    0.000000    0.000000   clock clk (rise edge)
                                  0.000000    0.000000   clock network delay (ideal)
                                  0.250000    0.250000   clock uncertainty
                                  0.000000    0.250000   clock reconvergence pessimism
                                              0.250000 ^ _1115_/CLK (sky130_fd_sc_hd__dfrtp_2)
                                  1.938556    2.188556   library removal time
                                              2.188556   data required time
---------------------------------------------------------------------------------------------
                                              2.188556   data required time
                                             -7.115693   data arrival time
---------------------------------------------------------------------------------------------
                                              4.927136   slack (MET)


Startpoint: rst_n (input port clocked by clk)
Endpoint: _1116_ (removal check against rising-edge clock clk)
Path Group: asynchronous
Path Type: min

Fanout         Cap        Slew       Delay        Time   Description
---------------------------------------------------------------------------------------------
                      0.150000    0.000000    0.000000   clock clk (rise edge)
                                  0.000000    0.000000   clock network delay (ideal)
                                  4.000000    4.000000 ^ input external delay
   202    0.659238    4.642534    3.115693    7.115693 ^ rst_n (in)
                                                         rst_n (net)
                      4.642534    0.000000    7.115693 ^ _1116_/RESET_B (sky130_fd_sc_hd__dfrtp_2)
                                              7.115693   data arrival time

                      0.150000    0.000000    0.000000   clock clk (rise edge)
                                  0.000000    0.000000   clock network delay (ideal)
                                  0.250000    0.250000   clock uncertainty
                                  0.000000    0.250000   clock reconvergence pessimism
                                              0.250000 ^ _1116_/CLK (sky130_fd_sc_hd__dfrtp_2)
                                  1.938556    2.188556   library removal time
                                              2.188556   data required time
---------------------------------------------------------------------------------------------
                                              2.188556   data required time
                                             -7.115693   data arrival time
---------------------------------------------------------------------------------------------
                                              4.927136   slack (MET)


Startpoint: rst_n (input port clocked by clk)
Endpoint: _1117_ (removal check against rising-edge clock clk)
Path Group: asynchronous
Path Type: min

Fanout         Cap        Slew       Delay        Time   Description
---------------------------------------------------------------------------------------------
                      0.150000    0.000000    0.000000   clock clk (rise edge)
                                  0.000000    0.000000   clock network delay (ideal)
                                  4.000000    4.000000 ^ input external delay
   202    0.659238    4.642534    3.115693    7.115693 ^ rst_n (in)
                                                         rst_n (net)
                      4.642534    0.000000    7.115693 ^ _1117_/RESET_B (sky130_fd_sc_hd__dfrtp_2)
                                              7.115693   data arrival time

                      0.150000    0.000000    0.000000   clock clk (rise edge)
                                  0.000000    0.000000   clock network delay (ideal)
                                  0.250000    0.250000   clock uncertainty
                                  0.000000    0.250000   clock reconvergence pessimism
                                              0.250000 ^ _1117_/CLK (sky130_fd_sc_hd__dfrtp_2)
                                  1.938556    2.188556   library removal time
                                              2.188556   data required time
---------------------------------------------------------------------------------------------
                                              2.188556   data required time
                                             -7.115693   data arrival time
---------------------------------------------------------------------------------------------
                                              4.927136   slack (MET)


Startpoint: rst_n (input port clocked by clk)
Endpoint: _1118_ (removal check against rising-edge clock clk)
Path Group: asynchronous
Path Type: min

Fanout         Cap        Slew       Delay        Time   Description
---------------------------------------------------------------------------------------------
                      0.150000    0.000000    0.000000   clock clk (rise edge)
                                  0.000000    0.000000   clock network delay (ideal)
                                  4.000000    4.000000 ^ input external delay
   202    0.659238    4.642534    3.115693    7.115693 ^ rst_n (in)
                                                         rst_n (net)
                      4.642534    0.000000    7.115693 ^ _1118_/RESET_B (sky130_fd_sc_hd__dfrtp_2)
                                              7.115693   data arrival time

                      0.150000    0.000000    0.000000   clock clk (rise edge)
                                  0.000000    0.000000   clock network delay (ideal)
                                  0.250000    0.250000   clock uncertainty
                                  0.000000    0.250000   clock reconvergence pessimism
                                              0.250000 ^ _1118_/CLK (sky130_fd_sc_hd__dfrtp_2)
                                  1.938556    2.188556   library removal time
                                              2.188556   data required time
---------------------------------------------------------------------------------------------
                                              2.188556   data required time
                                             -7.115693   data arrival time
---------------------------------------------------------------------------------------------
                                              4.927136   slack (MET)


Startpoint: rst_n (input port clocked by clk)
Endpoint: _1119_ (removal check against rising-edge clock clk)
Path Group: asynchronous
Path Type: min

Fanout         Cap        Slew       Delay        Time   Description
---------------------------------------------------------------------------------------------
                      0.150000    0.000000    0.000000   clock clk (rise edge)
                                  0.000000    0.000000   clock network delay (ideal)
                                  4.000000    4.000000 ^ input external delay
   202    0.659238    4.642534    3.115693    7.115693 ^ rst_n (in)
                                                         rst_n (net)
                      4.642534    0.000000    7.115693 ^ _1119_/RESET_B (sky130_fd_sc_hd__dfrtp_2)
                                              7.115693   data arrival time

                      0.150000    0.000000    0.000000   clock clk (rise edge)
                                  0.000000    0.000000   clock network delay (ideal)
                                  0.250000    0.250000   clock uncertainty
                                  0.000000    0.250000   clock reconvergence pessimism
                                              0.250000 ^ _1119_/CLK (sky130_fd_sc_hd__dfrtp_2)
                                  1.938556    2.188556   library removal time
                                              2.188556   data required time
---------------------------------------------------------------------------------------------
                                              2.188556   data required time
                                             -7.115693   data arrival time
---------------------------------------------------------------------------------------------
                                              4.927136   slack (MET)


Startpoint: rst_n (input port clocked by clk)
Endpoint: _1120_ (removal check against rising-edge clock clk)
Path Group: asynchronous
Path Type: min

Fanout         Cap        Slew       Delay        Time   Description
---------------------------------------------------------------------------------------------
                      0.150000    0.000000    0.000000   clock clk (rise edge)
                                  0.000000    0.000000   clock network delay (ideal)
                                  4.000000    4.000000 ^ input external delay
   202    0.659238    4.642534    3.115693    7.115693 ^ rst_n (in)
                                                         rst_n (net)
                      4.642534    0.000000    7.115693 ^ _1120_/RESET_B (sky130_fd_sc_hd__dfrtp_2)
                                              7.115693   data arrival time

                      0.150000    0.000000    0.000000   clock clk (rise edge)
                                  0.000000    0.000000   clock network delay (ideal)
                                  0.250000    0.250000   clock uncertainty
                                  0.000000    0.250000   clock reconvergence pessimism
                                              0.250000 ^ _1120_/CLK (sky130_fd_sc_hd__dfrtp_2)
                                  1.938556    2.188556   library removal time
                                              2.188556   data required time
---------------------------------------------------------------------------------------------
                                              2.188556   data required time
                                             -7.115693   data arrival time
---------------------------------------------------------------------------------------------
                                              4.927136   slack (MET)


Startpoint: rst_n (input port clocked by clk)
Endpoint: _1121_ (removal check against rising-edge clock clk)
Path Group: asynchronous
Path Type: min

Fanout         Cap        Slew       Delay        Time   Description
---------------------------------------------------------------------------------------------
                      0.150000    0.000000    0.000000   clock clk (rise edge)
                                  0.000000    0.000000   clock network delay (ideal)
                                  4.000000    4.000000 ^ input external delay
   202    0.659238    4.642534    3.115693    7.115693 ^ rst_n (in)
                                                         rst_n (net)
                      4.642534    0.000000    7.115693 ^ _1121_/RESET_B (sky130_fd_sc_hd__dfrtp_2)
                                              7.115693   data arrival time

                      0.150000    0.000000    0.000000   clock clk (rise edge)
                                  0.000000    0.000000   clock network delay (ideal)
                                  0.250000    0.250000   clock uncertainty
                                  0.000000    0.250000   clock reconvergence pessimism
                                              0.250000 ^ _1121_/CLK (sky130_fd_sc_hd__dfrtp_2)
                                  1.938556    2.188556   library removal time
                                              2.188556   data required time
---------------------------------------------------------------------------------------------
                                              2.188556   data required time
                                             -7.115693   data arrival time
---------------------------------------------------------------------------------------------
                                              4.927136   slack (MET)


Startpoint: rst_n (input port clocked by clk)
Endpoint: _1122_ (removal check against rising-edge clock clk)
Path Group: asynchronous
Path Type: min

Fanout         Cap        Slew       Delay        Time   Description
---------------------------------------------------------------------------------------------
                      0.150000    0.000000    0.000000   clock clk (rise edge)
                                  0.000000    0.000000   clock network delay (ideal)
                                  4.000000    4.000000 ^ input external delay
   202    0.659238    4.642534    3.115693    7.115693 ^ rst_n (in)
                                                         rst_n (net)
                      4.642534    0.000000    7.115693 ^ _1122_/RESET_B (sky130_fd_sc_hd__dfrtp_2)
                                              7.115693   data arrival time

                      0.150000    0.000000    0.000000   clock clk (rise edge)
                                  0.000000    0.000000   clock network delay (ideal)
                                  0.250000    0.250000   clock uncertainty
                                  0.000000    0.250000   clock reconvergence pessimism
                                              0.250000 ^ _1122_/CLK (sky130_fd_sc_hd__dfrtp_2)
                                  1.938556    2.188556   library removal time
                                              2.188556   data required time
---------------------------------------------------------------------------------------------
                                              2.188556   data required time
                                             -7.115693   data arrival time
---------------------------------------------------------------------------------------------
                                              4.927136   slack (MET)


Startpoint: rst_n (input port clocked by clk)
Endpoint: _1123_ (removal check against rising-edge clock clk)
Path Group: asynchronous
Path Type: min

Fanout         Cap        Slew       Delay        Time   Description
---------------------------------------------------------------------------------------------
                      0.150000    0.000000    0.000000   clock clk (rise edge)
                                  0.000000    0.000000   clock network delay (ideal)
                                  4.000000    4.000000 ^ input external delay
   202    0.659238    4.642534    3.115693    7.115693 ^ rst_n (in)
                                                         rst_n (net)
                      4.642534    0.000000    7.115693 ^ _1123_/RESET_B (sky130_fd_sc_hd__dfrtp_2)
                                              7.115693   data arrival time

                      0.150000    0.000000    0.000000   clock clk (rise edge)
                                  0.000000    0.000000   clock network delay (ideal)
                                  0.250000    0.250000   clock uncertainty
                                  0.000000    0.250000   clock reconvergence pessimism
                                              0.250000 ^ _1123_/CLK (sky130_fd_sc_hd__dfrtp_2)
                                  1.938556    2.188556   library removal time
                                              2.188556   data required time
---------------------------------------------------------------------------------------------
                                              2.188556   data required time
                                             -7.115693   data arrival time
---------------------------------------------------------------------------------------------
                                              4.927136   slack (MET)


Startpoint: rst_n (input port clocked by clk)
Endpoint: _1124_ (removal check against rising-edge clock clk)
Path Group: asynchronous
Path Type: min

Fanout         Cap        Slew       Delay        Time   Description
---------------------------------------------------------------------------------------------
                      0.150000    0.000000    0.000000   clock clk (rise edge)
                                  0.000000    0.000000   clock network delay (ideal)
                                  4.000000    4.000000 ^ input external delay
   202    0.659238    4.642534    3.115693    7.115693 ^ rst_n (in)
                                                         rst_n (net)
                      4.642534    0.000000    7.115693 ^ _1124_/RESET_B (sky130_fd_sc_hd__dfrtp_2)
                                              7.115693   data arrival time

                      0.150000    0.000000    0.000000   clock clk (rise edge)
                                  0.000000    0.000000   clock network delay (ideal)
                                  0.250000    0.250000   clock uncertainty
                                  0.000000    0.250000   clock reconvergence pessimism
                                              0.250000 ^ _1124_/CLK (sky130_fd_sc_hd__dfrtp_2)
                                  1.938556    2.188556   library removal time
                                              2.188556   data required time
---------------------------------------------------------------------------------------------
                                              2.188556   data required time
                                             -7.115693   data arrival time
---------------------------------------------------------------------------------------------
                                              4.927136   slack (MET)


Startpoint: rst_n (input port clocked by clk)
Endpoint: _1125_ (removal check against rising-edge clock clk)
Path Group: asynchronous
Path Type: min

Fanout         Cap        Slew       Delay        Time   Description
---------------------------------------------------------------------------------------------
                      0.150000    0.000000    0.000000   clock clk (rise edge)
                                  0.000000    0.000000   clock network delay (ideal)
                                  4.000000    4.000000 ^ input external delay
   202    0.659238    4.642534    3.115693    7.115693 ^ rst_n (in)
                                                         rst_n (net)
                      4.642534    0.000000    7.115693 ^ _1125_/RESET_B (sky130_fd_sc_hd__dfrtp_2)
                                              7.115693   data arrival time

                      0.150000    0.000000    0.000000   clock clk (rise edge)
                                  0.000000    0.000000   clock network delay (ideal)
                                  0.250000    0.250000   clock uncertainty
                                  0.000000    0.250000   clock reconvergence pessimism
                                              0.250000 ^ _1125_/CLK (sky130_fd_sc_hd__dfrtp_2)
                                  1.938556    2.188556   library removal time
                                              2.188556   data required time
---------------------------------------------------------------------------------------------
                                              2.188556   data required time
                                             -7.115693   data arrival time
---------------------------------------------------------------------------------------------
                                              4.927136   slack (MET)


Startpoint: rst_n (input port clocked by clk)
Endpoint: _1126_ (removal check against rising-edge clock clk)
Path Group: asynchronous
Path Type: min

Fanout         Cap        Slew       Delay        Time   Description
---------------------------------------------------------------------------------------------
                      0.150000    0.000000    0.000000   clock clk (rise edge)
                                  0.000000    0.000000   clock network delay (ideal)
                                  4.000000    4.000000 ^ input external delay
   202    0.659238    4.642534    3.115693    7.115693 ^ rst_n (in)
                                                         rst_n (net)
                      4.642534    0.000000    7.115693 ^ _1126_/RESET_B (sky130_fd_sc_hd__dfrtp_2)
                                              7.115693   data arrival time

                      0.150000    0.000000    0.000000   clock clk (rise edge)
                                  0.000000    0.000000   clock network delay (ideal)
                                  0.250000    0.250000   clock uncertainty
                                  0.000000    0.250000   clock reconvergence pessimism
                                              0.250000 ^ _1126_/CLK (sky130_fd_sc_hd__dfrtp_2)
                                  1.938556    2.188556   library removal time
                                              2.188556   data required time
---------------------------------------------------------------------------------------------
                                              2.188556   data required time
                                             -7.115693   data arrival time
---------------------------------------------------------------------------------------------
                                              4.927136   slack (MET)


Startpoint: rst_n (input port clocked by clk)
Endpoint: _1127_ (removal check against rising-edge clock clk)
Path Group: asynchronous
Path Type: min

Fanout         Cap        Slew       Delay        Time   Description
---------------------------------------------------------------------------------------------
                      0.150000    0.000000    0.000000   clock clk (rise edge)
                                  0.000000    0.000000   clock network delay (ideal)
                                  4.000000    4.000000 ^ input external delay
   202    0.659238    4.642534    3.115693    7.115693 ^ rst_n (in)
                                                         rst_n (net)
                      4.642534    0.000000    7.115693 ^ _1127_/RESET_B (sky130_fd_sc_hd__dfrtp_2)
                                              7.115693   data arrival time

                      0.150000    0.000000    0.000000   clock clk (rise edge)
                                  0.000000    0.000000   clock network delay (ideal)
                                  0.250000    0.250000   clock uncertainty
                                  0.000000    0.250000   clock reconvergence pessimism
                                              0.250000 ^ _1127_/CLK (sky130_fd_sc_hd__dfrtp_2)
                                  1.938556    2.188556   library removal time
                                              2.188556   data required time
---------------------------------------------------------------------------------------------
                                              2.188556   data required time
                                             -7.115693   data arrival time
---------------------------------------------------------------------------------------------
                                              4.927136   slack (MET)


Startpoint: rst_n (input port clocked by clk)
Endpoint: _1128_ (removal check against rising-edge clock clk)
Path Group: asynchronous
Path Type: min

Fanout         Cap        Slew       Delay        Time   Description
---------------------------------------------------------------------------------------------
                      0.150000    0.000000    0.000000   clock clk (rise edge)
                                  0.000000    0.000000   clock network delay (ideal)
                                  4.000000    4.000000 ^ input external delay
   202    0.659238    4.642534    3.115693    7.115693 ^ rst_n (in)
                                                         rst_n (net)
                      4.642534    0.000000    7.115693 ^ _1128_/RESET_B (sky130_fd_sc_hd__dfrtp_2)
                                              7.115693   data arrival time

                      0.150000    0.000000    0.000000   clock clk (rise edge)
                                  0.000000    0.000000   clock network delay (ideal)
                                  0.250000    0.250000   clock uncertainty
                                  0.000000    0.250000   clock reconvergence pessimism
                                              0.250000 ^ _1128_/CLK (sky130_fd_sc_hd__dfrtp_2)
                                  1.938556    2.188556   library removal time
                                              2.188556   data required time
---------------------------------------------------------------------------------------------
                                              2.188556   data required time
                                             -7.115693   data arrival time
---------------------------------------------------------------------------------------------
                                              4.927136   slack (MET)


Startpoint: rst_n (input port clocked by clk)
Endpoint: _1129_ (removal check against rising-edge clock clk)
Path Group: asynchronous
Path Type: min

Fanout         Cap        Slew       Delay        Time   Description
---------------------------------------------------------------------------------------------
                      0.150000    0.000000    0.000000   clock clk (rise edge)
                                  0.000000    0.000000   clock network delay (ideal)
                                  4.000000    4.000000 ^ input external delay
   202    0.659238    4.642534    3.115693    7.115693 ^ rst_n (in)
                                                         rst_n (net)
                      4.642534    0.000000    7.115693 ^ _1129_/RESET_B (sky130_fd_sc_hd__dfrtp_2)
                                              7.115693   data arrival time

                      0.150000    0.000000    0.000000   clock clk (rise edge)
                                  0.000000    0.000000   clock network delay (ideal)
                                  0.250000    0.250000   clock uncertainty
                                  0.000000    0.250000   clock reconvergence pessimism
                                              0.250000 ^ _1129_/CLK (sky130_fd_sc_hd__dfrtp_2)
                                  1.938556    2.188556   library removal time
                                              2.188556   data required time
---------------------------------------------------------------------------------------------
                                              2.188556   data required time
                                             -7.115693   data arrival time
---------------------------------------------------------------------------------------------
                                              4.927136   slack (MET)


Startpoint: rst_n (input port clocked by clk)
Endpoint: _1130_ (removal check against rising-edge clock clk)
Path Group: asynchronous
Path Type: min

Fanout         Cap        Slew       Delay        Time   Description
---------------------------------------------------------------------------------------------
                      0.150000    0.000000    0.000000   clock clk (rise edge)
                                  0.000000    0.000000   clock network delay (ideal)
                                  4.000000    4.000000 ^ input external delay
   202    0.659238    4.642534    3.115693    7.115693 ^ rst_n (in)
                                                         rst_n (net)
                      4.642534    0.000000    7.115693 ^ _1130_/RESET_B (sky130_fd_sc_hd__dfrtp_2)
                                              7.115693   data arrival time

                      0.150000    0.000000    0.000000   clock clk (rise edge)
                                  0.000000    0.000000   clock network delay (ideal)
                                  0.250000    0.250000   clock uncertainty
                                  0.000000    0.250000   clock reconvergence pessimism
                                              0.250000 ^ _1130_/CLK (sky130_fd_sc_hd__dfrtp_2)
                                  1.938556    2.188556   library removal time
                                              2.188556   data required time
---------------------------------------------------------------------------------------------
                                              2.188556   data required time
                                             -7.115693   data arrival time
---------------------------------------------------------------------------------------------
                                              4.927136   slack (MET)


Startpoint: rst_n (input port clocked by clk)
Endpoint: _1131_ (removal check against rising-edge clock clk)
Path Group: asynchronous
Path Type: min

Fanout         Cap        Slew       Delay        Time   Description
---------------------------------------------------------------------------------------------
                      0.150000    0.000000    0.000000   clock clk (rise edge)
                                  0.000000    0.000000   clock network delay (ideal)
                                  4.000000    4.000000 ^ input external delay
   202    0.659238    4.642534    3.115693    7.115693 ^ rst_n (in)
                                                         rst_n (net)
                      4.642534    0.000000    7.115693 ^ _1131_/RESET_B (sky130_fd_sc_hd__dfrtp_2)
                                              7.115693   data arrival time

                      0.150000    0.000000    0.000000   clock clk (rise edge)
                                  0.000000    0.000000   clock network delay (ideal)
                                  0.250000    0.250000   clock uncertainty
                                  0.000000    0.250000   clock reconvergence pessimism
                                              0.250000 ^ _1131_/CLK (sky130_fd_sc_hd__dfrtp_2)
                                  1.938556    2.188556   library removal time
                                              2.188556   data required time
---------------------------------------------------------------------------------------------
                                              2.188556   data required time
                                             -7.115693   data arrival time
---------------------------------------------------------------------------------------------
                                              4.927136   slack (MET)


Startpoint: rst_n (input port clocked by clk)
Endpoint: _1132_ (removal check against rising-edge clock clk)
Path Group: asynchronous
Path Type: min

Fanout         Cap        Slew       Delay        Time   Description
---------------------------------------------------------------------------------------------
                      0.150000    0.000000    0.000000   clock clk (rise edge)
                                  0.000000    0.000000   clock network delay (ideal)
                                  4.000000    4.000000 ^ input external delay
   202    0.659238    4.642534    3.115693    7.115693 ^ rst_n (in)
                                                         rst_n (net)
                      4.642534    0.000000    7.115693 ^ _1132_/RESET_B (sky130_fd_sc_hd__dfrtp_2)
                                              7.115693   data arrival time

                      0.150000    0.000000    0.000000   clock clk (rise edge)
                                  0.000000    0.000000   clock network delay (ideal)
                                  0.250000    0.250000   clock uncertainty
                                  0.000000    0.250000   clock reconvergence pessimism
                                              0.250000 ^ _1132_/CLK (sky130_fd_sc_hd__dfrtp_2)
                                  1.938556    2.188556   library removal time
                                              2.188556   data required time
---------------------------------------------------------------------------------------------
                                              2.188556   data required time
                                             -7.115693   data arrival time
---------------------------------------------------------------------------------------------
                                              4.927136   slack (MET)


Startpoint: rst_n (input port clocked by clk)
Endpoint: _1133_ (removal check against rising-edge clock clk)
Path Group: asynchronous
Path Type: min

Fanout         Cap        Slew       Delay        Time   Description
---------------------------------------------------------------------------------------------
                      0.150000    0.000000    0.000000   clock clk (rise edge)
                                  0.000000    0.000000   clock network delay (ideal)
                                  4.000000    4.000000 ^ input external delay
   202    0.659238    4.642534    3.115693    7.115693 ^ rst_n (in)
                                                         rst_n (net)
                      4.642534    0.000000    7.115693 ^ _1133_/RESET_B (sky130_fd_sc_hd__dfrtp_2)
                                              7.115693   data arrival time

                      0.150000    0.000000    0.000000   clock clk (rise edge)
                                  0.000000    0.000000   clock network delay (ideal)
                                  0.250000    0.250000   clock uncertainty
                                  0.000000    0.250000   clock reconvergence pessimism
                                              0.250000 ^ _1133_/CLK (sky130_fd_sc_hd__dfrtp_2)
                                  1.938556    2.188556   library removal time
                                              2.188556   data required time
---------------------------------------------------------------------------------------------
                                              2.188556   data required time
                                             -7.115693   data arrival time
---------------------------------------------------------------------------------------------
                                              4.927136   slack (MET)


Startpoint: rst_n (input port clocked by clk)
Endpoint: _1134_ (removal check against rising-edge clock clk)
Path Group: asynchronous
Path Type: min

Fanout         Cap        Slew       Delay        Time   Description
---------------------------------------------------------------------------------------------
                      0.150000    0.000000    0.000000   clock clk (rise edge)
                                  0.000000    0.000000   clock network delay (ideal)
                                  4.000000    4.000000 ^ input external delay
   202    0.659238    4.642534    3.115693    7.115693 ^ rst_n (in)
                                                         rst_n (net)
                      4.642534    0.000000    7.115693 ^ _1134_/RESET_B (sky130_fd_sc_hd__dfrtp_2)
                                              7.115693   data arrival time

                      0.150000    0.000000    0.000000   clock clk (rise edge)
                                  0.000000    0.000000   clock network delay (ideal)
                                  0.250000    0.250000   clock uncertainty
                                  0.000000    0.250000   clock reconvergence pessimism
                                              0.250000 ^ _1134_/CLK (sky130_fd_sc_hd__dfrtp_2)
                                  1.938556    2.188556   library removal time
                                              2.188556   data required time
---------------------------------------------------------------------------------------------
                                              2.188556   data required time
                                             -7.115693   data arrival time
---------------------------------------------------------------------------------------------
                                              4.927136   slack (MET)


Startpoint: rst_n (input port clocked by clk)
Endpoint: _1135_ (removal check against rising-edge clock clk)
Path Group: asynchronous
Path Type: min

Fanout         Cap        Slew       Delay        Time   Description
---------------------------------------------------------------------------------------------
                      0.150000    0.000000    0.000000   clock clk (rise edge)
                                  0.000000    0.000000   clock network delay (ideal)
                                  4.000000    4.000000 ^ input external delay
   202    0.659238    4.642534    3.115693    7.115693 ^ rst_n (in)
                                                         rst_n (net)
                      4.642534    0.000000    7.115693 ^ _1135_/RESET_B (sky130_fd_sc_hd__dfrtp_2)
                                              7.115693   data arrival time

                      0.150000    0.000000    0.000000   clock clk (rise edge)
                                  0.000000    0.000000   clock network delay (ideal)
                                  0.250000    0.250000   clock uncertainty
                                  0.000000    0.250000   clock reconvergence pessimism
                                              0.250000 ^ _1135_/CLK (sky130_fd_sc_hd__dfrtp_2)
                                  1.938556    2.188556   library removal time
                                              2.188556   data required time
---------------------------------------------------------------------------------------------
                                              2.188556   data required time
                                             -7.115693   data arrival time
---------------------------------------------------------------------------------------------
                                              4.927136   slack (MET)


Startpoint: rst_n (input port clocked by clk)
Endpoint: _1136_ (removal check against rising-edge clock clk)
Path Group: asynchronous
Path Type: min

Fanout         Cap        Slew       Delay        Time   Description
---------------------------------------------------------------------------------------------
                      0.150000    0.000000    0.000000   clock clk (rise edge)
                                  0.000000    0.000000   clock network delay (ideal)
                                  4.000000    4.000000 ^ input external delay
   202    0.659238    4.642534    3.115693    7.115693 ^ rst_n (in)
                                                         rst_n (net)
                      4.642534    0.000000    7.115693 ^ _1136_/RESET_B (sky130_fd_sc_hd__dfrtp_2)
                                              7.115693   data arrival time

                      0.150000    0.000000    0.000000   clock clk (rise edge)
                                  0.000000    0.000000   clock network delay (ideal)
                                  0.250000    0.250000   clock uncertainty
                                  0.000000    0.250000   clock reconvergence pessimism
                                              0.250000 ^ _1136_/CLK (sky130_fd_sc_hd__dfrtp_2)
                                  1.938556    2.188556   library removal time
                                              2.188556   data required time
---------------------------------------------------------------------------------------------
                                              2.188556   data required time
                                             -7.115693   data arrival time
---------------------------------------------------------------------------------------------
                                              4.927136   slack (MET)


Startpoint: rst_n (input port clocked by clk)
Endpoint: _1137_ (removal check against rising-edge clock clk)
Path Group: asynchronous
Path Type: min

Fanout         Cap        Slew       Delay        Time   Description
---------------------------------------------------------------------------------------------
                      0.150000    0.000000    0.000000   clock clk (rise edge)
                                  0.000000    0.000000   clock network delay (ideal)
                                  4.000000    4.000000 ^ input external delay
   202    0.659238    4.642534    3.115693    7.115693 ^ rst_n (in)
                                                         rst_n (net)
                      4.642534    0.000000    7.115693 ^ _1137_/RESET_B (sky130_fd_sc_hd__dfrtp_2)
                                              7.115693   data arrival time

                      0.150000    0.000000    0.000000   clock clk (rise edge)
                                  0.000000    0.000000   clock network delay (ideal)
                                  0.250000    0.250000   clock uncertainty
                                  0.000000    0.250000   clock reconvergence pessimism
                                              0.250000 ^ _1137_/CLK (sky130_fd_sc_hd__dfrtp_2)
                                  1.938556    2.188556   library removal time
                                              2.188556   data required time
---------------------------------------------------------------------------------------------
                                              2.188556   data required time
                                             -7.115693   data arrival time
---------------------------------------------------------------------------------------------
                                              4.927136   slack (MET)


Startpoint: rst_n (input port clocked by clk)
Endpoint: _1138_ (removal check against rising-edge clock clk)
Path Group: asynchronous
Path Type: min

Fanout         Cap        Slew       Delay        Time   Description
---------------------------------------------------------------------------------------------
                      0.150000    0.000000    0.000000   clock clk (rise edge)
                                  0.000000    0.000000   clock network delay (ideal)
                                  4.000000    4.000000 ^ input external delay
   202    0.659238    4.642534    3.115693    7.115693 ^ rst_n (in)
                                                         rst_n (net)
                      4.642534    0.000000    7.115693 ^ _1138_/RESET_B (sky130_fd_sc_hd__dfrtp_2)
                                              7.115693   data arrival time

                      0.150000    0.000000    0.000000   clock clk (rise edge)
                                  0.000000    0.000000   clock network delay (ideal)
                                  0.250000    0.250000   clock uncertainty
                                  0.000000    0.250000   clock reconvergence pessimism
                                              0.250000 ^ _1138_/CLK (sky130_fd_sc_hd__dfrtp_2)
                                  1.938556    2.188556   library removal time
                                              2.188556   data required time
---------------------------------------------------------------------------------------------
                                              2.188556   data required time
                                             -7.115693   data arrival time
---------------------------------------------------------------------------------------------
                                              4.927136   slack (MET)


Startpoint: rst_n (input port clocked by clk)
Endpoint: _1139_ (removal check against rising-edge clock clk)
Path Group: asynchronous
Path Type: min

Fanout         Cap        Slew       Delay        Time   Description
---------------------------------------------------------------------------------------------
                      0.150000    0.000000    0.000000   clock clk (rise edge)
                                  0.000000    0.000000   clock network delay (ideal)
                                  4.000000    4.000000 ^ input external delay
   202    0.659238    4.642534    3.115693    7.115693 ^ rst_n (in)
                                                         rst_n (net)
                      4.642534    0.000000    7.115693 ^ _1139_/RESET_B (sky130_fd_sc_hd__dfrtp_2)
                                              7.115693   data arrival time

                      0.150000    0.000000    0.000000   clock clk (rise edge)
                                  0.000000    0.000000   clock network delay (ideal)
                                  0.250000    0.250000   clock uncertainty
                                  0.000000    0.250000   clock reconvergence pessimism
                                              0.250000 ^ _1139_/CLK (sky130_fd_sc_hd__dfrtp_2)
                                  1.938556    2.188556   library removal time
                                              2.188556   data required time
---------------------------------------------------------------------------------------------
                                              2.188556   data required time
                                             -7.115693   data arrival time
---------------------------------------------------------------------------------------------
                                              4.927136   slack (MET)


Startpoint: rst_n (input port clocked by clk)
Endpoint: _1140_ (removal check against rising-edge clock clk)
Path Group: asynchronous
Path Type: min

Fanout         Cap        Slew       Delay        Time   Description
---------------------------------------------------------------------------------------------
                      0.150000    0.000000    0.000000   clock clk (rise edge)
                                  0.000000    0.000000   clock network delay (ideal)
                                  4.000000    4.000000 ^ input external delay
   202    0.659238    4.642534    3.115693    7.115693 ^ rst_n (in)
                                                         rst_n (net)
                      4.642534    0.000000    7.115693 ^ _1140_/RESET_B (sky130_fd_sc_hd__dfrtp_2)
                                              7.115693   data arrival time

                      0.150000    0.000000    0.000000   clock clk (rise edge)
                                  0.000000    0.000000   clock network delay (ideal)
                                  0.250000    0.250000   clock uncertainty
                                  0.000000    0.250000   clock reconvergence pessimism
                                              0.250000 ^ _1140_/CLK (sky130_fd_sc_hd__dfrtp_2)
                                  1.938556    2.188556   library removal time
                                              2.188556   data required time
---------------------------------------------------------------------------------------------
                                              2.188556   data required time
                                             -7.115693   data arrival time
---------------------------------------------------------------------------------------------
                                              4.927136   slack (MET)


Startpoint: rst_n (input port clocked by clk)
Endpoint: _1141_ (removal check against rising-edge clock clk)
Path Group: asynchronous
Path Type: min

Fanout         Cap        Slew       Delay        Time   Description
---------------------------------------------------------------------------------------------
                      0.150000    0.000000    0.000000   clock clk (rise edge)
                                  0.000000    0.000000   clock network delay (ideal)
                                  4.000000    4.000000 ^ input external delay
   202    0.659238    4.642534    3.115693    7.115693 ^ rst_n (in)
                                                         rst_n (net)
                      4.642534    0.000000    7.115693 ^ _1141_/RESET_B (sky130_fd_sc_hd__dfrtp_2)
                                              7.115693   data arrival time

                      0.150000    0.000000    0.000000   clock clk (rise edge)
                                  0.000000    0.000000   clock network delay (ideal)
                                  0.250000    0.250000   clock uncertainty
                                  0.000000    0.250000   clock reconvergence pessimism
                                              0.250000 ^ _1141_/CLK (sky130_fd_sc_hd__dfrtp_2)
                                  1.938556    2.188556   library removal time
                                              2.188556   data required time
---------------------------------------------------------------------------------------------
                                              2.188556   data required time
                                             -7.115693   data arrival time
---------------------------------------------------------------------------------------------
                                              4.927136   slack (MET)


Startpoint: rst_n (input port clocked by clk)
Endpoint: _1142_ (removal check against rising-edge clock clk)
Path Group: asynchronous
Path Type: min

Fanout         Cap        Slew       Delay        Time   Description
---------------------------------------------------------------------------------------------
                      0.150000    0.000000    0.000000   clock clk (rise edge)
                                  0.000000    0.000000   clock network delay (ideal)
                                  4.000000    4.000000 ^ input external delay
   202    0.659238    4.642534    3.115693    7.115693 ^ rst_n (in)
                                                         rst_n (net)
                      4.642534    0.000000    7.115693 ^ _1142_/RESET_B (sky130_fd_sc_hd__dfrtp_2)
                                              7.115693   data arrival time

                      0.150000    0.000000    0.000000   clock clk (rise edge)
                                  0.000000    0.000000   clock network delay (ideal)
                                  0.250000    0.250000   clock uncertainty
                                  0.000000    0.250000   clock reconvergence pessimism
                                              0.250000 ^ _1142_/CLK (sky130_fd_sc_hd__dfrtp_2)
                                  1.938556    2.188556   library removal time
                                              2.188556   data required time
---------------------------------------------------------------------------------------------
                                              2.188556   data required time
                                             -7.115693   data arrival time
---------------------------------------------------------------------------------------------
                                              4.927136   slack (MET)


Startpoint: rst_n (input port clocked by clk)
Endpoint: _1143_ (removal check against rising-edge clock clk)
Path Group: asynchronous
Path Type: min

Fanout         Cap        Slew       Delay        Time   Description
---------------------------------------------------------------------------------------------
                      0.150000    0.000000    0.000000   clock clk (rise edge)
                                  0.000000    0.000000   clock network delay (ideal)
                                  4.000000    4.000000 ^ input external delay
   202    0.659238    4.642534    3.115693    7.115693 ^ rst_n (in)
                                                         rst_n (net)
                      4.642534    0.000000    7.115693 ^ _1143_/RESET_B (sky130_fd_sc_hd__dfrtp_2)
                                              7.115693   data arrival time

                      0.150000    0.000000    0.000000   clock clk (rise edge)
                                  0.000000    0.000000   clock network delay (ideal)
                                  0.250000    0.250000   clock uncertainty
                                  0.000000    0.250000   clock reconvergence pessimism
                                              0.250000 ^ _1143_/CLK (sky130_fd_sc_hd__dfrtp_2)
                                  1.938556    2.188556   library removal time
                                              2.188556   data required time
---------------------------------------------------------------------------------------------
                                              2.188556   data required time
                                             -7.115693   data arrival time
---------------------------------------------------------------------------------------------
                                              4.927136   slack (MET)


Startpoint: rst_n (input port clocked by clk)
Endpoint: _1144_ (removal check against rising-edge clock clk)
Path Group: asynchronous
Path Type: min

Fanout         Cap        Slew       Delay        Time   Description
---------------------------------------------------------------------------------------------
                      0.150000    0.000000    0.000000   clock clk (rise edge)
                                  0.000000    0.000000   clock network delay (ideal)
                                  4.000000    4.000000 ^ input external delay
   202    0.659238    4.642534    3.115693    7.115693 ^ rst_n (in)
                                                         rst_n (net)
                      4.642534    0.000000    7.115693 ^ _1144_/RESET_B (sky130_fd_sc_hd__dfrtp_2)
                                              7.115693   data arrival time

                      0.150000    0.000000    0.000000   clock clk (rise edge)
                                  0.000000    0.000000   clock network delay (ideal)
                                  0.250000    0.250000   clock uncertainty
                                  0.000000    0.250000   clock reconvergence pessimism
                                              0.250000 ^ _1144_/CLK (sky130_fd_sc_hd__dfrtp_2)
                                  1.938556    2.188556   library removal time
                                              2.188556   data required time
---------------------------------------------------------------------------------------------
                                              2.188556   data required time
                                             -7.115693   data arrival time
---------------------------------------------------------------------------------------------
                                              4.927136   slack (MET)


Startpoint: rst_n (input port clocked by clk)
Endpoint: _1145_ (removal check against rising-edge clock clk)
Path Group: asynchronous
Path Type: min

Fanout         Cap        Slew       Delay        Time   Description
---------------------------------------------------------------------------------------------
                      0.150000    0.000000    0.000000   clock clk (rise edge)
                                  0.000000    0.000000   clock network delay (ideal)
                                  4.000000    4.000000 ^ input external delay
   202    0.659238    4.642534    3.115693    7.115693 ^ rst_n (in)
                                                         rst_n (net)
                      4.642534    0.000000    7.115693 ^ _1145_/RESET_B (sky130_fd_sc_hd__dfrtp_2)
                                              7.115693   data arrival time

                      0.150000    0.000000    0.000000   clock clk (rise edge)
                                  0.000000    0.000000   clock network delay (ideal)
                                  0.250000    0.250000   clock uncertainty
                                  0.000000    0.250000   clock reconvergence pessimism
                                              0.250000 ^ _1145_/CLK (sky130_fd_sc_hd__dfrtp_2)
                                  1.938556    2.188556   library removal time
                                              2.188556   data required time
---------------------------------------------------------------------------------------------
                                              2.188556   data required time
                                             -7.115693   data arrival time
---------------------------------------------------------------------------------------------
                                              4.927136   slack (MET)


Startpoint: rst_n (input port clocked by clk)
Endpoint: _1146_ (removal check against rising-edge clock clk)
Path Group: asynchronous
Path Type: min

Fanout         Cap        Slew       Delay        Time   Description
---------------------------------------------------------------------------------------------
                      0.150000    0.000000    0.000000   clock clk (rise edge)
                                  0.000000    0.000000   clock network delay (ideal)
                                  4.000000    4.000000 ^ input external delay
   202    0.659238    4.642534    3.115693    7.115693 ^ rst_n (in)
                                                         rst_n (net)
                      4.642534    0.000000    7.115693 ^ _1146_/RESET_B (sky130_fd_sc_hd__dfrtp_2)
                                              7.115693   data arrival time

                      0.150000    0.000000    0.000000   clock clk (rise edge)
                                  0.000000    0.000000   clock network delay (ideal)
                                  0.250000    0.250000   clock uncertainty
                                  0.000000    0.250000   clock reconvergence pessimism
                                              0.250000 ^ _1146_/CLK (sky130_fd_sc_hd__dfrtp_2)
                                  1.938556    2.188556   library removal time
                                              2.188556   data required time
---------------------------------------------------------------------------------------------
                                              2.188556   data required time
                                             -7.115693   data arrival time
---------------------------------------------------------------------------------------------
                                              4.927136   slack (MET)


Startpoint: rst_n (input port clocked by clk)
Endpoint: _1147_ (removal check against rising-edge clock clk)
Path Group: asynchronous
Path Type: min

Fanout         Cap        Slew       Delay        Time   Description
---------------------------------------------------------------------------------------------
                      0.150000    0.000000    0.000000   clock clk (rise edge)
                                  0.000000    0.000000   clock network delay (ideal)
                                  4.000000    4.000000 ^ input external delay
   202    0.659238    4.642534    3.115693    7.115693 ^ rst_n (in)
                                                         rst_n (net)
                      4.642534    0.000000    7.115693 ^ _1147_/RESET_B (sky130_fd_sc_hd__dfrtp_2)
                                              7.115693   data arrival time

                      0.150000    0.000000    0.000000   clock clk (rise edge)
                                  0.000000    0.000000   clock network delay (ideal)
                                  0.250000    0.250000   clock uncertainty
                                  0.000000    0.250000   clock reconvergence pessimism
                                              0.250000 ^ _1147_/CLK (sky130_fd_sc_hd__dfrtp_2)
                                  1.938556    2.188556   library removal time
                                              2.188556   data required time
---------------------------------------------------------------------------------------------
                                              2.188556   data required time
                                             -7.115693   data arrival time
---------------------------------------------------------------------------------------------
                                              4.927136   slack (MET)


Startpoint: rst_n (input port clocked by clk)
Endpoint: _1148_ (removal check against rising-edge clock clk)
Path Group: asynchronous
Path Type: min

Fanout         Cap        Slew       Delay        Time   Description
---------------------------------------------------------------------------------------------
                      0.150000    0.000000    0.000000   clock clk (rise edge)
                                  0.000000    0.000000   clock network delay (ideal)
                                  4.000000    4.000000 ^ input external delay
   202    0.659238    4.642534    3.115693    7.115693 ^ rst_n (in)
                                                         rst_n (net)
                      4.642534    0.000000    7.115693 ^ _1148_/RESET_B (sky130_fd_sc_hd__dfrtp_2)
                                              7.115693   data arrival time

                      0.150000    0.000000    0.000000   clock clk (rise edge)
                                  0.000000    0.000000   clock network delay (ideal)
                                  0.250000    0.250000   clock uncertainty
                                  0.000000    0.250000   clock reconvergence pessimism
                                              0.250000 ^ _1148_/CLK (sky130_fd_sc_hd__dfrtp_2)
                                  1.938556    2.188556   library removal time
                                              2.188556   data required time
---------------------------------------------------------------------------------------------
                                              2.188556   data required time
                                             -7.115693   data arrival time
---------------------------------------------------------------------------------------------
                                              4.927136   slack (MET)


Startpoint: rst_n (input port clocked by clk)
Endpoint: _1149_ (removal check against rising-edge clock clk)
Path Group: asynchronous
Path Type: min

Fanout         Cap        Slew       Delay        Time   Description
---------------------------------------------------------------------------------------------
                      0.150000    0.000000    0.000000   clock clk (rise edge)
                                  0.000000    0.000000   clock network delay (ideal)
                                  4.000000    4.000000 ^ input external delay
   202    0.659238    4.642534    3.115693    7.115693 ^ rst_n (in)
                                                         rst_n (net)
                      4.642534    0.000000    7.115693 ^ _1149_/RESET_B (sky130_fd_sc_hd__dfrtp_2)
                                              7.115693   data arrival time

                      0.150000    0.000000    0.000000   clock clk (rise edge)
                                  0.000000    0.000000   clock network delay (ideal)
                                  0.250000    0.250000   clock uncertainty
                                  0.000000    0.250000   clock reconvergence pessimism
                                              0.250000 ^ _1149_/CLK (sky130_fd_sc_hd__dfrtp_2)
                                  1.938556    2.188556   library removal time
                                              2.188556   data required time
---------------------------------------------------------------------------------------------
                                              2.188556   data required time
                                             -7.115693   data arrival time
---------------------------------------------------------------------------------------------
                                              4.927136   slack (MET)


Startpoint: rst_n (input port clocked by clk)
Endpoint: _1150_ (removal check against rising-edge clock clk)
Path Group: asynchronous
Path Type: min

Fanout         Cap        Slew       Delay        Time   Description
---------------------------------------------------------------------------------------------
                      0.150000    0.000000    0.000000   clock clk (rise edge)
                                  0.000000    0.000000   clock network delay (ideal)
                                  4.000000    4.000000 ^ input external delay
   202    0.659238    4.642534    3.115693    7.115693 ^ rst_n (in)
                                                         rst_n (net)
                      4.642534    0.000000    7.115693 ^ _1150_/RESET_B (sky130_fd_sc_hd__dfrtp_2)
                                              7.115693   data arrival time

                      0.150000    0.000000    0.000000   clock clk (rise edge)
                                  0.000000    0.000000   clock network delay (ideal)
                                  0.250000    0.250000   clock uncertainty
                                  0.000000    0.250000   clock reconvergence pessimism
                                              0.250000 ^ _1150_/CLK (sky130_fd_sc_hd__dfrtp_2)
                                  1.938556    2.188556   library removal time
                                              2.188556   data required time
---------------------------------------------------------------------------------------------
                                              2.188556   data required time
                                             -7.115693   data arrival time
---------------------------------------------------------------------------------------------
                                              4.927136   slack (MET)


Startpoint: rst_n (input port clocked by clk)
Endpoint: _1151_ (removal check against rising-edge clock clk)
Path Group: asynchronous
Path Type: min

Fanout         Cap        Slew       Delay        Time   Description
---------------------------------------------------------------------------------------------
                      0.150000    0.000000    0.000000   clock clk (rise edge)
                                  0.000000    0.000000   clock network delay (ideal)
                                  4.000000    4.000000 ^ input external delay
   202    0.659238    4.642534    3.115693    7.115693 ^ rst_n (in)
                                                         rst_n (net)
                      4.642534    0.000000    7.115693 ^ _1151_/RESET_B (sky130_fd_sc_hd__dfrtp_2)
                                              7.115693   data arrival time

                      0.150000    0.000000    0.000000   clock clk (rise edge)
                                  0.000000    0.000000   clock network delay (ideal)
                                  0.250000    0.250000   clock uncertainty
                                  0.000000    0.250000   clock reconvergence pessimism
                                              0.250000 ^ _1151_/CLK (sky130_fd_sc_hd__dfrtp_2)
                                  1.938556    2.188556   library removal time
                                              2.188556   data required time
---------------------------------------------------------------------------------------------
                                              2.188556   data required time
                                             -7.115693   data arrival time
---------------------------------------------------------------------------------------------
                                              4.927136   slack (MET)


Startpoint: rst_n (input port clocked by clk)
Endpoint: _1152_ (removal check against rising-edge clock clk)
Path Group: asynchronous
Path Type: min

Fanout         Cap        Slew       Delay        Time   Description
---------------------------------------------------------------------------------------------
                      0.150000    0.000000    0.000000   clock clk (rise edge)
                                  0.000000    0.000000   clock network delay (ideal)
                                  4.000000    4.000000 ^ input external delay
   202    0.659238    4.642534    3.115693    7.115693 ^ rst_n (in)
                                                         rst_n (net)
                      4.642534    0.000000    7.115693 ^ _1152_/RESET_B (sky130_fd_sc_hd__dfrtp_2)
                                              7.115693   data arrival time

                      0.150000    0.000000    0.000000   clock clk (rise edge)
                                  0.000000    0.000000   clock network delay (ideal)
                                  0.250000    0.250000   clock uncertainty
                                  0.000000    0.250000   clock reconvergence pessimism
                                              0.250000 ^ _1152_/CLK (sky130_fd_sc_hd__dfrtp_2)
                                  1.938556    2.188556   library removal time
                                              2.188556   data required time
---------------------------------------------------------------------------------------------
                                              2.188556   data required time
                                             -7.115693   data arrival time
---------------------------------------------------------------------------------------------
                                              4.927136   slack (MET)


Startpoint: rst_n (input port clocked by clk)
Endpoint: _1153_ (removal check against rising-edge clock clk)
Path Group: asynchronous
Path Type: min

Fanout         Cap        Slew       Delay        Time   Description
---------------------------------------------------------------------------------------------
                      0.150000    0.000000    0.000000   clock clk (rise edge)
                                  0.000000    0.000000   clock network delay (ideal)
                                  4.000000    4.000000 ^ input external delay
   202    0.659238    4.642534    3.115693    7.115693 ^ rst_n (in)
                                                         rst_n (net)
                      4.642534    0.000000    7.115693 ^ _1153_/RESET_B (sky130_fd_sc_hd__dfrtp_2)
                                              7.115693   data arrival time

                      0.150000    0.000000    0.000000   clock clk (rise edge)
                                  0.000000    0.000000   clock network delay (ideal)
                                  0.250000    0.250000   clock uncertainty
                                  0.000000    0.250000   clock reconvergence pessimism
                                              0.250000 ^ _1153_/CLK (sky130_fd_sc_hd__dfrtp_2)
                                  1.938556    2.188556   library removal time
                                              2.188556   data required time
---------------------------------------------------------------------------------------------
                                              2.188556   data required time
                                             -7.115693   data arrival time
---------------------------------------------------------------------------------------------
                                              4.927136   slack (MET)


Startpoint: rst_n (input port clocked by clk)
Endpoint: _1154_ (removal check against rising-edge clock clk)
Path Group: asynchronous
Path Type: min

Fanout         Cap        Slew       Delay        Time   Description
---------------------------------------------------------------------------------------------
                      0.150000    0.000000    0.000000   clock clk (rise edge)
                                  0.000000    0.000000   clock network delay (ideal)
                                  4.000000    4.000000 ^ input external delay
   202    0.659238    4.642534    3.115693    7.115693 ^ rst_n (in)
                                                         rst_n (net)
                      4.642534    0.000000    7.115693 ^ _1154_/RESET_B (sky130_fd_sc_hd__dfrtp_2)
                                              7.115693   data arrival time

                      0.150000    0.000000    0.000000   clock clk (rise edge)
                                  0.000000    0.000000   clock network delay (ideal)
                                  0.250000    0.250000   clock uncertainty
                                  0.000000    0.250000   clock reconvergence pessimism
                                              0.250000 ^ _1154_/CLK (sky130_fd_sc_hd__dfrtp_2)
                                  1.938556    2.188556   library removal time
                                              2.188556   data required time
---------------------------------------------------------------------------------------------
                                              2.188556   data required time
                                             -7.115693   data arrival time
---------------------------------------------------------------------------------------------
                                              4.927136   slack (MET)


Startpoint: rst_n (input port clocked by clk)
Endpoint: _1155_ (removal check against rising-edge clock clk)
Path Group: asynchronous
Path Type: min

Fanout         Cap        Slew       Delay        Time   Description
---------------------------------------------------------------------------------------------
                      0.150000    0.000000    0.000000   clock clk (rise edge)
                                  0.000000    0.000000   clock network delay (ideal)
                                  4.000000    4.000000 ^ input external delay
   202    0.659238    4.642534    3.115693    7.115693 ^ rst_n (in)
                                                         rst_n (net)
                      4.642534    0.000000    7.115693 ^ _1155_/RESET_B (sky130_fd_sc_hd__dfrtp_2)
                                              7.115693   data arrival time

                      0.150000    0.000000    0.000000   clock clk (rise edge)
                                  0.000000    0.000000   clock network delay (ideal)
                                  0.250000    0.250000   clock uncertainty
                                  0.000000    0.250000   clock reconvergence pessimism
                                              0.250000 ^ _1155_/CLK (sky130_fd_sc_hd__dfrtp_2)
                                  1.938556    2.188556   library removal time
                                              2.188556   data required time
---------------------------------------------------------------------------------------------
                                              2.188556   data required time
                                             -7.115693   data arrival time
---------------------------------------------------------------------------------------------
                                              4.927136   slack (MET)


Startpoint: rst_n (input port clocked by clk)
Endpoint: _1156_ (removal check against rising-edge clock clk)
Path Group: asynchronous
Path Type: min

Fanout         Cap        Slew       Delay        Time   Description
---------------------------------------------------------------------------------------------
                      0.150000    0.000000    0.000000   clock clk (rise edge)
                                  0.000000    0.000000   clock network delay (ideal)
                                  4.000000    4.000000 ^ input external delay
   202    0.659238    4.642534    3.115693    7.115693 ^ rst_n (in)
                                                         rst_n (net)
                      4.642534    0.000000    7.115693 ^ _1156_/RESET_B (sky130_fd_sc_hd__dfrtp_2)
                                              7.115693   data arrival time

                      0.150000    0.000000    0.000000   clock clk (rise edge)
                                  0.000000    0.000000   clock network delay (ideal)
                                  0.250000    0.250000   clock uncertainty
                                  0.000000    0.250000   clock reconvergence pessimism
                                              0.250000 ^ _1156_/CLK (sky130_fd_sc_hd__dfrtp_2)
                                  1.938556    2.188556   library removal time
                                              2.188556   data required time
---------------------------------------------------------------------------------------------
                                              2.188556   data required time
                                             -7.115693   data arrival time
---------------------------------------------------------------------------------------------
                                              4.927136   slack (MET)


Startpoint: rst_n (input port clocked by clk)
Endpoint: _1157_ (removal check against rising-edge clock clk)
Path Group: asynchronous
Path Type: min

Fanout         Cap        Slew       Delay        Time   Description
---------------------------------------------------------------------------------------------
                      0.150000    0.000000    0.000000   clock clk (rise edge)
                                  0.000000    0.000000   clock network delay (ideal)
                                  4.000000    4.000000 ^ input external delay
   202    0.659238    4.642534    3.115693    7.115693 ^ rst_n (in)
                                                         rst_n (net)
                      4.642534    0.000000    7.115693 ^ _1157_/RESET_B (sky130_fd_sc_hd__dfrtp_2)
                                              7.115693   data arrival time

                      0.150000    0.000000    0.000000   clock clk (rise edge)
                                  0.000000    0.000000   clock network delay (ideal)
                                  0.250000    0.250000   clock uncertainty
                                  0.000000    0.250000   clock reconvergence pessimism
                                              0.250000 ^ _1157_/CLK (sky130_fd_sc_hd__dfrtp_2)
                                  1.938556    2.188556   library removal time
                                              2.188556   data required time
---------------------------------------------------------------------------------------------
                                              2.188556   data required time
                                             -7.115693   data arrival time
---------------------------------------------------------------------------------------------
                                              4.927136   slack (MET)


Startpoint: rst_n (input port clocked by clk)
Endpoint: _1158_ (removal check against rising-edge clock clk)
Path Group: asynchronous
Path Type: min

Fanout         Cap        Slew       Delay        Time   Description
---------------------------------------------------------------------------------------------
                      0.150000    0.000000    0.000000   clock clk (rise edge)
                                  0.000000    0.000000   clock network delay (ideal)
                                  4.000000    4.000000 ^ input external delay
   202    0.659238    4.642534    3.115693    7.115693 ^ rst_n (in)
                                                         rst_n (net)
                      4.642534    0.000000    7.115693 ^ _1158_/RESET_B (sky130_fd_sc_hd__dfrtp_2)
                                              7.115693   data arrival time

                      0.150000    0.000000    0.000000   clock clk (rise edge)
                                  0.000000    0.000000   clock network delay (ideal)
                                  0.250000    0.250000   clock uncertainty
                                  0.000000    0.250000   clock reconvergence pessimism
                                              0.250000 ^ _1158_/CLK (sky130_fd_sc_hd__dfrtp_2)
                                  1.938556    2.188556   library removal time
                                              2.188556   data required time
---------------------------------------------------------------------------------------------
                                              2.188556   data required time
                                             -7.115693   data arrival time
---------------------------------------------------------------------------------------------
                                              4.927136   slack (MET)


Startpoint: rst_n (input port clocked by clk)
Endpoint: _1159_ (removal check against rising-edge clock clk)
Path Group: asynchronous
Path Type: min

Fanout         Cap        Slew       Delay        Time   Description
---------------------------------------------------------------------------------------------
                      0.150000    0.000000    0.000000   clock clk (rise edge)
                                  0.000000    0.000000   clock network delay (ideal)
                                  4.000000    4.000000 ^ input external delay
   202    0.659238    4.642534    3.115693    7.115693 ^ rst_n (in)
                                                         rst_n (net)
                      4.642534    0.000000    7.115693 ^ _1159_/RESET_B (sky130_fd_sc_hd__dfrtp_2)
                                              7.115693   data arrival time

                      0.150000    0.000000    0.000000   clock clk (rise edge)
                                  0.000000    0.000000   clock network delay (ideal)
                                  0.250000    0.250000   clock uncertainty
                                  0.000000    0.250000   clock reconvergence pessimism
                                              0.250000 ^ _1159_/CLK (sky130_fd_sc_hd__dfrtp_2)
                                  1.938556    2.188556   library removal time
                                              2.188556   data required time
---------------------------------------------------------------------------------------------
                                              2.188556   data required time
                                             -7.115693   data arrival time
---------------------------------------------------------------------------------------------
                                              4.927136   slack (MET)


Startpoint: rst_n (input port clocked by clk)
Endpoint: _1160_ (removal check against rising-edge clock clk)
Path Group: asynchronous
Path Type: min

Fanout         Cap        Slew       Delay        Time   Description
---------------------------------------------------------------------------------------------
                      0.150000    0.000000    0.000000   clock clk (rise edge)
                                  0.000000    0.000000   clock network delay (ideal)
                                  4.000000    4.000000 ^ input external delay
   202    0.659238    4.642534    3.115693    7.115693 ^ rst_n (in)
                                                         rst_n (net)
                      4.642534    0.000000    7.115693 ^ _1160_/RESET_B (sky130_fd_sc_hd__dfrtp_2)
                                              7.115693   data arrival time

                      0.150000    0.000000    0.000000   clock clk (rise edge)
                                  0.000000    0.000000   clock network delay (ideal)
                                  0.250000    0.250000   clock uncertainty
                                  0.000000    0.250000   clock reconvergence pessimism
                                              0.250000 ^ _1160_/CLK (sky130_fd_sc_hd__dfrtp_2)
                                  1.938556    2.188556   library removal time
                                              2.188556   data required time
---------------------------------------------------------------------------------------------
                                              2.188556   data required time
                                             -7.115693   data arrival time
---------------------------------------------------------------------------------------------
                                              4.927136   slack (MET)


Startpoint: rst_n (input port clocked by clk)
Endpoint: _1161_ (removal check against rising-edge clock clk)
Path Group: asynchronous
Path Type: min

Fanout         Cap        Slew       Delay        Time   Description
---------------------------------------------------------------------------------------------
                      0.150000    0.000000    0.000000   clock clk (rise edge)
                                  0.000000    0.000000   clock network delay (ideal)
                                  4.000000    4.000000 ^ input external delay
   202    0.659238    4.642534    3.115693    7.115693 ^ rst_n (in)
                                                         rst_n (net)
                      4.642534    0.000000    7.115693 ^ _1161_/RESET_B (sky130_fd_sc_hd__dfrtp_2)
                                              7.115693   data arrival time

                      0.150000    0.000000    0.000000   clock clk (rise edge)
                                  0.000000    0.000000   clock network delay (ideal)
                                  0.250000    0.250000   clock uncertainty
                                  0.000000    0.250000   clock reconvergence pessimism
                                              0.250000 ^ _1161_/CLK (sky130_fd_sc_hd__dfrtp_2)
                                  1.938556    2.188556   library removal time
                                              2.188556   data required time
---------------------------------------------------------------------------------------------
                                              2.188556   data required time
                                             -7.115693   data arrival time
---------------------------------------------------------------------------------------------
                                              4.927136   slack (MET)


Startpoint: rst_n (input port clocked by clk)
Endpoint: _1162_ (removal check against rising-edge clock clk)
Path Group: asynchronous
Path Type: min

Fanout         Cap        Slew       Delay        Time   Description
---------------------------------------------------------------------------------------------
                      0.150000    0.000000    0.000000   clock clk (rise edge)
                                  0.000000    0.000000   clock network delay (ideal)
                                  4.000000    4.000000 ^ input external delay
   202    0.659238    4.642534    3.115693    7.115693 ^ rst_n (in)
                                                         rst_n (net)
                      4.642534    0.000000    7.115693 ^ _1162_/RESET_B (sky130_fd_sc_hd__dfrtp_2)
                                              7.115693   data arrival time

                      0.150000    0.000000    0.000000   clock clk (rise edge)
                                  0.000000    0.000000   clock network delay (ideal)
                                  0.250000    0.250000   clock uncertainty
                                  0.000000    0.250000   clock reconvergence pessimism
                                              0.250000 ^ _1162_/CLK (sky130_fd_sc_hd__dfrtp_2)
                                  1.938556    2.188556   library removal time
                                              2.188556   data required time
---------------------------------------------------------------------------------------------
                                              2.188556   data required time
                                             -7.115693   data arrival time
---------------------------------------------------------------------------------------------
                                              4.927136   slack (MET)


Startpoint: rst_n (input port clocked by clk)
Endpoint: _1163_ (removal check against rising-edge clock clk)
Path Group: asynchronous
Path Type: min

Fanout         Cap        Slew       Delay        Time   Description
---------------------------------------------------------------------------------------------
                      0.150000    0.000000    0.000000   clock clk (rise edge)
                                  0.000000    0.000000   clock network delay (ideal)
                                  4.000000    4.000000 ^ input external delay
   202    0.659238    4.642534    3.115693    7.115693 ^ rst_n (in)
                                                         rst_n (net)
                      4.642534    0.000000    7.115693 ^ _1163_/RESET_B (sky130_fd_sc_hd__dfrtp_2)
                                              7.115693   data arrival time

                      0.150000    0.000000    0.000000   clock clk (rise edge)
                                  0.000000    0.000000   clock network delay (ideal)
                                  0.250000    0.250000   clock uncertainty
                                  0.000000    0.250000   clock reconvergence pessimism
                                              0.250000 ^ _1163_/CLK (sky130_fd_sc_hd__dfrtp_2)
                                  1.938556    2.188556   library removal time
                                              2.188556   data required time
---------------------------------------------------------------------------------------------
                                              2.188556   data required time
                                             -7.115693   data arrival time
---------------------------------------------------------------------------------------------
                                              4.927136   slack (MET)


Startpoint: rst_n (input port clocked by clk)
Endpoint: _1164_ (removal check against rising-edge clock clk)
Path Group: asynchronous
Path Type: min

Fanout         Cap        Slew       Delay        Time   Description
---------------------------------------------------------------------------------------------
                      0.150000    0.000000    0.000000   clock clk (rise edge)
                                  0.000000    0.000000   clock network delay (ideal)
                                  4.000000    4.000000 ^ input external delay
   202    0.659238    4.642534    3.115693    7.115693 ^ rst_n (in)
                                                         rst_n (net)
                      4.642534    0.000000    7.115693 ^ _1164_/RESET_B (sky130_fd_sc_hd__dfrtp_2)
                                              7.115693   data arrival time

                      0.150000    0.000000    0.000000   clock clk (rise edge)
                                  0.000000    0.000000   clock network delay (ideal)
                                  0.250000    0.250000   clock uncertainty
                                  0.000000    0.250000   clock reconvergence pessimism
                                              0.250000 ^ _1164_/CLK (sky130_fd_sc_hd__dfrtp_2)
                                  1.938556    2.188556   library removal time
                                              2.188556   data required time
---------------------------------------------------------------------------------------------
                                              2.188556   data required time
                                             -7.115693   data arrival time
---------------------------------------------------------------------------------------------
                                              4.927136   slack (MET)


Startpoint: rst_n (input port clocked by clk)
Endpoint: _1165_ (removal check against rising-edge clock clk)
Path Group: asynchronous
Path Type: min

Fanout         Cap        Slew       Delay        Time   Description
---------------------------------------------------------------------------------------------
                      0.150000    0.000000    0.000000   clock clk (rise edge)
                                  0.000000    0.000000   clock network delay (ideal)
                                  4.000000    4.000000 ^ input external delay
   202    0.659238    4.642534    3.115693    7.115693 ^ rst_n (in)
                                                         rst_n (net)
                      4.642534    0.000000    7.115693 ^ _1165_/RESET_B (sky130_fd_sc_hd__dfrtp_2)
                                              7.115693   data arrival time

                      0.150000    0.000000    0.000000   clock clk (rise edge)
                                  0.000000    0.000000   clock network delay (ideal)
                                  0.250000    0.250000   clock uncertainty
                                  0.000000    0.250000   clock reconvergence pessimism
                                              0.250000 ^ _1165_/CLK (sky130_fd_sc_hd__dfrtp_2)
                                  1.938556    2.188556   library removal time
                                              2.188556   data required time
---------------------------------------------------------------------------------------------
                                              2.188556   data required time
                                             -7.115693   data arrival time
---------------------------------------------------------------------------------------------
                                              4.927136   slack (MET)


Startpoint: rst_n (input port clocked by clk)
Endpoint: _1166_ (removal check against rising-edge clock clk)
Path Group: asynchronous
Path Type: min

Fanout         Cap        Slew       Delay        Time   Description
---------------------------------------------------------------------------------------------
                      0.150000    0.000000    0.000000   clock clk (rise edge)
                                  0.000000    0.000000   clock network delay (ideal)
                                  4.000000    4.000000 ^ input external delay
   202    0.659238    4.642534    3.115693    7.115693 ^ rst_n (in)
                                                         rst_n (net)
                      4.642534    0.000000    7.115693 ^ _1166_/RESET_B (sky130_fd_sc_hd__dfrtp_2)
                                              7.115693   data arrival time

                      0.150000    0.000000    0.000000   clock clk (rise edge)
                                  0.000000    0.000000   clock network delay (ideal)
                                  0.250000    0.250000   clock uncertainty
                                  0.000000    0.250000   clock reconvergence pessimism
                                              0.250000 ^ _1166_/CLK (sky130_fd_sc_hd__dfrtp_2)
                                  1.938556    2.188556   library removal time
                                              2.188556   data required time
---------------------------------------------------------------------------------------------
                                              2.188556   data required time
                                             -7.115693   data arrival time
---------------------------------------------------------------------------------------------
                                              4.927136   slack (MET)


Startpoint: rst_n (input port clocked by clk)
Endpoint: _1167_ (removal check against rising-edge clock clk)
Path Group: asynchronous
Path Type: min

Fanout         Cap        Slew       Delay        Time   Description
---------------------------------------------------------------------------------------------
                      0.150000    0.000000    0.000000   clock clk (rise edge)
                                  0.000000    0.000000   clock network delay (ideal)
                                  4.000000    4.000000 ^ input external delay
   202    0.659238    4.642534    3.115693    7.115693 ^ rst_n (in)
                                                         rst_n (net)
                      4.642534    0.000000    7.115693 ^ _1167_/RESET_B (sky130_fd_sc_hd__dfrtp_2)
                                              7.115693   data arrival time

                      0.150000    0.000000    0.000000   clock clk (rise edge)
                                  0.000000    0.000000   clock network delay (ideal)
                                  0.250000    0.250000   clock uncertainty
                                  0.000000    0.250000   clock reconvergence pessimism
                                              0.250000 ^ _1167_/CLK (sky130_fd_sc_hd__dfrtp_2)
                                  1.938556    2.188556   library removal time
                                              2.188556   data required time
---------------------------------------------------------------------------------------------
                                              2.188556   data required time
                                             -7.115693   data arrival time
---------------------------------------------------------------------------------------------
                                              4.927136   slack (MET)


Startpoint: rst_n (input port clocked by clk)
Endpoint: _1168_ (removal check against rising-edge clock clk)
Path Group: asynchronous
Path Type: min

Fanout         Cap        Slew       Delay        Time   Description
---------------------------------------------------------------------------------------------
                      0.150000    0.000000    0.000000   clock clk (rise edge)
                                  0.000000    0.000000   clock network delay (ideal)
                                  4.000000    4.000000 ^ input external delay
   202    0.659238    4.642534    3.115693    7.115693 ^ rst_n (in)
                                                         rst_n (net)
                      4.642534    0.000000    7.115693 ^ _1168_/RESET_B (sky130_fd_sc_hd__dfrtp_2)
                                              7.115693   data arrival time

                      0.150000    0.000000    0.000000   clock clk (rise edge)
                                  0.000000    0.000000   clock network delay (ideal)
                                  0.250000    0.250000   clock uncertainty
                                  0.000000    0.250000   clock reconvergence pessimism
                                              0.250000 ^ _1168_/CLK (sky130_fd_sc_hd__dfrtp_2)
                                  1.938556    2.188556   library removal time
                                              2.188556   data required time
---------------------------------------------------------------------------------------------
                                              2.188556   data required time
                                             -7.115693   data arrival time
---------------------------------------------------------------------------------------------
                                              4.927136   slack (MET)


Startpoint: rst_n (input port clocked by clk)
Endpoint: _1169_ (removal check against rising-edge clock clk)
Path Group: asynchronous
Path Type: min

Fanout         Cap        Slew       Delay        Time   Description
---------------------------------------------------------------------------------------------
                      0.150000    0.000000    0.000000   clock clk (rise edge)
                                  0.000000    0.000000   clock network delay (ideal)
                                  4.000000    4.000000 ^ input external delay
   202    0.659238    4.642534    3.115693    7.115693 ^ rst_n (in)
                                                         rst_n (net)
                      4.642534    0.000000    7.115693 ^ _1169_/RESET_B (sky130_fd_sc_hd__dfrtp_2)
                                              7.115693   data arrival time

                      0.150000    0.000000    0.000000   clock clk (rise edge)
                                  0.000000    0.000000   clock network delay (ideal)
                                  0.250000    0.250000   clock uncertainty
                                  0.000000    0.250000   clock reconvergence pessimism
                                              0.250000 ^ _1169_/CLK (sky130_fd_sc_hd__dfrtp_2)
                                  1.938556    2.188556   library removal time
                                              2.188556   data required time
---------------------------------------------------------------------------------------------
                                              2.188556   data required time
                                             -7.115693   data arrival time
---------------------------------------------------------------------------------------------
                                              4.927136   slack (MET)


Startpoint: rst_n (input port clocked by clk)
Endpoint: _1170_ (removal check against rising-edge clock clk)
Path Group: asynchronous
Path Type: min

Fanout         Cap        Slew       Delay        Time   Description
---------------------------------------------------------------------------------------------
                      0.150000    0.000000    0.000000   clock clk (rise edge)
                                  0.000000    0.000000   clock network delay (ideal)
                                  4.000000    4.000000 ^ input external delay
   202    0.659238    4.642534    3.115693    7.115693 ^ rst_n (in)
                                                         rst_n (net)
                      4.642534    0.000000    7.115693 ^ _1170_/RESET_B (sky130_fd_sc_hd__dfrtp_2)
                                              7.115693   data arrival time

                      0.150000    0.000000    0.000000   clock clk (rise edge)
                                  0.000000    0.000000   clock network delay (ideal)
                                  0.250000    0.250000   clock uncertainty
                                  0.000000    0.250000   clock reconvergence pessimism
                                              0.250000 ^ _1170_/CLK (sky130_fd_sc_hd__dfrtp_2)
                                  1.938556    2.188556   library removal time
                                              2.188556   data required time
---------------------------------------------------------------------------------------------
                                              2.188556   data required time
                                             -7.115693   data arrival time
---------------------------------------------------------------------------------------------
                                              4.927136   slack (MET)


Startpoint: rst_n (input port clocked by clk)
Endpoint: _1171_ (removal check against rising-edge clock clk)
Path Group: asynchronous
Path Type: min

Fanout         Cap        Slew       Delay        Time   Description
---------------------------------------------------------------------------------------------
                      0.150000    0.000000    0.000000   clock clk (rise edge)
                                  0.000000    0.000000   clock network delay (ideal)
                                  4.000000    4.000000 ^ input external delay
   202    0.659238    4.642534    3.115693    7.115693 ^ rst_n (in)
                                                         rst_n (net)
                      4.642534    0.000000    7.115693 ^ _1171_/RESET_B (sky130_fd_sc_hd__dfrtp_2)
                                              7.115693   data arrival time

                      0.150000    0.000000    0.000000   clock clk (rise edge)
                                  0.000000    0.000000   clock network delay (ideal)
                                  0.250000    0.250000   clock uncertainty
                                  0.000000    0.250000   clock reconvergence pessimism
                                              0.250000 ^ _1171_/CLK (sky130_fd_sc_hd__dfrtp_2)
                                  1.938556    2.188556   library removal time
                                              2.188556   data required time
---------------------------------------------------------------------------------------------
                                              2.188556   data required time
                                             -7.115693   data arrival time
---------------------------------------------------------------------------------------------
                                              4.927136   slack (MET)


Startpoint: rst_n (input port clocked by clk)
Endpoint: _1172_ (removal check against rising-edge clock clk)
Path Group: asynchronous
Path Type: min

Fanout         Cap        Slew       Delay        Time   Description
---------------------------------------------------------------------------------------------
                      0.150000    0.000000    0.000000   clock clk (rise edge)
                                  0.000000    0.000000   clock network delay (ideal)
                                  4.000000    4.000000 ^ input external delay
   202    0.659238    4.642534    3.115693    7.115693 ^ rst_n (in)
                                                         rst_n (net)
                      4.642534    0.000000    7.115693 ^ _1172_/RESET_B (sky130_fd_sc_hd__dfrtp_2)
                                              7.115693   data arrival time

                      0.150000    0.000000    0.000000   clock clk (rise edge)
                                  0.000000    0.000000   clock network delay (ideal)
                                  0.250000    0.250000   clock uncertainty
                                  0.000000    0.250000   clock reconvergence pessimism
                                              0.250000 ^ _1172_/CLK (sky130_fd_sc_hd__dfrtp_2)
                                  1.938556    2.188556   library removal time
                                              2.188556   data required time
---------------------------------------------------------------------------------------------
                                              2.188556   data required time
                                             -7.115693   data arrival time
---------------------------------------------------------------------------------------------
                                              4.927136   slack (MET)


Startpoint: rst_n (input port clocked by clk)
Endpoint: _1173_ (removal check against rising-edge clock clk)
Path Group: asynchronous
Path Type: min

Fanout         Cap        Slew       Delay        Time   Description
---------------------------------------------------------------------------------------------
                      0.150000    0.000000    0.000000   clock clk (rise edge)
                                  0.000000    0.000000   clock network delay (ideal)
                                  4.000000    4.000000 ^ input external delay
   202    0.659238    4.642534    3.115693    7.115693 ^ rst_n (in)
                                                         rst_n (net)
                      4.642534    0.000000    7.115693 ^ _1173_/RESET_B (sky130_fd_sc_hd__dfrtp_2)
                                              7.115693   data arrival time

                      0.150000    0.000000    0.000000   clock clk (rise edge)
                                  0.000000    0.000000   clock network delay (ideal)
                                  0.250000    0.250000   clock uncertainty
                                  0.000000    0.250000   clock reconvergence pessimism
                                              0.250000 ^ _1173_/CLK (sky130_fd_sc_hd__dfrtp_2)
                                  1.938556    2.188556   library removal time
                                              2.188556   data required time
---------------------------------------------------------------------------------------------
                                              2.188556   data required time
                                             -7.115693   data arrival time
---------------------------------------------------------------------------------------------
                                              4.927136   slack (MET)


Startpoint: rst_n (input port clocked by clk)
Endpoint: _1174_ (removal check against rising-edge clock clk)
Path Group: asynchronous
Path Type: min

Fanout         Cap        Slew       Delay        Time   Description
---------------------------------------------------------------------------------------------
                      0.150000    0.000000    0.000000   clock clk (rise edge)
                                  0.000000    0.000000   clock network delay (ideal)
                                  4.000000    4.000000 ^ input external delay
   202    0.659238    4.642534    3.115693    7.115693 ^ rst_n (in)
                                                         rst_n (net)
                      4.642534    0.000000    7.115693 ^ _1174_/RESET_B (sky130_fd_sc_hd__dfrtp_2)
                                              7.115693   data arrival time

                      0.150000    0.000000    0.000000   clock clk (rise edge)
                                  0.000000    0.000000   clock network delay (ideal)
                                  0.250000    0.250000   clock uncertainty
                                  0.000000    0.250000   clock reconvergence pessimism
                                              0.250000 ^ _1174_/CLK (sky130_fd_sc_hd__dfrtp_2)
                                  1.938556    2.188556   library removal time
                                              2.188556   data required time
---------------------------------------------------------------------------------------------
                                              2.188556   data required time
                                             -7.115693   data arrival time
---------------------------------------------------------------------------------------------
                                              4.927136   slack (MET)


Startpoint: rst_n (input port clocked by clk)
Endpoint: _1175_ (removal check against rising-edge clock clk)
Path Group: asynchronous
Path Type: min

Fanout         Cap        Slew       Delay        Time   Description
---------------------------------------------------------------------------------------------
                      0.150000    0.000000    0.000000   clock clk (rise edge)
                                  0.000000    0.000000   clock network delay (ideal)
                                  4.000000    4.000000 ^ input external delay
   202    0.659238    4.642534    3.115693    7.115693 ^ rst_n (in)
                                                         rst_n (net)
                      4.642534    0.000000    7.115693 ^ _1175_/RESET_B (sky130_fd_sc_hd__dfrtp_2)
                                              7.115693   data arrival time

                      0.150000    0.000000    0.000000   clock clk (rise edge)
                                  0.000000    0.000000   clock network delay (ideal)
                                  0.250000    0.250000   clock uncertainty
                                  0.000000    0.250000   clock reconvergence pessimism
                                              0.250000 ^ _1175_/CLK (sky130_fd_sc_hd__dfrtp_2)
                                  1.938556    2.188556   library removal time
                                              2.188556   data required time
---------------------------------------------------------------------------------------------
                                              2.188556   data required time
                                             -7.115693   data arrival time
---------------------------------------------------------------------------------------------
                                              4.927136   slack (MET)


Startpoint: rst_n (input port clocked by clk)
Endpoint: _1176_ (removal check against rising-edge clock clk)
Path Group: asynchronous
Path Type: min

Fanout         Cap        Slew       Delay        Time   Description
---------------------------------------------------------------------------------------------
                      0.150000    0.000000    0.000000   clock clk (rise edge)
                                  0.000000    0.000000   clock network delay (ideal)
                                  4.000000    4.000000 ^ input external delay
   202    0.659238    4.642534    3.115693    7.115693 ^ rst_n (in)
                                                         rst_n (net)
                      4.642534    0.000000    7.115693 ^ _1176_/RESET_B (sky130_fd_sc_hd__dfrtp_2)
                                              7.115693   data arrival time

                      0.150000    0.000000    0.000000   clock clk (rise edge)
                                  0.000000    0.000000   clock network delay (ideal)
                                  0.250000    0.250000   clock uncertainty
                                  0.000000    0.250000   clock reconvergence pessimism
                                              0.250000 ^ _1176_/CLK (sky130_fd_sc_hd__dfrtp_2)
                                  1.938556    2.188556   library removal time
                                              2.188556   data required time
---------------------------------------------------------------------------------------------
                                              2.188556   data required time
                                             -7.115693   data arrival time
---------------------------------------------------------------------------------------------
                                              4.927136   slack (MET)


Startpoint: rst_n (input port clocked by clk)
Endpoint: _1177_ (removal check against rising-edge clock clk)
Path Group: asynchronous
Path Type: min

Fanout         Cap        Slew       Delay        Time   Description
---------------------------------------------------------------------------------------------
                      0.150000    0.000000    0.000000   clock clk (rise edge)
                                  0.000000    0.000000   clock network delay (ideal)
                                  4.000000    4.000000 ^ input external delay
   202    0.659238    4.642534    3.115693    7.115693 ^ rst_n (in)
                                                         rst_n (net)
                      4.642534    0.000000    7.115693 ^ _1177_/RESET_B (sky130_fd_sc_hd__dfrtp_2)
                                              7.115693   data arrival time

                      0.150000    0.000000    0.000000   clock clk (rise edge)
                                  0.000000    0.000000   clock network delay (ideal)
                                  0.250000    0.250000   clock uncertainty
                                  0.000000    0.250000   clock reconvergence pessimism
                                              0.250000 ^ _1177_/CLK (sky130_fd_sc_hd__dfrtp_2)
                                  1.938556    2.188556   library removal time
                                              2.188556   data required time
---------------------------------------------------------------------------------------------
                                              2.188556   data required time
                                             -7.115693   data arrival time
---------------------------------------------------------------------------------------------
                                              4.927136   slack (MET)


Startpoint: rst_n (input port clocked by clk)
Endpoint: _1178_ (removal check against rising-edge clock clk)
Path Group: asynchronous
Path Type: min

Fanout         Cap        Slew       Delay        Time   Description
---------------------------------------------------------------------------------------------
                      0.150000    0.000000    0.000000   clock clk (rise edge)
                                  0.000000    0.000000   clock network delay (ideal)
                                  4.000000    4.000000 ^ input external delay
   202    0.659238    4.642534    3.115693    7.115693 ^ rst_n (in)
                                                         rst_n (net)
                      4.642534    0.000000    7.115693 ^ _1178_/RESET_B (sky130_fd_sc_hd__dfrtp_2)
                                              7.115693   data arrival time

                      0.150000    0.000000    0.000000   clock clk (rise edge)
                                  0.000000    0.000000   clock network delay (ideal)
                                  0.250000    0.250000   clock uncertainty
                                  0.000000    0.250000   clock reconvergence pessimism
                                              0.250000 ^ _1178_/CLK (sky130_fd_sc_hd__dfrtp_2)
                                  1.938556    2.188556   library removal time
                                              2.188556   data required time
---------------------------------------------------------------------------------------------
                                              2.188556   data required time
                                             -7.115693   data arrival time
---------------------------------------------------------------------------------------------
                                              4.927136   slack (MET)


Startpoint: rst_n (input port clocked by clk)
Endpoint: _1179_ (removal check against rising-edge clock clk)
Path Group: asynchronous
Path Type: min

Fanout         Cap        Slew       Delay        Time   Description
---------------------------------------------------------------------------------------------
                      0.150000    0.000000    0.000000   clock clk (rise edge)
                                  0.000000    0.000000   clock network delay (ideal)
                                  4.000000    4.000000 ^ input external delay
   202    0.659238    4.642534    3.115693    7.115693 ^ rst_n (in)
                                                         rst_n (net)
                      4.642534    0.000000    7.115693 ^ _1179_/RESET_B (sky130_fd_sc_hd__dfrtp_2)
                                              7.115693   data arrival time

                      0.150000    0.000000    0.000000   clock clk (rise edge)
                                  0.000000    0.000000   clock network delay (ideal)
                                  0.250000    0.250000   clock uncertainty
                                  0.000000    0.250000   clock reconvergence pessimism
                                              0.250000 ^ _1179_/CLK (sky130_fd_sc_hd__dfrtp_2)
                                  1.938556    2.188556   library removal time
                                              2.188556   data required time
---------------------------------------------------------------------------------------------
                                              2.188556   data required time
                                             -7.115693   data arrival time
---------------------------------------------------------------------------------------------
                                              4.927136   slack (MET)


Startpoint: rst_n (input port clocked by clk)
Endpoint: _1180_ (removal check against rising-edge clock clk)
Path Group: asynchronous
Path Type: min

Fanout         Cap        Slew       Delay        Time   Description
---------------------------------------------------------------------------------------------
                      0.150000    0.000000    0.000000   clock clk (rise edge)
                                  0.000000    0.000000   clock network delay (ideal)
                                  4.000000    4.000000 ^ input external delay
   202    0.659238    4.642534    3.115693    7.115693 ^ rst_n (in)
                                                         rst_n (net)
                      4.642534    0.000000    7.115693 ^ _1180_/RESET_B (sky130_fd_sc_hd__dfrtp_2)
                                              7.115693   data arrival time

                      0.150000    0.000000    0.000000   clock clk (rise edge)
                                  0.000000    0.000000   clock network delay (ideal)
                                  0.250000    0.250000   clock uncertainty
                                  0.000000    0.250000   clock reconvergence pessimism
                                              0.250000 ^ _1180_/CLK (sky130_fd_sc_hd__dfrtp_2)
                                  1.938556    2.188556   library removal time
                                              2.188556   data required time
---------------------------------------------------------------------------------------------
                                              2.188556   data required time
                                             -7.115693   data arrival time
---------------------------------------------------------------------------------------------
                                              4.927136   slack (MET)


Startpoint: rst_n (input port clocked by clk)
Endpoint: _1181_ (removal check against rising-edge clock clk)
Path Group: asynchronous
Path Type: min

Fanout         Cap        Slew       Delay        Time   Description
---------------------------------------------------------------------------------------------
                      0.150000    0.000000    0.000000   clock clk (rise edge)
                                  0.000000    0.000000   clock network delay (ideal)
                                  4.000000    4.000000 ^ input external delay
   202    0.659238    4.642534    3.115693    7.115693 ^ rst_n (in)
                                                         rst_n (net)
                      4.642534    0.000000    7.115693 ^ _1181_/RESET_B (sky130_fd_sc_hd__dfrtp_2)
                                              7.115693   data arrival time

                      0.150000    0.000000    0.000000   clock clk (rise edge)
                                  0.000000    0.000000   clock network delay (ideal)
                                  0.250000    0.250000   clock uncertainty
                                  0.000000    0.250000   clock reconvergence pessimism
                                              0.250000 ^ _1181_/CLK (sky130_fd_sc_hd__dfrtp_2)
                                  1.938556    2.188556   library removal time
                                              2.188556   data required time
---------------------------------------------------------------------------------------------
                                              2.188556   data required time
                                             -7.115693   data arrival time
---------------------------------------------------------------------------------------------
                                              4.927136   slack (MET)


Startpoint: rst_n (input port clocked by clk)
Endpoint: _1182_ (removal check against rising-edge clock clk)
Path Group: asynchronous
Path Type: min

Fanout         Cap        Slew       Delay        Time   Description
---------------------------------------------------------------------------------------------
                      0.150000    0.000000    0.000000   clock clk (rise edge)
                                  0.000000    0.000000   clock network delay (ideal)
                                  4.000000    4.000000 ^ input external delay
   202    0.659238    4.642534    3.115693    7.115693 ^ rst_n (in)
                                                         rst_n (net)
                      4.642534    0.000000    7.115693 ^ _1182_/RESET_B (sky130_fd_sc_hd__dfrtp_2)
                                              7.115693   data arrival time

                      0.150000    0.000000    0.000000   clock clk (rise edge)
                                  0.000000    0.000000   clock network delay (ideal)
                                  0.250000    0.250000   clock uncertainty
                                  0.000000    0.250000   clock reconvergence pessimism
                                              0.250000 ^ _1182_/CLK (sky130_fd_sc_hd__dfrtp_2)
                                  1.938556    2.188556   library removal time
                                              2.188556   data required time
---------------------------------------------------------------------------------------------
                                              2.188556   data required time
                                             -7.115693   data arrival time
---------------------------------------------------------------------------------------------
                                              4.927136   slack (MET)


Startpoint: rst_n (input port clocked by clk)
Endpoint: _1183_ (removal check against rising-edge clock clk)
Path Group: asynchronous
Path Type: min

Fanout         Cap        Slew       Delay        Time   Description
---------------------------------------------------------------------------------------------
                      0.150000    0.000000    0.000000   clock clk (rise edge)
                                  0.000000    0.000000   clock network delay (ideal)
                                  4.000000    4.000000 ^ input external delay
   202    0.659238    4.642534    3.115693    7.115693 ^ rst_n (in)
                                                         rst_n (net)
                      4.642534    0.000000    7.115693 ^ _1183_/RESET_B (sky130_fd_sc_hd__dfrtp_2)
                                              7.115693   data arrival time

                      0.150000    0.000000    0.000000   clock clk (rise edge)
                                  0.000000    0.000000   clock network delay (ideal)
                                  0.250000    0.250000   clock uncertainty
                                  0.000000    0.250000   clock reconvergence pessimism
                                              0.250000 ^ _1183_/CLK (sky130_fd_sc_hd__dfrtp_2)
                                  1.938556    2.188556   library removal time
                                              2.188556   data required time
---------------------------------------------------------------------------------------------
                                              2.188556   data required time
                                             -7.115693   data arrival time
---------------------------------------------------------------------------------------------
                                              4.927136   slack (MET)


Startpoint: rst_n (input port clocked by clk)
Endpoint: _1184_ (removal check against rising-edge clock clk)
Path Group: asynchronous
Path Type: min

Fanout         Cap        Slew       Delay        Time   Description
---------------------------------------------------------------------------------------------
                      0.150000    0.000000    0.000000   clock clk (rise edge)
                                  0.000000    0.000000   clock network delay (ideal)
                                  4.000000    4.000000 ^ input external delay
   202    0.659238    4.642534    3.115693    7.115693 ^ rst_n (in)
                                                         rst_n (net)
                      4.642534    0.000000    7.115693 ^ _1184_/RESET_B (sky130_fd_sc_hd__dfrtp_2)
                                              7.115693   data arrival time

                      0.150000    0.000000    0.000000   clock clk (rise edge)
                                  0.000000    0.000000   clock network delay (ideal)
                                  0.250000    0.250000   clock uncertainty
                                  0.000000    0.250000   clock reconvergence pessimism
                                              0.250000 ^ _1184_/CLK (sky130_fd_sc_hd__dfrtp_2)
                                  1.938556    2.188556   library removal time
                                              2.188556   data required time
---------------------------------------------------------------------------------------------
                                              2.188556   data required time
                                             -7.115693   data arrival time
---------------------------------------------------------------------------------------------
                                              4.927136   slack (MET)


Startpoint: rst_n (input port clocked by clk)
Endpoint: _1185_ (removal check against rising-edge clock clk)
Path Group: asynchronous
Path Type: min

Fanout         Cap        Slew       Delay        Time   Description
---------------------------------------------------------------------------------------------
                      0.150000    0.000000    0.000000   clock clk (rise edge)
                                  0.000000    0.000000   clock network delay (ideal)
                                  4.000000    4.000000 ^ input external delay
   202    0.659238    4.642534    3.115693    7.115693 ^ rst_n (in)
                                                         rst_n (net)
                      4.642534    0.000000    7.115693 ^ _1185_/RESET_B (sky130_fd_sc_hd__dfrtp_2)
                                              7.115693   data arrival time

                      0.150000    0.000000    0.000000   clock clk (rise edge)
                                  0.000000    0.000000   clock network delay (ideal)
                                  0.250000    0.250000   clock uncertainty
                                  0.000000    0.250000   clock reconvergence pessimism
                                              0.250000 ^ _1185_/CLK (sky130_fd_sc_hd__dfrtp_2)
                                  1.938556    2.188556   library removal time
                                              2.188556   data required time
---------------------------------------------------------------------------------------------
                                              2.188556   data required time
                                             -7.115693   data arrival time
---------------------------------------------------------------------------------------------
                                              4.927136   slack (MET)


Startpoint: rst_n (input port clocked by clk)
Endpoint: _1186_ (removal check against rising-edge clock clk)
Path Group: asynchronous
Path Type: min

Fanout         Cap        Slew       Delay        Time   Description
---------------------------------------------------------------------------------------------
                      0.150000    0.000000    0.000000   clock clk (rise edge)
                                  0.000000    0.000000   clock network delay (ideal)
                                  4.000000    4.000000 ^ input external delay
   202    0.659238    4.642534    3.115693    7.115693 ^ rst_n (in)
                                                         rst_n (net)
                      4.642534    0.000000    7.115693 ^ _1186_/RESET_B (sky130_fd_sc_hd__dfrtp_2)
                                              7.115693   data arrival time

                      0.150000    0.000000    0.000000   clock clk (rise edge)
                                  0.000000    0.000000   clock network delay (ideal)
                                  0.250000    0.250000   clock uncertainty
                                  0.000000    0.250000   clock reconvergence pessimism
                                              0.250000 ^ _1186_/CLK (sky130_fd_sc_hd__dfrtp_2)
                                  1.938556    2.188556   library removal time
                                              2.188556   data required time
---------------------------------------------------------------------------------------------
                                              2.188556   data required time
                                             -7.115693   data arrival time
---------------------------------------------------------------------------------------------
                                              4.927136   slack (MET)


Startpoint: rst_n (input port clocked by clk)
Endpoint: _1187_ (removal check against rising-edge clock clk)
Path Group: asynchronous
Path Type: min

Fanout         Cap        Slew       Delay        Time   Description
---------------------------------------------------------------------------------------------
                      0.150000    0.000000    0.000000   clock clk (rise edge)
                                  0.000000    0.000000   clock network delay (ideal)
                                  4.000000    4.000000 ^ input external delay
   202    0.659238    4.642534    3.115693    7.115693 ^ rst_n (in)
                                                         rst_n (net)
                      4.642534    0.000000    7.115693 ^ _1187_/RESET_B (sky130_fd_sc_hd__dfrtp_2)
                                              7.115693   data arrival time

                      0.150000    0.000000    0.000000   clock clk (rise edge)
                                  0.000000    0.000000   clock network delay (ideal)
                                  0.250000    0.250000   clock uncertainty
                                  0.000000    0.250000   clock reconvergence pessimism
                                              0.250000 ^ _1187_/CLK (sky130_fd_sc_hd__dfrtp_2)
                                  1.938556    2.188556   library removal time
                                              2.188556   data required time
---------------------------------------------------------------------------------------------
                                              2.188556   data required time
                                             -7.115693   data arrival time
---------------------------------------------------------------------------------------------
                                              4.927136   slack (MET)


Startpoint: rst_n (input port clocked by clk)
Endpoint: _1188_ (removal check against rising-edge clock clk)
Path Group: asynchronous
Path Type: min

Fanout         Cap        Slew       Delay        Time   Description
---------------------------------------------------------------------------------------------
                      0.150000    0.000000    0.000000   clock clk (rise edge)
                                  0.000000    0.000000   clock network delay (ideal)
                                  4.000000    4.000000 ^ input external delay
   202    0.659238    4.642534    3.115693    7.115693 ^ rst_n (in)
                                                         rst_n (net)
                      4.642534    0.000000    7.115693 ^ _1188_/RESET_B (sky130_fd_sc_hd__dfrtp_2)
                                              7.115693   data arrival time

                      0.150000    0.000000    0.000000   clock clk (rise edge)
                                  0.000000    0.000000   clock network delay (ideal)
                                  0.250000    0.250000   clock uncertainty
                                  0.000000    0.250000   clock reconvergence pessimism
                                              0.250000 ^ _1188_/CLK (sky130_fd_sc_hd__dfrtp_2)
                                  1.938556    2.188556   library removal time
                                              2.188556   data required time
---------------------------------------------------------------------------------------------
                                              2.188556   data required time
                                             -7.115693   data arrival time
---------------------------------------------------------------------------------------------
                                              4.927136   slack (MET)


Startpoint: rst_n (input port clocked by clk)
Endpoint: _1189_ (removal check against rising-edge clock clk)
Path Group: asynchronous
Path Type: min

Fanout         Cap        Slew       Delay        Time   Description
---------------------------------------------------------------------------------------------
                      0.150000    0.000000    0.000000   clock clk (rise edge)
                                  0.000000    0.000000   clock network delay (ideal)
                                  4.000000    4.000000 ^ input external delay
   202    0.659238    4.642534    3.115693    7.115693 ^ rst_n (in)
                                                         rst_n (net)
                      4.642534    0.000000    7.115693 ^ _1189_/RESET_B (sky130_fd_sc_hd__dfrtp_2)
                                              7.115693   data arrival time

                      0.150000    0.000000    0.000000   clock clk (rise edge)
                                  0.000000    0.000000   clock network delay (ideal)
                                  0.250000    0.250000   clock uncertainty
                                  0.000000    0.250000   clock reconvergence pessimism
                                              0.250000 ^ _1189_/CLK (sky130_fd_sc_hd__dfrtp_2)
                                  1.938556    2.188556   library removal time
                                              2.188556   data required time
---------------------------------------------------------------------------------------------
                                              2.188556   data required time
                                             -7.115693   data arrival time
---------------------------------------------------------------------------------------------
                                              4.927136   slack (MET)


Startpoint: rst_n (input port clocked by clk)
Endpoint: _1190_ (removal check against rising-edge clock clk)
Path Group: asynchronous
Path Type: min

Fanout         Cap        Slew       Delay        Time   Description
---------------------------------------------------------------------------------------------
                      0.150000    0.000000    0.000000   clock clk (rise edge)
                                  0.000000    0.000000   clock network delay (ideal)
                                  4.000000    4.000000 ^ input external delay
   202    0.659238    4.642534    3.115693    7.115693 ^ rst_n (in)
                                                         rst_n (net)
                      4.642534    0.000000    7.115693 ^ _1190_/RESET_B (sky130_fd_sc_hd__dfrtp_2)
                                              7.115693   data arrival time

                      0.150000    0.000000    0.000000   clock clk (rise edge)
                                  0.000000    0.000000   clock network delay (ideal)
                                  0.250000    0.250000   clock uncertainty
                                  0.000000    0.250000   clock reconvergence pessimism
                                              0.250000 ^ _1190_/CLK (sky130_fd_sc_hd__dfrtp_2)
                                  1.938556    2.188556   library removal time
                                              2.188556   data required time
---------------------------------------------------------------------------------------------
                                              2.188556   data required time
                                             -7.115693   data arrival time
---------------------------------------------------------------------------------------------
                                              4.927136   slack (MET)


Startpoint: rst_n (input port clocked by clk)
Endpoint: _1191_ (removal check against rising-edge clock clk)
Path Group: asynchronous
Path Type: min

Fanout         Cap        Slew       Delay        Time   Description
---------------------------------------------------------------------------------------------
                      0.150000    0.000000    0.000000   clock clk (rise edge)
                                  0.000000    0.000000   clock network delay (ideal)
                                  4.000000    4.000000 ^ input external delay
   202    0.659238    4.642534    3.115693    7.115693 ^ rst_n (in)
                                                         rst_n (net)
                      4.642534    0.000000    7.115693 ^ _1191_/RESET_B (sky130_fd_sc_hd__dfrtp_2)
                                              7.115693   data arrival time

                      0.150000    0.000000    0.000000   clock clk (rise edge)
                                  0.000000    0.000000   clock network delay (ideal)
                                  0.250000    0.250000   clock uncertainty
                                  0.000000    0.250000   clock reconvergence pessimism
                                              0.250000 ^ _1191_/CLK (sky130_fd_sc_hd__dfrtp_2)
                                  1.938556    2.188556   library removal time
                                              2.188556   data required time
---------------------------------------------------------------------------------------------
                                              2.188556   data required time
                                             -7.115693   data arrival time
---------------------------------------------------------------------------------------------
                                              4.927136   slack (MET)


Startpoint: rst_n (input port clocked by clk)
Endpoint: _1192_ (removal check against rising-edge clock clk)
Path Group: asynchronous
Path Type: min

Fanout         Cap        Slew       Delay        Time   Description
---------------------------------------------------------------------------------------------
                      0.150000    0.000000    0.000000   clock clk (rise edge)
                                  0.000000    0.000000   clock network delay (ideal)
                                  4.000000    4.000000 ^ input external delay
   202    0.659238    4.642534    3.115693    7.115693 ^ rst_n (in)
                                                         rst_n (net)
                      4.642534    0.000000    7.115693 ^ _1192_/RESET_B (sky130_fd_sc_hd__dfrtp_2)
                                              7.115693   data arrival time

                      0.150000    0.000000    0.000000   clock clk (rise edge)
                                  0.000000    0.000000   clock network delay (ideal)
                                  0.250000    0.250000   clock uncertainty
                                  0.000000    0.250000   clock reconvergence pessimism
                                              0.250000 ^ _1192_/CLK (sky130_fd_sc_hd__dfrtp_2)
                                  1.938556    2.188556   library removal time
                                              2.188556   data required time
---------------------------------------------------------------------------------------------
                                              2.188556   data required time
                                             -7.115693   data arrival time
---------------------------------------------------------------------------------------------
                                              4.927136   slack (MET)


Startpoint: rst_n (input port clocked by clk)
Endpoint: _1193_ (removal check against rising-edge clock clk)
Path Group: asynchronous
Path Type: min

Fanout         Cap        Slew       Delay        Time   Description
---------------------------------------------------------------------------------------------
                      0.150000    0.000000    0.000000   clock clk (rise edge)
                                  0.000000    0.000000   clock network delay (ideal)
                                  4.000000    4.000000 ^ input external delay
   202    0.659238    4.642534    3.115693    7.115693 ^ rst_n (in)
                                                         rst_n (net)
                      4.642534    0.000000    7.115693 ^ _1193_/RESET_B (sky130_fd_sc_hd__dfrtp_2)
                                              7.115693   data arrival time

                      0.150000    0.000000    0.000000   clock clk (rise edge)
                                  0.000000    0.000000   clock network delay (ideal)
                                  0.250000    0.250000   clock uncertainty
                                  0.000000    0.250000   clock reconvergence pessimism
                                              0.250000 ^ _1193_/CLK (sky130_fd_sc_hd__dfrtp_2)
                                  1.938556    2.188556   library removal time
                                              2.188556   data required time
---------------------------------------------------------------------------------------------
                                              2.188556   data required time
                                             -7.115693   data arrival time
---------------------------------------------------------------------------------------------
                                              4.927136   slack (MET)


Startpoint: rst_n (input port clocked by clk)
Endpoint: _1194_ (removal check against rising-edge clock clk)
Path Group: asynchronous
Path Type: min

Fanout         Cap        Slew       Delay        Time   Description
---------------------------------------------------------------------------------------------
                      0.150000    0.000000    0.000000   clock clk (rise edge)
                                  0.000000    0.000000   clock network delay (ideal)
                                  4.000000    4.000000 ^ input external delay
   202    0.659238    4.642534    3.115693    7.115693 ^ rst_n (in)
                                                         rst_n (net)
                      4.642534    0.000000    7.115693 ^ _1194_/RESET_B (sky130_fd_sc_hd__dfrtp_2)
                                              7.115693   data arrival time

                      0.150000    0.000000    0.000000   clock clk (rise edge)
                                  0.000000    0.000000   clock network delay (ideal)
                                  0.250000    0.250000   clock uncertainty
                                  0.000000    0.250000   clock reconvergence pessimism
                                              0.250000 ^ _1194_/CLK (sky130_fd_sc_hd__dfrtp_2)
                                  1.938556    2.188556   library removal time
                                              2.188556   data required time
---------------------------------------------------------------------------------------------
                                              2.188556   data required time
                                             -7.115693   data arrival time
---------------------------------------------------------------------------------------------
                                              4.927136   slack (MET)


Startpoint: rst_n (input port clocked by clk)
Endpoint: _1195_ (removal check against rising-edge clock clk)
Path Group: asynchronous
Path Type: min

Fanout         Cap        Slew       Delay        Time   Description
---------------------------------------------------------------------------------------------
                      0.150000    0.000000    0.000000   clock clk (rise edge)
                                  0.000000    0.000000   clock network delay (ideal)
                                  4.000000    4.000000 ^ input external delay
   202    0.659238    4.642534    3.115693    7.115693 ^ rst_n (in)
                                                         rst_n (net)
                      4.642534    0.000000    7.115693 ^ _1195_/RESET_B (sky130_fd_sc_hd__dfrtp_2)
                                              7.115693   data arrival time

                      0.150000    0.000000    0.000000   clock clk (rise edge)
                                  0.000000    0.000000   clock network delay (ideal)
                                  0.250000    0.250000   clock uncertainty
                                  0.000000    0.250000   clock reconvergence pessimism
                                              0.250000 ^ _1195_/CLK (sky130_fd_sc_hd__dfrtp_2)
                                  1.938556    2.188556   library removal time
                                              2.188556   data required time
---------------------------------------------------------------------------------------------
                                              2.188556   data required time
                                             -7.115693   data arrival time
---------------------------------------------------------------------------------------------
                                              4.927136   slack (MET)


Startpoint: rst_n (input port clocked by clk)
Endpoint: _1196_ (removal check against rising-edge clock clk)
Path Group: asynchronous
Path Type: min

Fanout         Cap        Slew       Delay        Time   Description
---------------------------------------------------------------------------------------------
                      0.150000    0.000000    0.000000   clock clk (rise edge)
                                  0.000000    0.000000   clock network delay (ideal)
                                  4.000000    4.000000 ^ input external delay
   202    0.659238    4.642534    3.115693    7.115693 ^ rst_n (in)
                                                         rst_n (net)
                      4.642534    0.000000    7.115693 ^ _1196_/RESET_B (sky130_fd_sc_hd__dfrtp_2)
                                              7.115693   data arrival time

                      0.150000    0.000000    0.000000   clock clk (rise edge)
                                  0.000000    0.000000   clock network delay (ideal)
                                  0.250000    0.250000   clock uncertainty
                                  0.000000    0.250000   clock reconvergence pessimism
                                              0.250000 ^ _1196_/CLK (sky130_fd_sc_hd__dfrtp_2)
                                  1.938556    2.188556   library removal time
                                              2.188556   data required time
---------------------------------------------------------------------------------------------
                                              2.188556   data required time
                                             -7.115693   data arrival time
---------------------------------------------------------------------------------------------
                                              4.927136   slack (MET)


Startpoint: rst_n (input port clocked by clk)
Endpoint: _1197_ (removal check against rising-edge clock clk)
Path Group: asynchronous
Path Type: min

Fanout         Cap        Slew       Delay        Time   Description
---------------------------------------------------------------------------------------------
                      0.150000    0.000000    0.000000   clock clk (rise edge)
                                  0.000000    0.000000   clock network delay (ideal)
                                  4.000000    4.000000 ^ input external delay
   202    0.659238    4.642534    3.115693    7.115693 ^ rst_n (in)
                                                         rst_n (net)
                      4.642534    0.000000    7.115693 ^ _1197_/RESET_B (sky130_fd_sc_hd__dfrtp_2)
                                              7.115693   data arrival time

                      0.150000    0.000000    0.000000   clock clk (rise edge)
                                  0.000000    0.000000   clock network delay (ideal)
                                  0.250000    0.250000   clock uncertainty
                                  0.000000    0.250000   clock reconvergence pessimism
                                              0.250000 ^ _1197_/CLK (sky130_fd_sc_hd__dfrtp_2)
                                  1.938556    2.188556   library removal time
                                              2.188556   data required time
---------------------------------------------------------------------------------------------
                                              2.188556   data required time
                                             -7.115693   data arrival time
---------------------------------------------------------------------------------------------
                                              4.927136   slack (MET)


Startpoint: rst_n (input port clocked by clk)
Endpoint: _1198_ (removal check against rising-edge clock clk)
Path Group: asynchronous
Path Type: min

Fanout         Cap        Slew       Delay        Time   Description
---------------------------------------------------------------------------------------------
                      0.150000    0.000000    0.000000   clock clk (rise edge)
                                  0.000000    0.000000   clock network delay (ideal)
                                  4.000000    4.000000 ^ input external delay
   202    0.659238    4.642534    3.115693    7.115693 ^ rst_n (in)
                                                         rst_n (net)
                      4.642534    0.000000    7.115693 ^ _1198_/RESET_B (sky130_fd_sc_hd__dfrtp_2)
                                              7.115693   data arrival time

                      0.150000    0.000000    0.000000   clock clk (rise edge)
                                  0.000000    0.000000   clock network delay (ideal)
                                  0.250000    0.250000   clock uncertainty
                                  0.000000    0.250000   clock reconvergence pessimism
                                              0.250000 ^ _1198_/CLK (sky130_fd_sc_hd__dfrtp_2)
                                  1.938556    2.188556   library removal time
                                              2.188556   data required time
---------------------------------------------------------------------------------------------
                                              2.188556   data required time
                                             -7.115693   data arrival time
---------------------------------------------------------------------------------------------
                                              4.927136   slack (MET)


Startpoint: rst_n (input port clocked by clk)
Endpoint: _1199_ (removal check against rising-edge clock clk)
Path Group: asynchronous
Path Type: min

Fanout         Cap        Slew       Delay        Time   Description
---------------------------------------------------------------------------------------------
                      0.150000    0.000000    0.000000   clock clk (rise edge)
                                  0.000000    0.000000   clock network delay (ideal)
                                  4.000000    4.000000 ^ input external delay
   202    0.659238    4.642534    3.115693    7.115693 ^ rst_n (in)
                                                         rst_n (net)
                      4.642534    0.000000    7.115693 ^ _1199_/RESET_B (sky130_fd_sc_hd__dfrtp_2)
                                              7.115693   data arrival time

                      0.150000    0.000000    0.000000   clock clk (rise edge)
                                  0.000000    0.000000   clock network delay (ideal)
                                  0.250000    0.250000   clock uncertainty
                                  0.000000    0.250000   clock reconvergence pessimism
                                              0.250000 ^ _1199_/CLK (sky130_fd_sc_hd__dfrtp_2)
                                  1.938556    2.188556   library removal time
                                              2.188556   data required time
---------------------------------------------------------------------------------------------
                                              2.188556   data required time
                                             -7.115693   data arrival time
---------------------------------------------------------------------------------------------
                                              4.927136   slack (MET)


Startpoint: rst_n (input port clocked by clk)
Endpoint: _1200_ (removal check against rising-edge clock clk)
Path Group: asynchronous
Path Type: min

Fanout         Cap        Slew       Delay        Time   Description
---------------------------------------------------------------------------------------------
                      0.150000    0.000000    0.000000   clock clk (rise edge)
                                  0.000000    0.000000   clock network delay (ideal)
                                  4.000000    4.000000 ^ input external delay
   202    0.659238    4.642534    3.115693    7.115693 ^ rst_n (in)
                                                         rst_n (net)
                      4.642534    0.000000    7.115693 ^ _1200_/RESET_B (sky130_fd_sc_hd__dfrtp_2)
                                              7.115693   data arrival time

                      0.150000    0.000000    0.000000   clock clk (rise edge)
                                  0.000000    0.000000   clock network delay (ideal)
                                  0.250000    0.250000   clock uncertainty
                                  0.000000    0.250000   clock reconvergence pessimism
                                              0.250000 ^ _1200_/CLK (sky130_fd_sc_hd__dfrtp_2)
                                  1.938556    2.188556   library removal time
                                              2.188556   data required time
---------------------------------------------------------------------------------------------
                                              2.188556   data required time
                                             -7.115693   data arrival time
---------------------------------------------------------------------------------------------
                                              4.927136   slack (MET)


Startpoint: rst_n (input port clocked by clk)
Endpoint: _1201_ (removal check against rising-edge clock clk)
Path Group: asynchronous
Path Type: min

Fanout         Cap        Slew       Delay        Time   Description
---------------------------------------------------------------------------------------------
                      0.150000    0.000000    0.000000   clock clk (rise edge)
                                  0.000000    0.000000   clock network delay (ideal)
                                  4.000000    4.000000 ^ input external delay
   202    0.659238    4.642534    3.115693    7.115693 ^ rst_n (in)
                                                         rst_n (net)
                      4.642534    0.000000    7.115693 ^ _1201_/RESET_B (sky130_fd_sc_hd__dfrtp_2)
                                              7.115693   data arrival time

                      0.150000    0.000000    0.000000   clock clk (rise edge)
                                  0.000000    0.000000   clock network delay (ideal)
                                  0.250000    0.250000   clock uncertainty
                                  0.000000    0.250000   clock reconvergence pessimism
                                              0.250000 ^ _1201_/CLK (sky130_fd_sc_hd__dfrtp_2)
                                  1.938556    2.188556   library removal time
                                              2.188556   data required time
---------------------------------------------------------------------------------------------
                                              2.188556   data required time
                                             -7.115693   data arrival time
---------------------------------------------------------------------------------------------
                                              4.927136   slack (MET)


Startpoint: rst_n (input port clocked by clk)
Endpoint: _1202_ (removal check against rising-edge clock clk)
Path Group: asynchronous
Path Type: min

Fanout         Cap        Slew       Delay        Time   Description
---------------------------------------------------------------------------------------------
                      0.150000    0.000000    0.000000   clock clk (rise edge)
                                  0.000000    0.000000   clock network delay (ideal)
                                  4.000000    4.000000 ^ input external delay
   202    0.659238    4.642534    3.115693    7.115693 ^ rst_n (in)
                                                         rst_n (net)
                      4.642534    0.000000    7.115693 ^ _1202_/RESET_B (sky130_fd_sc_hd__dfrtp_2)
                                              7.115693   data arrival time

                      0.150000    0.000000    0.000000   clock clk (rise edge)
                                  0.000000    0.000000   clock network delay (ideal)
                                  0.250000    0.250000   clock uncertainty
                                  0.000000    0.250000   clock reconvergence pessimism
                                              0.250000 ^ _1202_/CLK (sky130_fd_sc_hd__dfrtp_2)
                                  1.938556    2.188556   library removal time
                                              2.188556   data required time
---------------------------------------------------------------------------------------------
                                              2.188556   data required time
                                             -7.115693   data arrival time
---------------------------------------------------------------------------------------------
                                              4.927136   slack (MET)


Startpoint: rst_n (input port clocked by clk)
Endpoint: _1203_ (removal check against rising-edge clock clk)
Path Group: asynchronous
Path Type: min

Fanout         Cap        Slew       Delay        Time   Description
---------------------------------------------------------------------------------------------
                      0.150000    0.000000    0.000000   clock clk (rise edge)
                                  0.000000    0.000000   clock network delay (ideal)
                                  4.000000    4.000000 ^ input external delay
   202    0.659238    4.642534    3.115693    7.115693 ^ rst_n (in)
                                                         rst_n (net)
                      4.642534    0.000000    7.115693 ^ _1203_/RESET_B (sky130_fd_sc_hd__dfrtp_2)
                                              7.115693   data arrival time

                      0.150000    0.000000    0.000000   clock clk (rise edge)
                                  0.000000    0.000000   clock network delay (ideal)
                                  0.250000    0.250000   clock uncertainty
                                  0.000000    0.250000   clock reconvergence pessimism
                                              0.250000 ^ _1203_/CLK (sky130_fd_sc_hd__dfrtp_2)
                                  1.938556    2.188556   library removal time
                                              2.188556   data required time
---------------------------------------------------------------------------------------------
                                              2.188556   data required time
                                             -7.115693   data arrival time
---------------------------------------------------------------------------------------------
                                              4.927136   slack (MET)


Startpoint: rst_n (input port clocked by clk)
Endpoint: _1204_ (removal check against rising-edge clock clk)
Path Group: asynchronous
Path Type: min

Fanout         Cap        Slew       Delay        Time   Description
---------------------------------------------------------------------------------------------
                      0.150000    0.000000    0.000000   clock clk (rise edge)
                                  0.000000    0.000000   clock network delay (ideal)
                                  4.000000    4.000000 ^ input external delay
   202    0.659238    4.642534    3.115693    7.115693 ^ rst_n (in)
                                                         rst_n (net)
                      4.642534    0.000000    7.115693 ^ _1204_/RESET_B (sky130_fd_sc_hd__dfrtp_2)
                                              7.115693   data arrival time

                      0.150000    0.000000    0.000000   clock clk (rise edge)
                                  0.000000    0.000000   clock network delay (ideal)
                                  0.250000    0.250000   clock uncertainty
                                  0.000000    0.250000   clock reconvergence pessimism
                                              0.250000 ^ _1204_/CLK (sky130_fd_sc_hd__dfrtp_2)
                                  1.938556    2.188556   library removal time
                                              2.188556   data required time
---------------------------------------------------------------------------------------------
                                              2.188556   data required time
                                             -7.115693   data arrival time
---------------------------------------------------------------------------------------------
                                              4.927136   slack (MET)


Startpoint: rst_n (input port clocked by clk)
Endpoint: _1205_ (removal check against rising-edge clock clk)
Path Group: asynchronous
Path Type: min

Fanout         Cap        Slew       Delay        Time   Description
---------------------------------------------------------------------------------------------
                      0.150000    0.000000    0.000000   clock clk (rise edge)
                                  0.000000    0.000000   clock network delay (ideal)
                                  4.000000    4.000000 ^ input external delay
   202    0.659238    4.642534    3.115693    7.115693 ^ rst_n (in)
                                                         rst_n (net)
                      4.642534    0.000000    7.115693 ^ _1205_/RESET_B (sky130_fd_sc_hd__dfrtp_2)
                                              7.115693   data arrival time

                      0.150000    0.000000    0.000000   clock clk (rise edge)
                                  0.000000    0.000000   clock network delay (ideal)
                                  0.250000    0.250000   clock uncertainty
                                  0.000000    0.250000   clock reconvergence pessimism
                                              0.250000 ^ _1205_/CLK (sky130_fd_sc_hd__dfrtp_2)
                                  1.938556    2.188556   library removal time
                                              2.188556   data required time
---------------------------------------------------------------------------------------------
                                              2.188556   data required time
                                             -7.115693   data arrival time
---------------------------------------------------------------------------------------------
                                              4.927136   slack (MET)


Startpoint: rst_n (input port clocked by clk)
Endpoint: _1206_ (removal check against rising-edge clock clk)
Path Group: asynchronous
Path Type: min

Fanout         Cap        Slew       Delay        Time   Description
---------------------------------------------------------------------------------------------
                      0.150000    0.000000    0.000000   clock clk (rise edge)
                                  0.000000    0.000000   clock network delay (ideal)
                                  4.000000    4.000000 ^ input external delay
   202    0.659238    4.642534    3.115693    7.115693 ^ rst_n (in)
                                                         rst_n (net)
                      4.642534    0.000000    7.115693 ^ _1206_/RESET_B (sky130_fd_sc_hd__dfrtp_2)
                                              7.115693   data arrival time

                      0.150000    0.000000    0.000000   clock clk (rise edge)
                                  0.000000    0.000000   clock network delay (ideal)
                                  0.250000    0.250000   clock uncertainty
                                  0.000000    0.250000   clock reconvergence pessimism
                                              0.250000 ^ _1206_/CLK (sky130_fd_sc_hd__dfrtp_2)
                                  1.938556    2.188556   library removal time
                                              2.188556   data required time
---------------------------------------------------------------------------------------------
                                              2.188556   data required time
                                             -7.115693   data arrival time
---------------------------------------------------------------------------------------------
                                              4.927136   slack (MET)


Startpoint: rst_n (input port clocked by clk)
Endpoint: _1207_ (removal check against rising-edge clock clk)
Path Group: asynchronous
Path Type: min

Fanout         Cap        Slew       Delay        Time   Description
---------------------------------------------------------------------------------------------
                      0.150000    0.000000    0.000000   clock clk (rise edge)
                                  0.000000    0.000000   clock network delay (ideal)
                                  4.000000    4.000000 ^ input external delay
   202    0.659238    4.642534    3.115693    7.115693 ^ rst_n (in)
                                                         rst_n (net)
                      4.642534    0.000000    7.115693 ^ _1207_/RESET_B (sky130_fd_sc_hd__dfrtp_2)
                                              7.115693   data arrival time

                      0.150000    0.000000    0.000000   clock clk (rise edge)
                                  0.000000    0.000000   clock network delay (ideal)
                                  0.250000    0.250000   clock uncertainty
                                  0.000000    0.250000   clock reconvergence pessimism
                                              0.250000 ^ _1207_/CLK (sky130_fd_sc_hd__dfrtp_2)
                                  1.938556    2.188556   library removal time
                                              2.188556   data required time
---------------------------------------------------------------------------------------------
                                              2.188556   data required time
                                             -7.115693   data arrival time
---------------------------------------------------------------------------------------------
                                              4.927136   slack (MET)


Startpoint: rst_n (input port clocked by clk)
Endpoint: _1208_ (removal check against rising-edge clock clk)
Path Group: asynchronous
Path Type: min

Fanout         Cap        Slew       Delay        Time   Description
---------------------------------------------------------------------------------------------
                      0.150000    0.000000    0.000000   clock clk (rise edge)
                                  0.000000    0.000000   clock network delay (ideal)
                                  4.000000    4.000000 ^ input external delay
   202    0.659238    4.642534    3.115693    7.115693 ^ rst_n (in)
                                                         rst_n (net)
                      4.642534    0.000000    7.115693 ^ _1208_/RESET_B (sky130_fd_sc_hd__dfrtp_2)
                                              7.115693   data arrival time

                      0.150000    0.000000    0.000000   clock clk (rise edge)
                                  0.000000    0.000000   clock network delay (ideal)
                                  0.250000    0.250000   clock uncertainty
                                  0.000000    0.250000   clock reconvergence pessimism
                                              0.250000 ^ _1208_/CLK (sky130_fd_sc_hd__dfrtp_2)
                                  1.938556    2.188556   library removal time
                                              2.188556   data required time
---------------------------------------------------------------------------------------------
                                              2.188556   data required time
                                             -7.115693   data arrival time
---------------------------------------------------------------------------------------------
                                              4.927136   slack (MET)


Startpoint: rst_n (input port clocked by clk)
Endpoint: _1210_ (removal check against rising-edge clock clk)
Path Group: asynchronous
Path Type: min

Fanout         Cap        Slew       Delay        Time   Description
---------------------------------------------------------------------------------------------
                      0.150000    0.000000    0.000000   clock clk (rise edge)
                                  0.000000    0.000000   clock network delay (ideal)
                                  4.000000    4.000000 ^ input external delay
   202    0.659238    4.642534    3.115693    7.115693 ^ rst_n (in)
                                                         rst_n (net)
                      4.642534    0.000000    7.115693 ^ _1210_/RESET_B (sky130_fd_sc_hd__dfrtp_2)
                                              7.115693   data arrival time

                      0.150000    0.000000    0.000000   clock clk (rise edge)
                                  0.000000    0.000000   clock network delay (ideal)
                                  0.250000    0.250000   clock uncertainty
                                  0.000000    0.250000   clock reconvergence pessimism
                                              0.250000 ^ _1210_/CLK (sky130_fd_sc_hd__dfrtp_2)
                                  1.938556    2.188556   library removal time
                                              2.188556   data required time
---------------------------------------------------------------------------------------------
                                              2.188556   data required time
                                             -7.115693   data arrival time
---------------------------------------------------------------------------------------------
                                              4.927136   slack (MET)


Startpoint: rst_n (input port clocked by clk)
Endpoint: _1211_ (removal check against rising-edge clock clk)
Path Group: asynchronous
Path Type: min

Fanout         Cap        Slew       Delay        Time   Description
---------------------------------------------------------------------------------------------
                      0.150000    0.000000    0.000000   clock clk (rise edge)
                                  0.000000    0.000000   clock network delay (ideal)
                                  4.000000    4.000000 ^ input external delay
   202    0.659238    4.642534    3.115693    7.115693 ^ rst_n (in)
                                                         rst_n (net)
                      4.642534    0.000000    7.115693 ^ _1211_/RESET_B (sky130_fd_sc_hd__dfrtp_2)
                                              7.115693   data arrival time

                      0.150000    0.000000    0.000000   clock clk (rise edge)
                                  0.000000    0.000000   clock network delay (ideal)
                                  0.250000    0.250000   clock uncertainty
                                  0.000000    0.250000   clock reconvergence pessimism
                                              0.250000 ^ _1211_/CLK (sky130_fd_sc_hd__dfrtp_2)
                                  1.938556    2.188556   library removal time
                                              2.188556   data required time
---------------------------------------------------------------------------------------------
                                              2.188556   data required time
                                             -7.115693   data arrival time
---------------------------------------------------------------------------------------------
                                              4.927136   slack (MET)


Startpoint: rst_n (input port clocked by clk)
Endpoint: _1212_ (removal check against rising-edge clock clk)
Path Group: asynchronous
Path Type: min

Fanout         Cap        Slew       Delay        Time   Description
---------------------------------------------------------------------------------------------
                      0.150000    0.000000    0.000000   clock clk (rise edge)
                                  0.000000    0.000000   clock network delay (ideal)
                                  4.000000    4.000000 ^ input external delay
   202    0.659238    4.642534    3.115693    7.115693 ^ rst_n (in)
                                                         rst_n (net)
                      4.642534    0.000000    7.115693 ^ _1212_/RESET_B (sky130_fd_sc_hd__dfrtp_2)
                                              7.115693   data arrival time

                      0.150000    0.000000    0.000000   clock clk (rise edge)
                                  0.000000    0.000000   clock network delay (ideal)
                                  0.250000    0.250000   clock uncertainty
                                  0.000000    0.250000   clock reconvergence pessimism
                                              0.250000 ^ _1212_/CLK (sky130_fd_sc_hd__dfrtp_2)
                                  1.938556    2.188556   library removal time
                                              2.188556   data required time
---------------------------------------------------------------------------------------------
                                              2.188556   data required time
                                             -7.115693   data arrival time
---------------------------------------------------------------------------------------------
                                              4.927136   slack (MET)


Startpoint: rst_n (input port clocked by clk)
Endpoint: _1213_ (removal check against rising-edge clock clk)
Path Group: asynchronous
Path Type: min

Fanout         Cap        Slew       Delay        Time   Description
---------------------------------------------------------------------------------------------
                      0.150000    0.000000    0.000000   clock clk (rise edge)
                                  0.000000    0.000000   clock network delay (ideal)
                                  4.000000    4.000000 ^ input external delay
   202    0.659238    4.642534    3.115693    7.115693 ^ rst_n (in)
                                                         rst_n (net)
                      4.642534    0.000000    7.115693 ^ _1213_/RESET_B (sky130_fd_sc_hd__dfrtp_2)
                                              7.115693   data arrival time

                      0.150000    0.000000    0.000000   clock clk (rise edge)
                                  0.000000    0.000000   clock network delay (ideal)
                                  0.250000    0.250000   clock uncertainty
                                  0.000000    0.250000   clock reconvergence pessimism
                                              0.250000 ^ _1213_/CLK (sky130_fd_sc_hd__dfrtp_2)
                                  1.938556    2.188556   library removal time
                                              2.188556   data required time
---------------------------------------------------------------------------------------------
                                              2.188556   data required time
                                             -7.115693   data arrival time
---------------------------------------------------------------------------------------------
                                              4.927136   slack (MET)


Startpoint: rst_n (input port clocked by clk)
Endpoint: _1214_ (removal check against rising-edge clock clk)
Path Group: asynchronous
Path Type: min

Fanout         Cap        Slew       Delay        Time   Description
---------------------------------------------------------------------------------------------
                      0.150000    0.000000    0.000000   clock clk (rise edge)
                                  0.000000    0.000000   clock network delay (ideal)
                                  4.000000    4.000000 ^ input external delay
   202    0.659238    4.642534    3.115693    7.115693 ^ rst_n (in)
                                                         rst_n (net)
                      4.642534    0.000000    7.115693 ^ _1214_/RESET_B (sky130_fd_sc_hd__dfrtp_2)
                                              7.115693   data arrival time

                      0.150000    0.000000    0.000000   clock clk (rise edge)
                                  0.000000    0.000000   clock network delay (ideal)
                                  0.250000    0.250000   clock uncertainty
                                  0.000000    0.250000   clock reconvergence pessimism
                                              0.250000 ^ _1214_/CLK (sky130_fd_sc_hd__dfrtp_2)
                                  1.938556    2.188556   library removal time
                                              2.188556   data required time
---------------------------------------------------------------------------------------------
                                              2.188556   data required time
                                             -7.115693   data arrival time
---------------------------------------------------------------------------------------------
                                              4.927136   slack (MET)


Startpoint: rst_n (input port clocked by clk)
Endpoint: _1215_ (removal check against rising-edge clock clk)
Path Group: asynchronous
Path Type: min

Fanout         Cap        Slew       Delay        Time   Description
---------------------------------------------------------------------------------------------
                      0.150000    0.000000    0.000000   clock clk (rise edge)
                                  0.000000    0.000000   clock network delay (ideal)
                                  4.000000    4.000000 ^ input external delay
   202    0.659238    4.642534    3.115693    7.115693 ^ rst_n (in)
                                                         rst_n (net)
                      4.642534    0.000000    7.115693 ^ _1215_/RESET_B (sky130_fd_sc_hd__dfrtp_2)
                                              7.115693   data arrival time

                      0.150000    0.000000    0.000000   clock clk (rise edge)
                                  0.000000    0.000000   clock network delay (ideal)
                                  0.250000    0.250000   clock uncertainty
                                  0.000000    0.250000   clock reconvergence pessimism
                                              0.250000 ^ _1215_/CLK (sky130_fd_sc_hd__dfrtp_2)
                                  1.938556    2.188556   library removal time
                                              2.188556   data required time
---------------------------------------------------------------------------------------------
                                              2.188556   data required time
                                             -7.115693   data arrival time
---------------------------------------------------------------------------------------------
                                              4.927136   slack (MET)


Startpoint: rst_n (input port clocked by clk)
Endpoint: _1216_ (removal check against rising-edge clock clk)
Path Group: asynchronous
Path Type: min

Fanout         Cap        Slew       Delay        Time   Description
---------------------------------------------------------------------------------------------
                      0.150000    0.000000    0.000000   clock clk (rise edge)
                                  0.000000    0.000000   clock network delay (ideal)
                                  4.000000    4.000000 ^ input external delay
   202    0.659238    4.642534    3.115693    7.115693 ^ rst_n (in)
                                                         rst_n (net)
                      4.642534    0.000000    7.115693 ^ _1216_/RESET_B (sky130_fd_sc_hd__dfrtp_2)
                                              7.115693   data arrival time

                      0.150000    0.000000    0.000000   clock clk (rise edge)
                                  0.000000    0.000000   clock network delay (ideal)
                                  0.250000    0.250000   clock uncertainty
                                  0.000000    0.250000   clock reconvergence pessimism
                                              0.250000 ^ _1216_/CLK (sky130_fd_sc_hd__dfrtp_2)
                                  1.938556    2.188556   library removal time
                                              2.188556   data required time
---------------------------------------------------------------------------------------------
                                              2.188556   data required time
                                             -7.115693   data arrival time
---------------------------------------------------------------------------------------------
                                              4.927136   slack (MET)


Startpoint: rst_n (input port clocked by clk)
Endpoint: _1217_ (removal check against rising-edge clock clk)
Path Group: asynchronous
Path Type: min

Fanout         Cap        Slew       Delay        Time   Description
---------------------------------------------------------------------------------------------
                      0.150000    0.000000    0.000000   clock clk (rise edge)
                                  0.000000    0.000000   clock network delay (ideal)
                                  4.000000    4.000000 ^ input external delay
   202    0.659238    4.642534    3.115693    7.115693 ^ rst_n (in)
                                                         rst_n (net)
                      4.642534    0.000000    7.115693 ^ _1217_/RESET_B (sky130_fd_sc_hd__dfrtp_2)
                                              7.115693   data arrival time

                      0.150000    0.000000    0.000000   clock clk (rise edge)
                                  0.000000    0.000000   clock network delay (ideal)
                                  0.250000    0.250000   clock uncertainty
                                  0.000000    0.250000   clock reconvergence pessimism
                                              0.250000 ^ _1217_/CLK (sky130_fd_sc_hd__dfrtp_2)
                                  1.938556    2.188556   library removal time
                                              2.188556   data required time
---------------------------------------------------------------------------------------------
                                              2.188556   data required time
                                             -7.115693   data arrival time
---------------------------------------------------------------------------------------------
                                              4.927136   slack (MET)


Startpoint: rst_n (input port clocked by clk)
Endpoint: _1218_ (removal check against rising-edge clock clk)
Path Group: asynchronous
Path Type: min

Fanout         Cap        Slew       Delay        Time   Description
---------------------------------------------------------------------------------------------
                      0.150000    0.000000    0.000000   clock clk (rise edge)
                                  0.000000    0.000000   clock network delay (ideal)
                                  4.000000    4.000000 ^ input external delay
   202    0.659238    4.642534    3.115693    7.115693 ^ rst_n (in)
                                                         rst_n (net)
                      4.642534    0.000000    7.115693 ^ _1218_/RESET_B (sky130_fd_sc_hd__dfrtp_2)
                                              7.115693   data arrival time

                      0.150000    0.000000    0.000000   clock clk (rise edge)
                                  0.000000    0.000000   clock network delay (ideal)
                                  0.250000    0.250000   clock uncertainty
                                  0.000000    0.250000   clock reconvergence pessimism
                                              0.250000 ^ _1218_/CLK (sky130_fd_sc_hd__dfrtp_2)
                                  1.938556    2.188556   library removal time
                                              2.188556   data required time
---------------------------------------------------------------------------------------------
                                              2.188556   data required time
                                             -7.115693   data arrival time
---------------------------------------------------------------------------------------------
                                              4.927136   slack (MET)


Startpoint: rst_n (input port clocked by clk)
Endpoint: _1219_ (removal check against rising-edge clock clk)
Path Group: asynchronous
Path Type: min

Fanout         Cap        Slew       Delay        Time   Description
---------------------------------------------------------------------------------------------
                      0.150000    0.000000    0.000000   clock clk (rise edge)
                                  0.000000    0.000000   clock network delay (ideal)
                                  4.000000    4.000000 ^ input external delay
   202    0.659238    4.642534    3.115693    7.115693 ^ rst_n (in)
                                                         rst_n (net)
                      4.642534    0.000000    7.115693 ^ _1219_/RESET_B (sky130_fd_sc_hd__dfrtp_2)
                                              7.115693   data arrival time

                      0.150000    0.000000    0.000000   clock clk (rise edge)
                                  0.000000    0.000000   clock network delay (ideal)
                                  0.250000    0.250000   clock uncertainty
                                  0.000000    0.250000   clock reconvergence pessimism
                                              0.250000 ^ _1219_/CLK (sky130_fd_sc_hd__dfrtp_2)
                                  1.938556    2.188556   library removal time
                                              2.188556   data required time
---------------------------------------------------------------------------------------------
                                              2.188556   data required time
                                             -7.115693   data arrival time
---------------------------------------------------------------------------------------------
                                              4.927136   slack (MET)


Startpoint: rst_n (input port clocked by clk)
Endpoint: _1220_ (removal check against rising-edge clock clk)
Path Group: asynchronous
Path Type: min

Fanout         Cap        Slew       Delay        Time   Description
---------------------------------------------------------------------------------------------
                      0.150000    0.000000    0.000000   clock clk (rise edge)
                                  0.000000    0.000000   clock network delay (ideal)
                                  4.000000    4.000000 ^ input external delay
   202    0.659238    4.642534    3.115693    7.115693 ^ rst_n (in)
                                                         rst_n (net)
                      4.642534    0.000000    7.115693 ^ _1220_/RESET_B (sky130_fd_sc_hd__dfrtp_2)
                                              7.115693   data arrival time

                      0.150000    0.000000    0.000000   clock clk (rise edge)
                                  0.000000    0.000000   clock network delay (ideal)
                                  0.250000    0.250000   clock uncertainty
                                  0.000000    0.250000   clock reconvergence pessimism
                                              0.250000 ^ _1220_/CLK (sky130_fd_sc_hd__dfrtp_2)
                                  1.938556    2.188556   library removal time
                                              2.188556   data required time
---------------------------------------------------------------------------------------------
                                              2.188556   data required time
                                             -7.115693   data arrival time
---------------------------------------------------------------------------------------------
                                              4.927136   slack (MET)


Startpoint: rst_n (input port clocked by clk)
Endpoint: _1221_ (removal check against rising-edge clock clk)
Path Group: asynchronous
Path Type: min

Fanout         Cap        Slew       Delay        Time   Description
---------------------------------------------------------------------------------------------
                      0.150000    0.000000    0.000000   clock clk (rise edge)
                                  0.000000    0.000000   clock network delay (ideal)
                                  4.000000    4.000000 ^ input external delay
   202    0.659238    4.642534    3.115693    7.115693 ^ rst_n (in)
                                                         rst_n (net)
                      4.642534    0.000000    7.115693 ^ _1221_/RESET_B (sky130_fd_sc_hd__dfrtp_2)
                                              7.115693   data arrival time

                      0.150000    0.000000    0.000000   clock clk (rise edge)
                                  0.000000    0.000000   clock network delay (ideal)
                                  0.250000    0.250000   clock uncertainty
                                  0.000000    0.250000   clock reconvergence pessimism
                                              0.250000 ^ _1221_/CLK (sky130_fd_sc_hd__dfrtp_2)
                                  1.938556    2.188556   library removal time
                                              2.188556   data required time
---------------------------------------------------------------------------------------------
                                              2.188556   data required time
                                             -7.115693   data arrival time
---------------------------------------------------------------------------------------------
                                              4.927136   slack (MET)


Startpoint: rst_n (input port clocked by clk)
Endpoint: _1022_ (removal check against rising-edge clock clk)
Path Group: asynchronous
Path Type: min

Fanout         Cap        Slew       Delay        Time   Description
---------------------------------------------------------------------------------------------
                      0.150000    0.000000    0.000000   clock clk (rise edge)
                                  0.000000    0.000000   clock network delay (ideal)
                                  4.000000    4.000000 ^ input external delay
   202    0.659238    4.642534    3.115693    7.115693 ^ rst_n (in)
                                                         rst_n (net)
                      4.642534    0.000000    7.115693 ^ _1022_/SET_B (sky130_fd_sc_hd__dfstp_2)
                                              7.115693   data arrival time

                      0.150000    0.000000    0.000000   clock clk (rise edge)
                                  0.000000    0.000000   clock network delay (ideal)
                                  0.250000    0.250000   clock uncertainty
                                  0.000000    0.250000   clock reconvergence pessimism
                                              0.250000 ^ _1022_/CLK (sky130_fd_sc_hd__dfstp_2)
                                 -0.013840    0.236160   library removal time
                                              0.236160   data required time
---------------------------------------------------------------------------------------------
                                              0.236160   data required time
                                             -7.115693   data arrival time
---------------------------------------------------------------------------------------------
                                              6.879533   slack (MET)


Startpoint: rst_n (input port clocked by clk)
Endpoint: _1031_ (removal check against rising-edge clock clk)
Path Group: asynchronous
Path Type: min

Fanout         Cap        Slew       Delay        Time   Description
---------------------------------------------------------------------------------------------
                      0.150000    0.000000    0.000000   clock clk (rise edge)
                                  0.000000    0.000000   clock network delay (ideal)
                                  4.000000    4.000000 ^ input external delay
   202    0.659238    4.642534    3.115693    7.115693 ^ rst_n (in)
                                                         rst_n (net)
                      4.642534    0.000000    7.115693 ^ _1031_/SET_B (sky130_fd_sc_hd__dfstp_2)
                                              7.115693   data arrival time

                      0.150000    0.000000    0.000000   clock clk (rise edge)
                                  0.000000    0.000000   clock network delay (ideal)
                                  0.250000    0.250000   clock uncertainty
                                  0.000000    0.250000   clock reconvergence pessimism
                                              0.250000 ^ _1031_/CLK (sky130_fd_sc_hd__dfstp_2)
                                 -0.013840    0.236160   library removal time
                                              0.236160   data required time
---------------------------------------------------------------------------------------------
                                              0.236160   data required time
                                             -7.115693   data arrival time
---------------------------------------------------------------------------------------------
                                              6.879533   slack (MET)


Startpoint: rst_n (input port clocked by clk)
Endpoint: _1038_ (removal check against rising-edge clock clk)
Path Group: asynchronous
Path Type: min

Fanout         Cap        Slew       Delay        Time   Description
---------------------------------------------------------------------------------------------
                      0.150000    0.000000    0.000000   clock clk (rise edge)
                                  0.000000    0.000000   clock network delay (ideal)
                                  4.000000    4.000000 ^ input external delay
   202    0.659238    4.642534    3.115693    7.115693 ^ rst_n (in)
                                                         rst_n (net)
                      4.642534    0.000000    7.115693 ^ _1038_/SET_B (sky130_fd_sc_hd__dfstp_2)
                                              7.115693   data arrival time

                      0.150000    0.000000    0.000000   clock clk (rise edge)
                                  0.000000    0.000000   clock network delay (ideal)
                                  0.250000    0.250000   clock uncertainty
                                  0.000000    0.250000   clock reconvergence pessimism
                                              0.250000 ^ _1038_/CLK (sky130_fd_sc_hd__dfstp_2)
                                 -0.013840    0.236160   library removal time
                                              0.236160   data required time
---------------------------------------------------------------------------------------------
                                              0.236160   data required time
                                             -7.115693   data arrival time
---------------------------------------------------------------------------------------------
                                              6.879533   slack (MET)


Startpoint: rst_n (input port clocked by clk)
Endpoint: _1039_ (removal check against rising-edge clock clk)
Path Group: asynchronous
Path Type: min

Fanout         Cap        Slew       Delay        Time   Description
---------------------------------------------------------------------------------------------
                      0.150000    0.000000    0.000000   clock clk (rise edge)
                                  0.000000    0.000000   clock network delay (ideal)
                                  4.000000    4.000000 ^ input external delay
   202    0.659238    4.642534    3.115693    7.115693 ^ rst_n (in)
                                                         rst_n (net)
                      4.642534    0.000000    7.115693 ^ _1039_/SET_B (sky130_fd_sc_hd__dfstp_2)
                                              7.115693   data arrival time

                      0.150000    0.000000    0.000000   clock clk (rise edge)
                                  0.000000    0.000000   clock network delay (ideal)
                                  0.250000    0.250000   clock uncertainty
                                  0.000000    0.250000   clock reconvergence pessimism
                                              0.250000 ^ _1039_/CLK (sky130_fd_sc_hd__dfstp_2)
                                 -0.013840    0.236160   library removal time
                                              0.236160   data required time
---------------------------------------------------------------------------------------------
                                              0.236160   data required time
                                             -7.115693   data arrival time
---------------------------------------------------------------------------------------------
                                              6.879533   slack (MET)


Startpoint: rst_n (input port clocked by clk)
Endpoint: _1048_ (removal check against rising-edge clock clk)
Path Group: asynchronous
Path Type: min

Fanout         Cap        Slew       Delay        Time   Description
---------------------------------------------------------------------------------------------
                      0.150000    0.000000    0.000000   clock clk (rise edge)
                                  0.000000    0.000000   clock network delay (ideal)
                                  4.000000    4.000000 ^ input external delay
   202    0.659238    4.642534    3.115693    7.115693 ^ rst_n (in)
                                                         rst_n (net)
                      4.642534    0.000000    7.115693 ^ _1048_/SET_B (sky130_fd_sc_hd__dfstp_2)
                                              7.115693   data arrival time

                      0.150000    0.000000    0.000000   clock clk (rise edge)
                                  0.000000    0.000000   clock network delay (ideal)
                                  0.250000    0.250000   clock uncertainty
                                  0.000000    0.250000   clock reconvergence pessimism
                                              0.250000 ^ _1048_/CLK (sky130_fd_sc_hd__dfstp_2)
                                 -0.013840    0.236160   library removal time
                                              0.236160   data required time
---------------------------------------------------------------------------------------------
                                              0.236160   data required time
                                             -7.115693   data arrival time
---------------------------------------------------------------------------------------------
                                              6.879533   slack (MET)


Startpoint: rst_n (input port clocked by clk)
Endpoint: _1054_ (removal check against rising-edge clock clk)
Path Group: asynchronous
Path Type: min

Fanout         Cap        Slew       Delay        Time   Description
---------------------------------------------------------------------------------------------
                      0.150000    0.000000    0.000000   clock clk (rise edge)
                                  0.000000    0.000000   clock network delay (ideal)
                                  4.000000    4.000000 ^ input external delay
   202    0.659238    4.642534    3.115693    7.115693 ^ rst_n (in)
                                                         rst_n (net)
                      4.642534    0.000000    7.115693 ^ _1054_/SET_B (sky130_fd_sc_hd__dfstp_2)
                                              7.115693   data arrival time

                      0.150000    0.000000    0.000000   clock clk (rise edge)
                                  0.000000    0.000000   clock network delay (ideal)
                                  0.250000    0.250000   clock uncertainty
                                  0.000000    0.250000   clock reconvergence pessimism
                                              0.250000 ^ _1054_/CLK (sky130_fd_sc_hd__dfstp_2)
                                 -0.013840    0.236160   library removal time
                                              0.236160   data required time
---------------------------------------------------------------------------------------------
                                              0.236160   data required time
                                             -7.115693   data arrival time
---------------------------------------------------------------------------------------------
                                              6.879533   slack (MET)


Startpoint: rst_n (input port clocked by clk)
Endpoint: _1056_ (removal check against rising-edge clock clk)
Path Group: asynchronous
Path Type: min

Fanout         Cap        Slew       Delay        Time   Description
---------------------------------------------------------------------------------------------
                      0.150000    0.000000    0.000000   clock clk (rise edge)
                                  0.000000    0.000000   clock network delay (ideal)
                                  4.000000    4.000000 ^ input external delay
   202    0.659238    4.642534    3.115693    7.115693 ^ rst_n (in)
                                                         rst_n (net)
                      4.642534    0.000000    7.115693 ^ _1056_/SET_B (sky130_fd_sc_hd__dfstp_2)
                                              7.115693   data arrival time

                      0.150000    0.000000    0.000000   clock clk (rise edge)
                                  0.000000    0.000000   clock network delay (ideal)
                                  0.250000    0.250000   clock uncertainty
                                  0.000000    0.250000   clock reconvergence pessimism
                                              0.250000 ^ _1056_/CLK (sky130_fd_sc_hd__dfstp_2)
                                 -0.013840    0.236160   library removal time
                                              0.236160   data required time
---------------------------------------------------------------------------------------------
                                              0.236160   data required time
                                             -7.115693   data arrival time
---------------------------------------------------------------------------------------------
                                              6.879533   slack (MET)


Startpoint: rst_n (input port clocked by clk)
Endpoint: _1063_ (removal check against rising-edge clock clk)
Path Group: asynchronous
Path Type: min

Fanout         Cap        Slew       Delay        Time   Description
---------------------------------------------------------------------------------------------
                      0.150000    0.000000    0.000000   clock clk (rise edge)
                                  0.000000    0.000000   clock network delay (ideal)
                                  4.000000    4.000000 ^ input external delay
   202    0.659238    4.642534    3.115693    7.115693 ^ rst_n (in)
                                                         rst_n (net)
                      4.642534    0.000000    7.115693 ^ _1063_/SET_B (sky130_fd_sc_hd__dfstp_2)
                                              7.115693   data arrival time

                      0.150000    0.000000    0.000000   clock clk (rise edge)
                                  0.000000    0.000000   clock network delay (ideal)
                                  0.250000    0.250000   clock uncertainty
                                  0.000000    0.250000   clock reconvergence pessimism
                                              0.250000 ^ _1063_/CLK (sky130_fd_sc_hd__dfstp_2)
                                 -0.013840    0.236160   library removal time
                                              0.236160   data required time
---------------------------------------------------------------------------------------------
                                              0.236160   data required time
                                             -7.115693   data arrival time
---------------------------------------------------------------------------------------------
                                              6.879533   slack (MET)


Startpoint: rst_n (input port clocked by clk)
Endpoint: _1064_ (removal check against rising-edge clock clk)
Path Group: asynchronous
Path Type: min

Fanout         Cap        Slew       Delay        Time   Description
---------------------------------------------------------------------------------------------
                      0.150000    0.000000    0.000000   clock clk (rise edge)
                                  0.000000    0.000000   clock network delay (ideal)
                                  4.000000    4.000000 ^ input external delay
   202    0.659238    4.642534    3.115693    7.115693 ^ rst_n (in)
                                                         rst_n (net)
                      4.642534    0.000000    7.115693 ^ _1064_/SET_B (sky130_fd_sc_hd__dfstp_2)
                                              7.115693   data arrival time

                      0.150000    0.000000    0.000000   clock clk (rise edge)
                                  0.000000    0.000000   clock network delay (ideal)
                                  0.250000    0.250000   clock uncertainty
                                  0.000000    0.250000   clock reconvergence pessimism
                                              0.250000 ^ _1064_/CLK (sky130_fd_sc_hd__dfstp_2)
                                 -0.013840    0.236160   library removal time
                                              0.236160   data required time
---------------------------------------------------------------------------------------------
                                              0.236160   data required time
                                             -7.115693   data arrival time
---------------------------------------------------------------------------------------------
                                              6.879533   slack (MET)


Startpoint: rst_n (input port clocked by clk)
Endpoint: _1070_ (removal check against rising-edge clock clk)
Path Group: asynchronous
Path Type: min

Fanout         Cap        Slew       Delay        Time   Description
---------------------------------------------------------------------------------------------
                      0.150000    0.000000    0.000000   clock clk (rise edge)
                                  0.000000    0.000000   clock network delay (ideal)
                                  4.000000    4.000000 ^ input external delay
   202    0.659238    4.642534    3.115693    7.115693 ^ rst_n (in)
                                                         rst_n (net)
                      4.642534    0.000000    7.115693 ^ _1070_/SET_B (sky130_fd_sc_hd__dfstp_2)
                                              7.115693   data arrival time

                      0.150000    0.000000    0.000000   clock clk (rise edge)
                                  0.000000    0.000000   clock network delay (ideal)
                                  0.250000    0.250000   clock uncertainty
                                  0.000000    0.250000   clock reconvergence pessimism
                                              0.250000 ^ _1070_/CLK (sky130_fd_sc_hd__dfstp_2)
                                 -0.013840    0.236160   library removal time
                                              0.236160   data required time
---------------------------------------------------------------------------------------------
                                              0.236160   data required time
                                             -7.115693   data arrival time
---------------------------------------------------------------------------------------------
                                              6.879533   slack (MET)


Startpoint: rst_n (input port clocked by clk)
Endpoint: _1071_ (removal check against rising-edge clock clk)
Path Group: asynchronous
Path Type: min

Fanout         Cap        Slew       Delay        Time   Description
---------------------------------------------------------------------------------------------
                      0.150000    0.000000    0.000000   clock clk (rise edge)
                                  0.000000    0.000000   clock network delay (ideal)
                                  4.000000    4.000000 ^ input external delay
   202    0.659238    4.642534    3.115693    7.115693 ^ rst_n (in)
                                                         rst_n (net)
                      4.642534    0.000000    7.115693 ^ _1071_/SET_B (sky130_fd_sc_hd__dfstp_2)
                                              7.115693   data arrival time

                      0.150000    0.000000    0.000000   clock clk (rise edge)
                                  0.000000    0.000000   clock network delay (ideal)
                                  0.250000    0.250000   clock uncertainty
                                  0.000000    0.250000   clock reconvergence pessimism
                                              0.250000 ^ _1071_/CLK (sky130_fd_sc_hd__dfstp_2)
                                 -0.013840    0.236160   library removal time
                                              0.236160   data required time
---------------------------------------------------------------------------------------------
                                              0.236160   data required time
                                             -7.115693   data arrival time
---------------------------------------------------------------------------------------------
                                              6.879533   slack (MET)


Startpoint: rst_n (input port clocked by clk)
Endpoint: _1072_ (removal check against rising-edge clock clk)
Path Group: asynchronous
Path Type: min

Fanout         Cap        Slew       Delay        Time   Description
---------------------------------------------------------------------------------------------
                      0.150000    0.000000    0.000000   clock clk (rise edge)
                                  0.000000    0.000000   clock network delay (ideal)
                                  4.000000    4.000000 ^ input external delay
   202    0.659238    4.642534    3.115693    7.115693 ^ rst_n (in)
                                                         rst_n (net)
                      4.642534    0.000000    7.115693 ^ _1072_/SET_B (sky130_fd_sc_hd__dfstp_2)
                                              7.115693   data arrival time

                      0.150000    0.000000    0.000000   clock clk (rise edge)
                                  0.000000    0.000000   clock network delay (ideal)
                                  0.250000    0.250000   clock uncertainty
                                  0.000000    0.250000   clock reconvergence pessimism
                                              0.250000 ^ _1072_/CLK (sky130_fd_sc_hd__dfstp_2)
                                 -0.013840    0.236160   library removal time
                                              0.236160   data required time
---------------------------------------------------------------------------------------------
                                              0.236160   data required time
                                             -7.115693   data arrival time
---------------------------------------------------------------------------------------------
                                              6.879533   slack (MET)


Startpoint: rst_n (input port clocked by clk)
Endpoint: _1081_ (removal check against rising-edge clock clk)
Path Group: asynchronous
Path Type: min

Fanout         Cap        Slew       Delay        Time   Description
---------------------------------------------------------------------------------------------
                      0.150000    0.000000    0.000000   clock clk (rise edge)
                                  0.000000    0.000000   clock network delay (ideal)
                                  4.000000    4.000000 ^ input external delay
   202    0.659238    4.642534    3.115693    7.115693 ^ rst_n (in)
                                                         rst_n (net)
                      4.642534    0.000000    7.115693 ^ _1081_/SET_B (sky130_fd_sc_hd__dfstp_2)
                                              7.115693   data arrival time

                      0.150000    0.000000    0.000000   clock clk (rise edge)
                                  0.000000    0.000000   clock network delay (ideal)
                                  0.250000    0.250000   clock uncertainty
                                  0.000000    0.250000   clock reconvergence pessimism
                                              0.250000 ^ _1081_/CLK (sky130_fd_sc_hd__dfstp_2)
                                 -0.013840    0.236160   library removal time
                                              0.236160   data required time
---------------------------------------------------------------------------------------------
                                              0.236160   data required time
                                             -7.115693   data arrival time
---------------------------------------------------------------------------------------------
                                              6.879533   slack (MET)


Startpoint: rst_n (input port clocked by clk)
Endpoint: _1209_ (removal check against rising-edge clock clk)
Path Group: asynchronous
Path Type: min

Fanout         Cap        Slew       Delay        Time   Description
---------------------------------------------------------------------------------------------
                      0.150000    0.000000    0.000000   clock clk (rise edge)
                                  0.000000    0.000000   clock network delay (ideal)
                                  4.000000    4.000000 ^ input external delay
   202    0.659238    4.642534    3.115693    7.115693 ^ rst_n (in)
                                                         rst_n (net)
                      4.642534    0.000000    7.115693 ^ _1209_/SET_B (sky130_fd_sc_hd__dfstp_2)
                                              7.115693   data arrival time

                      0.150000    0.000000    0.000000   clock clk (rise edge)
                                  0.000000    0.000000   clock network delay (ideal)
                                  0.250000    0.250000   clock uncertainty
                                  0.000000    0.250000   clock reconvergence pessimism
                                              0.250000 ^ _1209_/CLK (sky130_fd_sc_hd__dfstp_2)
                                 -0.013840    0.236160   library removal time
                                              0.236160   data required time
---------------------------------------------------------------------------------------------
                                              0.236160   data required time
                                             -7.115693   data arrival time
---------------------------------------------------------------------------------------------
                                              6.879533   slack (MET)



