
===========================================================================
report_checks -path_delay min (Hold)
============================================================================
======================= nom_tt_025C_1v80 Corner ===================================

Startpoint: _1199_ (rising edge-triggered flip-flop clocked by clk)
Endpoint: _1207_ (rising edge-triggered flip-flop clocked by clk)
Path Group: clk
Path Type: min

Fanout         Cap        Slew       Delay        Time   Description
---------------------------------------------------------------------------------------------
                      0.150000    0.000000    0.000000   clock clk (rise edge)
                                  0.000000    0.000000   clock network delay (ideal)
                      0.150000    0.000000    0.000000 ^ _1199_/CLK (sky130_fd_sc_hd__dfrtp_2)
     2    0.003094    0.040694    0.351042    0.351042 ^ _1199_/Q (sky130_fd_sc_hd__dfrtp_2)
                                                         add_stage1.a[3] (net)
                      0.040694    0.000000    0.351042 ^ _1008_/A0 (sky130_fd_sc_hd__mux2_1)
     1    0.002005    0.036506    0.101237    0.452279 ^ _1008_/X (sky130_fd_sc_hd__mux2_1)
                                                         _0164_ (net)
                      0.036506    0.000000    0.452279 ^ _1207_/D (sky130_fd_sc_hd__dfrtp_2)
                                              0.452279   data arrival time

                      0.150000    0.000000    0.000000   clock clk (rise edge)
                                  0.000000    0.000000   clock network delay (ideal)
                                  0.250000    0.250000   clock uncertainty
                                  0.000000    0.250000   clock reconvergence pessimism
                                              0.250000 ^ _1207_/CLK (sky130_fd_sc_hd__dfrtp_2)
                                 -0.018593    0.231407   library hold time
                                              0.231407   data required time
---------------------------------------------------------------------------------------------
                                              0.231407   data required time
                                             -0.452279   data arrival time
---------------------------------------------------------------------------------------------
                                              0.220871   slack (MET)


Startpoint: _1064_ (rising edge-triggered flip-flop clocked by clk)
Endpoint: _1064_ (rising edge-triggered flip-flop clocked by clk)
Path Group: clk
Path Type: min

Fanout         Cap        Slew       Delay        Time   Description
---------------------------------------------------------------------------------------------
                      0.150000    0.000000    0.000000   clock clk (rise edge)
                                  0.000000    0.000000   clock network delay (ideal)
                      0.150000    0.000000    0.000000 ^ _1064_/CLK (sky130_fd_sc_hd__dfrtp_2)
     2    0.003094    0.040694    0.351042    0.351042 ^ _1064_/Q (sky130_fd_sc_hd__dfrtp_2)
                                                         coeff1[4] (net)
                      0.040694    0.000000    0.351042 ^ _0566_/A0 (sky130_fd_sc_hd__mux2_1)
     1    0.002005    0.036517    0.101237    0.452279 ^ _0566_/X (sky130_fd_sc_hd__mux2_1)
                                                         _0021_ (net)
                      0.036517    0.000000    0.452279 ^ _1064_/D (sky130_fd_sc_hd__dfrtp_2)
                                              0.452279   data arrival time

                      0.150000    0.000000    0.000000   clock clk (rise edge)
                                  0.000000    0.000000   clock network delay (ideal)
                                  0.250000    0.250000   clock uncertainty
                                  0.000000    0.250000   clock reconvergence pessimism
                                              0.250000 ^ _1064_/CLK (sky130_fd_sc_hd__dfrtp_2)
                                 -0.018595    0.231405   library hold time
                                              0.231405   data required time
---------------------------------------------------------------------------------------------
                                              0.231405   data required time
                                             -0.452279   data arrival time
---------------------------------------------------------------------------------------------
                                              0.220874   slack (MET)


Startpoint: _1053_ (rising edge-triggered flip-flop clocked by clk)
Endpoint: _1053_ (rising edge-triggered flip-flop clocked by clk)
Path Group: clk
Path Type: min

Fanout         Cap        Slew       Delay        Time   Description
---------------------------------------------------------------------------------------------
                      0.150000    0.000000    0.000000   clock clk (rise edge)
                                  0.000000    0.000000   clock network delay (ideal)
                      0.150000    0.000000    0.000000 ^ _1053_/CLK (sky130_fd_sc_hd__dfrtp_2)
     2    0.003094    0.040694    0.351042    0.351042 ^ _1053_/Q (sky130_fd_sc_hd__dfrtp_2)
                                                         coeff0[1] (net)
                      0.040694    0.000000    0.351042 ^ _0554_/A0 (sky130_fd_sc_hd__mux2_1)
     1    0.002005    0.036522    0.101237    0.452279 ^ _0554_/X (sky130_fd_sc_hd__mux2_1)
                                                         _0010_ (net)
                      0.036522    0.000000    0.452279 ^ _1053_/D (sky130_fd_sc_hd__dfrtp_2)
                                              0.452279   data arrival time

                      0.150000    0.000000    0.000000   clock clk (rise edge)
                                  0.000000    0.000000   clock network delay (ideal)
                                  0.250000    0.250000   clock uncertainty
                                  0.000000    0.250000   clock reconvergence pessimism
                                              0.250000 ^ _1053_/CLK (sky130_fd_sc_hd__dfrtp_2)
                                 -0.018596    0.231404   library hold time
                                              0.231404   data required time
---------------------------------------------------------------------------------------------
                                              0.231404   data required time
                                             -0.452279   data arrival time
---------------------------------------------------------------------------------------------
                                              0.220875   slack (MET)


Startpoint: _1054_ (rising edge-triggered flip-flop clocked by clk)
Endpoint: _1054_ (rising edge-triggered flip-flop clocked by clk)
Path Group: clk
Path Type: min

Fanout         Cap        Slew       Delay        Time   Description
---------------------------------------------------------------------------------------------
                      0.150000    0.000000    0.000000   clock clk (rise edge)
                                  0.000000    0.000000   clock network delay (ideal)
                      0.150000    0.000000    0.000000 ^ _1054_/CLK (sky130_fd_sc_hd__dfrtp_2)
     2    0.003094    0.040694    0.351042    0.351042 ^ _1054_/Q (sky130_fd_sc_hd__dfrtp_2)
                                                         coeff0[2] (net)
                      0.040694    0.000000    0.351042 ^ _0555_/A0 (sky130_fd_sc_hd__mux2_1)
     1    0.002005    0.036522    0.101237    0.452279 ^ _0555_/X (sky130_fd_sc_hd__mux2_1)
                                                         _0011_ (net)
                      0.036522    0.000000    0.452279 ^ _1054_/D (sky130_fd_sc_hd__dfrtp_2)
                                              0.452279   data arrival time

                      0.150000    0.000000    0.000000   clock clk (rise edge)
                                  0.000000    0.000000   clock network delay (ideal)
                                  0.250000    0.250000   clock uncertainty
                                  0.000000    0.250000   clock reconvergence pessimism
                                              0.250000 ^ _1054_/CLK (sky130_fd_sc_hd__dfrtp_2)
                                 -0.018596    0.231404   library hold time
                                              0.231404   data required time
---------------------------------------------------------------------------------------------
                                              0.231404   data required time
                                             -0.452279   data arrival time
---------------------------------------------------------------------------------------------
                                              0.220875   slack (MET)


Startpoint: _1055_ (rising edge-triggered flip-flop clocked by clk)
Endpoint: _1055_ (rising edge-triggered flip-flop clocked by clk)
Path Group: clk
Path Type: min

Fanout         Cap        Slew       Delay        Time   Description
---------------------------------------------------------------------------------------------
                      0.150000    0.000000    0.000000   clock clk (rise edge)
                                  0.000000    0.000000   clock network delay (ideal)
                      0.150000    0.000000    0.000000 ^ _1055_/CLK (sky130_fd_sc_hd__dfrtp_2)
     2    0.003094    0.040694    0.351042    0.351042 ^ _1055_/Q (sky130_fd_sc_hd__dfrtp_2)
                                                         coeff0[3] (net)
                      0.040694    0.000000    0.351042 ^ _0556_/A0 (sky130_fd_sc_hd__mux2_1)
     1    0.002005    0.036522    0.101237    0.452279 ^ _0556_/X (sky130_fd_sc_hd__mux2_1)
                                                         _0012_ (net)
                      0.036522    0.000000    0.452279 ^ _1055_/D (sky130_fd_sc_hd__dfrtp_2)
                                              0.452279   data arrival time

                      0.150000    0.000000    0.000000   clock clk (rise edge)
                                  0.000000    0.000000   clock network delay (ideal)
                                  0.250000    0.250000   clock uncertainty
                                  0.000000    0.250000   clock reconvergence pessimism
                                              0.250000 ^ _1055_/CLK (sky130_fd_sc_hd__dfrtp_2)
                                 -0.018596    0.231404   library hold time
                                              0.231404   data required time
---------------------------------------------------------------------------------------------
                                              0.231404   data required time
                                             -0.452279   data arrival time
---------------------------------------------------------------------------------------------
                                              0.220875   slack (MET)


Startpoint: _1056_ (rising edge-triggered flip-flop clocked by clk)
Endpoint: _1056_ (rising edge-triggered flip-flop clocked by clk)
Path Group: clk
Path Type: min

Fanout         Cap        Slew       Delay        Time   Description
---------------------------------------------------------------------------------------------
                      0.150000    0.000000    0.000000   clock clk (rise edge)
                                  0.000000    0.000000   clock network delay (ideal)
                      0.150000    0.000000    0.000000 ^ _1056_/CLK (sky130_fd_sc_hd__dfrtp_2)
     2    0.003113    0.040785    0.351148    0.351148 ^ _1056_/Q (sky130_fd_sc_hd__dfrtp_2)
                                                         coeff0[4] (net)
                      0.040785    0.000000    0.351148 ^ _0557_/A0 (sky130_fd_sc_hd__mux2_1)
     1    0.002005    0.036522    0.101267    0.452415 ^ _0557_/X (sky130_fd_sc_hd__mux2_1)
                                                         _0013_ (net)
                      0.036522    0.000000    0.452415 ^ _1056_/D (sky130_fd_sc_hd__dfrtp_2)
                                              0.452415   data arrival time

                      0.150000    0.000000    0.000000   clock clk (rise edge)
                                  0.000000    0.000000   clock network delay (ideal)
                                  0.250000    0.250000   clock uncertainty
                                  0.000000    0.250000   clock reconvergence pessimism
                                              0.250000 ^ _1056_/CLK (sky130_fd_sc_hd__dfrtp_2)
                                 -0.018596    0.231404   library hold time
                                              0.231404   data required time
---------------------------------------------------------------------------------------------
                                              0.231404   data required time
                                             -0.452415   data arrival time
---------------------------------------------------------------------------------------------
                                              0.221011   slack (MET)


Startpoint: _1060_ (rising edge-triggered flip-flop clocked by clk)
Endpoint: _1060_ (rising edge-triggered flip-flop clocked by clk)
Path Group: clk
Path Type: min

Fanout         Cap        Slew       Delay        Time   Description
---------------------------------------------------------------------------------------------
                      0.150000    0.000000    0.000000   clock clk (rise edge)
                                  0.000000    0.000000   clock network delay (ideal)
                      0.150000    0.000000    0.000000 ^ _1060_/CLK (sky130_fd_sc_hd__dfrtp_2)
     2    0.003139    0.040910    0.351294    0.351294 ^ _1060_/Q (sky130_fd_sc_hd__dfrtp_2)
                                                         coeff1[0] (net)
                      0.040910    0.000000    0.351294 ^ _0562_/A0 (sky130_fd_sc_hd__mux2_1)
     1    0.002005    0.036517    0.101308    0.452601 ^ _0562_/X (sky130_fd_sc_hd__mux2_1)
                                                         _0017_ (net)
                      0.036517    0.000000    0.452601 ^ _1060_/D (sky130_fd_sc_hd__dfrtp_2)
                                              0.452601   data arrival time

                      0.150000    0.000000    0.000000   clock clk (rise edge)
                                  0.000000    0.000000   clock network delay (ideal)
                                  0.250000    0.250000   clock uncertainty
                                  0.000000    0.250000   clock reconvergence pessimism
                                              0.250000 ^ _1060_/CLK (sky130_fd_sc_hd__dfrtp_2)
                                 -0.018595    0.231405   library hold time
                                              0.231405   data required time
---------------------------------------------------------------------------------------------
                                              0.231405   data required time
                                             -0.452601   data arrival time
---------------------------------------------------------------------------------------------
                                              0.221196   slack (MET)


Startpoint: _1070_ (rising edge-triggered flip-flop clocked by clk)
Endpoint: _1070_ (rising edge-triggered flip-flop clocked by clk)
Path Group: clk
Path Type: min

Fanout         Cap        Slew       Delay        Time   Description
---------------------------------------------------------------------------------------------
                      0.150000    0.000000    0.000000   clock clk (rise edge)
                                  0.000000    0.000000   clock network delay (ideal)
                      0.150000    0.000000    0.000000 ^ _1070_/CLK (sky130_fd_sc_hd__dfrtp_2)
     2    0.003139    0.040910    0.351294    0.351294 ^ _1070_/Q (sky130_fd_sc_hd__dfrtp_2)
                                                         coeff2[2] (net)
                      0.040910    0.000000    0.351294 ^ _0573_/A0 (sky130_fd_sc_hd__mux2_1)
     1    0.002005    0.036517    0.101308    0.452601 ^ _0573_/X (sky130_fd_sc_hd__mux2_1)
                                                         _0027_ (net)
                      0.036517    0.000000    0.452601 ^ _1070_/D (sky130_fd_sc_hd__dfrtp_2)
                                              0.452601   data arrival time

                      0.150000    0.000000    0.000000   clock clk (rise edge)
                                  0.000000    0.000000   clock network delay (ideal)
                                  0.250000    0.250000   clock uncertainty
                                  0.000000    0.250000   clock reconvergence pessimism
                                              0.250000 ^ _1070_/CLK (sky130_fd_sc_hd__dfrtp_2)
                                 -0.018595    0.231405   library hold time
                                              0.231405   data required time
---------------------------------------------------------------------------------------------
                                              0.231405   data required time
                                             -0.452601   data arrival time
---------------------------------------------------------------------------------------------
                                              0.221196   slack (MET)


Startpoint: _1072_ (rising edge-triggered flip-flop clocked by clk)
Endpoint: _1072_ (rising edge-triggered flip-flop clocked by clk)
Path Group: clk
Path Type: min

Fanout         Cap        Slew       Delay        Time   Description
---------------------------------------------------------------------------------------------
                      0.150000    0.000000    0.000000   clock clk (rise edge)
                                  0.000000    0.000000   clock network delay (ideal)
                      0.150000    0.000000    0.000000 ^ _1072_/CLK (sky130_fd_sc_hd__dfrtp_2)
     2    0.003139    0.040910    0.351294    0.351294 ^ _1072_/Q (sky130_fd_sc_hd__dfrtp_2)
                                                         coeff2[4] (net)
                      0.040910    0.000000    0.351294 ^ _0575_/A0 (sky130_fd_sc_hd__mux2_1)
     1    0.002005    0.036517    0.101308    0.452601 ^ _0575_/X (sky130_fd_sc_hd__mux2_1)
                                                         _0029_ (net)
                      0.036517    0.000000    0.452601 ^ _1072_/D (sky130_fd_sc_hd__dfrtp_2)
                                              0.452601   data arrival time

                      0.150000    0.000000    0.000000   clock clk (rise edge)
                                  0.000000    0.000000   clock network delay (ideal)
                                  0.250000    0.250000   clock uncertainty
                                  0.000000    0.250000   clock reconvergence pessimism
                                              0.250000 ^ _1072_/CLK (sky130_fd_sc_hd__dfrtp_2)
                                 -0.018595    0.231405   library hold time
                                              0.231405   data required time
---------------------------------------------------------------------------------------------
                                              0.231405   data required time
                                             -0.452601   data arrival time
---------------------------------------------------------------------------------------------
                                              0.221196   slack (MET)


Startpoint: _1073_ (rising edge-triggered flip-flop clocked by clk)
Endpoint: _1073_ (rising edge-triggered flip-flop clocked by clk)
Path Group: clk
Path Type: min

Fanout         Cap        Slew       Delay        Time   Description
---------------------------------------------------------------------------------------------
                      0.150000    0.000000    0.000000   clock clk (rise edge)
                                  0.000000    0.000000   clock network delay (ideal)
                      0.150000    0.000000    0.000000 ^ _1073_/CLK (sky130_fd_sc_hd__dfrtp_2)
     2    0.003139    0.040910    0.351294    0.351294 ^ _1073_/Q (sky130_fd_sc_hd__dfrtp_2)
                                                         coeff2[5] (net)
                      0.040910    0.000000    0.351294 ^ _0576_/A0 (sky130_fd_sc_hd__mux2_1)
     1    0.002005    0.036517    0.101308    0.452601 ^ _0576_/X (sky130_fd_sc_hd__mux2_1)
                                                         _0030_ (net)
                      0.036517    0.000000    0.452601 ^ _1073_/D (sky130_fd_sc_hd__dfrtp_2)
                                              0.452601   data arrival time

                      0.150000    0.000000    0.000000   clock clk (rise edge)
                                  0.000000    0.000000   clock network delay (ideal)
                                  0.250000    0.250000   clock uncertainty
                                  0.000000    0.250000   clock reconvergence pessimism
                                              0.250000 ^ _1073_/CLK (sky130_fd_sc_hd__dfrtp_2)
                                 -0.018595    0.231405   library hold time
                                              0.231405   data required time
---------------------------------------------------------------------------------------------
                                              0.231405   data required time
                                             -0.452601   data arrival time
---------------------------------------------------------------------------------------------
                                              0.221196   slack (MET)


Startpoint: _1074_ (rising edge-triggered flip-flop clocked by clk)
Endpoint: _1074_ (rising edge-triggered flip-flop clocked by clk)
Path Group: clk
Path Type: min

Fanout         Cap        Slew       Delay        Time   Description
---------------------------------------------------------------------------------------------
                      0.150000    0.000000    0.000000   clock clk (rise edge)
                                  0.000000    0.000000   clock network delay (ideal)
                      0.150000    0.000000    0.000000 ^ _1074_/CLK (sky130_fd_sc_hd__dfrtp_2)
     2    0.003139    0.040910    0.351294    0.351294 ^ _1074_/Q (sky130_fd_sc_hd__dfrtp_2)
                                                         coeff2[6] (net)
                      0.040910    0.000000    0.351294 ^ _0577_/A0 (sky130_fd_sc_hd__mux2_1)
     1    0.002005    0.036517    0.101308    0.452601 ^ _0577_/X (sky130_fd_sc_hd__mux2_1)
                                                         _0031_ (net)
                      0.036517    0.000000    0.452601 ^ _1074_/D (sky130_fd_sc_hd__dfrtp_2)
                                              0.452601   data arrival time

                      0.150000    0.000000    0.000000   clock clk (rise edge)
                                  0.000000    0.000000   clock network delay (ideal)
                                  0.250000    0.250000   clock uncertainty
                                  0.000000    0.250000   clock reconvergence pessimism
                                              0.250000 ^ _1074_/CLK (sky130_fd_sc_hd__dfrtp_2)
                                 -0.018595    0.231405   library hold time
                                              0.231405   data required time
---------------------------------------------------------------------------------------------
                                              0.231405   data required time
                                             -0.452601   data arrival time
---------------------------------------------------------------------------------------------
                                              0.221196   slack (MET)


Startpoint: _1175_ (rising edge-triggered flip-flop clocked by clk)
Endpoint: _1175_ (rising edge-triggered flip-flop clocked by clk)
Path Group: clk
Path Type: min

Fanout         Cap        Slew       Delay        Time   Description
---------------------------------------------------------------------------------------------
                      0.150000    0.000000    0.000000   clock clk (rise edge)
                                  0.000000    0.000000   clock network delay (ideal)
                      0.150000    0.000000    0.000000 ^ _1175_/CLK (sky130_fd_sc_hd__dfrtp_2)
     2    0.003329    0.041823    0.352356    0.352356 ^ _1175_/Q (sky130_fd_sc_hd__dfrtp_2)
                                                         snapshot7[3] (net)
                      0.041823    0.000000    0.352356 ^ _0685_/A0 (sky130_fd_sc_hd__mux2_1)
     1    0.002005    0.036913    0.101607    0.453963 ^ _0685_/X (sky130_fd_sc_hd__mux2_1)
                                                         _0132_ (net)
                      0.036913    0.000000    0.453963 ^ _1175_/D (sky130_fd_sc_hd__dfrtp_2)
                                              0.453963   data arrival time

                      0.150000    0.000000    0.000000   clock clk (rise edge)
                                  0.000000    0.000000   clock network delay (ideal)
                                  0.250000    0.250000   clock uncertainty
                                  0.000000    0.250000   clock reconvergence pessimism
                                              0.250000 ^ _1175_/CLK (sky130_fd_sc_hd__dfrtp_2)
                                 -0.018676    0.231324   library hold time
                                              0.231324   data required time
---------------------------------------------------------------------------------------------
                                              0.231324   data required time
                                             -0.453963   data arrival time
---------------------------------------------------------------------------------------------
                                              0.222639   slack (MET)


Startpoint: _1196_ (rising edge-triggered flip-flop clocked by clk)
Endpoint: _1204_ (rising edge-triggered flip-flop clocked by clk)
Path Group: clk
Path Type: min

Fanout         Cap        Slew       Delay        Time   Description
---------------------------------------------------------------------------------------------
                      0.150000    0.000000    0.000000   clock clk (rise edge)
                                  0.000000    0.000000   clock network delay (ideal)
                      0.150000    0.000000    0.000000 ^ _1196_/CLK (sky130_fd_sc_hd__dfrtp_2)
     2    0.003575    0.043005    0.353731    0.353731 ^ _1196_/Q (sky130_fd_sc_hd__dfrtp_2)
                                                         add_stage1.a[0] (net)
                      0.043005    0.000000    0.353731 ^ _1005_/A0 (sky130_fd_sc_hd__mux2_1)
     1    0.002005    0.036506    0.101994    0.455725 ^ _1005_/X (sky130_fd_sc_hd__mux2_1)
                                                         _0161_ (net)
                      0.036506    0.000000    0.455725 ^ _1204_/D (sky130_fd_sc_hd__dfrtp_2)
                                              0.455725   data arrival time

                      0.150000    0.000000    0.000000   clock clk (rise edge)
                                  0.000000    0.000000   clock network delay (ideal)
                                  0.250000    0.250000   clock uncertainty
                                  0.000000    0.250000   clock reconvergence pessimism
                                              0.250000 ^ _1204_/CLK (sky130_fd_sc_hd__dfrtp_2)
                                 -0.018593    0.231407   library hold time
                                              0.231407   data required time
---------------------------------------------------------------------------------------------
                                              0.231407   data required time
                                             -0.455725   data arrival time
---------------------------------------------------------------------------------------------
                                              0.224318   slack (MET)


Startpoint: _1198_ (rising edge-triggered flip-flop clocked by clk)
Endpoint: _1206_ (rising edge-triggered flip-flop clocked by clk)
Path Group: clk
Path Type: min

Fanout         Cap        Slew       Delay        Time   Description
---------------------------------------------------------------------------------------------
                      0.150000    0.000000    0.000000   clock clk (rise edge)
                                  0.000000    0.000000   clock network delay (ideal)
                      0.150000    0.000000    0.000000 ^ _1198_/CLK (sky130_fd_sc_hd__dfrtp_2)
     2    0.003575    0.043005    0.353731    0.353731 ^ _1198_/Q (sky130_fd_sc_hd__dfrtp_2)
                                                         add_stage1.a[2] (net)
                      0.043005    0.000000    0.353731 ^ _1007_/A0 (sky130_fd_sc_hd__mux2_1)
     1    0.002005    0.036506    0.101994    0.455725 ^ _1007_/X (sky130_fd_sc_hd__mux2_1)
                                                         _0163_ (net)
                      0.036506    0.000000    0.455725 ^ _1206_/D (sky130_fd_sc_hd__dfrtp_2)
                                              0.455725   data arrival time

                      0.150000    0.000000    0.000000   clock clk (rise edge)
                                  0.000000    0.000000   clock network delay (ideal)
                                  0.250000    0.250000   clock uncertainty
                                  0.000000    0.250000   clock reconvergence pessimism
                                              0.250000 ^ _1206_/CLK (sky130_fd_sc_hd__dfrtp_2)
                                 -0.018593    0.231407   library hold time
                                              0.231407   data required time
---------------------------------------------------------------------------------------------
                                              0.231407   data required time
                                             -0.455725   data arrival time
---------------------------------------------------------------------------------------------
                                              0.224318   slack (MET)


Startpoint: _1200_ (rising edge-triggered flip-flop clocked by clk)
Endpoint: _1208_ (rising edge-triggered flip-flop clocked by clk)
Path Group: clk
Path Type: min

Fanout         Cap        Slew       Delay        Time   Description
---------------------------------------------------------------------------------------------
                      0.150000    0.000000    0.000000   clock clk (rise edge)
                                  0.000000    0.000000   clock network delay (ideal)
                      0.150000    0.000000    0.000000 ^ _1200_/CLK (sky130_fd_sc_hd__dfrtp_2)
     2    0.003575    0.043005    0.353731    0.353731 ^ _1200_/Q (sky130_fd_sc_hd__dfrtp_2)
                                                         add_stage1.a[4] (net)
                      0.043005    0.000000    0.353731 ^ _1009_/A0 (sky130_fd_sc_hd__mux2_1)
     1    0.002005    0.036506    0.101994    0.455725 ^ _1009_/X (sky130_fd_sc_hd__mux2_1)
                                                         _0165_ (net)
                      0.036506    0.000000    0.455725 ^ _1208_/D (sky130_fd_sc_hd__dfrtp_2)
                                              0.455725   data arrival time

                      0.150000    0.000000    0.000000   clock clk (rise edge)
                                  0.000000    0.000000   clock network delay (ideal)
                                  0.250000    0.250000   clock uncertainty
                                  0.000000    0.250000   clock reconvergence pessimism
                                              0.250000 ^ _1208_/CLK (sky130_fd_sc_hd__dfrtp_2)
                                 -0.018593    0.231407   library hold time
                                              0.231407   data required time
---------------------------------------------------------------------------------------------
                                              0.231407   data required time
                                             -0.455725   data arrival time
---------------------------------------------------------------------------------------------
                                              0.224318   slack (MET)


Startpoint: _1201_ (rising edge-triggered flip-flop clocked by clk)
Endpoint: _1209_ (rising edge-triggered flip-flop clocked by clk)
Path Group: clk
Path Type: min

Fanout         Cap        Slew       Delay        Time   Description
---------------------------------------------------------------------------------------------
                      0.150000    0.000000    0.000000   clock clk (rise edge)
                                  0.000000    0.000000   clock network delay (ideal)
                      0.150000    0.000000    0.000000 ^ _1201_/CLK (sky130_fd_sc_hd__dfrtp_2)
     2    0.003575    0.043005    0.353731    0.353731 ^ _1201_/Q (sky130_fd_sc_hd__dfrtp_2)
                                                         add_stage1.a[5] (net)
                      0.043005    0.000000    0.353731 ^ _1010_/A0 (sky130_fd_sc_hd__mux2_1)
     1    0.002005    0.036506    0.101994    0.455725 ^ _1010_/X (sky130_fd_sc_hd__mux2_1)
                                                         _0166_ (net)
                      0.036506    0.000000    0.455725 ^ _1209_/D (sky130_fd_sc_hd__dfrtp_2)
                                              0.455725   data arrival time

                      0.150000    0.000000    0.000000   clock clk (rise edge)
                                  0.000000    0.000000   clock network delay (ideal)
                                  0.250000    0.250000   clock uncertainty
                                  0.000000    0.250000   clock reconvergence pessimism
                                              0.250000 ^ _1209_/CLK (sky130_fd_sc_hd__dfrtp_2)
                                 -0.018593    0.231407   library hold time
                                              0.231407   data required time
---------------------------------------------------------------------------------------------
                                              0.231407   data required time
                                             -0.455725   data arrival time
---------------------------------------------------------------------------------------------
                                              0.224318   slack (MET)


Startpoint: _1202_ (rising edge-triggered flip-flop clocked by clk)
Endpoint: _1210_ (rising edge-triggered flip-flop clocked by clk)
Path Group: clk
Path Type: min

Fanout         Cap        Slew       Delay        Time   Description
---------------------------------------------------------------------------------------------
                      0.150000    0.000000    0.000000   clock clk (rise edge)
                                  0.000000    0.000000   clock network delay (ideal)
                      0.150000    0.000000    0.000000 ^ _1202_/CLK (sky130_fd_sc_hd__dfrtp_2)
     2    0.003575    0.043005    0.353731    0.353731 ^ _1202_/Q (sky130_fd_sc_hd__dfrtp_2)
                                                         add_stage1.a[6] (net)
                      0.043005    0.000000    0.353731 ^ _1011_/A0 (sky130_fd_sc_hd__mux2_1)
     1    0.002005    0.036506    0.101994    0.455725 ^ _1011_/X (sky130_fd_sc_hd__mux2_1)
                                                         _0167_ (net)
                      0.036506    0.000000    0.455725 ^ _1210_/D (sky130_fd_sc_hd__dfrtp_2)
                                              0.455725   data arrival time

                      0.150000    0.000000    0.000000   clock clk (rise edge)
                                  0.000000    0.000000   clock network delay (ideal)
                                  0.250000    0.250000   clock uncertainty
                                  0.000000    0.250000   clock reconvergence pessimism
                                              0.250000 ^ _1210_/CLK (sky130_fd_sc_hd__dfrtp_2)
                                 -0.018593    0.231407   library hold time
                                              0.231407   data required time
---------------------------------------------------------------------------------------------
                                              0.231407   data required time
                                             -0.455725   data arrival time
---------------------------------------------------------------------------------------------
                                              0.224318   slack (MET)


Startpoint: _1203_ (rising edge-triggered flip-flop clocked by clk)
Endpoint: _1211_ (rising edge-triggered flip-flop clocked by clk)
Path Group: clk
Path Type: min

Fanout         Cap        Slew       Delay        Time   Description
---------------------------------------------------------------------------------------------
                      0.150000    0.000000    0.000000   clock clk (rise edge)
                                  0.000000    0.000000   clock network delay (ideal)
                      0.150000    0.000000    0.000000 ^ _1203_/CLK (sky130_fd_sc_hd__dfrtp_2)
     2    0.003575    0.043005    0.353731    0.353731 ^ _1203_/Q (sky130_fd_sc_hd__dfrtp_2)
                                                         add_stage1.a[7] (net)
                      0.043005    0.000000    0.353731 ^ _1012_/A0 (sky130_fd_sc_hd__mux2_1)
     1    0.002005    0.036506    0.101994    0.455725 ^ _1012_/X (sky130_fd_sc_hd__mux2_1)
                                                         _0168_ (net)
                      0.036506    0.000000    0.455725 ^ _1211_/D (sky130_fd_sc_hd__dfrtp_2)
                                              0.455725   data arrival time

                      0.150000    0.000000    0.000000   clock clk (rise edge)
                                  0.000000    0.000000   clock network delay (ideal)
                                  0.250000    0.250000   clock uncertainty
                                  0.000000    0.250000   clock reconvergence pessimism
                                              0.250000 ^ _1211_/CLK (sky130_fd_sc_hd__dfrtp_2)
                                 -0.018593    0.231407   library hold time
                                              0.231407   data required time
---------------------------------------------------------------------------------------------
                                              0.231407   data required time
                                             -0.455725   data arrival time
---------------------------------------------------------------------------------------------
                                              0.224318   slack (MET)


Startpoint: _1204_ (rising edge-triggered flip-flop clocked by clk)
Endpoint: _1212_ (rising edge-triggered flip-flop clocked by clk)
Path Group: clk
Path Type: min

Fanout         Cap        Slew       Delay        Time   Description
---------------------------------------------------------------------------------------------
                      0.150000    0.000000    0.000000   clock clk (rise edge)
                                  0.000000    0.000000   clock network delay (ideal)
                      0.150000    0.000000    0.000000 ^ _1204_/CLK (sky130_fd_sc_hd__dfrtp_2)
     2    0.003575    0.043005    0.353731    0.353731 ^ _1204_/Q (sky130_fd_sc_hd__dfrtp_2)
                                                         add_stage2.a[0] (net)
                      0.043005    0.000000    0.353731 ^ _1013_/A0 (sky130_fd_sc_hd__mux2_1)
     1    0.002005    0.036506    0.101994    0.455725 ^ _1013_/X (sky130_fd_sc_hd__mux2_1)
                                                         _0169_ (net)
                      0.036506    0.000000    0.455725 ^ _1212_/D (sky130_fd_sc_hd__dfrtp_2)
                                              0.455725   data arrival time

                      0.150000    0.000000    0.000000   clock clk (rise edge)
                                  0.000000    0.000000   clock network delay (ideal)
                                  0.250000    0.250000   clock uncertainty
                                  0.000000    0.250000   clock reconvergence pessimism
                                              0.250000 ^ _1212_/CLK (sky130_fd_sc_hd__dfrtp_2)
                                 -0.018593    0.231407   library hold time
                                              0.231407   data required time
---------------------------------------------------------------------------------------------
                                              0.231407   data required time
                                             -0.455725   data arrival time
---------------------------------------------------------------------------------------------
                                              0.224318   slack (MET)


Startpoint: _1205_ (rising edge-triggered flip-flop clocked by clk)
Endpoint: _1213_ (rising edge-triggered flip-flop clocked by clk)
Path Group: clk
Path Type: min

Fanout         Cap        Slew       Delay        Time   Description
---------------------------------------------------------------------------------------------
                      0.150000    0.000000    0.000000   clock clk (rise edge)
                                  0.000000    0.000000   clock network delay (ideal)
                      0.150000    0.000000    0.000000 ^ _1205_/CLK (sky130_fd_sc_hd__dfrtp_2)
     2    0.003575    0.043005    0.353731    0.353731 ^ _1205_/Q (sky130_fd_sc_hd__dfrtp_2)
                                                         add_stage2.a[1] (net)
                      0.043005    0.000000    0.353731 ^ _1014_/A0 (sky130_fd_sc_hd__mux2_1)
     1    0.002005    0.036506    0.101994    0.455725 ^ _1014_/X (sky130_fd_sc_hd__mux2_1)
                                                         _0170_ (net)
                      0.036506    0.000000    0.455725 ^ _1213_/D (sky130_fd_sc_hd__dfrtp_2)
                                              0.455725   data arrival time

                      0.150000    0.000000    0.000000   clock clk (rise edge)
                                  0.000000    0.000000   clock network delay (ideal)
                                  0.250000    0.250000   clock uncertainty
                                  0.000000    0.250000   clock reconvergence pessimism
                                              0.250000 ^ _1213_/CLK (sky130_fd_sc_hd__dfrtp_2)
                                 -0.018593    0.231407   library hold time
                                              0.231407   data required time
---------------------------------------------------------------------------------------------
                                              0.231407   data required time
                                             -0.455725   data arrival time
---------------------------------------------------------------------------------------------
                                              0.224318   slack (MET)


Startpoint: _1206_ (rising edge-triggered flip-flop clocked by clk)
Endpoint: _1214_ (rising edge-triggered flip-flop clocked by clk)
Path Group: clk
Path Type: min

Fanout         Cap        Slew       Delay        Time   Description
---------------------------------------------------------------------------------------------
                      0.150000    0.000000    0.000000   clock clk (rise edge)
                                  0.000000    0.000000   clock network delay (ideal)
                      0.150000    0.000000    0.000000 ^ _1206_/CLK (sky130_fd_sc_hd__dfrtp_2)
     2    0.003575    0.043005    0.353731    0.353731 ^ _1206_/Q (sky130_fd_sc_hd__dfrtp_2)
                                                         add_stage2.a[2] (net)
                      0.043005    0.000000    0.353731 ^ _1015_/A0 (sky130_fd_sc_hd__mux2_1)
     1    0.002005    0.036506    0.101994    0.455725 ^ _1015_/X (sky130_fd_sc_hd__mux2_1)
                                                         _0171_ (net)
                      0.036506    0.000000    0.455725 ^ _1214_/D (sky130_fd_sc_hd__dfrtp_2)
                                              0.455725   data arrival time

                      0.150000    0.000000    0.000000   clock clk (rise edge)
                                  0.000000    0.000000   clock network delay (ideal)
                                  0.250000    0.250000   clock uncertainty
                                  0.000000    0.250000   clock reconvergence pessimism
                                              0.250000 ^ _1214_/CLK (sky130_fd_sc_hd__dfrtp_2)
                                 -0.018593    0.231407   library hold time
                                              0.231407   data required time
---------------------------------------------------------------------------------------------
                                              0.231407   data required time
                                             -0.455725   data arrival time
---------------------------------------------------------------------------------------------
                                              0.224318   slack (MET)


Startpoint: _1207_ (rising edge-triggered flip-flop clocked by clk)
Endpoint: _1215_ (rising edge-triggered flip-flop clocked by clk)
Path Group: clk
Path Type: min

Fanout         Cap        Slew       Delay        Time   Description
---------------------------------------------------------------------------------------------
                      0.150000    0.000000    0.000000   clock clk (rise edge)
                                  0.000000    0.000000   clock network delay (ideal)
                      0.150000    0.000000    0.000000 ^ _1207_/CLK (sky130_fd_sc_hd__dfrtp_2)
     2    0.003575    0.043005    0.353731    0.353731 ^ _1207_/Q (sky130_fd_sc_hd__dfrtp_2)
                                                         add_stage2.a[3] (net)
                      0.043005    0.000000    0.353731 ^ _1016_/A0 (sky130_fd_sc_hd__mux2_1)
     1    0.002005    0.036506    0.101994    0.455725 ^ _1016_/X (sky130_fd_sc_hd__mux2_1)
                                                         _0172_ (net)
                      0.036506    0.000000    0.455725 ^ _1215_/D (sky130_fd_sc_hd__dfrtp_2)
                                              0.455725   data arrival time

                      0.150000    0.000000    0.000000   clock clk (rise edge)
                                  0.000000    0.000000   clock network delay (ideal)
                                  0.250000    0.250000   clock uncertainty
                                  0.000000    0.250000   clock reconvergence pessimism
                                              0.250000 ^ _1215_/CLK (sky130_fd_sc_hd__dfrtp_2)
                                 -0.018593    0.231407   library hold time
                                              0.231407   data required time
---------------------------------------------------------------------------------------------
                                              0.231407   data required time
                                             -0.455725   data arrival time
---------------------------------------------------------------------------------------------
                                              0.224318   slack (MET)


Startpoint: _1208_ (rising edge-triggered flip-flop clocked by clk)
Endpoint: _1216_ (rising edge-triggered flip-flop clocked by clk)
Path Group: clk
Path Type: min

Fanout         Cap        Slew       Delay        Time   Description
---------------------------------------------------------------------------------------------
                      0.150000    0.000000    0.000000   clock clk (rise edge)
                                  0.000000    0.000000   clock network delay (ideal)
                      0.150000    0.000000    0.000000 ^ _1208_/CLK (sky130_fd_sc_hd__dfrtp_2)
     2    0.003575    0.043005    0.353731    0.353731 ^ _1208_/Q (sky130_fd_sc_hd__dfrtp_2)
                                                         add_stage2.a[4] (net)
                      0.043005    0.000000    0.353731 ^ _1017_/A0 (sky130_fd_sc_hd__mux2_1)
     1    0.002005    0.036506    0.101994    0.455725 ^ _1017_/X (sky130_fd_sc_hd__mux2_1)
                                                         _0173_ (net)
                      0.036506    0.000000    0.455725 ^ _1216_/D (sky130_fd_sc_hd__dfrtp_2)
                                              0.455725   data arrival time

                      0.150000    0.000000    0.000000   clock clk (rise edge)
                                  0.000000    0.000000   clock network delay (ideal)
                                  0.250000    0.250000   clock uncertainty
                                  0.000000    0.250000   clock reconvergence pessimism
                                              0.250000 ^ _1216_/CLK (sky130_fd_sc_hd__dfrtp_2)
                                 -0.018593    0.231407   library hold time
                                              0.231407   data required time
---------------------------------------------------------------------------------------------
                                              0.231407   data required time
                                             -0.455725   data arrival time
---------------------------------------------------------------------------------------------
                                              0.224318   slack (MET)


Startpoint: _1209_ (rising edge-triggered flip-flop clocked by clk)
Endpoint: _1217_ (rising edge-triggered flip-flop clocked by clk)
Path Group: clk
Path Type: min

Fanout         Cap        Slew       Delay        Time   Description
---------------------------------------------------------------------------------------------
                      0.150000    0.000000    0.000000   clock clk (rise edge)
                                  0.000000    0.000000   clock network delay (ideal)
                      0.150000    0.000000    0.000000 ^ _1209_/CLK (sky130_fd_sc_hd__dfrtp_2)
     2    0.003575    0.043005    0.353731    0.353731 ^ _1209_/Q (sky130_fd_sc_hd__dfrtp_2)
                                                         add_stage2.a[5] (net)
                      0.043005    0.000000    0.353731 ^ _1018_/A0 (sky130_fd_sc_hd__mux2_1)
     1    0.002005    0.036506    0.101994    0.455725 ^ _1018_/X (sky130_fd_sc_hd__mux2_1)
                                                         _0174_ (net)
                      0.036506    0.000000    0.455725 ^ _1217_/D (sky130_fd_sc_hd__dfrtp_2)
                                              0.455725   data arrival time

                      0.150000    0.000000    0.000000   clock clk (rise edge)
                                  0.000000    0.000000   clock network delay (ideal)
                                  0.250000    0.250000   clock uncertainty
                                  0.000000    0.250000   clock reconvergence pessimism
                                              0.250000 ^ _1217_/CLK (sky130_fd_sc_hd__dfrtp_2)
                                 -0.018593    0.231407   library hold time
                                              0.231407   data required time
---------------------------------------------------------------------------------------------
                                              0.231407   data required time
                                             -0.455725   data arrival time
---------------------------------------------------------------------------------------------
                                              0.224318   slack (MET)


Startpoint: _1210_ (rising edge-triggered flip-flop clocked by clk)
Endpoint: _1218_ (rising edge-triggered flip-flop clocked by clk)
Path Group: clk
Path Type: min

Fanout         Cap        Slew       Delay        Time   Description
---------------------------------------------------------------------------------------------
                      0.150000    0.000000    0.000000   clock clk (rise edge)
                                  0.000000    0.000000   clock network delay (ideal)
                      0.150000    0.000000    0.000000 ^ _1210_/CLK (sky130_fd_sc_hd__dfrtp_2)
     2    0.003575    0.043005    0.353731    0.353731 ^ _1210_/Q (sky130_fd_sc_hd__dfrtp_2)
                                                         add_stage2.a[6] (net)
                      0.043005    0.000000    0.353731 ^ _1019_/A0 (sky130_fd_sc_hd__mux2_1)
     1    0.002005    0.036506    0.101994    0.455725 ^ _1019_/X (sky130_fd_sc_hd__mux2_1)
                                                         _0175_ (net)
                      0.036506    0.000000    0.455725 ^ _1218_/D (sky130_fd_sc_hd__dfrtp_2)
                                              0.455725   data arrival time

                      0.150000    0.000000    0.000000   clock clk (rise edge)
                                  0.000000    0.000000   clock network delay (ideal)
                                  0.250000    0.250000   clock uncertainty
                                  0.000000    0.250000   clock reconvergence pessimism
                                              0.250000 ^ _1218_/CLK (sky130_fd_sc_hd__dfrtp_2)
                                 -0.018593    0.231407   library hold time
                                              0.231407   data required time
---------------------------------------------------------------------------------------------
                                              0.231407   data required time
                                             -0.455725   data arrival time
---------------------------------------------------------------------------------------------
                                              0.224318   slack (MET)


Startpoint: _1211_ (rising edge-triggered flip-flop clocked by clk)
Endpoint: _1219_ (rising edge-triggered flip-flop clocked by clk)
Path Group: clk
Path Type: min

Fanout         Cap        Slew       Delay        Time   Description
---------------------------------------------------------------------------------------------
                      0.150000    0.000000    0.000000   clock clk (rise edge)
                                  0.000000    0.000000   clock network delay (ideal)
                      0.150000    0.000000    0.000000 ^ _1211_/CLK (sky130_fd_sc_hd__dfrtp_2)
     2    0.003575    0.043005    0.353731    0.353731 ^ _1211_/Q (sky130_fd_sc_hd__dfrtp_2)
                                                         add_stage2.a[7] (net)
                      0.043005    0.000000    0.353731 ^ _1020_/A0 (sky130_fd_sc_hd__mux2_1)
     1    0.002005    0.036506    0.101994    0.455725 ^ _1020_/X (sky130_fd_sc_hd__mux2_1)
                                                         _0176_ (net)
                      0.036506    0.000000    0.455725 ^ _1219_/D (sky130_fd_sc_hd__dfrtp_2)
                                              0.455725   data arrival time

                      0.150000    0.000000    0.000000   clock clk (rise edge)
                                  0.000000    0.000000   clock network delay (ideal)
                                  0.250000    0.250000   clock uncertainty
                                  0.000000    0.250000   clock reconvergence pessimism
                                              0.250000 ^ _1219_/CLK (sky130_fd_sc_hd__dfrtp_2)
                                 -0.018593    0.231407   library hold time
                                              0.231407   data required time
---------------------------------------------------------------------------------------------
                                              0.231407   data required time
                                             -0.455725   data arrival time
---------------------------------------------------------------------------------------------
                                              0.224318   slack (MET)


Startpoint: _1212_ (rising edge-triggered flip-flop clocked by clk)
Endpoint: _1220_ (rising edge-triggered flip-flop clocked by clk)
Path Group: clk
Path Type: min

Fanout         Cap        Slew       Delay        Time   Description
---------------------------------------------------------------------------------------------
                      0.150000    0.000000    0.000000   clock clk (rise edge)
                                  0.000000    0.000000   clock network delay (ideal)
                      0.150000    0.000000    0.000000 ^ _1212_/CLK (sky130_fd_sc_hd__dfrtp_2)
     2    0.003575    0.043005    0.353731    0.353731 ^ _1212_/Q (sky130_fd_sc_hd__dfrtp_2)
                                                         add_stage3.a[0] (net)
                      0.043005    0.000000    0.353731 ^ _1021_/A0 (sky130_fd_sc_hd__mux2_1)
     1    0.002005    0.036506    0.101994    0.455725 ^ _1021_/X (sky130_fd_sc_hd__mux2_1)
                                                         _0177_ (net)
                      0.036506    0.000000    0.455725 ^ _1220_/D (sky130_fd_sc_hd__dfrtp_2)
                                              0.455725   data arrival time

                      0.150000    0.000000    0.000000   clock clk (rise edge)
                                  0.000000    0.000000   clock network delay (ideal)
                                  0.250000    0.250000   clock uncertainty
                                  0.000000    0.250000   clock reconvergence pessimism
                                              0.250000 ^ _1220_/CLK (sky130_fd_sc_hd__dfrtp_2)
                                 -0.018593    0.231407   library hold time
                                              0.231407   data required time
---------------------------------------------------------------------------------------------
                                              0.231407   data required time
                                             -0.455725   data arrival time
---------------------------------------------------------------------------------------------
                                              0.224318   slack (MET)


Startpoint: _1213_ (rising edge-triggered flip-flop clocked by clk)
Endpoint: _1221_ (rising edge-triggered flip-flop clocked by clk)
Path Group: clk
Path Type: min

Fanout         Cap        Slew       Delay        Time   Description
---------------------------------------------------------------------------------------------
                      0.150000    0.000000    0.000000   clock clk (rise edge)
                                  0.000000    0.000000   clock network delay (ideal)
                      0.150000    0.000000    0.000000 ^ _1213_/CLK (sky130_fd_sc_hd__dfrtp_2)
     2    0.003575    0.043005    0.353731    0.353731 ^ _1213_/Q (sky130_fd_sc_hd__dfrtp_2)
                                                         add_stage3.a[1] (net)
                      0.043005    0.000000    0.353731 ^ _1022_/A0 (sky130_fd_sc_hd__mux2_1)
     1    0.002005    0.036506    0.101994    0.455725 ^ _1022_/X (sky130_fd_sc_hd__mux2_1)
                                                         _0178_ (net)
                      0.036506    0.000000    0.455725 ^ _1221_/D (sky130_fd_sc_hd__dfrtp_2)
                                              0.455725   data arrival time

                      0.150000    0.000000    0.000000   clock clk (rise edge)
                                  0.000000    0.000000   clock network delay (ideal)
                                  0.250000    0.250000   clock uncertainty
                                  0.000000    0.250000   clock reconvergence pessimism
                                              0.250000 ^ _1221_/CLK (sky130_fd_sc_hd__dfrtp_2)
                                 -0.018593    0.231407   library hold time
                                              0.231407   data required time
---------------------------------------------------------------------------------------------
                                              0.231407   data required time
                                             -0.455725   data arrival time
---------------------------------------------------------------------------------------------
                                              0.224318   slack (MET)


Startpoint: _1214_ (rising edge-triggered flip-flop clocked by clk)
Endpoint: _1222_ (rising edge-triggered flip-flop clocked by clk)
Path Group: clk
Path Type: min

Fanout         Cap        Slew       Delay        Time   Description
---------------------------------------------------------------------------------------------
                      0.150000    0.000000    0.000000   clock clk (rise edge)
                                  0.000000    0.000000   clock network delay (ideal)
                      0.150000    0.000000    0.000000 ^ _1214_/CLK (sky130_fd_sc_hd__dfrtp_2)
     2    0.003575    0.043005    0.353731    0.353731 ^ _1214_/Q (sky130_fd_sc_hd__dfrtp_2)
                                                         add_stage3.a[2] (net)
                      0.043005    0.000000    0.353731 ^ _1023_/A0 (sky130_fd_sc_hd__mux2_1)
     1    0.002005    0.036506    0.101994    0.455725 ^ _1023_/X (sky130_fd_sc_hd__mux2_1)
                                                         _0179_ (net)
                      0.036506    0.000000    0.455725 ^ _1222_/D (sky130_fd_sc_hd__dfrtp_2)
                                              0.455725   data arrival time

                      0.150000    0.000000    0.000000   clock clk (rise edge)
                                  0.000000    0.000000   clock network delay (ideal)
                                  0.250000    0.250000   clock uncertainty
                                  0.000000    0.250000   clock reconvergence pessimism
                                              0.250000 ^ _1222_/CLK (sky130_fd_sc_hd__dfrtp_2)
                                 -0.018593    0.231407   library hold time
                                              0.231407   data required time
---------------------------------------------------------------------------------------------
                                              0.231407   data required time
                                             -0.455725   data arrival time
---------------------------------------------------------------------------------------------
                                              0.224318   slack (MET)


Startpoint: _1215_ (rising edge-triggered flip-flop clocked by clk)
Endpoint: _1223_ (rising edge-triggered flip-flop clocked by clk)
Path Group: clk
Path Type: min

Fanout         Cap        Slew       Delay        Time   Description
---------------------------------------------------------------------------------------------
                      0.150000    0.000000    0.000000   clock clk (rise edge)
                                  0.000000    0.000000   clock network delay (ideal)
                      0.150000    0.000000    0.000000 ^ _1215_/CLK (sky130_fd_sc_hd__dfrtp_2)
     2    0.003575    0.043005    0.353731    0.353731 ^ _1215_/Q (sky130_fd_sc_hd__dfrtp_2)
                                                         add_stage3.a[3] (net)
                      0.043005    0.000000    0.353731 ^ _1024_/A0 (sky130_fd_sc_hd__mux2_1)
     1    0.002005    0.036506    0.101994    0.455725 ^ _1024_/X (sky130_fd_sc_hd__mux2_1)
                                                         _0180_ (net)
                      0.036506    0.000000    0.455725 ^ _1223_/D (sky130_fd_sc_hd__dfrtp_2)
                                              0.455725   data arrival time

                      0.150000    0.000000    0.000000   clock clk (rise edge)
                                  0.000000    0.000000   clock network delay (ideal)
                                  0.250000    0.250000   clock uncertainty
                                  0.000000    0.250000   clock reconvergence pessimism
                                              0.250000 ^ _1223_/CLK (sky130_fd_sc_hd__dfrtp_2)
                                 -0.018593    0.231407   library hold time
                                              0.231407   data required time
---------------------------------------------------------------------------------------------
                                              0.231407   data required time
                                             -0.455725   data arrival time
---------------------------------------------------------------------------------------------
                                              0.224318   slack (MET)


Startpoint: _1216_ (rising edge-triggered flip-flop clocked by clk)
Endpoint: _1224_ (rising edge-triggered flip-flop clocked by clk)
Path Group: clk
Path Type: min

Fanout         Cap        Slew       Delay        Time   Description
---------------------------------------------------------------------------------------------
                      0.150000    0.000000    0.000000   clock clk (rise edge)
                                  0.000000    0.000000   clock network delay (ideal)
                      0.150000    0.000000    0.000000 ^ _1216_/CLK (sky130_fd_sc_hd__dfrtp_2)
     2    0.003575    0.043005    0.353731    0.353731 ^ _1216_/Q (sky130_fd_sc_hd__dfrtp_2)
                                                         add_stage3.a[4] (net)
                      0.043005    0.000000    0.353731 ^ _1025_/A0 (sky130_fd_sc_hd__mux2_1)
     1    0.002005    0.036506    0.101994    0.455725 ^ _1025_/X (sky130_fd_sc_hd__mux2_1)
                                                         _0181_ (net)
                      0.036506    0.000000    0.455725 ^ _1224_/D (sky130_fd_sc_hd__dfrtp_2)
                                              0.455725   data arrival time

                      0.150000    0.000000    0.000000   clock clk (rise edge)
                                  0.000000    0.000000   clock network delay (ideal)
                                  0.250000    0.250000   clock uncertainty
                                  0.000000    0.250000   clock reconvergence pessimism
                                              0.250000 ^ _1224_/CLK (sky130_fd_sc_hd__dfrtp_2)
                                 -0.018593    0.231407   library hold time
                                              0.231407   data required time
---------------------------------------------------------------------------------------------
                                              0.231407   data required time
                                             -0.455725   data arrival time
---------------------------------------------------------------------------------------------
                                              0.224318   slack (MET)


Startpoint: _1217_ (rising edge-triggered flip-flop clocked by clk)
Endpoint: _1225_ (rising edge-triggered flip-flop clocked by clk)
Path Group: clk
Path Type: min

Fanout         Cap        Slew       Delay        Time   Description
---------------------------------------------------------------------------------------------
                      0.150000    0.000000    0.000000   clock clk (rise edge)
                                  0.000000    0.000000   clock network delay (ideal)
                      0.150000    0.000000    0.000000 ^ _1217_/CLK (sky130_fd_sc_hd__dfrtp_2)
     2    0.003575    0.043005    0.353731    0.353731 ^ _1217_/Q (sky130_fd_sc_hd__dfrtp_2)
                                                         add_stage3.a[5] (net)
                      0.043005    0.000000    0.353731 ^ _1026_/A0 (sky130_fd_sc_hd__mux2_1)
     1    0.002005    0.036506    0.101994    0.455725 ^ _1026_/X (sky130_fd_sc_hd__mux2_1)
                                                         _0182_ (net)
                      0.036506    0.000000    0.455725 ^ _1225_/D (sky130_fd_sc_hd__dfrtp_2)
                                              0.455725   data arrival time

                      0.150000    0.000000    0.000000   clock clk (rise edge)
                                  0.000000    0.000000   clock network delay (ideal)
                                  0.250000    0.250000   clock uncertainty
                                  0.000000    0.250000   clock reconvergence pessimism
                                              0.250000 ^ _1225_/CLK (sky130_fd_sc_hd__dfrtp_2)
                                 -0.018593    0.231407   library hold time
                                              0.231407   data required time
---------------------------------------------------------------------------------------------
                                              0.231407   data required time
                                             -0.455725   data arrival time
---------------------------------------------------------------------------------------------
                                              0.224318   slack (MET)


Startpoint: _1218_ (rising edge-triggered flip-flop clocked by clk)
Endpoint: _1226_ (rising edge-triggered flip-flop clocked by clk)
Path Group: clk
Path Type: min

Fanout         Cap        Slew       Delay        Time   Description
---------------------------------------------------------------------------------------------
                      0.150000    0.000000    0.000000   clock clk (rise edge)
                                  0.000000    0.000000   clock network delay (ideal)
                      0.150000    0.000000    0.000000 ^ _1218_/CLK (sky130_fd_sc_hd__dfrtp_2)
     2    0.003575    0.043005    0.353731    0.353731 ^ _1218_/Q (sky130_fd_sc_hd__dfrtp_2)
                                                         add_stage3.a[6] (net)
                      0.043005    0.000000    0.353731 ^ _1027_/A0 (sky130_fd_sc_hd__mux2_1)
     1    0.002005    0.036506    0.101994    0.455725 ^ _1027_/X (sky130_fd_sc_hd__mux2_1)
                                                         _0183_ (net)
                      0.036506    0.000000    0.455725 ^ _1226_/D (sky130_fd_sc_hd__dfrtp_2)
                                              0.455725   data arrival time

                      0.150000    0.000000    0.000000   clock clk (rise edge)
                                  0.000000    0.000000   clock network delay (ideal)
                                  0.250000    0.250000   clock uncertainty
                                  0.000000    0.250000   clock reconvergence pessimism
                                              0.250000 ^ _1226_/CLK (sky130_fd_sc_hd__dfrtp_2)
                                 -0.018593    0.231407   library hold time
                                              0.231407   data required time
---------------------------------------------------------------------------------------------
                                              0.231407   data required time
                                             -0.455725   data arrival time
---------------------------------------------------------------------------------------------
                                              0.224318   slack (MET)


Startpoint: _1219_ (rising edge-triggered flip-flop clocked by clk)
Endpoint: _1227_ (rising edge-triggered flip-flop clocked by clk)
Path Group: clk
Path Type: min

Fanout         Cap        Slew       Delay        Time   Description
---------------------------------------------------------------------------------------------
                      0.150000    0.000000    0.000000   clock clk (rise edge)
                                  0.000000    0.000000   clock network delay (ideal)
                      0.150000    0.000000    0.000000 ^ _1219_/CLK (sky130_fd_sc_hd__dfrtp_2)
     2    0.003575    0.043005    0.353731    0.353731 ^ _1219_/Q (sky130_fd_sc_hd__dfrtp_2)
                                                         add_stage3.a[7] (net)
                      0.043005    0.000000    0.353731 ^ _1028_/A0 (sky130_fd_sc_hd__mux2_1)
     1    0.002005    0.036506    0.101994    0.455725 ^ _1028_/X (sky130_fd_sc_hd__mux2_1)
                                                         _0184_ (net)
                      0.036506    0.000000    0.455725 ^ _1227_/D (sky130_fd_sc_hd__dfrtp_2)
                                              0.455725   data arrival time

                      0.150000    0.000000    0.000000   clock clk (rise edge)
                                  0.000000    0.000000   clock network delay (ideal)
                                  0.250000    0.250000   clock uncertainty
                                  0.000000    0.250000   clock reconvergence pessimism
                                              0.250000 ^ _1227_/CLK (sky130_fd_sc_hd__dfrtp_2)
                                 -0.018593    0.231407   library hold time
                                              0.231407   data required time
---------------------------------------------------------------------------------------------
                                              0.231407   data required time
                                             -0.455725   data arrival time
---------------------------------------------------------------------------------------------
                                              0.224318   slack (MET)


Startpoint: _1050_ (rising edge-triggered flip-flop clocked by clk)
Endpoint: _1050_ (rising edge-triggered flip-flop clocked by clk)
Path Group: clk
Path Type: min

Fanout         Cap        Slew       Delay        Time   Description
---------------------------------------------------------------------------------------------
                      0.150000    0.000000    0.000000   clock clk (rise edge)
                                  0.000000    0.000000   clock network delay (ideal)
                      0.150000    0.000000    0.000000 ^ _1050_/CLK (sky130_fd_sc_hd__dfrtp_2)
     2    0.003575    0.043005    0.353731    0.353731 ^ _1050_/Q (sky130_fd_sc_hd__dfrtp_2)
                                                         window0[6] (net)
                      0.043005    0.000000    0.353731 ^ _0549_/A0 (sky130_fd_sc_hd__mux2_1)
     1    0.002005    0.036913    0.101994    0.455725 ^ _0549_/X (sky130_fd_sc_hd__mux2_1)
                                                         _0007_ (net)
                      0.036913    0.000000    0.455725 ^ _1050_/D (sky130_fd_sc_hd__dfrtp_2)
                                              0.455725   data arrival time

                      0.150000    0.000000    0.000000   clock clk (rise edge)
                                  0.000000    0.000000   clock network delay (ideal)
                                  0.250000    0.250000   clock uncertainty
                                  0.000000    0.250000   clock reconvergence pessimism
                                              0.250000 ^ _1050_/CLK (sky130_fd_sc_hd__dfrtp_2)
                                 -0.018676    0.231324   library hold time
                                              0.231324   data required time
---------------------------------------------------------------------------------------------
                                              0.231324   data required time
                                             -0.455725   data arrival time
---------------------------------------------------------------------------------------------
                                              0.224401   slack (MET)


Startpoint: _1051_ (rising edge-triggered flip-flop clocked by clk)
Endpoint: _1051_ (rising edge-triggered flip-flop clocked by clk)
Path Group: clk
Path Type: min

Fanout         Cap        Slew       Delay        Time   Description
---------------------------------------------------------------------------------------------
                      0.150000    0.000000    0.000000   clock clk (rise edge)
                                  0.000000    0.000000   clock network delay (ideal)
                      0.150000    0.000000    0.000000 ^ _1051_/CLK (sky130_fd_sc_hd__dfrtp_2)
     2    0.003575    0.043005    0.353731    0.353731 ^ _1051_/Q (sky130_fd_sc_hd__dfrtp_2)
                                                         window0[7] (net)
                      0.043005    0.000000    0.353731 ^ _0550_/A0 (sky130_fd_sc_hd__mux2_1)
     1    0.002005    0.036913    0.101994    0.455725 ^ _0550_/X (sky130_fd_sc_hd__mux2_1)
                                                         _0008_ (net)
                      0.036913    0.000000    0.455725 ^ _1051_/D (sky130_fd_sc_hd__dfrtp_2)
                                              0.455725   data arrival time

                      0.150000    0.000000    0.000000   clock clk (rise edge)
                                  0.000000    0.000000   clock network delay (ideal)
                                  0.250000    0.250000   clock uncertainty
                                  0.000000    0.250000   clock reconvergence pessimism
                                              0.250000 ^ _1051_/CLK (sky130_fd_sc_hd__dfrtp_2)
                                 -0.018676    0.231324   library hold time
                                              0.231324   data required time
---------------------------------------------------------------------------------------------
                                              0.231324   data required time
                                             -0.455725   data arrival time
---------------------------------------------------------------------------------------------
                                              0.224401   slack (MET)


Startpoint: _1246_ (rising edge-triggered flip-flop clocked by clk)
Endpoint: _1246_ (rising edge-triggered flip-flop clocked by clk)
Path Group: clk
Path Type: min

Fanout         Cap        Slew       Delay        Time   Description
---------------------------------------------------------------------------------------------
                      0.150000    0.000000    0.000000   clock clk (rise edge)
                                  0.000000    0.000000   clock network delay (ideal)
                      0.150000    0.000000    0.000000 ^ _1246_/CLK (sky130_fd_sc_hd__dfrtp_2)
     2    0.003575    0.043005    0.353731    0.353731 ^ _1246_/Q (sky130_fd_sc_hd__dfrtp_2)
                                                         window0[0] (net)
                      0.043005    0.000000    0.353731 ^ _1044_/A0 (sky130_fd_sc_hd__mux2_1)
     1    0.002005    0.036913    0.101994    0.455725 ^ _1044_/X (sky130_fd_sc_hd__mux2_1)
                                                         _0196_ (net)
                      0.036913    0.000000    0.455725 ^ _1246_/D (sky130_fd_sc_hd__dfrtp_2)
                                              0.455725   data arrival time

                      0.150000    0.000000    0.000000   clock clk (rise edge)
                                  0.000000    0.000000   clock network delay (ideal)
                                  0.250000    0.250000   clock uncertainty
                                  0.000000    0.250000   clock reconvergence pessimism
                                              0.250000 ^ _1246_/CLK (sky130_fd_sc_hd__dfrtp_2)
                                 -0.018676    0.231324   library hold time
                                              0.231324   data required time
---------------------------------------------------------------------------------------------
                                              0.231324   data required time
                                             -0.455725   data arrival time
---------------------------------------------------------------------------------------------
                                              0.224401   slack (MET)


Startpoint: _1247_ (rising edge-triggered flip-flop clocked by clk)
Endpoint: _1247_ (rising edge-triggered flip-flop clocked by clk)
Path Group: clk
Path Type: min

Fanout         Cap        Slew       Delay        Time   Description
---------------------------------------------------------------------------------------------
                      0.150000    0.000000    0.000000   clock clk (rise edge)
                                  0.000000    0.000000   clock network delay (ideal)
                      0.150000    0.000000    0.000000 ^ _1247_/CLK (sky130_fd_sc_hd__dfrtp_2)
     2    0.003575    0.043005    0.353731    0.353731 ^ _1247_/Q (sky130_fd_sc_hd__dfrtp_2)
                                                         window0[1] (net)
                      0.043005    0.000000    0.353731 ^ _1045_/A0 (sky130_fd_sc_hd__mux2_1)
     1    0.002005    0.036913    0.101994    0.455725 ^ _1045_/X (sky130_fd_sc_hd__mux2_1)
                                                         _0197_ (net)
                      0.036913    0.000000    0.455725 ^ _1247_/D (sky130_fd_sc_hd__dfrtp_2)
                                              0.455725   data arrival time

                      0.150000    0.000000    0.000000   clock clk (rise edge)
                                  0.000000    0.000000   clock network delay (ideal)
                                  0.250000    0.250000   clock uncertainty
                                  0.000000    0.250000   clock reconvergence pessimism
                                              0.250000 ^ _1247_/CLK (sky130_fd_sc_hd__dfrtp_2)
                                 -0.018676    0.231324   library hold time
                                              0.231324   data required time
---------------------------------------------------------------------------------------------
                                              0.231324   data required time
                                             -0.455725   data arrival time
---------------------------------------------------------------------------------------------
                                              0.224401   slack (MET)


Startpoint: _1248_ (rising edge-triggered flip-flop clocked by clk)
Endpoint: _1248_ (rising edge-triggered flip-flop clocked by clk)
Path Group: clk
Path Type: min

Fanout         Cap        Slew       Delay        Time   Description
---------------------------------------------------------------------------------------------
                      0.150000    0.000000    0.000000   clock clk (rise edge)
                                  0.000000    0.000000   clock network delay (ideal)
                      0.150000    0.000000    0.000000 ^ _1248_/CLK (sky130_fd_sc_hd__dfrtp_2)
     2    0.003575    0.043005    0.353731    0.353731 ^ _1248_/Q (sky130_fd_sc_hd__dfrtp_2)
                                                         window0[2] (net)
                      0.043005    0.000000    0.353731 ^ _1046_/A0 (sky130_fd_sc_hd__mux2_1)
     1    0.002005    0.036913    0.101994    0.455725 ^ _1046_/X (sky130_fd_sc_hd__mux2_1)
                                                         _0198_ (net)
                      0.036913    0.000000    0.455725 ^ _1248_/D (sky130_fd_sc_hd__dfrtp_2)
                                              0.455725   data arrival time

                      0.150000    0.000000    0.000000   clock clk (rise edge)
                                  0.000000    0.000000   clock network delay (ideal)
                                  0.250000    0.250000   clock uncertainty
                                  0.000000    0.250000   clock reconvergence pessimism
                                              0.250000 ^ _1248_/CLK (sky130_fd_sc_hd__dfrtp_2)
                                 -0.018676    0.231324   library hold time
                                              0.231324   data required time
---------------------------------------------------------------------------------------------
                                              0.231324   data required time
                                             -0.455725   data arrival time
---------------------------------------------------------------------------------------------
                                              0.224401   slack (MET)


Startpoint: _1249_ (rising edge-triggered flip-flop clocked by clk)
Endpoint: _1249_ (rising edge-triggered flip-flop clocked by clk)
Path Group: clk
Path Type: min

Fanout         Cap        Slew       Delay        Time   Description
---------------------------------------------------------------------------------------------
                      0.150000    0.000000    0.000000   clock clk (rise edge)
                                  0.000000    0.000000   clock network delay (ideal)
                      0.150000    0.000000    0.000000 ^ _1249_/CLK (sky130_fd_sc_hd__dfrtp_2)
     2    0.003575    0.043005    0.353731    0.353731 ^ _1249_/Q (sky130_fd_sc_hd__dfrtp_2)
                                                         window0[3] (net)
                      0.043005    0.000000    0.353731 ^ _1047_/A0 (sky130_fd_sc_hd__mux2_1)
     1    0.002005    0.036913    0.101994    0.455725 ^ _1047_/X (sky130_fd_sc_hd__mux2_1)
                                                         _0199_ (net)
                      0.036913    0.000000    0.455725 ^ _1249_/D (sky130_fd_sc_hd__dfrtp_2)
                                              0.455725   data arrival time

                      0.150000    0.000000    0.000000   clock clk (rise edge)
                                  0.000000    0.000000   clock network delay (ideal)
                                  0.250000    0.250000   clock uncertainty
                                  0.000000    0.250000   clock reconvergence pessimism
                                              0.250000 ^ _1249_/CLK (sky130_fd_sc_hd__dfrtp_2)
                                 -0.018676    0.231324   library hold time
                                              0.231324   data required time
---------------------------------------------------------------------------------------------
                                              0.231324   data required time
                                             -0.455725   data arrival time
---------------------------------------------------------------------------------------------
                                              0.224401   slack (MET)


Startpoint: _1250_ (rising edge-triggered flip-flop clocked by clk)
Endpoint: _1250_ (rising edge-triggered flip-flop clocked by clk)
Path Group: clk
Path Type: min

Fanout         Cap        Slew       Delay        Time   Description
---------------------------------------------------------------------------------------------
                      0.150000    0.000000    0.000000   clock clk (rise edge)
                                  0.000000    0.000000   clock network delay (ideal)
                      0.150000    0.000000    0.000000 ^ _1250_/CLK (sky130_fd_sc_hd__dfrtp_2)
     2    0.003575    0.043005    0.353731    0.353731 ^ _1250_/Q (sky130_fd_sc_hd__dfrtp_2)
                                                         window0[4] (net)
                      0.043005    0.000000    0.353731 ^ _1048_/A0 (sky130_fd_sc_hd__mux2_1)
     1    0.002005    0.036913    0.101994    0.455725 ^ _1048_/X (sky130_fd_sc_hd__mux2_1)
                                                         _0200_ (net)
                      0.036913    0.000000    0.455725 ^ _1250_/D (sky130_fd_sc_hd__dfrtp_2)
                                              0.455725   data arrival time

                      0.150000    0.000000    0.000000   clock clk (rise edge)
                                  0.000000    0.000000   clock network delay (ideal)
                                  0.250000    0.250000   clock uncertainty
                                  0.000000    0.250000   clock reconvergence pessimism
                                              0.250000 ^ _1250_/CLK (sky130_fd_sc_hd__dfrtp_2)
                                 -0.018676    0.231324   library hold time
                                              0.231324   data required time
---------------------------------------------------------------------------------------------
                                              0.231324   data required time
                                             -0.455725   data arrival time
---------------------------------------------------------------------------------------------
                                              0.224401   slack (MET)


Startpoint: _1251_ (rising edge-triggered flip-flop clocked by clk)
Endpoint: _1251_ (rising edge-triggered flip-flop clocked by clk)
Path Group: clk
Path Type: min

Fanout         Cap        Slew       Delay        Time   Description
---------------------------------------------------------------------------------------------
                      0.150000    0.000000    0.000000   clock clk (rise edge)
                                  0.000000    0.000000   clock network delay (ideal)
                      0.150000    0.000000    0.000000 ^ _1251_/CLK (sky130_fd_sc_hd__dfrtp_2)
     2    0.003575    0.043005    0.353731    0.353731 ^ _1251_/Q (sky130_fd_sc_hd__dfrtp_2)
                                                         window0[5] (net)
                      0.043005    0.000000    0.353731 ^ _1049_/A0 (sky130_fd_sc_hd__mux2_1)
     1    0.002005    0.036913    0.101994    0.455725 ^ _1049_/X (sky130_fd_sc_hd__mux2_1)
                                                         _0201_ (net)
                      0.036913    0.000000    0.455725 ^ _1251_/D (sky130_fd_sc_hd__dfrtp_2)
                                              0.455725   data arrival time

                      0.150000    0.000000    0.000000   clock clk (rise edge)
                                  0.000000    0.000000   clock network delay (ideal)
                                  0.250000    0.250000   clock uncertainty
                                  0.000000    0.250000   clock reconvergence pessimism
                                              0.250000 ^ _1251_/CLK (sky130_fd_sc_hd__dfrtp_2)
                                 -0.018676    0.231324   library hold time
                                              0.231324   data required time
---------------------------------------------------------------------------------------------
                                              0.231324   data required time
                                             -0.455725   data arrival time
---------------------------------------------------------------------------------------------
                                              0.224401   slack (MET)


Startpoint: _1090_ (rising edge-triggered flip-flop clocked by clk)
Endpoint: _1090_ (rising edge-triggered flip-flop clocked by clk)
Path Group: clk
Path Type: min

Fanout         Cap        Slew       Delay        Time   Description
---------------------------------------------------------------------------------------------
                      0.150000    0.000000    0.000000   clock clk (rise edge)
                                  0.000000    0.000000   clock network delay (ideal)
                      0.150000    0.000000    0.000000 ^ _1090_/CLK (sky130_fd_sc_hd__dfrtp_2)
     2    0.003530    0.042788    0.353480    0.353480 ^ _1090_/Q (sky130_fd_sc_hd__dfrtp_2)
                                                         coeff4[6] (net)
                      0.042788    0.000000    0.353480 ^ _0597_/A1 (sky130_fd_sc_hd__mux2_1)
     1    0.002005    0.036523    0.104594    0.458074 ^ _0597_/X (sky130_fd_sc_hd__mux2_1)
                                                         _0047_ (net)
                      0.036523    0.000000    0.458074 ^ _1090_/D (sky130_fd_sc_hd__dfrtp_2)
                                              0.458074   data arrival time

                      0.150000    0.000000    0.000000   clock clk (rise edge)
                                  0.000000    0.000000   clock network delay (ideal)
                                  0.250000    0.250000   clock uncertainty
                                  0.000000    0.250000   clock reconvergence pessimism
                                              0.250000 ^ _1090_/CLK (sky130_fd_sc_hd__dfrtp_2)
                                 -0.018596    0.231404   library hold time
                                              0.231404   data required time
---------------------------------------------------------------------------------------------
                                              0.231404   data required time
                                             -0.458074   data arrival time
---------------------------------------------------------------------------------------------
                                              0.226670   slack (MET)


Startpoint: _1103_ (rising edge-triggered flip-flop clocked by clk)
Endpoint: _1103_ (rising edge-triggered flip-flop clocked by clk)
Path Group: clk
Path Type: min

Fanout         Cap        Slew       Delay        Time   Description
---------------------------------------------------------------------------------------------
                      0.150000    0.000000    0.000000   clock clk (rise edge)
                                  0.000000    0.000000   clock network delay (ideal)
                      0.150000    0.000000    0.000000 ^ _1103_/CLK (sky130_fd_sc_hd__dfrtp_2)
     2    0.003558    0.042923    0.353636    0.353636 ^ _1103_/Q (sky130_fd_sc_hd__dfrtp_2)
                                                         coeff6[3] (net)
                      0.042923    0.000000    0.353636 ^ _0612_/A1 (sky130_fd_sc_hd__mux2_1)
     1    0.002005    0.036525    0.104638    0.458274 ^ _0612_/X (sky130_fd_sc_hd__mux2_1)
                                                         _0060_ (net)
                      0.036525    0.000000    0.458274 ^ _1103_/D (sky130_fd_sc_hd__dfrtp_2)
                                              0.458274   data arrival time

                      0.150000    0.000000    0.000000   clock clk (rise edge)
                                  0.000000    0.000000   clock network delay (ideal)
                                  0.250000    0.250000   clock uncertainty
                                  0.000000    0.250000   clock reconvergence pessimism
                                              0.250000 ^ _1103_/CLK (sky130_fd_sc_hd__dfrtp_2)
                                 -0.018597    0.231403   library hold time
                                              0.231403   data required time
---------------------------------------------------------------------------------------------
                                              0.231403   data required time
                                             -0.458274   data arrival time
---------------------------------------------------------------------------------------------
                                              0.226871   slack (MET)


Startpoint: _1104_ (rising edge-triggered flip-flop clocked by clk)
Endpoint: _1104_ (rising edge-triggered flip-flop clocked by clk)
Path Group: clk
Path Type: min

Fanout         Cap        Slew       Delay        Time   Description
---------------------------------------------------------------------------------------------
                      0.150000    0.000000    0.000000   clock clk (rise edge)
                                  0.000000    0.000000   clock network delay (ideal)
                      0.150000    0.000000    0.000000 ^ _1104_/CLK (sky130_fd_sc_hd__dfrtp_2)
     2    0.003558    0.042923    0.353636    0.353636 ^ _1104_/Q (sky130_fd_sc_hd__dfrtp_2)
                                                         coeff6[4] (net)
                      0.042923    0.000000    0.353636 ^ _0613_/A1 (sky130_fd_sc_hd__mux2_1)
     1    0.002005    0.036525    0.104638    0.458274 ^ _0613_/X (sky130_fd_sc_hd__mux2_1)
                                                         _0061_ (net)
                      0.036525    0.000000    0.458274 ^ _1104_/D (sky130_fd_sc_hd__dfrtp_2)
                                              0.458274   data arrival time

                      0.150000    0.000000    0.000000   clock clk (rise edge)
                                  0.000000    0.000000   clock network delay (ideal)
                                  0.250000    0.250000   clock uncertainty
                                  0.000000    0.250000   clock reconvergence pessimism
                                              0.250000 ^ _1104_/CLK (sky130_fd_sc_hd__dfrtp_2)
                                 -0.018597    0.231403   library hold time
                                              0.231403   data required time
---------------------------------------------------------------------------------------------
                                              0.231403   data required time
                                             -0.458274   data arrival time
---------------------------------------------------------------------------------------------
                                              0.226871   slack (MET)


Startpoint: _1105_ (rising edge-triggered flip-flop clocked by clk)
Endpoint: _1105_ (rising edge-triggered flip-flop clocked by clk)
Path Group: clk
Path Type: min

Fanout         Cap        Slew       Delay        Time   Description
---------------------------------------------------------------------------------------------
                      0.150000    0.000000    0.000000   clock clk (rise edge)
                                  0.000000    0.000000   clock network delay (ideal)
                      0.150000    0.000000    0.000000 ^ _1105_/CLK (sky130_fd_sc_hd__dfrtp_2)
     2    0.003558    0.042923    0.353636    0.353636 ^ _1105_/Q (sky130_fd_sc_hd__dfrtp_2)
                                                         coeff6[5] (net)
                      0.042923    0.000000    0.353636 ^ _0614_/A1 (sky130_fd_sc_hd__mux2_1)
     1    0.002005    0.036525    0.104638    0.458274 ^ _0614_/X (sky130_fd_sc_hd__mux2_1)
                                                         _0062_ (net)
                      0.036525    0.000000    0.458274 ^ _1105_/D (sky130_fd_sc_hd__dfrtp_2)
                                              0.458274   data arrival time

                      0.150000    0.000000    0.000000   clock clk (rise edge)
                                  0.000000    0.000000   clock network delay (ideal)
                                  0.250000    0.250000   clock uncertainty
                                  0.000000    0.250000   clock reconvergence pessimism
                                              0.250000 ^ _1105_/CLK (sky130_fd_sc_hd__dfrtp_2)
                                 -0.018597    0.231403   library hold time
                                              0.231403   data required time
---------------------------------------------------------------------------------------------
                                              0.231403   data required time
                                             -0.458274   data arrival time
---------------------------------------------------------------------------------------------
                                              0.226871   slack (MET)


Startpoint: _1106_ (rising edge-triggered flip-flop clocked by clk)
Endpoint: _1106_ (rising edge-triggered flip-flop clocked by clk)
Path Group: clk
Path Type: min

Fanout         Cap        Slew       Delay        Time   Description
---------------------------------------------------------------------------------------------
                      0.150000    0.000000    0.000000   clock clk (rise edge)
                                  0.000000    0.000000   clock network delay (ideal)
                      0.150000    0.000000    0.000000 ^ _1106_/CLK (sky130_fd_sc_hd__dfrtp_2)
     2    0.003558    0.042923    0.353636    0.353636 ^ _1106_/Q (sky130_fd_sc_hd__dfrtp_2)
                                                         coeff6[6] (net)
                      0.042923    0.000000    0.353636 ^ _0615_/A1 (sky130_fd_sc_hd__mux2_1)
     1    0.002005    0.036525    0.104638    0.458274 ^ _0615_/X (sky130_fd_sc_hd__mux2_1)
                                                         _0063_ (net)
                      0.036525    0.000000    0.458274 ^ _1106_/D (sky130_fd_sc_hd__dfrtp_2)
                                              0.458274   data arrival time

                      0.150000    0.000000    0.000000   clock clk (rise edge)
                                  0.000000    0.000000   clock network delay (ideal)
                                  0.250000    0.250000   clock uncertainty
                                  0.000000    0.250000   clock reconvergence pessimism
                                              0.250000 ^ _1106_/CLK (sky130_fd_sc_hd__dfrtp_2)
                                 -0.018597    0.231403   library hold time
                                              0.231403   data required time
---------------------------------------------------------------------------------------------
                                              0.231403   data required time
                                             -0.458274   data arrival time
---------------------------------------------------------------------------------------------
                                              0.226871   slack (MET)


Startpoint: _1196_ (rising edge-triggered flip-flop clocked by clk)
Endpoint: _1196_ (rising edge-triggered flip-flop clocked by clk)
Path Group: clk
Path Type: min

Fanout         Cap        Slew       Delay        Time   Description
---------------------------------------------------------------------------------------------
                      0.150000    0.000000    0.000000   clock clk (rise edge)
                                  0.000000    0.000000   clock network delay (ideal)
                      0.150000    0.000000    0.000000 ^ _1196_/CLK (sky130_fd_sc_hd__dfrtp_2)
     2    0.003575    0.043005    0.353731    0.353731 ^ _1196_/Q (sky130_fd_sc_hd__dfrtp_2)
                                                         add_stage1.a[0] (net)
                      0.043005    0.000000    0.353731 ^ _0964_/A1 (sky130_fd_sc_hd__mux2_1)
     1    0.002005    0.036503    0.104665    0.458396 ^ _0964_/X (sky130_fd_sc_hd__mux2_1)
                                                         _0153_ (net)
                      0.036503    0.000000    0.458396 ^ _1196_/D (sky130_fd_sc_hd__dfrtp_2)
                                              0.458396   data arrival time

                      0.150000    0.000000    0.000000   clock clk (rise edge)
                                  0.000000    0.000000   clock network delay (ideal)
                                  0.250000    0.250000   clock uncertainty
                                  0.000000    0.250000   clock reconvergence pessimism
                                              0.250000 ^ _1196_/CLK (sky130_fd_sc_hd__dfrtp_2)
                                 -0.018592    0.231408   library hold time
                                              0.231408   data required time
---------------------------------------------------------------------------------------------
                                              0.231408   data required time
                                             -0.458396   data arrival time
---------------------------------------------------------------------------------------------
                                              0.226988   slack (MET)


Startpoint: _1198_ (rising edge-triggered flip-flop clocked by clk)
Endpoint: _1198_ (rising edge-triggered flip-flop clocked by clk)
Path Group: clk
Path Type: min

Fanout         Cap        Slew       Delay        Time   Description
---------------------------------------------------------------------------------------------
                      0.150000    0.000000    0.000000   clock clk (rise edge)
                                  0.000000    0.000000   clock network delay (ideal)
                      0.150000    0.000000    0.000000 ^ _1198_/CLK (sky130_fd_sc_hd__dfrtp_2)
     2    0.003575    0.043005    0.353731    0.353731 ^ _1198_/Q (sky130_fd_sc_hd__dfrtp_2)
                                                         add_stage1.a[2] (net)
                      0.043005    0.000000    0.353731 ^ _0977_/A1 (sky130_fd_sc_hd__mux2_1)
     1    0.002005    0.036503    0.104665    0.458396 ^ _0977_/X (sky130_fd_sc_hd__mux2_1)
                                                         _0155_ (net)
                      0.036503    0.000000    0.458396 ^ _1198_/D (sky130_fd_sc_hd__dfrtp_2)
                                              0.458396   data arrival time

                      0.150000    0.000000    0.000000   clock clk (rise edge)
                                  0.000000    0.000000   clock network delay (ideal)
                                  0.250000    0.250000   clock uncertainty
                                  0.000000    0.250000   clock reconvergence pessimism
                                              0.250000 ^ _1198_/CLK (sky130_fd_sc_hd__dfrtp_2)
                                 -0.018592    0.231408   library hold time
                                              0.231408   data required time
---------------------------------------------------------------------------------------------
                                              0.231408   data required time
                                             -0.458396   data arrival time
---------------------------------------------------------------------------------------------
                                              0.226988   slack (MET)


Startpoint: _1200_ (rising edge-triggered flip-flop clocked by clk)
Endpoint: _1200_ (rising edge-triggered flip-flop clocked by clk)
Path Group: clk
Path Type: min

Fanout         Cap        Slew       Delay        Time   Description
---------------------------------------------------------------------------------------------
                      0.150000    0.000000    0.000000   clock clk (rise edge)
                                  0.000000    0.000000   clock network delay (ideal)
                      0.150000    0.000000    0.000000 ^ _1200_/CLK (sky130_fd_sc_hd__dfrtp_2)
     2    0.003575    0.043005    0.353731    0.353731 ^ _1200_/Q (sky130_fd_sc_hd__dfrtp_2)
                                                         add_stage1.a[4] (net)
                      0.043005    0.000000    0.353731 ^ _0988_/A1 (sky130_fd_sc_hd__mux2_1)
     1    0.002005    0.036503    0.104665    0.458396 ^ _0988_/X (sky130_fd_sc_hd__mux2_1)
                                                         _0157_ (net)
                      0.036503    0.000000    0.458396 ^ _1200_/D (sky130_fd_sc_hd__dfrtp_2)
                                              0.458396   data arrival time

                      0.150000    0.000000    0.000000   clock clk (rise edge)
                                  0.000000    0.000000   clock network delay (ideal)
                                  0.250000    0.250000   clock uncertainty
                                  0.000000    0.250000   clock reconvergence pessimism
                                              0.250000 ^ _1200_/CLK (sky130_fd_sc_hd__dfrtp_2)
                                 -0.018592    0.231408   library hold time
                                              0.231408   data required time
---------------------------------------------------------------------------------------------
                                              0.231408   data required time
                                             -0.458396   data arrival time
---------------------------------------------------------------------------------------------
                                              0.226988   slack (MET)


Startpoint: _1201_ (rising edge-triggered flip-flop clocked by clk)
Endpoint: _1201_ (rising edge-triggered flip-flop clocked by clk)
Path Group: clk
Path Type: min

Fanout         Cap        Slew       Delay        Time   Description
---------------------------------------------------------------------------------------------
                      0.150000    0.000000    0.000000   clock clk (rise edge)
                                  0.000000    0.000000   clock network delay (ideal)
                      0.150000    0.000000    0.000000 ^ _1201_/CLK (sky130_fd_sc_hd__dfrtp_2)
     2    0.003575    0.043005    0.353731    0.353731 ^ _1201_/Q (sky130_fd_sc_hd__dfrtp_2)
                                                         add_stage1.a[5] (net)
                      0.043005    0.000000    0.353731 ^ _0994_/A1 (sky130_fd_sc_hd__mux2_1)
     1    0.002005    0.036503    0.104665    0.458396 ^ _0994_/X (sky130_fd_sc_hd__mux2_1)
                                                         _0158_ (net)
                      0.036503    0.000000    0.458396 ^ _1201_/D (sky130_fd_sc_hd__dfrtp_2)
                                              0.458396   data arrival time

                      0.150000    0.000000    0.000000   clock clk (rise edge)
                                  0.000000    0.000000   clock network delay (ideal)
                                  0.250000    0.250000   clock uncertainty
                                  0.000000    0.250000   clock reconvergence pessimism
                                              0.250000 ^ _1201_/CLK (sky130_fd_sc_hd__dfrtp_2)
                                 -0.018592    0.231408   library hold time
                                              0.231408   data required time
---------------------------------------------------------------------------------------------
                                              0.231408   data required time
                                             -0.458396   data arrival time
---------------------------------------------------------------------------------------------
                                              0.226988   slack (MET)


Startpoint: _1202_ (rising edge-triggered flip-flop clocked by clk)
Endpoint: _1202_ (rising edge-triggered flip-flop clocked by clk)
Path Group: clk
Path Type: min

Fanout         Cap        Slew       Delay        Time   Description
---------------------------------------------------------------------------------------------
                      0.150000    0.000000    0.000000   clock clk (rise edge)
                                  0.000000    0.000000   clock network delay (ideal)
                      0.150000    0.000000    0.000000 ^ _1202_/CLK (sky130_fd_sc_hd__dfrtp_2)
     2    0.003575    0.043005    0.353731    0.353731 ^ _1202_/Q (sky130_fd_sc_hd__dfrtp_2)
                                                         add_stage1.a[6] (net)
                      0.043005    0.000000    0.353731 ^ _1000_/A1 (sky130_fd_sc_hd__mux2_1)
     1    0.002005    0.036503    0.104665    0.458396 ^ _1000_/X (sky130_fd_sc_hd__mux2_1)
                                                         _0159_ (net)
                      0.036503    0.000000    0.458396 ^ _1202_/D (sky130_fd_sc_hd__dfrtp_2)
                                              0.458396   data arrival time

                      0.150000    0.000000    0.000000   clock clk (rise edge)
                                  0.000000    0.000000   clock network delay (ideal)
                                  0.250000    0.250000   clock uncertainty
                                  0.000000    0.250000   clock reconvergence pessimism
                                              0.250000 ^ _1202_/CLK (sky130_fd_sc_hd__dfrtp_2)
                                 -0.018592    0.231408   library hold time
                                              0.231408   data required time
---------------------------------------------------------------------------------------------
                                              0.231408   data required time
                                             -0.458396   data arrival time
---------------------------------------------------------------------------------------------
                                              0.226988   slack (MET)


Startpoint: _1203_ (rising edge-triggered flip-flop clocked by clk)
Endpoint: _1203_ (rising edge-triggered flip-flop clocked by clk)
Path Group: clk
Path Type: min

Fanout         Cap        Slew       Delay        Time   Description
---------------------------------------------------------------------------------------------
                      0.150000    0.000000    0.000000   clock clk (rise edge)
                                  0.000000    0.000000   clock network delay (ideal)
                      0.150000    0.000000    0.000000 ^ _1203_/CLK (sky130_fd_sc_hd__dfrtp_2)
     2    0.003575    0.043005    0.353731    0.353731 ^ _1203_/Q (sky130_fd_sc_hd__dfrtp_2)
                                                         add_stage1.a[7] (net)
                      0.043005    0.000000    0.353731 ^ _1004_/A1 (sky130_fd_sc_hd__mux2_1)
     1    0.002005    0.036503    0.104665    0.458396 ^ _1004_/X (sky130_fd_sc_hd__mux2_1)
                                                         _0160_ (net)
                      0.036503    0.000000    0.458396 ^ _1203_/D (sky130_fd_sc_hd__dfrtp_2)
                                              0.458396   data arrival time

                      0.150000    0.000000    0.000000   clock clk (rise edge)
                                  0.000000    0.000000   clock network delay (ideal)
                                  0.250000    0.250000   clock uncertainty
                                  0.000000    0.250000   clock reconvergence pessimism
                                              0.250000 ^ _1203_/CLK (sky130_fd_sc_hd__dfrtp_2)
                                 -0.018592    0.231408   library hold time
                                              0.231408   data required time
---------------------------------------------------------------------------------------------
                                              0.231408   data required time
                                             -0.458396   data arrival time
---------------------------------------------------------------------------------------------
                                              0.226988   slack (MET)


Startpoint: _1205_ (rising edge-triggered flip-flop clocked by clk)
Endpoint: _1205_ (rising edge-triggered flip-flop clocked by clk)
Path Group: clk
Path Type: min

Fanout         Cap        Slew       Delay        Time   Description
---------------------------------------------------------------------------------------------
                      0.150000    0.000000    0.000000   clock clk (rise edge)
                                  0.000000    0.000000   clock network delay (ideal)
                      0.150000    0.000000    0.000000 ^ _1205_/CLK (sky130_fd_sc_hd__dfrtp_2)
     2    0.003575    0.043005    0.353731    0.353731 ^ _1205_/Q (sky130_fd_sc_hd__dfrtp_2)
                                                         add_stage2.a[1] (net)
                      0.043005    0.000000    0.353731 ^ _1006_/A1 (sky130_fd_sc_hd__mux2_1)
     1    0.002005    0.036506    0.104665    0.458396 ^ _1006_/X (sky130_fd_sc_hd__mux2_1)
                                                         _0162_ (net)
                      0.036506    0.000000    0.458396 ^ _1205_/D (sky130_fd_sc_hd__dfrtp_2)
                                              0.458396   data arrival time

                      0.150000    0.000000    0.000000   clock clk (rise edge)
                                  0.000000    0.000000   clock network delay (ideal)
                                  0.250000    0.250000   clock uncertainty
                                  0.000000    0.250000   clock reconvergence pessimism
                                              0.250000 ^ _1205_/CLK (sky130_fd_sc_hd__dfrtp_2)
                                 -0.018593    0.231407   library hold time
                                              0.231407   data required time
---------------------------------------------------------------------------------------------
                                              0.231407   data required time
                                             -0.458396   data arrival time
---------------------------------------------------------------------------------------------
                                              0.226989   slack (MET)


Startpoint: _1246_ (rising edge-triggered flip-flop clocked by clk)
Endpoint: _1116_ (rising edge-triggered flip-flop clocked by clk)
Path Group: clk
Path Type: min

Fanout         Cap        Slew       Delay        Time   Description
---------------------------------------------------------------------------------------------
                      0.150000    0.000000    0.000000   clock clk (rise edge)
                                  0.000000    0.000000   clock network delay (ideal)
                      0.150000    0.000000    0.000000 ^ _1246_/CLK (sky130_fd_sc_hd__dfrtp_2)
     2    0.003575    0.043005    0.353731    0.353731 ^ _1246_/Q (sky130_fd_sc_hd__dfrtp_2)
                                                         window0[0] (net)
                      0.043005    0.000000    0.353731 ^ _0626_/A1 (sky130_fd_sc_hd__mux2_1)
     1    0.002005    0.036913    0.104665    0.458396 ^ _0626_/X (sky130_fd_sc_hd__mux2_1)
                                                         _0073_ (net)
                      0.036913    0.000000    0.458396 ^ _1116_/D (sky130_fd_sc_hd__dfrtp_2)
                                              0.458396   data arrival time

                      0.150000    0.000000    0.000000   clock clk (rise edge)
                                  0.000000    0.000000   clock network delay (ideal)
                                  0.250000    0.250000   clock uncertainty
                                  0.000000    0.250000   clock reconvergence pessimism
                                              0.250000 ^ _1116_/CLK (sky130_fd_sc_hd__dfrtp_2)
                                 -0.018676    0.231324   library hold time
                                              0.231324   data required time
---------------------------------------------------------------------------------------------
                                              0.231324   data required time
                                             -0.458396   data arrival time
---------------------------------------------------------------------------------------------
                                              0.227072   slack (MET)


Startpoint: _1247_ (rising edge-triggered flip-flop clocked by clk)
Endpoint: _1117_ (rising edge-triggered flip-flop clocked by clk)
Path Group: clk
Path Type: min

Fanout         Cap        Slew       Delay        Time   Description
---------------------------------------------------------------------------------------------
                      0.150000    0.000000    0.000000   clock clk (rise edge)
                                  0.000000    0.000000   clock network delay (ideal)
                      0.150000    0.000000    0.000000 ^ _1247_/CLK (sky130_fd_sc_hd__dfrtp_2)
     2    0.003575    0.043005    0.353731    0.353731 ^ _1247_/Q (sky130_fd_sc_hd__dfrtp_2)
                                                         window0[1] (net)
                      0.043005    0.000000    0.353731 ^ _0627_/A1 (sky130_fd_sc_hd__mux2_1)
     1    0.002005    0.036913    0.104665    0.458396 ^ _0627_/X (sky130_fd_sc_hd__mux2_1)
                                                         _0074_ (net)
                      0.036913    0.000000    0.458396 ^ _1117_/D (sky130_fd_sc_hd__dfrtp_2)
                                              0.458396   data arrival time

                      0.150000    0.000000    0.000000   clock clk (rise edge)
                                  0.000000    0.000000   clock network delay (ideal)
                                  0.250000    0.250000   clock uncertainty
                                  0.000000    0.250000   clock reconvergence pessimism
                                              0.250000 ^ _1117_/CLK (sky130_fd_sc_hd__dfrtp_2)
                                 -0.018676    0.231324   library hold time
                                              0.231324   data required time
---------------------------------------------------------------------------------------------
                                              0.231324   data required time
                                             -0.458396   data arrival time
---------------------------------------------------------------------------------------------
                                              0.227072   slack (MET)


Startpoint: _1248_ (rising edge-triggered flip-flop clocked by clk)
Endpoint: _1118_ (rising edge-triggered flip-flop clocked by clk)
Path Group: clk
Path Type: min

Fanout         Cap        Slew       Delay        Time   Description
---------------------------------------------------------------------------------------------
                      0.150000    0.000000    0.000000   clock clk (rise edge)
                                  0.000000    0.000000   clock network delay (ideal)
                      0.150000    0.000000    0.000000 ^ _1248_/CLK (sky130_fd_sc_hd__dfrtp_2)
     2    0.003575    0.043005    0.353731    0.353731 ^ _1248_/Q (sky130_fd_sc_hd__dfrtp_2)
                                                         window0[2] (net)
                      0.043005    0.000000    0.353731 ^ _0628_/A1 (sky130_fd_sc_hd__mux2_1)
     1    0.002005    0.036913    0.104665    0.458396 ^ _0628_/X (sky130_fd_sc_hd__mux2_1)
                                                         _0075_ (net)
                      0.036913    0.000000    0.458396 ^ _1118_/D (sky130_fd_sc_hd__dfrtp_2)
                                              0.458396   data arrival time

                      0.150000    0.000000    0.000000   clock clk (rise edge)
                                  0.000000    0.000000   clock network delay (ideal)
                                  0.250000    0.250000   clock uncertainty
                                  0.000000    0.250000   clock reconvergence pessimism
                                              0.250000 ^ _1118_/CLK (sky130_fd_sc_hd__dfrtp_2)
                                 -0.018676    0.231324   library hold time
                                              0.231324   data required time
---------------------------------------------------------------------------------------------
                                              0.231324   data required time
                                             -0.458396   data arrival time
---------------------------------------------------------------------------------------------
                                              0.227072   slack (MET)


Startpoint: _1249_ (rising edge-triggered flip-flop clocked by clk)
Endpoint: _1119_ (rising edge-triggered flip-flop clocked by clk)
Path Group: clk
Path Type: min

Fanout         Cap        Slew       Delay        Time   Description
---------------------------------------------------------------------------------------------
                      0.150000    0.000000    0.000000   clock clk (rise edge)
                                  0.000000    0.000000   clock network delay (ideal)
                      0.150000    0.000000    0.000000 ^ _1249_/CLK (sky130_fd_sc_hd__dfrtp_2)
     2    0.003575    0.043005    0.353731    0.353731 ^ _1249_/Q (sky130_fd_sc_hd__dfrtp_2)
                                                         window0[3] (net)
                      0.043005    0.000000    0.353731 ^ _0629_/A1 (sky130_fd_sc_hd__mux2_1)
     1    0.002005    0.036913    0.104665    0.458396 ^ _0629_/X (sky130_fd_sc_hd__mux2_1)
                                                         _0076_ (net)
                      0.036913    0.000000    0.458396 ^ _1119_/D (sky130_fd_sc_hd__dfrtp_2)
                                              0.458396   data arrival time

                      0.150000    0.000000    0.000000   clock clk (rise edge)
                                  0.000000    0.000000   clock network delay (ideal)
                                  0.250000    0.250000   clock uncertainty
                                  0.000000    0.250000   clock reconvergence pessimism
                                              0.250000 ^ _1119_/CLK (sky130_fd_sc_hd__dfrtp_2)
                                 -0.018676    0.231324   library hold time
                                              0.231324   data required time
---------------------------------------------------------------------------------------------
                                              0.231324   data required time
                                             -0.458396   data arrival time
---------------------------------------------------------------------------------------------
                                              0.227072   slack (MET)


Startpoint: _1250_ (rising edge-triggered flip-flop clocked by clk)
Endpoint: _1120_ (rising edge-triggered flip-flop clocked by clk)
Path Group: clk
Path Type: min

Fanout         Cap        Slew       Delay        Time   Description
---------------------------------------------------------------------------------------------
                      0.150000    0.000000    0.000000   clock clk (rise edge)
                                  0.000000    0.000000   clock network delay (ideal)
                      0.150000    0.000000    0.000000 ^ _1250_/CLK (sky130_fd_sc_hd__dfrtp_2)
     2    0.003575    0.043005    0.353731    0.353731 ^ _1250_/Q (sky130_fd_sc_hd__dfrtp_2)
                                                         window0[4] (net)
                      0.043005    0.000000    0.353731 ^ _0630_/A1 (sky130_fd_sc_hd__mux2_1)
     1    0.002005    0.036913    0.104665    0.458396 ^ _0630_/X (sky130_fd_sc_hd__mux2_1)
                                                         _0077_ (net)
                      0.036913    0.000000    0.458396 ^ _1120_/D (sky130_fd_sc_hd__dfrtp_2)
                                              0.458396   data arrival time

                      0.150000    0.000000    0.000000   clock clk (rise edge)
                                  0.000000    0.000000   clock network delay (ideal)
                                  0.250000    0.250000   clock uncertainty
                                  0.000000    0.250000   clock reconvergence pessimism
                                              0.250000 ^ _1120_/CLK (sky130_fd_sc_hd__dfrtp_2)
                                 -0.018676    0.231324   library hold time
                                              0.231324   data required time
---------------------------------------------------------------------------------------------
                                              0.231324   data required time
                                             -0.458396   data arrival time
---------------------------------------------------------------------------------------------
                                              0.227072   slack (MET)


Startpoint: _1251_ (rising edge-triggered flip-flop clocked by clk)
Endpoint: _1121_ (rising edge-triggered flip-flop clocked by clk)
Path Group: clk
Path Type: min

Fanout         Cap        Slew       Delay        Time   Description
---------------------------------------------------------------------------------------------
                      0.150000    0.000000    0.000000   clock clk (rise edge)
                                  0.000000    0.000000   clock network delay (ideal)
                      0.150000    0.000000    0.000000 ^ _1251_/CLK (sky130_fd_sc_hd__dfrtp_2)
     2    0.003575    0.043005    0.353731    0.353731 ^ _1251_/Q (sky130_fd_sc_hd__dfrtp_2)
                                                         window0[5] (net)
                      0.043005    0.000000    0.353731 ^ _0631_/A1 (sky130_fd_sc_hd__mux2_1)
     1    0.002005    0.036913    0.104665    0.458396 ^ _0631_/X (sky130_fd_sc_hd__mux2_1)
                                                         _0078_ (net)
                      0.036913    0.000000    0.458396 ^ _1121_/D (sky130_fd_sc_hd__dfrtp_2)
                                              0.458396   data arrival time

                      0.150000    0.000000    0.000000   clock clk (rise edge)
                                  0.000000    0.000000   clock network delay (ideal)
                                  0.250000    0.250000   clock uncertainty
                                  0.000000    0.250000   clock reconvergence pessimism
                                              0.250000 ^ _1121_/CLK (sky130_fd_sc_hd__dfrtp_2)
                                 -0.018676    0.231324   library hold time
                                              0.231324   data required time
---------------------------------------------------------------------------------------------
                                              0.231324   data required time
                                             -0.458396   data arrival time
---------------------------------------------------------------------------------------------
                                              0.227072   slack (MET)


Startpoint: _1050_ (rising edge-triggered flip-flop clocked by clk)
Endpoint: _1122_ (rising edge-triggered flip-flop clocked by clk)
Path Group: clk
Path Type: min

Fanout         Cap        Slew       Delay        Time   Description
---------------------------------------------------------------------------------------------
                      0.150000    0.000000    0.000000   clock clk (rise edge)
                                  0.000000    0.000000   clock network delay (ideal)
                      0.150000    0.000000    0.000000 ^ _1050_/CLK (sky130_fd_sc_hd__dfrtp_2)
     2    0.003575    0.043005    0.353731    0.353731 ^ _1050_/Q (sky130_fd_sc_hd__dfrtp_2)
                                                         window0[6] (net)
                      0.043005    0.000000    0.353731 ^ _0632_/A1 (sky130_fd_sc_hd__mux2_1)
     1    0.002005    0.036913    0.104665    0.458396 ^ _0632_/X (sky130_fd_sc_hd__mux2_1)
                                                         _0079_ (net)
                      0.036913    0.000000    0.458396 ^ _1122_/D (sky130_fd_sc_hd__dfrtp_2)
                                              0.458396   data arrival time

                      0.150000    0.000000    0.000000   clock clk (rise edge)
                                  0.000000    0.000000   clock network delay (ideal)
                                  0.250000    0.250000   clock uncertainty
                                  0.000000    0.250000   clock reconvergence pessimism
                                              0.250000 ^ _1122_/CLK (sky130_fd_sc_hd__dfrtp_2)
                                 -0.018676    0.231324   library hold time
                                              0.231324   data required time
---------------------------------------------------------------------------------------------
                                              0.231324   data required time
                                             -0.458396   data arrival time
---------------------------------------------------------------------------------------------
                                              0.227072   slack (MET)


Startpoint: _1051_ (rising edge-triggered flip-flop clocked by clk)
Endpoint: _1123_ (rising edge-triggered flip-flop clocked by clk)
Path Group: clk
Path Type: min

Fanout         Cap        Slew       Delay        Time   Description
---------------------------------------------------------------------------------------------
                      0.150000    0.000000    0.000000   clock clk (rise edge)
                                  0.000000    0.000000   clock network delay (ideal)
                      0.150000    0.000000    0.000000 ^ _1051_/CLK (sky130_fd_sc_hd__dfrtp_2)
     2    0.003575    0.043005    0.353731    0.353731 ^ _1051_/Q (sky130_fd_sc_hd__dfrtp_2)
                                                         window0[7] (net)
                      0.043005    0.000000    0.353731 ^ _0633_/A1 (sky130_fd_sc_hd__mux2_1)
     1    0.002005    0.036913    0.104665    0.458396 ^ _0633_/X (sky130_fd_sc_hd__mux2_1)
                                                         _0080_ (net)
                      0.036913    0.000000    0.458396 ^ _1123_/D (sky130_fd_sc_hd__dfrtp_2)
                                              0.458396   data arrival time

                      0.150000    0.000000    0.000000   clock clk (rise edge)
                                  0.000000    0.000000   clock network delay (ideal)
                                  0.250000    0.250000   clock uncertainty
                                  0.000000    0.250000   clock reconvergence pessimism
                                              0.250000 ^ _1123_/CLK (sky130_fd_sc_hd__dfrtp_2)
                                 -0.018676    0.231324   library hold time
                                              0.231324   data required time
---------------------------------------------------------------------------------------------
                                              0.231324   data required time
                                             -0.458396   data arrival time
---------------------------------------------------------------------------------------------
                                              0.227072   slack (MET)


Startpoint: _1095_ (rising edge-triggered flip-flop clocked by clk)
Endpoint: _1095_ (rising edge-triggered flip-flop clocked by clk)
Path Group: clk
Path Type: min

Fanout         Cap        Slew       Delay        Time   Description
---------------------------------------------------------------------------------------------
                      0.150000    0.000000    0.000000   clock clk (rise edge)
                                  0.000000    0.000000   clock network delay (ideal)
                      0.150000    0.000000    0.000000 ^ _1095_/CLK (sky130_fd_sc_hd__dfrtp_2)
     2    0.003589    0.043072    0.353809    0.353809 ^ _1095_/Q (sky130_fd_sc_hd__dfrtp_2)
                                                         coeff5[3] (net)
                      0.043072    0.000000    0.353809 ^ _0603_/A1 (sky130_fd_sc_hd__mux2_1)
     1    0.002005    0.036525    0.104687    0.458496 ^ _0603_/X (sky130_fd_sc_hd__mux2_1)
                                                         _0052_ (net)
                      0.036525    0.000000    0.458496 ^ _1095_/D (sky130_fd_sc_hd__dfrtp_2)
                                              0.458496   data arrival time

                      0.150000    0.000000    0.000000   clock clk (rise edge)
                                  0.000000    0.000000   clock network delay (ideal)
                                  0.250000    0.250000   clock uncertainty
                                  0.000000    0.250000   clock reconvergence pessimism
                                              0.250000 ^ _1095_/CLK (sky130_fd_sc_hd__dfrtp_2)
                                 -0.018597    0.231403   library hold time
                                              0.231403   data required time
---------------------------------------------------------------------------------------------
                                              0.231403   data required time
                                             -0.458496   data arrival time
---------------------------------------------------------------------------------------------
                                              0.227093   slack (MET)


Startpoint: _1097_ (rising edge-triggered flip-flop clocked by clk)
Endpoint: _1097_ (rising edge-triggered flip-flop clocked by clk)
Path Group: clk
Path Type: min

Fanout         Cap        Slew       Delay        Time   Description
---------------------------------------------------------------------------------------------
                      0.150000    0.000000    0.000000   clock clk (rise edge)
                                  0.000000    0.000000   clock network delay (ideal)
                      0.150000    0.000000    0.000000 ^ _1097_/CLK (sky130_fd_sc_hd__dfrtp_2)
     2    0.003589    0.043072    0.353809    0.353809 ^ _1097_/Q (sky130_fd_sc_hd__dfrtp_2)
                                                         coeff5[5] (net)
                      0.043072    0.000000    0.353809 ^ _0605_/A1 (sky130_fd_sc_hd__mux2_1)
     1    0.002005    0.036525    0.104687    0.458496 ^ _0605_/X (sky130_fd_sc_hd__mux2_1)
                                                         _0054_ (net)
                      0.036525    0.000000    0.458496 ^ _1097_/D (sky130_fd_sc_hd__dfrtp_2)
                                              0.458496   data arrival time

                      0.150000    0.000000    0.000000   clock clk (rise edge)
                                  0.000000    0.000000   clock network delay (ideal)
                                  0.250000    0.250000   clock uncertainty
                                  0.000000    0.250000   clock reconvergence pessimism
                                              0.250000 ^ _1097_/CLK (sky130_fd_sc_hd__dfrtp_2)
                                 -0.018597    0.231403   library hold time
                                              0.231403   data required time
---------------------------------------------------------------------------------------------
                                              0.231403   data required time
                                             -0.458496   data arrival time
---------------------------------------------------------------------------------------------
                                              0.227093   slack (MET)


Startpoint: _1083_ (rising edge-triggered flip-flop clocked by clk)
Endpoint: _1083_ (rising edge-triggered flip-flop clocked by clk)
Path Group: clk
Path Type: min

Fanout         Cap        Slew       Delay        Time   Description
---------------------------------------------------------------------------------------------
                      0.150000    0.000000    0.000000   clock clk (rise edge)
                                  0.000000    0.000000   clock network delay (ideal)
                      0.150000    0.000000    0.000000 ^ _1083_/CLK (sky130_fd_sc_hd__dfrtp_2)
     2    0.004036    0.045219    0.356309    0.356309 ^ _1083_/Q (sky130_fd_sc_hd__dfrtp_2)
                                                         coeff3[7] (net)
                      0.045219    0.000000    0.356309 ^ _0588_/A0 (sky130_fd_sc_hd__mux2_1)
     1    0.002005    0.036517    0.102720    0.459029 ^ _0588_/X (sky130_fd_sc_hd__mux2_1)
                                                         _0040_ (net)
                      0.036517    0.000000    0.459029 ^ _1083_/D (sky130_fd_sc_hd__dfrtp_2)
                                              0.459029   data arrival time

                      0.150000    0.000000    0.000000   clock clk (rise edge)
                                  0.000000    0.000000   clock network delay (ideal)
                                  0.250000    0.250000   clock uncertainty
                                  0.000000    0.250000   clock reconvergence pessimism
                                              0.250000 ^ _1083_/CLK (sky130_fd_sc_hd__dfrtp_2)
                                 -0.018595    0.231405   library hold time
                                              0.231405   data required time
---------------------------------------------------------------------------------------------
                                              0.231405   data required time
                                             -0.459029   data arrival time
---------------------------------------------------------------------------------------------
                                              0.227624   slack (MET)


Startpoint: _1057_ (rising edge-triggered flip-flop clocked by clk)
Endpoint: _1057_ (rising edge-triggered flip-flop clocked by clk)
Path Group: clk
Path Type: min

Fanout         Cap        Slew       Delay        Time   Description
---------------------------------------------------------------------------------------------
                      0.150000    0.000000    0.000000   clock clk (rise edge)
                                  0.000000    0.000000   clock network delay (ideal)
                      0.150000    0.000000    0.000000 ^ _1057_/CLK (sky130_fd_sc_hd__dfrtp_2)
     2    0.004036    0.045219    0.356309    0.356309 ^ _1057_/Q (sky130_fd_sc_hd__dfrtp_2)
                                                         coeff0[5] (net)
                      0.045219    0.000000    0.356309 ^ _0558_/A0 (sky130_fd_sc_hd__mux2_1)
     1    0.002005    0.036522    0.102720    0.459029 ^ _0558_/X (sky130_fd_sc_hd__mux2_1)
                                                         _0014_ (net)
                      0.036522    0.000000    0.459029 ^ _1057_/D (sky130_fd_sc_hd__dfrtp_2)
                                              0.459029   data arrival time

                      0.150000    0.000000    0.000000   clock clk (rise edge)
                                  0.000000    0.000000   clock network delay (ideal)
                                  0.250000    0.250000   clock uncertainty
                                  0.000000    0.250000   clock reconvergence pessimism
                                              0.250000 ^ _1057_/CLK (sky130_fd_sc_hd__dfrtp_2)
                                 -0.018596    0.231404   library hold time
                                              0.231404   data required time
---------------------------------------------------------------------------------------------
                                              0.231404   data required time
                                             -0.459029   data arrival time
---------------------------------------------------------------------------------------------
                                              0.227625   slack (MET)


Startpoint: _1071_ (rising edge-triggered flip-flop clocked by clk)
Endpoint: _1071_ (rising edge-triggered flip-flop clocked by clk)
Path Group: clk
Path Type: min

Fanout         Cap        Slew       Delay        Time   Description
---------------------------------------------------------------------------------------------
                      0.150000    0.000000    0.000000   clock clk (rise edge)
                                  0.000000    0.000000   clock network delay (ideal)
                      0.150000    0.000000    0.000000 ^ _1071_/CLK (sky130_fd_sc_hd__dfrtp_2)
     2    0.004039    0.045233    0.356325    0.356325 ^ _1071_/Q (sky130_fd_sc_hd__dfrtp_2)
                                                         coeff2[3] (net)
                      0.045233    0.000000    0.356325 ^ _0574_/A0 (sky130_fd_sc_hd__mux2_1)
     1    0.002005    0.036517    0.102725    0.459050 ^ _0574_/X (sky130_fd_sc_hd__mux2_1)
                                                         _0028_ (net)
                      0.036517    0.000000    0.459050 ^ _1071_/D (sky130_fd_sc_hd__dfrtp_2)
                                              0.459050   data arrival time

                      0.150000    0.000000    0.000000   clock clk (rise edge)
                                  0.000000    0.000000   clock network delay (ideal)
                                  0.250000    0.250000   clock uncertainty
                                  0.000000    0.250000   clock reconvergence pessimism
                                              0.250000 ^ _1071_/CLK (sky130_fd_sc_hd__dfrtp_2)
                                 -0.018595    0.231405   library hold time
                                              0.231405   data required time
---------------------------------------------------------------------------------------------
                                              0.231405   data required time
                                             -0.459050   data arrival time
---------------------------------------------------------------------------------------------
                                              0.227645   slack (MET)


Startpoint: _1075_ (rising edge-triggered flip-flop clocked by clk)
Endpoint: _1075_ (rising edge-triggered flip-flop clocked by clk)
Path Group: clk
Path Type: min

Fanout         Cap        Slew       Delay        Time   Description
---------------------------------------------------------------------------------------------
                      0.150000    0.000000    0.000000   clock clk (rise edge)
                                  0.000000    0.000000   clock network delay (ideal)
                      0.150000    0.000000    0.000000 ^ _1075_/CLK (sky130_fd_sc_hd__dfrtp_2)
     2    0.004039    0.045233    0.356325    0.356325 ^ _1075_/Q (sky130_fd_sc_hd__dfrtp_2)
                                                         coeff2[7] (net)
                      0.045233    0.000000    0.356325 ^ _0578_/A0 (sky130_fd_sc_hd__mux2_1)
     1    0.002005    0.036517    0.102725    0.459050 ^ _0578_/X (sky130_fd_sc_hd__mux2_1)
                                                         _0032_ (net)
                      0.036517    0.000000    0.459050 ^ _1075_/D (sky130_fd_sc_hd__dfrtp_2)
                                              0.459050   data arrival time

                      0.150000    0.000000    0.000000   clock clk (rise edge)
                                  0.000000    0.000000   clock network delay (ideal)
                                  0.250000    0.250000   clock uncertainty
                                  0.000000    0.250000   clock reconvergence pessimism
                                              0.250000 ^ _1075_/CLK (sky130_fd_sc_hd__dfrtp_2)
                                 -0.018595    0.231405   library hold time
                                              0.231405   data required time
---------------------------------------------------------------------------------------------
                                              0.231405   data required time
                                             -0.459050   data arrival time
---------------------------------------------------------------------------------------------
                                              0.227645   slack (MET)


Startpoint: _1076_ (rising edge-triggered flip-flop clocked by clk)
Endpoint: _1076_ (rising edge-triggered flip-flop clocked by clk)
Path Group: clk
Path Type: min

Fanout         Cap        Slew       Delay        Time   Description
---------------------------------------------------------------------------------------------
                      0.150000    0.000000    0.000000   clock clk (rise edge)
                                  0.000000    0.000000   clock network delay (ideal)
                      0.150000    0.000000    0.000000 ^ _1076_/CLK (sky130_fd_sc_hd__dfrtp_2)
     2    0.004098    0.045517    0.356655    0.356655 ^ _1076_/Q (sky130_fd_sc_hd__dfrtp_2)
                                                         coeff3[0] (net)
                      0.045517    0.000000    0.356655 ^ _0581_/A0 (sky130_fd_sc_hd__mux2_1)
     1    0.002005    0.036517    0.102818    0.459473 ^ _0581_/X (sky130_fd_sc_hd__mux2_1)
                                                         _0033_ (net)
                      0.036517    0.000000    0.459473 ^ _1076_/D (sky130_fd_sc_hd__dfrtp_2)
                                              0.459473   data arrival time

                      0.150000    0.000000    0.000000   clock clk (rise edge)
                                  0.000000    0.000000   clock network delay (ideal)
                                  0.250000    0.250000   clock uncertainty
                                  0.000000    0.250000   clock reconvergence pessimism
                                              0.250000 ^ _1076_/CLK (sky130_fd_sc_hd__dfrtp_2)
                                 -0.018595    0.231405   library hold time
                                              0.231405   data required time
---------------------------------------------------------------------------------------------
                                              0.231405   data required time
                                             -0.459473   data arrival time
---------------------------------------------------------------------------------------------
                                              0.228068   slack (MET)


Startpoint: _1077_ (rising edge-triggered flip-flop clocked by clk)
Endpoint: _1077_ (rising edge-triggered flip-flop clocked by clk)
Path Group: clk
Path Type: min

Fanout         Cap        Slew       Delay        Time   Description
---------------------------------------------------------------------------------------------
                      0.150000    0.000000    0.000000   clock clk (rise edge)
                                  0.000000    0.000000   clock network delay (ideal)
                      0.150000    0.000000    0.000000 ^ _1077_/CLK (sky130_fd_sc_hd__dfrtp_2)
     2    0.004098    0.045517    0.356655    0.356655 ^ _1077_/Q (sky130_fd_sc_hd__dfrtp_2)
                                                         coeff3[1] (net)
                      0.045517    0.000000    0.356655 ^ _0582_/A0 (sky130_fd_sc_hd__mux2_1)
     1    0.002005    0.036517    0.102818    0.459473 ^ _0582_/X (sky130_fd_sc_hd__mux2_1)
                                                         _0034_ (net)
                      0.036517    0.000000    0.459473 ^ _1077_/D (sky130_fd_sc_hd__dfrtp_2)
                                              0.459473   data arrival time

                      0.150000    0.000000    0.000000   clock clk (rise edge)
                                  0.000000    0.000000   clock network delay (ideal)
                                  0.250000    0.250000   clock uncertainty
                                  0.000000    0.250000   clock reconvergence pessimism
                                              0.250000 ^ _1077_/CLK (sky130_fd_sc_hd__dfrtp_2)
                                 -0.018595    0.231405   library hold time
                                              0.231405   data required time
---------------------------------------------------------------------------------------------
                                              0.231405   data required time
                                             -0.459473   data arrival time
---------------------------------------------------------------------------------------------
                                              0.228068   slack (MET)


Startpoint: _1079_ (rising edge-triggered flip-flop clocked by clk)
Endpoint: _1079_ (rising edge-triggered flip-flop clocked by clk)
Path Group: clk
Path Type: min

Fanout         Cap        Slew       Delay        Time   Description
---------------------------------------------------------------------------------------------
                      0.150000    0.000000    0.000000   clock clk (rise edge)
                                  0.000000    0.000000   clock network delay (ideal)
                      0.150000    0.000000    0.000000 ^ _1079_/CLK (sky130_fd_sc_hd__dfrtp_2)
     2    0.004098    0.045517    0.356655    0.356655 ^ _1079_/Q (sky130_fd_sc_hd__dfrtp_2)
                                                         coeff3[3] (net)
                      0.045517    0.000000    0.356655 ^ _0584_/A0 (sky130_fd_sc_hd__mux2_1)
     1    0.002005    0.036517    0.102818    0.459473 ^ _0584_/X (sky130_fd_sc_hd__mux2_1)
                                                         _0036_ (net)
                      0.036517    0.000000    0.459473 ^ _1079_/D (sky130_fd_sc_hd__dfrtp_2)
                                              0.459473   data arrival time

                      0.150000    0.000000    0.000000   clock clk (rise edge)
                                  0.000000    0.000000   clock network delay (ideal)
                                  0.250000    0.250000   clock uncertainty
                                  0.000000    0.250000   clock reconvergence pessimism
                                              0.250000 ^ _1079_/CLK (sky130_fd_sc_hd__dfrtp_2)
                                 -0.018595    0.231405   library hold time
                                              0.231405   data required time
---------------------------------------------------------------------------------------------
                                              0.231405   data required time
                                             -0.459473   data arrival time
---------------------------------------------------------------------------------------------
                                              0.228068   slack (MET)


Startpoint: _1080_ (rising edge-triggered flip-flop clocked by clk)
Endpoint: _1080_ (rising edge-triggered flip-flop clocked by clk)
Path Group: clk
Path Type: min

Fanout         Cap        Slew       Delay        Time   Description
---------------------------------------------------------------------------------------------
                      0.150000    0.000000    0.000000   clock clk (rise edge)
                                  0.000000    0.000000   clock network delay (ideal)
                      0.150000    0.000000    0.000000 ^ _1080_/CLK (sky130_fd_sc_hd__dfrtp_2)
     2    0.004098    0.045517    0.356655    0.356655 ^ _1080_/Q (sky130_fd_sc_hd__dfrtp_2)
                                                         coeff3[4] (net)
                      0.045517    0.000000    0.356655 ^ _0585_/A0 (sky130_fd_sc_hd__mux2_1)
     1    0.002005    0.036517    0.102818    0.459473 ^ _0585_/X (sky130_fd_sc_hd__mux2_1)
                                                         _0037_ (net)
                      0.036517    0.000000    0.459473 ^ _1080_/D (sky130_fd_sc_hd__dfrtp_2)
                                              0.459473   data arrival time

                      0.150000    0.000000    0.000000   clock clk (rise edge)
                                  0.000000    0.000000   clock network delay (ideal)
                                  0.250000    0.250000   clock uncertainty
                                  0.000000    0.250000   clock reconvergence pessimism
                                              0.250000 ^ _1080_/CLK (sky130_fd_sc_hd__dfrtp_2)
                                 -0.018595    0.231405   library hold time
                                              0.231405   data required time
---------------------------------------------------------------------------------------------
                                              0.231405   data required time
                                             -0.459473   data arrival time
---------------------------------------------------------------------------------------------
                                              0.228068   slack (MET)


Startpoint: _1081_ (rising edge-triggered flip-flop clocked by clk)
Endpoint: _1081_ (rising edge-triggered flip-flop clocked by clk)
Path Group: clk
Path Type: min

Fanout         Cap        Slew       Delay        Time   Description
---------------------------------------------------------------------------------------------
                      0.150000    0.000000    0.000000   clock clk (rise edge)
                                  0.000000    0.000000   clock network delay (ideal)
                      0.150000    0.000000    0.000000 ^ _1081_/CLK (sky130_fd_sc_hd__dfrtp_2)
     2    0.004098    0.045517    0.356655    0.356655 ^ _1081_/Q (sky130_fd_sc_hd__dfrtp_2)
                                                         coeff3[5] (net)
                      0.045517    0.000000    0.356655 ^ _0586_/A0 (sky130_fd_sc_hd__mux2_1)
     1    0.002005    0.036517    0.102818    0.459473 ^ _0586_/X (sky130_fd_sc_hd__mux2_1)
                                                         _0038_ (net)
                      0.036517    0.000000    0.459473 ^ _1081_/D (sky130_fd_sc_hd__dfrtp_2)
                                              0.459473   data arrival time

                      0.150000    0.000000    0.000000   clock clk (rise edge)
                                  0.000000    0.000000   clock network delay (ideal)
                                  0.250000    0.250000   clock uncertainty
                                  0.000000    0.250000   clock reconvergence pessimism
                                              0.250000 ^ _1081_/CLK (sky130_fd_sc_hd__dfrtp_2)
                                 -0.018595    0.231405   library hold time
                                              0.231405   data required time
---------------------------------------------------------------------------------------------
                                              0.231405   data required time
                                             -0.459473   data arrival time
---------------------------------------------------------------------------------------------
                                              0.228068   slack (MET)


Startpoint: _1082_ (rising edge-triggered flip-flop clocked by clk)
Endpoint: _1082_ (rising edge-triggered flip-flop clocked by clk)
Path Group: clk
Path Type: min

Fanout         Cap        Slew       Delay        Time   Description
---------------------------------------------------------------------------------------------
                      0.150000    0.000000    0.000000   clock clk (rise edge)
                                  0.000000    0.000000   clock network delay (ideal)
                      0.150000    0.000000    0.000000 ^ _1082_/CLK (sky130_fd_sc_hd__dfrtp_2)
     2    0.004098    0.045517    0.356655    0.356655 ^ _1082_/Q (sky130_fd_sc_hd__dfrtp_2)
                                                         coeff3[6] (net)
                      0.045517    0.000000    0.356655 ^ _0587_/A0 (sky130_fd_sc_hd__mux2_1)
     1    0.002005    0.036517    0.102818    0.459473 ^ _0587_/X (sky130_fd_sc_hd__mux2_1)
                                                         _0039_ (net)
                      0.036517    0.000000    0.459473 ^ _1082_/D (sky130_fd_sc_hd__dfrtp_2)
                                              0.459473   data arrival time

                      0.150000    0.000000    0.000000   clock clk (rise edge)
                                  0.000000    0.000000   clock network delay (ideal)
                                  0.250000    0.250000   clock uncertainty
                                  0.000000    0.250000   clock reconvergence pessimism
                                              0.250000 ^ _1082_/CLK (sky130_fd_sc_hd__dfrtp_2)
                                 -0.018595    0.231405   library hold time
                                              0.231405   data required time
---------------------------------------------------------------------------------------------
                                              0.231405   data required time
                                             -0.459473   data arrival time
---------------------------------------------------------------------------------------------
                                              0.228068   slack (MET)


Startpoint: _1066_ (rising edge-triggered flip-flop clocked by clk)
Endpoint: _1066_ (rising edge-triggered flip-flop clocked by clk)
Path Group: clk
Path Type: min

Fanout         Cap        Slew       Delay        Time   Description
---------------------------------------------------------------------------------------------
                      0.150000    0.000000    0.000000   clock clk (rise edge)
                                  0.000000    0.000000   clock network delay (ideal)
                      0.150000    0.000000    0.000000 ^ _1066_/CLK (sky130_fd_sc_hd__dfrtp_2)
     2    0.004143    0.045733    0.356907    0.356907 ^ _1066_/Q (sky130_fd_sc_hd__dfrtp_2)
                                                         coeff1[6] (net)
                      0.045733    0.000000    0.356907 ^ _0568_/A0 (sky130_fd_sc_hd__mux2_1)
     1    0.002005    0.036517    0.102889    0.459796 ^ _0568_/X (sky130_fd_sc_hd__mux2_1)
                                                         _0023_ (net)
                      0.036517    0.000000    0.459796 ^ _1066_/D (sky130_fd_sc_hd__dfrtp_2)
                                              0.459796   data arrival time

                      0.150000    0.000000    0.000000   clock clk (rise edge)
                                  0.000000    0.000000   clock network delay (ideal)
                                  0.250000    0.250000   clock uncertainty
                                  0.000000    0.250000   clock reconvergence pessimism
                                              0.250000 ^ _1066_/CLK (sky130_fd_sc_hd__dfrtp_2)
                                 -0.018595    0.231405   library hold time
                                              0.231405   data required time
---------------------------------------------------------------------------------------------
                                              0.231405   data required time
                                             -0.459796   data arrival time
---------------------------------------------------------------------------------------------
                                              0.228391   slack (MET)


Startpoint: _1067_ (rising edge-triggered flip-flop clocked by clk)
Endpoint: _1067_ (rising edge-triggered flip-flop clocked by clk)
Path Group: clk
Path Type: min

Fanout         Cap        Slew       Delay        Time   Description
---------------------------------------------------------------------------------------------
                      0.150000    0.000000    0.000000   clock clk (rise edge)
                                  0.000000    0.000000   clock network delay (ideal)
                      0.150000    0.000000    0.000000 ^ _1067_/CLK (sky130_fd_sc_hd__dfrtp_2)
     2    0.004143    0.045733    0.356907    0.356907 ^ _1067_/Q (sky130_fd_sc_hd__dfrtp_2)
                                                         coeff1[7] (net)
                      0.045733    0.000000    0.356907 ^ _0569_/A0 (sky130_fd_sc_hd__mux2_1)
     1    0.002005    0.036517    0.102889    0.459796 ^ _0569_/X (sky130_fd_sc_hd__mux2_1)
                                                         _0024_ (net)
                      0.036517    0.000000    0.459796 ^ _1067_/D (sky130_fd_sc_hd__dfrtp_2)
                                              0.459796   data arrival time

                      0.150000    0.000000    0.000000   clock clk (rise edge)
                                  0.000000    0.000000   clock network delay (ideal)
                                  0.250000    0.250000   clock uncertainty
                                  0.000000    0.250000   clock reconvergence pessimism
                                              0.250000 ^ _1067_/CLK (sky130_fd_sc_hd__dfrtp_2)
                                 -0.018595    0.231405   library hold time
                                              0.231405   data required time
---------------------------------------------------------------------------------------------
                                              0.231405   data required time
                                             -0.459796   data arrival time
---------------------------------------------------------------------------------------------
                                              0.228391   slack (MET)


Startpoint: _1059_ (rising edge-triggered flip-flop clocked by clk)
Endpoint: _1059_ (rising edge-triggered flip-flop clocked by clk)
Path Group: clk
Path Type: min

Fanout         Cap        Slew       Delay        Time   Description
---------------------------------------------------------------------------------------------
                      0.150000    0.000000    0.000000   clock clk (rise edge)
                                  0.000000    0.000000   clock network delay (ideal)
                      0.150000    0.000000    0.000000 ^ _1059_/CLK (sky130_fd_sc_hd__dfrtp_2)
     2    0.004143    0.045733    0.356907    0.356907 ^ _1059_/Q (sky130_fd_sc_hd__dfrtp_2)
                                                         coeff0[7] (net)
                      0.045733    0.000000    0.356907 ^ _0560_/A0 (sky130_fd_sc_hd__mux2_1)
     1    0.002005    0.036522    0.102889    0.459796 ^ _0560_/X (sky130_fd_sc_hd__mux2_1)
                                                         _0016_ (net)
                      0.036522    0.000000    0.459796 ^ _1059_/D (sky130_fd_sc_hd__dfrtp_2)
                                              0.459796   data arrival time

                      0.150000    0.000000    0.000000   clock clk (rise edge)
                                  0.000000    0.000000   clock network delay (ideal)
                                  0.250000    0.250000   clock uncertainty
                                  0.000000    0.250000   clock reconvergence pessimism
                                              0.250000 ^ _1059_/CLK (sky130_fd_sc_hd__dfrtp_2)
                                 -0.018596    0.231404   library hold time
                                              0.231404   data required time
---------------------------------------------------------------------------------------------
                                              0.231404   data required time
                                             -0.459796   data arrival time
---------------------------------------------------------------------------------------------
                                              0.228392   slack (MET)


Startpoint: _1062_ (rising edge-triggered flip-flop clocked by clk)
Endpoint: _1062_ (rising edge-triggered flip-flop clocked by clk)
Path Group: clk
Path Type: min

Fanout         Cap        Slew       Delay        Time   Description
---------------------------------------------------------------------------------------------
                      0.150000    0.000000    0.000000   clock clk (rise edge)
                                  0.000000    0.000000   clock network delay (ideal)
                      0.150000    0.000000    0.000000 ^ _1062_/CLK (sky130_fd_sc_hd__dfrtp_2)
     2    0.004169    0.045858    0.357052    0.357052 ^ _1062_/Q (sky130_fd_sc_hd__dfrtp_2)
                                                         coeff1[2] (net)
                      0.045858    0.000000    0.357052 ^ _0564_/A0 (sky130_fd_sc_hd__mux2_1)
     1    0.002005    0.036517    0.102930    0.459982 ^ _0564_/X (sky130_fd_sc_hd__mux2_1)
                                                         _0019_ (net)
                      0.036517    0.000000    0.459982 ^ _1062_/D (sky130_fd_sc_hd__dfrtp_2)
                                              0.459982   data arrival time

                      0.150000    0.000000    0.000000   clock clk (rise edge)
                                  0.000000    0.000000   clock network delay (ideal)
                                  0.250000    0.250000   clock uncertainty
                                  0.000000    0.250000   clock reconvergence pessimism
                                              0.250000 ^ _1062_/CLK (sky130_fd_sc_hd__dfrtp_2)
                                 -0.018595    0.231405   library hold time
                                              0.231405   data required time
---------------------------------------------------------------------------------------------
                                              0.231405   data required time
                                             -0.459982   data arrival time
---------------------------------------------------------------------------------------------
                                              0.228577   slack (MET)


Startpoint: _1063_ (rising edge-triggered flip-flop clocked by clk)
Endpoint: _1063_ (rising edge-triggered flip-flop clocked by clk)
Path Group: clk
Path Type: min

Fanout         Cap        Slew       Delay        Time   Description
---------------------------------------------------------------------------------------------
                      0.150000    0.000000    0.000000   clock clk (rise edge)
                                  0.000000    0.000000   clock network delay (ideal)
                      0.150000    0.000000    0.000000 ^ _1063_/CLK (sky130_fd_sc_hd__dfrtp_2)
     2    0.004169    0.045858    0.357052    0.357052 ^ _1063_/Q (sky130_fd_sc_hd__dfrtp_2)
                                                         coeff1[3] (net)
                      0.045858    0.000000    0.357052 ^ _0565_/A0 (sky130_fd_sc_hd__mux2_1)
     1    0.002005    0.036517    0.102930    0.459982 ^ _0565_/X (sky130_fd_sc_hd__mux2_1)
                                                         _0020_ (net)
                      0.036517    0.000000    0.459982 ^ _1063_/D (sky130_fd_sc_hd__dfrtp_2)
                                              0.459982   data arrival time

                      0.150000    0.000000    0.000000   clock clk (rise edge)
                                  0.000000    0.000000   clock network delay (ideal)
                                  0.250000    0.250000   clock uncertainty
                                  0.000000    0.250000   clock reconvergence pessimism
                                              0.250000 ^ _1063_/CLK (sky130_fd_sc_hd__dfrtp_2)
                                 -0.018595    0.231405   library hold time
                                              0.231405   data required time
---------------------------------------------------------------------------------------------
                                              0.231405   data required time
                                             -0.459982   data arrival time
---------------------------------------------------------------------------------------------
                                              0.228577   slack (MET)


Startpoint: _1065_ (rising edge-triggered flip-flop clocked by clk)
Endpoint: _1065_ (rising edge-triggered flip-flop clocked by clk)
Path Group: clk
Path Type: min

Fanout         Cap        Slew       Delay        Time   Description
---------------------------------------------------------------------------------------------
                      0.150000    0.000000    0.000000   clock clk (rise edge)
                                  0.000000    0.000000   clock network delay (ideal)
                      0.150000    0.000000    0.000000 ^ _1065_/CLK (sky130_fd_sc_hd__dfrtp_2)
     2    0.004169    0.045858    0.357052    0.357052 ^ _1065_/Q (sky130_fd_sc_hd__dfrtp_2)
                                                         coeff1[5] (net)
                      0.045858    0.000000    0.357052 ^ _0567_/A0 (sky130_fd_sc_hd__mux2_1)
     1    0.002005    0.036517    0.102930    0.459982 ^ _0567_/X (sky130_fd_sc_hd__mux2_1)
                                                         _0022_ (net)
                      0.036517    0.000000    0.459982 ^ _1065_/D (sky130_fd_sc_hd__dfrtp_2)
                                              0.459982   data arrival time

                      0.150000    0.000000    0.000000   clock clk (rise edge)
                                  0.000000    0.000000   clock network delay (ideal)
                                  0.250000    0.250000   clock uncertainty
                                  0.000000    0.250000   clock reconvergence pessimism
                                              0.250000 ^ _1065_/CLK (sky130_fd_sc_hd__dfrtp_2)
                                 -0.018595    0.231405   library hold time
                                              0.231405   data required time
---------------------------------------------------------------------------------------------
                                              0.231405   data required time
                                             -0.459982   data arrival time
---------------------------------------------------------------------------------------------
                                              0.228577   slack (MET)


Startpoint: _1058_ (rising edge-triggered flip-flop clocked by clk)
Endpoint: _1058_ (rising edge-triggered flip-flop clocked by clk)
Path Group: clk
Path Type: min

Fanout         Cap        Slew       Delay        Time   Description
---------------------------------------------------------------------------------------------
                      0.150000    0.000000    0.000000   clock clk (rise edge)
                                  0.000000    0.000000   clock network delay (ideal)
                      0.150000    0.000000    0.000000 ^ _1058_/CLK (sky130_fd_sc_hd__dfrtp_2)
     2    0.004169    0.045858    0.357052    0.357052 ^ _1058_/Q (sky130_fd_sc_hd__dfrtp_2)
                                                         coeff0[6] (net)
                      0.045858    0.000000    0.357052 ^ _0559_/A0 (sky130_fd_sc_hd__mux2_1)
     1    0.002005    0.036522    0.102930    0.459982 ^ _0559_/X (sky130_fd_sc_hd__mux2_1)
                                                         _0015_ (net)
                      0.036522    0.000000    0.459982 ^ _1058_/D (sky130_fd_sc_hd__dfrtp_2)
                                              0.459982   data arrival time

                      0.150000    0.000000    0.000000   clock clk (rise edge)
                                  0.000000    0.000000   clock network delay (ideal)
                                  0.250000    0.250000   clock uncertainty
                                  0.000000    0.250000   clock reconvergence pessimism
                                              0.250000 ^ _1058_/CLK (sky130_fd_sc_hd__dfrtp_2)
                                 -0.018596    0.231404   library hold time
                                              0.231404   data required time
---------------------------------------------------------------------------------------------
                                              0.231404   data required time
                                             -0.459982   data arrival time
---------------------------------------------------------------------------------------------
                                              0.228578   slack (MET)


Startpoint: _1243_ (rising edge-triggered flip-flop clocked by clk)
Endpoint: _1243_ (rising edge-triggered flip-flop clocked by clk)
Path Group: clk
Path Type: min

Fanout         Cap        Slew       Delay        Time   Description
---------------------------------------------------------------------------------------------
                      0.150000    0.000000    0.000000   clock clk (rise edge)
                                  0.000000    0.000000   clock network delay (ideal)
                      0.150000    0.000000    0.000000 ^ _1243_/CLK (sky130_fd_sc_hd__dfrtp_2)
     2    0.004994    0.049455    0.360649    0.360649 ^ _1243_/Q (sky130_fd_sc_hd__dfrtp_2)
                                                         phase[4] (net)
                      0.049455    0.000000    0.360649 ^ _0540_/A1 (sky130_fd_sc_hd__a21bo_2)
     1    0.002005    0.027291    0.102777    0.463426 ^ _0540_/X (sky130_fd_sc_hd__a21bo_2)
                                                         _0005_ (net)
                      0.027291    0.000000    0.463426 ^ _1243_/D (sky130_fd_sc_hd__dfrtp_2)
                                              0.463426   data arrival time

                      0.150000    0.000000    0.000000   clock clk (rise edge)
                                  0.000000    0.000000   clock network delay (ideal)
                                  0.250000    0.250000   clock uncertainty
                                  0.000000    0.250000   clock reconvergence pessimism
                                              0.250000 ^ _1243_/CLK (sky130_fd_sc_hd__dfrtp_2)
                                 -0.016709    0.233291   library hold time
                                              0.233291   data required time
---------------------------------------------------------------------------------------------
                                              0.233291   data required time
                                             -0.463426   data arrival time
---------------------------------------------------------------------------------------------
                                              0.230135   slack (MET)


Startpoint: _1098_ (rising edge-triggered flip-flop clocked by clk)
Endpoint: _1098_ (rising edge-triggered flip-flop clocked by clk)
Path Group: clk
Path Type: min

Fanout         Cap        Slew       Delay        Time   Description
---------------------------------------------------------------------------------------------
                      0.150000    0.000000    0.000000   clock clk (rise edge)
                                  0.000000    0.000000   clock network delay (ideal)
                      0.150000    0.000000    0.000000 ^ _1098_/CLK (sky130_fd_sc_hd__dfrtp_2)
     2    0.004389    0.046877    0.358177    0.358177 ^ _1098_/Q (sky130_fd_sc_hd__dfrtp_2)
                                                         coeff5[6] (net)
                      0.046877    0.000000    0.358177 ^ _0606_/A1 (sky130_fd_sc_hd__mux2_1)
     1    0.002005    0.036525    0.105933    0.464110 ^ _0606_/X (sky130_fd_sc_hd__mux2_1)
                                                         _0055_ (net)
                      0.036525    0.000000    0.464110 ^ _1098_/D (sky130_fd_sc_hd__dfrtp_2)
                                              0.464110   data arrival time

                      0.150000    0.000000    0.000000   clock clk (rise edge)
                                  0.000000    0.000000   clock network delay (ideal)
                                  0.250000    0.250000   clock uncertainty
                                  0.000000    0.250000   clock reconvergence pessimism
                                              0.250000 ^ _1098_/CLK (sky130_fd_sc_hd__dfrtp_2)
                                 -0.018597    0.231403   library hold time
                                              0.231403   data required time
---------------------------------------------------------------------------------------------
                                              0.231403   data required time
                                             -0.464110   data arrival time
---------------------------------------------------------------------------------------------
                                              0.232707   slack (MET)


Startpoint: _1107_ (rising edge-triggered flip-flop clocked by clk)
Endpoint: _1107_ (rising edge-triggered flip-flop clocked by clk)
Path Group: clk
Path Type: min

Fanout         Cap        Slew       Delay        Time   Description
---------------------------------------------------------------------------------------------
                      0.150000    0.000000    0.000000   clock clk (rise edge)
                                  0.000000    0.000000   clock network delay (ideal)
                      0.150000    0.000000    0.000000 ^ _1107_/CLK (sky130_fd_sc_hd__dfrtp_2)
     2    0.004389    0.046877    0.358177    0.358177 ^ _1107_/Q (sky130_fd_sc_hd__dfrtp_2)
                                                         coeff6[7] (net)
                      0.046877    0.000000    0.358177 ^ _0616_/A1 (sky130_fd_sc_hd__mux2_1)
     1    0.002005    0.036525    0.105933    0.464110 ^ _0616_/X (sky130_fd_sc_hd__mux2_1)
                                                         _0064_ (net)
                      0.036525    0.000000    0.464110 ^ _1107_/D (sky130_fd_sc_hd__dfrtp_2)
                                              0.464110   data arrival time

                      0.150000    0.000000    0.000000   clock clk (rise edge)
                                  0.000000    0.000000   clock network delay (ideal)
                                  0.250000    0.250000   clock uncertainty
                                  0.000000    0.250000   clock reconvergence pessimism
                                              0.250000 ^ _1107_/CLK (sky130_fd_sc_hd__dfrtp_2)
                                 -0.018597    0.231403   library hold time
                                              0.231403   data required time
---------------------------------------------------------------------------------------------
                                              0.231403   data required time
                                             -0.464110   data arrival time
---------------------------------------------------------------------------------------------
                                              0.232707   slack (MET)


Startpoint: _1096_ (rising edge-triggered flip-flop clocked by clk)
Endpoint: _1096_ (rising edge-triggered flip-flop clocked by clk)
Path Group: clk
Path Type: min

Fanout         Cap        Slew       Delay        Time   Description
---------------------------------------------------------------------------------------------
                      0.150000    0.000000    0.000000   clock clk (rise edge)
                                  0.000000    0.000000   clock network delay (ideal)
                      0.150000    0.000000    0.000000 ^ _1096_/CLK (sky130_fd_sc_hd__dfrtp_2)
     2    0.004392    0.046889    0.358189    0.358189 ^ _1096_/Q (sky130_fd_sc_hd__dfrtp_2)
                                                         coeff5[4] (net)
                      0.046889    0.000000    0.358189 ^ _0604_/A1 (sky130_fd_sc_hd__mux2_1)
     1    0.002005    0.036525    0.105937    0.464126 ^ _0604_/X (sky130_fd_sc_hd__mux2_1)
                                                         _0053_ (net)
                      0.036525    0.000000    0.464126 ^ _1096_/D (sky130_fd_sc_hd__dfrtp_2)
                                              0.464126   data arrival time

                      0.150000    0.000000    0.000000   clock clk (rise edge)
                                  0.000000    0.000000   clock network delay (ideal)
                                  0.250000    0.250000   clock uncertainty
                                  0.000000    0.250000   clock reconvergence pessimism
                                              0.250000 ^ _1096_/CLK (sky130_fd_sc_hd__dfrtp_2)
                                 -0.018597    0.231403   library hold time
                                              0.231403   data required time
---------------------------------------------------------------------------------------------
                                              0.231403   data required time
                                             -0.464126   data arrival time
---------------------------------------------------------------------------------------------
                                              0.232723   slack (MET)


Startpoint: _1112_ (rising edge-triggered flip-flop clocked by clk)
Endpoint: _1112_ (rising edge-triggered flip-flop clocked by clk)
Path Group: clk
Path Type: min

Fanout         Cap        Slew       Delay        Time   Description
---------------------------------------------------------------------------------------------
                      0.150000    0.000000    0.000000   clock clk (rise edge)
                                  0.000000    0.000000   clock network delay (ideal)
                      0.150000    0.000000    0.000000 ^ _1112_/CLK (sky130_fd_sc_hd__dfrtp_2)
     2    0.004396    0.046906    0.358206    0.358206 ^ _1112_/Q (sky130_fd_sc_hd__dfrtp_2)
                                                         coeff7[4] (net)
                      0.046906    0.000000    0.358206 ^ _0622_/A1 (sky130_fd_sc_hd__mux2_1)
     1    0.002005    0.036506    0.105943    0.464148 ^ _0622_/X (sky130_fd_sc_hd__mux2_1)
                                                         _0069_ (net)
                      0.036506    0.000000    0.464148 ^ _1112_/D (sky130_fd_sc_hd__dfrtp_2)
                                              0.464148   data arrival time

                      0.150000    0.000000    0.000000   clock clk (rise edge)
                                  0.000000    0.000000   clock network delay (ideal)
                                  0.250000    0.250000   clock uncertainty
                                  0.000000    0.250000   clock reconvergence pessimism
                                              0.250000 ^ _1112_/CLK (sky130_fd_sc_hd__dfrtp_2)
                                 -0.018593    0.231407   library hold time
                                              0.231407   data required time
---------------------------------------------------------------------------------------------
                                              0.231407   data required time
                                             -0.464148   data arrival time
---------------------------------------------------------------------------------------------
                                              0.232741   slack (MET)


Startpoint: _1099_ (rising edge-triggered flip-flop clocked by clk)
Endpoint: _1099_ (rising edge-triggered flip-flop clocked by clk)
Path Group: clk
Path Type: min

Fanout         Cap        Slew       Delay        Time   Description
---------------------------------------------------------------------------------------------
                      0.150000    0.000000    0.000000   clock clk (rise edge)
                                  0.000000    0.000000   clock network delay (ideal)
                      0.150000    0.000000    0.000000 ^ _1099_/CLK (sky130_fd_sc_hd__dfrtp_2)
     2    0.004408    0.046958    0.358255    0.358255 ^ _1099_/Q (sky130_fd_sc_hd__dfrtp_2)
                                                         coeff5[7] (net)
                      0.046958    0.000000    0.358255 ^ _0607_/A1 (sky130_fd_sc_hd__mux2_1)
     1    0.002005    0.036525    0.105959    0.464214 ^ _0607_/X (sky130_fd_sc_hd__mux2_1)
                                                         _0056_ (net)
                      0.036525    0.000000    0.464214 ^ _1099_/D (sky130_fd_sc_hd__dfrtp_2)
                                              0.464214   data arrival time

                      0.150000    0.000000    0.000000   clock clk (rise edge)
                                  0.000000    0.000000   clock network delay (ideal)
                                  0.250000    0.250000   clock uncertainty
                                  0.000000    0.250000   clock reconvergence pessimism
                                              0.250000 ^ _1099_/CLK (sky130_fd_sc_hd__dfrtp_2)
                                 -0.018597    0.231403   library hold time
                                              0.231403   data required time
---------------------------------------------------------------------------------------------
                                              0.231403   data required time
                                             -0.464214   data arrival time
---------------------------------------------------------------------------------------------
                                              0.232811   slack (MET)


Startpoint: _1113_ (rising edge-triggered flip-flop clocked by clk)
Endpoint: _1113_ (rising edge-triggered flip-flop clocked by clk)
Path Group: clk
Path Type: min

Fanout         Cap        Slew       Delay        Time   Description
---------------------------------------------------------------------------------------------
                      0.150000    0.000000    0.000000   clock clk (rise edge)
                                  0.000000    0.000000   clock network delay (ideal)
                      0.150000    0.000000    0.000000 ^ _1113_/CLK (sky130_fd_sc_hd__dfrtp_2)
     2    0.004421    0.047013    0.358308    0.358308 ^ _1113_/Q (sky130_fd_sc_hd__dfrtp_2)
                                                         coeff7[5] (net)
                      0.047013    0.000000    0.358308 ^ _0623_/A1 (sky130_fd_sc_hd__mux2_1)
     1    0.002005    0.036506    0.105978    0.464285 ^ _0623_/X (sky130_fd_sc_hd__mux2_1)
                                                         _0070_ (net)
                      0.036506    0.000000    0.464285 ^ _1113_/D (sky130_fd_sc_hd__dfrtp_2)
                                              0.464285   data arrival time

                      0.150000    0.000000    0.000000   clock clk (rise edge)
                                  0.000000    0.000000   clock network delay (ideal)
                                  0.250000    0.250000   clock uncertainty
                                  0.000000    0.250000   clock reconvergence pessimism
                                              0.250000 ^ _1113_/CLK (sky130_fd_sc_hd__dfrtp_2)
                                 -0.018593    0.231407   library hold time
                                              0.231407   data required time
---------------------------------------------------------------------------------------------
                                              0.231407   data required time
                                             -0.464285   data arrival time
---------------------------------------------------------------------------------------------
                                              0.232878   slack (MET)


Startpoint: _1087_ (rising edge-triggered flip-flop clocked by clk)
Endpoint: _1087_ (rising edge-triggered flip-flop clocked by clk)
Path Group: clk
Path Type: min

Fanout         Cap        Slew       Delay        Time   Description
---------------------------------------------------------------------------------------------
                      0.150000    0.000000    0.000000   clock clk (rise edge)
                                  0.000000    0.000000   clock network delay (ideal)
                      0.150000    0.000000    0.000000 ^ _1087_/CLK (sky130_fd_sc_hd__dfrtp_2)
     2    0.004459    0.047175    0.358463    0.358463 ^ _1087_/Q (sky130_fd_sc_hd__dfrtp_2)
                                                         coeff4[3] (net)
                      0.047175    0.000000    0.358463 ^ _0594_/A1 (sky130_fd_sc_hd__mux2_1)
     1    0.002005    0.036523    0.106031    0.464494 ^ _0594_/X (sky130_fd_sc_hd__mux2_1)
                                                         _0044_ (net)
                      0.036523    0.000000    0.464494 ^ _1087_/D (sky130_fd_sc_hd__dfrtp_2)
                                              0.464494   data arrival time

                      0.150000    0.000000    0.000000   clock clk (rise edge)
                                  0.000000    0.000000   clock network delay (ideal)
                                  0.250000    0.250000   clock uncertainty
                                  0.000000    0.250000   clock reconvergence pessimism
                                              0.250000 ^ _1087_/CLK (sky130_fd_sc_hd__dfrtp_2)
                                 -0.018596    0.231404   library hold time
                                              0.231404   data required time
---------------------------------------------------------------------------------------------
                                              0.231404   data required time
                                             -0.464494   data arrival time
---------------------------------------------------------------------------------------------
                                              0.233090   slack (MET)


Startpoint: _1088_ (rising edge-triggered flip-flop clocked by clk)
Endpoint: _1088_ (rising edge-triggered flip-flop clocked by clk)
Path Group: clk
Path Type: min

Fanout         Cap        Slew       Delay        Time   Description
---------------------------------------------------------------------------------------------
                      0.150000    0.000000    0.000000   clock clk (rise edge)
                                  0.000000    0.000000   clock network delay (ideal)
                      0.150000    0.000000    0.000000 ^ _1088_/CLK (sky130_fd_sc_hd__dfrtp_2)
     2    0.004459    0.047175    0.358463    0.358463 ^ _1088_/Q (sky130_fd_sc_hd__dfrtp_2)
                                                         coeff4[4] (net)
                      0.047175    0.000000    0.358463 ^ _0595_/A1 (sky130_fd_sc_hd__mux2_1)
     1    0.002005    0.036523    0.106031    0.464494 ^ _0595_/X (sky130_fd_sc_hd__mux2_1)
                                                         _0045_ (net)
                      0.036523    0.000000    0.464494 ^ _1088_/D (sky130_fd_sc_hd__dfrtp_2)
                                              0.464494   data arrival time

                      0.150000    0.000000    0.000000   clock clk (rise edge)
                                  0.000000    0.000000   clock network delay (ideal)
                                  0.250000    0.250000   clock uncertainty
                                  0.000000    0.250000   clock reconvergence pessimism
                                              0.250000 ^ _1088_/CLK (sky130_fd_sc_hd__dfrtp_2)
                                 -0.018596    0.231404   library hold time
                                              0.231404   data required time
---------------------------------------------------------------------------------------------
                                              0.231404   data required time
                                             -0.464494   data arrival time
---------------------------------------------------------------------------------------------
                                              0.233090   slack (MET)


Startpoint: _1091_ (rising edge-triggered flip-flop clocked by clk)
Endpoint: _1091_ (rising edge-triggered flip-flop clocked by clk)
Path Group: clk
Path Type: min

Fanout         Cap        Slew       Delay        Time   Description
---------------------------------------------------------------------------------------------
                      0.150000    0.000000    0.000000   clock clk (rise edge)
                                  0.000000    0.000000   clock network delay (ideal)
                      0.150000    0.000000    0.000000 ^ _1091_/CLK (sky130_fd_sc_hd__dfrtp_2)
     2    0.004459    0.047175    0.358463    0.358463 ^ _1091_/Q (sky130_fd_sc_hd__dfrtp_2)
                                                         coeff4[7] (net)
                      0.047175    0.000000    0.358463 ^ _0598_/A1 (sky130_fd_sc_hd__mux2_1)
     1    0.002005    0.036523    0.106031    0.464494 ^ _0598_/X (sky130_fd_sc_hd__mux2_1)
                                                         _0048_ (net)
                      0.036523    0.000000    0.464494 ^ _1091_/D (sky130_fd_sc_hd__dfrtp_2)
                                              0.464494   data arrival time

                      0.150000    0.000000    0.000000   clock clk (rise edge)
                                  0.000000    0.000000   clock network delay (ideal)
                                  0.250000    0.250000   clock uncertainty
                                  0.000000    0.250000   clock reconvergence pessimism
                                              0.250000 ^ _1091_/CLK (sky130_fd_sc_hd__dfrtp_2)
                                 -0.018596    0.231404   library hold time
                                              0.231404   data required time
---------------------------------------------------------------------------------------------
                                              0.231404   data required time
                                             -0.464494   data arrival time
---------------------------------------------------------------------------------------------
                                              0.233090   slack (MET)


Startpoint: _1115_ (rising edge-triggered flip-flop clocked by clk)
Endpoint: _1115_ (rising edge-triggered flip-flop clocked by clk)
Path Group: clk
Path Type: min

Fanout         Cap        Slew       Delay        Time   Description
---------------------------------------------------------------------------------------------
                      0.150000    0.000000    0.000000   clock clk (rise edge)
                                  0.000000    0.000000   clock network delay (ideal)
                      0.150000    0.000000    0.000000 ^ _1115_/CLK (sky130_fd_sc_hd__dfrtp_2)
     2    0.004466    0.047205    0.358492    0.358492 ^ _1115_/Q (sky130_fd_sc_hd__dfrtp_2)
                                                         coeff7[7] (net)
                      0.047205    0.000000    0.358492 ^ _0625_/A1 (sky130_fd_sc_hd__mux2_1)
     1    0.002005    0.036506    0.106040    0.464532 ^ _0625_/X (sky130_fd_sc_hd__mux2_1)
                                                         _0072_ (net)
                      0.036506    0.000000    0.464532 ^ _1115_/D (sky130_fd_sc_hd__dfrtp_2)
                                              0.464532   data arrival time

                      0.150000    0.000000    0.000000   clock clk (rise edge)
                                  0.000000    0.000000   clock network delay (ideal)
                                  0.250000    0.250000   clock uncertainty
                                  0.000000    0.250000   clock reconvergence pessimism
                                              0.250000 ^ _1115_/CLK (sky130_fd_sc_hd__dfrtp_2)
                                 -0.018593    0.231407   library hold time
                                              0.231407   data required time
---------------------------------------------------------------------------------------------
                                              0.231407   data required time
                                             -0.464532   data arrival time
---------------------------------------------------------------------------------------------
                                              0.233125   slack (MET)


Startpoint: _1089_ (rising edge-triggered flip-flop clocked by clk)
Endpoint: _1089_ (rising edge-triggered flip-flop clocked by clk)
Path Group: clk
Path Type: min

Fanout         Cap        Slew       Delay        Time   Description
---------------------------------------------------------------------------------------------
                      0.150000    0.000000    0.000000   clock clk (rise edge)
                                  0.000000    0.000000   clock network delay (ideal)
                      0.150000    0.000000    0.000000 ^ _1089_/CLK (sky130_fd_sc_hd__dfrtp_2)
     2    0.004496    0.047333    0.358614    0.358614 ^ _1089_/Q (sky130_fd_sc_hd__dfrtp_2)
                                                         coeff4[5] (net)
                      0.047333    0.000000    0.358614 ^ _0596_/A1 (sky130_fd_sc_hd__mux2_1)
     1    0.002005    0.036523    0.106082    0.464696 ^ _0596_/X (sky130_fd_sc_hd__mux2_1)
                                                         _0046_ (net)
                      0.036523    0.000000    0.464696 ^ _1089_/D (sky130_fd_sc_hd__dfrtp_2)
                                              0.464696   data arrival time

                      0.150000    0.000000    0.000000   clock clk (rise edge)
                                  0.000000    0.000000   clock network delay (ideal)
                                  0.250000    0.250000   clock uncertainty
                                  0.000000    0.250000   clock reconvergence pessimism
                                              0.250000 ^ _1089_/CLK (sky130_fd_sc_hd__dfrtp_2)
                                 -0.018596    0.231404   library hold time
                                              0.231404   data required time
---------------------------------------------------------------------------------------------
                                              0.231404   data required time
                                             -0.464696   data arrival time
---------------------------------------------------------------------------------------------
                                              0.233293   slack (MET)


Startpoint: _1092_ (rising edge-triggered flip-flop clocked by clk)
Endpoint: _1092_ (rising edge-triggered flip-flop clocked by clk)
Path Group: clk
Path Type: min

Fanout         Cap        Slew       Delay        Time   Description
---------------------------------------------------------------------------------------------
                      0.150000    0.000000    0.000000   clock clk (rise edge)
                                  0.000000    0.000000   clock network delay (ideal)
                      0.150000    0.000000    0.000000 ^ _1092_/CLK (sky130_fd_sc_hd__dfrtp_2)
     2    0.004496    0.047333    0.358614    0.358614 ^ _1092_/Q (sky130_fd_sc_hd__dfrtp_2)
                                                         coeff5[0] (net)
                      0.047333    0.000000    0.358614 ^ _0600_/A1 (sky130_fd_sc_hd__mux2_1)
     1    0.002005    0.036525    0.106082    0.464696 ^ _0600_/X (sky130_fd_sc_hd__mux2_1)
                                                         _0049_ (net)
                      0.036525    0.000000    0.464696 ^ _1092_/D (sky130_fd_sc_hd__dfrtp_2)
                                              0.464696   data arrival time

                      0.150000    0.000000    0.000000   clock clk (rise edge)
                                  0.000000    0.000000   clock network delay (ideal)
                                  0.250000    0.250000   clock uncertainty
                                  0.000000    0.250000   clock reconvergence pessimism
                                              0.250000 ^ _1092_/CLK (sky130_fd_sc_hd__dfrtp_2)
                                 -0.018597    0.231403   library hold time
                                              0.231403   data required time
---------------------------------------------------------------------------------------------
                                              0.231403   data required time
                                             -0.464696   data arrival time
---------------------------------------------------------------------------------------------
                                              0.233293   slack (MET)


Startpoint: _1085_ (rising edge-triggered flip-flop clocked by clk)
Endpoint: _1085_ (rising edge-triggered flip-flop clocked by clk)
Path Group: clk
Path Type: min

Fanout         Cap        Slew       Delay        Time   Description
---------------------------------------------------------------------------------------------
                      0.150000    0.000000    0.000000   clock clk (rise edge)
                                  0.000000    0.000000   clock network delay (ideal)
                      0.150000    0.000000    0.000000 ^ _1085_/CLK (sky130_fd_sc_hd__dfrtp_2)
     2    0.004522    0.047443    0.358721    0.358721 ^ _1085_/Q (sky130_fd_sc_hd__dfrtp_2)
                                                         coeff4[1] (net)
                      0.047443    0.000000    0.358721 ^ _0592_/A1 (sky130_fd_sc_hd__mux2_1)
     1    0.002005    0.036523    0.106119    0.464839 ^ _0592_/X (sky130_fd_sc_hd__mux2_1)
                                                         _0042_ (net)
                      0.036523    0.000000    0.464839 ^ _1085_/D (sky130_fd_sc_hd__dfrtp_2)
                                              0.464839   data arrival time

                      0.150000    0.000000    0.000000   clock clk (rise edge)
                                  0.000000    0.000000   clock network delay (ideal)
                                  0.250000    0.250000   clock uncertainty
                                  0.000000    0.250000   clock reconvergence pessimism
                                              0.250000 ^ _1085_/CLK (sky130_fd_sc_hd__dfrtp_2)
                                 -0.018596    0.231404   library hold time
                                              0.231404   data required time
---------------------------------------------------------------------------------------------
                                              0.231404   data required time
                                             -0.464839   data arrival time
---------------------------------------------------------------------------------------------
                                              0.233435   slack (MET)


Startpoint: _1134_ (rising edge-triggered flip-flop clocked by clk)
Endpoint: _1134_ (rising edge-triggered flip-flop clocked by clk)
Path Group: clk
Path Type: min

Fanout         Cap        Slew       Delay        Time   Description
---------------------------------------------------------------------------------------------
                      0.150000    0.000000    0.000000   clock clk (rise edge)
                                  0.000000    0.000000   clock network delay (ideal)
                      0.150000    0.000000    0.000000 ^ _1134_/CLK (sky130_fd_sc_hd__dfrtp_2)
     3    0.005058    0.049728    0.360911    0.360911 ^ _1134_/Q (sky130_fd_sc_hd__dfrtp_2)
                                                         snapshot2[2] (net)
                      0.049728    0.000000    0.360911 ^ _0644_/A0 (sky130_fd_sc_hd__mux2_1)
     1    0.002005    0.036913    0.104198    0.465109 ^ _0644_/X (sky130_fd_sc_hd__mux2_1)
                                                         _0091_ (net)
                      0.036913    0.000000    0.465109 ^ _1134_/D (sky130_fd_sc_hd__dfrtp_2)
                                              0.465109   data arrival time

                      0.150000    0.000000    0.000000   clock clk (rise edge)
                                  0.000000    0.000000   clock network delay (ideal)
                                  0.250000    0.250000   clock uncertainty
                                  0.000000    0.250000   clock reconvergence pessimism
                                              0.250000 ^ _1134_/CLK (sky130_fd_sc_hd__dfrtp_2)
                                 -0.018676    0.231324   library hold time
                                              0.231324   data required time
---------------------------------------------------------------------------------------------
                                              0.231324   data required time
                                             -0.465109   data arrival time
---------------------------------------------------------------------------------------------
                                              0.233785   slack (MET)


Startpoint: _1137_ (rising edge-triggered flip-flop clocked by clk)
Endpoint: _1137_ (rising edge-triggered flip-flop clocked by clk)
Path Group: clk
Path Type: min

Fanout         Cap        Slew       Delay        Time   Description
---------------------------------------------------------------------------------------------
                      0.150000    0.000000    0.000000   clock clk (rise edge)
                                  0.000000    0.000000   clock network delay (ideal)
                      0.150000    0.000000    0.000000 ^ _1137_/CLK (sky130_fd_sc_hd__dfrtp_2)
     3    0.005058    0.049728    0.360911    0.360911 ^ _1137_/Q (sky130_fd_sc_hd__dfrtp_2)
                                                         snapshot2[5] (net)
                      0.049728    0.000000    0.360911 ^ _0647_/A0 (sky130_fd_sc_hd__mux2_1)
     1    0.002005    0.036913    0.104198    0.465109 ^ _0647_/X (sky130_fd_sc_hd__mux2_1)
                                                         _0094_ (net)
                      0.036913    0.000000    0.465109 ^ _1137_/D (sky130_fd_sc_hd__dfrtp_2)
                                              0.465109   data arrival time

                      0.150000    0.000000    0.000000   clock clk (rise edge)
                                  0.000000    0.000000   clock network delay (ideal)
                                  0.250000    0.250000   clock uncertainty
                                  0.000000    0.250000   clock reconvergence pessimism
                                              0.250000 ^ _1137_/CLK (sky130_fd_sc_hd__dfrtp_2)
                                 -0.018676    0.231324   library hold time
                                              0.231324   data required time
---------------------------------------------------------------------------------------------
                                              0.231324   data required time
                                             -0.465109   data arrival time
---------------------------------------------------------------------------------------------
                                              0.233785   slack (MET)


Startpoint: _1148_ (rising edge-triggered flip-flop clocked by clk)
Endpoint: _1148_ (rising edge-triggered flip-flop clocked by clk)
Path Group: clk
Path Type: min

Fanout         Cap        Slew       Delay        Time   Description
---------------------------------------------------------------------------------------------
                      0.150000    0.000000    0.000000   clock clk (rise edge)
                                  0.000000    0.000000   clock network delay (ideal)
                      0.150000    0.000000    0.000000 ^ _1148_/CLK (sky130_fd_sc_hd__dfrtp_2)
     3    0.005058    0.049728    0.360911    0.360911 ^ _1148_/Q (sky130_fd_sc_hd__dfrtp_2)
                                                         snapshot4[0] (net)
                      0.049728    0.000000    0.360911 ^ _0658_/A0 (sky130_fd_sc_hd__mux2_1)
     1    0.002005    0.036913    0.104198    0.465109 ^ _0658_/X (sky130_fd_sc_hd__mux2_1)
                                                         _0105_ (net)
                      0.036913    0.000000    0.465109 ^ _1148_/D (sky130_fd_sc_hd__dfrtp_2)
                                              0.465109   data arrival time

                      0.150000    0.000000    0.000000   clock clk (rise edge)
                                  0.000000    0.000000   clock network delay (ideal)
                                  0.250000    0.250000   clock uncertainty
                                  0.000000    0.250000   clock reconvergence pessimism
                                              0.250000 ^ _1148_/CLK (sky130_fd_sc_hd__dfrtp_2)
                                 -0.018676    0.231324   library hold time
                                              0.231324   data required time
---------------------------------------------------------------------------------------------
                                              0.231324   data required time
                                             -0.465109   data arrival time
---------------------------------------------------------------------------------------------
                                              0.233785   slack (MET)


Startpoint: _1147_ (rising edge-triggered flip-flop clocked by clk)
Endpoint: _1147_ (rising edge-triggered flip-flop clocked by clk)
Path Group: clk
Path Type: min

Fanout         Cap        Slew       Delay        Time   Description
---------------------------------------------------------------------------------------------
                      0.150000    0.000000    0.000000   clock clk (rise edge)
                                  0.000000    0.000000   clock network delay (ideal)
                      0.150000    0.000000    0.000000 ^ _1147_/CLK (sky130_fd_sc_hd__dfrtp_2)
     3    0.005071    0.049783    0.360964    0.360964 ^ _1147_/Q (sky130_fd_sc_hd__dfrtp_2)
                                                         snapshot3[7] (net)
                      0.049783    0.000000    0.360964 ^ _0657_/A0 (sky130_fd_sc_hd__mux2_1)
     1    0.002005    0.036913    0.104217    0.465181 ^ _0657_/X (sky130_fd_sc_hd__mux2_1)
                                                         _0104_ (net)
                      0.036913    0.000000    0.465181 ^ _1147_/D (sky130_fd_sc_hd__dfrtp_2)
                                              0.465181   data arrival time

                      0.150000    0.000000    0.000000   clock clk (rise edge)
                                  0.000000    0.000000   clock network delay (ideal)
                                  0.250000    0.250000   clock uncertainty
                                  0.000000    0.250000   clock reconvergence pessimism
                                              0.250000 ^ _1147_/CLK (sky130_fd_sc_hd__dfrtp_2)
                                 -0.018676    0.231324   library hold time
                                              0.231324   data required time
---------------------------------------------------------------------------------------------
                                              0.231324   data required time
                                             -0.465181   data arrival time
---------------------------------------------------------------------------------------------
                                              0.233857   slack (MET)


Startpoint: _1124_ (rising edge-triggered flip-flop clocked by clk)
Endpoint: _1124_ (rising edge-triggered flip-flop clocked by clk)
Path Group: clk
Path Type: min

Fanout         Cap        Slew       Delay        Time   Description
---------------------------------------------------------------------------------------------
                      0.150000    0.000000    0.000000   clock clk (rise edge)
                                  0.000000    0.000000   clock network delay (ideal)
                      0.150000    0.000000    0.000000 ^ _1124_/CLK (sky130_fd_sc_hd__dfrtp_2)
     3    0.005103    0.049920    0.361095    0.361095 ^ _1124_/Q (sky130_fd_sc_hd__dfrtp_2)
                                                         snapshot1[0] (net)
                      0.049920    0.000000    0.361095 ^ _0634_/A0 (sky130_fd_sc_hd__mux2_1)
     1    0.002005    0.036913    0.104261    0.465356 ^ _0634_/X (sky130_fd_sc_hd__mux2_1)
                                                         _0081_ (net)
                      0.036913    0.000000    0.465356 ^ _1124_/D (sky130_fd_sc_hd__dfrtp_2)
                                              0.465356   data arrival time

                      0.150000    0.000000    0.000000   clock clk (rise edge)
                                  0.000000    0.000000   clock network delay (ideal)
                                  0.250000    0.250000   clock uncertainty
                                  0.000000    0.250000   clock reconvergence pessimism
                                              0.250000 ^ _1124_/CLK (sky130_fd_sc_hd__dfrtp_2)
                                 -0.018676    0.231324   library hold time
                                              0.231324   data required time
---------------------------------------------------------------------------------------------
                                              0.231324   data required time
                                             -0.465356   data arrival time
---------------------------------------------------------------------------------------------
                                              0.234032   slack (MET)


Startpoint: _1125_ (rising edge-triggered flip-flop clocked by clk)
Endpoint: _1125_ (rising edge-triggered flip-flop clocked by clk)
Path Group: clk
Path Type: min

Fanout         Cap        Slew       Delay        Time   Description
---------------------------------------------------------------------------------------------
                      0.150000    0.000000    0.000000   clock clk (rise edge)
                                  0.000000    0.000000   clock network delay (ideal)
                      0.150000    0.000000    0.000000 ^ _1125_/CLK (sky130_fd_sc_hd__dfrtp_2)
     3    0.005103    0.049920    0.361095    0.361095 ^ _1125_/Q (sky130_fd_sc_hd__dfrtp_2)
                                                         snapshot1[1] (net)
                      0.049920    0.000000    0.361095 ^ _0635_/A0 (sky130_fd_sc_hd__mux2_1)
     1    0.002005    0.036913    0.104261    0.465356 ^ _0635_/X (sky130_fd_sc_hd__mux2_1)
                                                         _0082_ (net)
                      0.036913    0.000000    0.465356 ^ _1125_/D (sky130_fd_sc_hd__dfrtp_2)
                                              0.465356   data arrival time

                      0.150000    0.000000    0.000000   clock clk (rise edge)
                                  0.000000    0.000000   clock network delay (ideal)
                                  0.250000    0.250000   clock uncertainty
                                  0.000000    0.250000   clock reconvergence pessimism
                                              0.250000 ^ _1125_/CLK (sky130_fd_sc_hd__dfrtp_2)
                                 -0.018676    0.231324   library hold time
                                              0.231324   data required time
---------------------------------------------------------------------------------------------
                                              0.231324   data required time
                                             -0.465356   data arrival time
---------------------------------------------------------------------------------------------
                                              0.234032   slack (MET)


Startpoint: _1128_ (rising edge-triggered flip-flop clocked by clk)
Endpoint: _1128_ (rising edge-triggered flip-flop clocked by clk)
Path Group: clk
Path Type: min

Fanout         Cap        Slew       Delay        Time   Description
---------------------------------------------------------------------------------------------
                      0.150000    0.000000    0.000000   clock clk (rise edge)
                                  0.000000    0.000000   clock network delay (ideal)
                      0.150000    0.000000    0.000000 ^ _1128_/CLK (sky130_fd_sc_hd__dfrtp_2)
     3    0.005103    0.049920    0.361095    0.361095 ^ _1128_/Q (sky130_fd_sc_hd__dfrtp_2)
                                                         snapshot1[4] (net)
                      0.049920    0.000000    0.361095 ^ _0638_/A0 (sky130_fd_sc_hd__mux2_1)
     1    0.002005    0.036913    0.104261    0.465356 ^ _0638_/X (sky130_fd_sc_hd__mux2_1)
                                                         _0085_ (net)
                      0.036913    0.000000    0.465356 ^ _1128_/D (sky130_fd_sc_hd__dfrtp_2)
                                              0.465356   data arrival time

                      0.150000    0.000000    0.000000   clock clk (rise edge)
                                  0.000000    0.000000   clock network delay (ideal)
                                  0.250000    0.250000   clock uncertainty
                                  0.000000    0.250000   clock reconvergence pessimism
                                              0.250000 ^ _1128_/CLK (sky130_fd_sc_hd__dfrtp_2)
                                 -0.018676    0.231324   library hold time
                                              0.231324   data required time
---------------------------------------------------------------------------------------------
                                              0.231324   data required time
                                             -0.465356   data arrival time
---------------------------------------------------------------------------------------------
                                              0.234032   slack (MET)


Startpoint: _1130_ (rising edge-triggered flip-flop clocked by clk)
Endpoint: _1130_ (rising edge-triggered flip-flop clocked by clk)
Path Group: clk
Path Type: min

Fanout         Cap        Slew       Delay        Time   Description
---------------------------------------------------------------------------------------------
                      0.150000    0.000000    0.000000   clock clk (rise edge)
                                  0.000000    0.000000   clock network delay (ideal)
                      0.150000    0.000000    0.000000 ^ _1130_/CLK (sky130_fd_sc_hd__dfrtp_2)
     3    0.005103    0.049920    0.361095    0.361095 ^ _1130_/Q (sky130_fd_sc_hd__dfrtp_2)
                                                         snapshot1[6] (net)
                      0.049920    0.000000    0.361095 ^ _0640_/A0 (sky130_fd_sc_hd__mux2_1)
     1    0.002005    0.036913    0.104261    0.465356 ^ _0640_/X (sky130_fd_sc_hd__mux2_1)
                                                         _0087_ (net)
                      0.036913    0.000000    0.465356 ^ _1130_/D (sky130_fd_sc_hd__dfrtp_2)
                                              0.465356   data arrival time

                      0.150000    0.000000    0.000000   clock clk (rise edge)
                                  0.000000    0.000000   clock network delay (ideal)
                                  0.250000    0.250000   clock uncertainty
                                  0.000000    0.250000   clock reconvergence pessimism
                                              0.250000 ^ _1130_/CLK (sky130_fd_sc_hd__dfrtp_2)
                                 -0.018676    0.231324   library hold time
                                              0.231324   data required time
---------------------------------------------------------------------------------------------
                                              0.231324   data required time
                                             -0.465356   data arrival time
---------------------------------------------------------------------------------------------
                                              0.234032   slack (MET)


Startpoint: _1133_ (rising edge-triggered flip-flop clocked by clk)
Endpoint: _1133_ (rising edge-triggered flip-flop clocked by clk)
Path Group: clk
Path Type: min

Fanout         Cap        Slew       Delay        Time   Description
---------------------------------------------------------------------------------------------
                      0.150000    0.000000    0.000000   clock clk (rise edge)
                                  0.000000    0.000000   clock network delay (ideal)
                      0.150000    0.000000    0.000000 ^ _1133_/CLK (sky130_fd_sc_hd__dfrtp_2)
     3    0.005103    0.049920    0.361095    0.361095 ^ _1133_/Q (sky130_fd_sc_hd__dfrtp_2)
                                                         snapshot2[1] (net)
                      0.049920    0.000000    0.361095 ^ _0643_/A0 (sky130_fd_sc_hd__mux2_1)
     1    0.002005    0.036913    0.104261    0.465356 ^ _0643_/X (sky130_fd_sc_hd__mux2_1)
                                                         _0090_ (net)
                      0.036913    0.000000    0.465356 ^ _1133_/D (sky130_fd_sc_hd__dfrtp_2)
                                              0.465356   data arrival time

                      0.150000    0.000000    0.000000   clock clk (rise edge)
                                  0.000000    0.000000   clock network delay (ideal)
                                  0.250000    0.250000   clock uncertainty
                                  0.000000    0.250000   clock reconvergence pessimism
                                              0.250000 ^ _1133_/CLK (sky130_fd_sc_hd__dfrtp_2)
                                 -0.018676    0.231324   library hold time
                                              0.231324   data required time
---------------------------------------------------------------------------------------------
                                              0.231324   data required time
                                             -0.465356   data arrival time
---------------------------------------------------------------------------------------------
                                              0.234032   slack (MET)


Startpoint: _1135_ (rising edge-triggered flip-flop clocked by clk)
Endpoint: _1135_ (rising edge-triggered flip-flop clocked by clk)
Path Group: clk
Path Type: min

Fanout         Cap        Slew       Delay        Time   Description
---------------------------------------------------------------------------------------------
                      0.150000    0.000000    0.000000   clock clk (rise edge)
                                  0.000000    0.000000   clock network delay (ideal)
                      0.150000    0.000000    0.000000 ^ _1135_/CLK (sky130_fd_sc_hd__dfrtp_2)
     3    0.005103    0.049920    0.361095    0.361095 ^ _1135_/Q (sky130_fd_sc_hd__dfrtp_2)
                                                         snapshot2[3] (net)
                      0.049920    0.000000    0.361095 ^ _0645_/A0 (sky130_fd_sc_hd__mux2_1)
     1    0.002005    0.036913    0.104261    0.465356 ^ _0645_/X (sky130_fd_sc_hd__mux2_1)
                                                         _0092_ (net)
                      0.036913    0.000000    0.465356 ^ _1135_/D (sky130_fd_sc_hd__dfrtp_2)
                                              0.465356   data arrival time

                      0.150000    0.000000    0.000000   clock clk (rise edge)
                                  0.000000    0.000000   clock network delay (ideal)
                                  0.250000    0.250000   clock uncertainty
                                  0.000000    0.250000   clock reconvergence pessimism
                                              0.250000 ^ _1135_/CLK (sky130_fd_sc_hd__dfrtp_2)
                                 -0.018676    0.231324   library hold time
                                              0.231324   data required time
---------------------------------------------------------------------------------------------
                                              0.231324   data required time
                                             -0.465356   data arrival time
---------------------------------------------------------------------------------------------
                                              0.234032   slack (MET)


Startpoint: _1154_ (rising edge-triggered flip-flop clocked by clk)
Endpoint: _1154_ (rising edge-triggered flip-flop clocked by clk)
Path Group: clk
Path Type: min

Fanout         Cap        Slew       Delay        Time   Description
---------------------------------------------------------------------------------------------
                      0.150000    0.000000    0.000000   clock clk (rise edge)
                                  0.000000    0.000000   clock network delay (ideal)
                      0.150000    0.000000    0.000000 ^ _1154_/CLK (sky130_fd_sc_hd__dfrtp_2)
     3    0.005141    0.050082    0.361250    0.361250 ^ _1154_/Q (sky130_fd_sc_hd__dfrtp_2)
                                                         snapshot4[6] (net)
                      0.050082    0.000000    0.361250 ^ _0664_/A0 (sky130_fd_sc_hd__mux2_1)
     1    0.002005    0.036913    0.104314    0.465565 ^ _0664_/X (sky130_fd_sc_hd__mux2_1)
                                                         _0111_ (net)
                      0.036913    0.000000    0.465565 ^ _1154_/D (sky130_fd_sc_hd__dfrtp_2)
                                              0.465565   data arrival time

                      0.150000    0.000000    0.000000   clock clk (rise edge)
                                  0.000000    0.000000   clock network delay (ideal)
                                  0.250000    0.250000   clock uncertainty
                                  0.000000    0.250000   clock reconvergence pessimism
                                              0.250000 ^ _1154_/CLK (sky130_fd_sc_hd__dfrtp_2)
                                 -0.018676    0.231324   library hold time
                                              0.231324   data required time
---------------------------------------------------------------------------------------------
                                              0.231324   data required time
                                             -0.465565   data arrival time
---------------------------------------------------------------------------------------------
                                              0.234241   slack (MET)


Startpoint: _1164_ (rising edge-triggered flip-flop clocked by clk)
Endpoint: _1164_ (rising edge-triggered flip-flop clocked by clk)
Path Group: clk
Path Type: min

Fanout         Cap        Slew       Delay        Time   Description
---------------------------------------------------------------------------------------------
                      0.150000    0.000000    0.000000   clock clk (rise edge)
                                  0.000000    0.000000   clock network delay (ideal)
                      0.150000    0.000000    0.000000 ^ _1164_/CLK (sky130_fd_sc_hd__dfrtp_2)
     3    0.005169    0.050201    0.361365    0.361365 ^ _1164_/Q (sky130_fd_sc_hd__dfrtp_2)
                                                         snapshot6[0] (net)
                      0.050201    0.000000    0.361365 ^ _0674_/A0 (sky130_fd_sc_hd__mux2_1)
     1    0.002005    0.036913    0.104354    0.465718 ^ _0674_/X (sky130_fd_sc_hd__mux2_1)
                                                         _0121_ (net)
                      0.036913    0.000000    0.465718 ^ _1164_/D (sky130_fd_sc_hd__dfrtp_2)
                                              0.465718   data arrival time

                      0.150000    0.000000    0.000000   clock clk (rise edge)
                                  0.000000    0.000000   clock network delay (ideal)
                                  0.250000    0.250000   clock uncertainty
                                  0.000000    0.250000   clock reconvergence pessimism
                                              0.250000 ^ _1164_/CLK (sky130_fd_sc_hd__dfrtp_2)
                                 -0.018676    0.231324   library hold time
                                              0.231324   data required time
---------------------------------------------------------------------------------------------
                                              0.231324   data required time
                                             -0.465718   data arrival time
---------------------------------------------------------------------------------------------
                                              0.234394   slack (MET)


Startpoint: _1165_ (rising edge-triggered flip-flop clocked by clk)
Endpoint: _1165_ (rising edge-triggered flip-flop clocked by clk)
Path Group: clk
Path Type: min

Fanout         Cap        Slew       Delay        Time   Description
---------------------------------------------------------------------------------------------
                      0.150000    0.000000    0.000000   clock clk (rise edge)
                                  0.000000    0.000000   clock network delay (ideal)
                      0.150000    0.000000    0.000000 ^ _1165_/CLK (sky130_fd_sc_hd__dfrtp_2)
     3    0.005169    0.050201    0.361365    0.361365 ^ _1165_/Q (sky130_fd_sc_hd__dfrtp_2)
                                                         snapshot6[1] (net)
                      0.050201    0.000000    0.361365 ^ _0675_/A0 (sky130_fd_sc_hd__mux2_1)
     1    0.002005    0.036913    0.104354    0.465718 ^ _0675_/X (sky130_fd_sc_hd__mux2_1)
                                                         _0122_ (net)
                      0.036913    0.000000    0.465718 ^ _1165_/D (sky130_fd_sc_hd__dfrtp_2)
                                              0.465718   data arrival time

                      0.150000    0.000000    0.000000   clock clk (rise edge)
                                  0.000000    0.000000   clock network delay (ideal)
                                  0.250000    0.250000   clock uncertainty
                                  0.000000    0.250000   clock reconvergence pessimism
                                              0.250000 ^ _1165_/CLK (sky130_fd_sc_hd__dfrtp_2)
                                 -0.018676    0.231324   library hold time
                                              0.231324   data required time
---------------------------------------------------------------------------------------------
                                              0.231324   data required time
                                             -0.465718   data arrival time
---------------------------------------------------------------------------------------------
                                              0.234394   slack (MET)


Startpoint: _1166_ (rising edge-triggered flip-flop clocked by clk)
Endpoint: _1166_ (rising edge-triggered flip-flop clocked by clk)
Path Group: clk
Path Type: min

Fanout         Cap        Slew       Delay        Time   Description
---------------------------------------------------------------------------------------------
                      0.150000    0.000000    0.000000   clock clk (rise edge)
                                  0.000000    0.000000   clock network delay (ideal)
                      0.150000    0.000000    0.000000 ^ _1166_/CLK (sky130_fd_sc_hd__dfrtp_2)
     3    0.005169    0.050201    0.361365    0.361365 ^ _1166_/Q (sky130_fd_sc_hd__dfrtp_2)
                                                         snapshot6[2] (net)
                      0.050201    0.000000    0.361365 ^ _0676_/A0 (sky130_fd_sc_hd__mux2_1)
     1    0.002005    0.036913    0.104354    0.465718 ^ _0676_/X (sky130_fd_sc_hd__mux2_1)
                                                         _0123_ (net)
                      0.036913    0.000000    0.465718 ^ _1166_/D (sky130_fd_sc_hd__dfrtp_2)
                                              0.465718   data arrival time

                      0.150000    0.000000    0.000000   clock clk (rise edge)
                                  0.000000    0.000000   clock network delay (ideal)
                                  0.250000    0.250000   clock uncertainty
                                  0.000000    0.250000   clock reconvergence pessimism
                                              0.250000 ^ _1166_/CLK (sky130_fd_sc_hd__dfrtp_2)
                                 -0.018676    0.231324   library hold time
                                              0.231324   data required time
---------------------------------------------------------------------------------------------
                                              0.231324   data required time
                                             -0.465718   data arrival time
---------------------------------------------------------------------------------------------
                                              0.234394   slack (MET)


Startpoint: _1167_ (rising edge-triggered flip-flop clocked by clk)
Endpoint: _1167_ (rising edge-triggered flip-flop clocked by clk)
Path Group: clk
Path Type: min

Fanout         Cap        Slew       Delay        Time   Description
---------------------------------------------------------------------------------------------
                      0.150000    0.000000    0.000000   clock clk (rise edge)
                                  0.000000    0.000000   clock network delay (ideal)
                      0.150000    0.000000    0.000000 ^ _1167_/CLK (sky130_fd_sc_hd__dfrtp_2)
     3    0.005169    0.050201    0.361365    0.361365 ^ _1167_/Q (sky130_fd_sc_hd__dfrtp_2)
                                                         snapshot6[3] (net)
                      0.050201    0.000000    0.361365 ^ _0677_/A0 (sky130_fd_sc_hd__mux2_1)
     1    0.002005    0.036913    0.104354    0.465718 ^ _0677_/X (sky130_fd_sc_hd__mux2_1)
                                                         _0124_ (net)
                      0.036913    0.000000    0.465718 ^ _1167_/D (sky130_fd_sc_hd__dfrtp_2)
                                              0.465718   data arrival time

                      0.150000    0.000000    0.000000   clock clk (rise edge)
                                  0.000000    0.000000   clock network delay (ideal)
                                  0.250000    0.250000   clock uncertainty
                                  0.000000    0.250000   clock reconvergence pessimism
                                              0.250000 ^ _1167_/CLK (sky130_fd_sc_hd__dfrtp_2)
                                 -0.018676    0.231324   library hold time
                                              0.231324   data required time
---------------------------------------------------------------------------------------------
                                              0.231324   data required time
                                             -0.465718   data arrival time
---------------------------------------------------------------------------------------------
                                              0.234394   slack (MET)


Startpoint: _1168_ (rising edge-triggered flip-flop clocked by clk)
Endpoint: _1168_ (rising edge-triggered flip-flop clocked by clk)
Path Group: clk
Path Type: min

Fanout         Cap        Slew       Delay        Time   Description
---------------------------------------------------------------------------------------------
                      0.150000    0.000000    0.000000   clock clk (rise edge)
                                  0.000000    0.000000   clock network delay (ideal)
                      0.150000    0.000000    0.000000 ^ _1168_/CLK (sky130_fd_sc_hd__dfrtp_2)
     3    0.005169    0.050201    0.361365    0.361365 ^ _1168_/Q (sky130_fd_sc_hd__dfrtp_2)
                                                         snapshot6[4] (net)
                      0.050201    0.000000    0.361365 ^ _0678_/A0 (sky130_fd_sc_hd__mux2_1)
     1    0.002005    0.036913    0.104354    0.465718 ^ _0678_/X (sky130_fd_sc_hd__mux2_1)
                                                         _0125_ (net)
                      0.036913    0.000000    0.465718 ^ _1168_/D (sky130_fd_sc_hd__dfrtp_2)
                                              0.465718   data arrival time

                      0.150000    0.000000    0.000000   clock clk (rise edge)
                                  0.000000    0.000000   clock network delay (ideal)
                                  0.250000    0.250000   clock uncertainty
                                  0.000000    0.250000   clock reconvergence pessimism
                                              0.250000 ^ _1168_/CLK (sky130_fd_sc_hd__dfrtp_2)
                                 -0.018676    0.231324   library hold time
                                              0.231324   data required time
---------------------------------------------------------------------------------------------
                                              0.231324   data required time
                                             -0.465718   data arrival time
---------------------------------------------------------------------------------------------
                                              0.234394   slack (MET)


Startpoint: _1169_ (rising edge-triggered flip-flop clocked by clk)
Endpoint: _1169_ (rising edge-triggered flip-flop clocked by clk)
Path Group: clk
Path Type: min

Fanout         Cap        Slew       Delay        Time   Description
---------------------------------------------------------------------------------------------
                      0.150000    0.000000    0.000000   clock clk (rise edge)
                                  0.000000    0.000000   clock network delay (ideal)
                      0.150000    0.000000    0.000000 ^ _1169_/CLK (sky130_fd_sc_hd__dfrtp_2)
     3    0.005169    0.050201    0.361365    0.361365 ^ _1169_/Q (sky130_fd_sc_hd__dfrtp_2)
                                                         snapshot6[5] (net)
                      0.050201    0.000000    0.361365 ^ _0679_/A0 (sky130_fd_sc_hd__mux2_1)
     1    0.002005    0.036913    0.104354    0.465718 ^ _0679_/X (sky130_fd_sc_hd__mux2_1)
                                                         _0126_ (net)
                      0.036913    0.000000    0.465718 ^ _1169_/D (sky130_fd_sc_hd__dfrtp_2)
                                              0.465718   data arrival time

                      0.150000    0.000000    0.000000   clock clk (rise edge)
                                  0.000000    0.000000   clock network delay (ideal)
                                  0.250000    0.250000   clock uncertainty
                                  0.000000    0.250000   clock reconvergence pessimism
                                              0.250000 ^ _1169_/CLK (sky130_fd_sc_hd__dfrtp_2)
                                 -0.018676    0.231324   library hold time
                                              0.231324   data required time
---------------------------------------------------------------------------------------------
                                              0.231324   data required time
                                             -0.465718   data arrival time
---------------------------------------------------------------------------------------------
                                              0.234394   slack (MET)


Startpoint: _1158_ (rising edge-triggered flip-flop clocked by clk)
Endpoint: _1158_ (rising edge-triggered flip-flop clocked by clk)
Path Group: clk
Path Type: min

Fanout         Cap        Slew       Delay        Time   Description
---------------------------------------------------------------------------------------------
                      0.150000    0.000000    0.000000   clock clk (rise edge)
                                  0.000000    0.000000   clock network delay (ideal)
                      0.150000    0.000000    0.000000 ^ _1158_/CLK (sky130_fd_sc_hd__dfrtp_2)
     3    0.005200    0.050333    0.361491    0.361491 ^ _1158_/Q (sky130_fd_sc_hd__dfrtp_2)
                                                         snapshot5[2] (net)
                      0.050333    0.000000    0.361491 ^ _0668_/A0 (sky130_fd_sc_hd__mux2_1)
     1    0.002005    0.036913    0.104397    0.465888 ^ _0668_/X (sky130_fd_sc_hd__mux2_1)
                                                         _0115_ (net)
                      0.036913    0.000000    0.465888 ^ _1158_/D (sky130_fd_sc_hd__dfrtp_2)
                                              0.465888   data arrival time

                      0.150000    0.000000    0.000000   clock clk (rise edge)
                                  0.000000    0.000000   clock network delay (ideal)
                                  0.250000    0.250000   clock uncertainty
                                  0.000000    0.250000   clock reconvergence pessimism
                                              0.250000 ^ _1158_/CLK (sky130_fd_sc_hd__dfrtp_2)
                                 -0.018676    0.231324   library hold time
                                              0.231324   data required time
---------------------------------------------------------------------------------------------
                                              0.231324   data required time
                                             -0.465888   data arrival time
---------------------------------------------------------------------------------------------
                                              0.234564   slack (MET)


Startpoint: _1159_ (rising edge-triggered flip-flop clocked by clk)
Endpoint: _1159_ (rising edge-triggered flip-flop clocked by clk)
Path Group: clk
Path Type: min

Fanout         Cap        Slew       Delay        Time   Description
---------------------------------------------------------------------------------------------
                      0.150000    0.000000    0.000000   clock clk (rise edge)
                                  0.000000    0.000000   clock network delay (ideal)
                      0.150000    0.000000    0.000000 ^ _1159_/CLK (sky130_fd_sc_hd__dfrtp_2)
     3    0.005200    0.050333    0.361491    0.361491 ^ _1159_/Q (sky130_fd_sc_hd__dfrtp_2)
                                                         snapshot5[3] (net)
                      0.050333    0.000000    0.361491 ^ _0669_/A0 (sky130_fd_sc_hd__mux2_1)
     1    0.002005    0.036913    0.104397    0.465888 ^ _0669_/X (sky130_fd_sc_hd__mux2_1)
                                                         _0116_ (net)
                      0.036913    0.000000    0.465888 ^ _1159_/D (sky130_fd_sc_hd__dfrtp_2)
                                              0.465888   data arrival time

                      0.150000    0.000000    0.000000   clock clk (rise edge)
                                  0.000000    0.000000   clock network delay (ideal)
                                  0.250000    0.250000   clock uncertainty
                                  0.000000    0.250000   clock reconvergence pessimism
                                              0.250000 ^ _1159_/CLK (sky130_fd_sc_hd__dfrtp_2)
                                 -0.018676    0.231324   library hold time
                                              0.231324   data required time
---------------------------------------------------------------------------------------------
                                              0.231324   data required time
                                             -0.465888   data arrival time
---------------------------------------------------------------------------------------------
                                              0.234564   slack (MET)


Startpoint: _1160_ (rising edge-triggered flip-flop clocked by clk)
Endpoint: _1160_ (rising edge-triggered flip-flop clocked by clk)
Path Group: clk
Path Type: min

Fanout         Cap        Slew       Delay        Time   Description
---------------------------------------------------------------------------------------------
                      0.150000    0.000000    0.000000   clock clk (rise edge)
                                  0.000000    0.000000   clock network delay (ideal)
                      0.150000    0.000000    0.000000 ^ _1160_/CLK (sky130_fd_sc_hd__dfrtp_2)
     3    0.005200    0.050333    0.361491    0.361491 ^ _1160_/Q (sky130_fd_sc_hd__dfrtp_2)
                                                         snapshot5[4] (net)
                      0.050333    0.000000    0.361491 ^ _0670_/A0 (sky130_fd_sc_hd__mux2_1)
     1    0.002005    0.036913    0.104397    0.465888 ^ _0670_/X (sky130_fd_sc_hd__mux2_1)
                                                         _0117_ (net)
                      0.036913    0.000000    0.465888 ^ _1160_/D (sky130_fd_sc_hd__dfrtp_2)
                                              0.465888   data arrival time

                      0.150000    0.000000    0.000000   clock clk (rise edge)
                                  0.000000    0.000000   clock network delay (ideal)
                                  0.250000    0.250000   clock uncertainty
                                  0.000000    0.250000   clock reconvergence pessimism
                                              0.250000 ^ _1160_/CLK (sky130_fd_sc_hd__dfrtp_2)
                                 -0.018676    0.231324   library hold time
                                              0.231324   data required time
---------------------------------------------------------------------------------------------
                                              0.231324   data required time
                                             -0.465888   data arrival time
---------------------------------------------------------------------------------------------
                                              0.234564   slack (MET)


Startpoint: _1162_ (rising edge-triggered flip-flop clocked by clk)
Endpoint: _1162_ (rising edge-triggered flip-flop clocked by clk)
Path Group: clk
Path Type: min

Fanout         Cap        Slew       Delay        Time   Description
---------------------------------------------------------------------------------------------
                      0.150000    0.000000    0.000000   clock clk (rise edge)
                                  0.000000    0.000000   clock network delay (ideal)
                      0.150000    0.000000    0.000000 ^ _1162_/CLK (sky130_fd_sc_hd__dfrtp_2)
     3    0.005200    0.050333    0.361491    0.361491 ^ _1162_/Q (sky130_fd_sc_hd__dfrtp_2)
                                                         snapshot5[6] (net)
                      0.050333    0.000000    0.361491 ^ _0672_/A0 (sky130_fd_sc_hd__mux2_1)
     1    0.002005    0.036913    0.104397    0.465888 ^ _0672_/X (sky130_fd_sc_hd__mux2_1)
                                                         _0119_ (net)
                      0.036913    0.000000    0.465888 ^ _1162_/D (sky130_fd_sc_hd__dfrtp_2)
                                              0.465888   data arrival time

                      0.150000    0.000000    0.000000   clock clk (rise edge)
                                  0.000000    0.000000   clock network delay (ideal)
                                  0.250000    0.250000   clock uncertainty
                                  0.000000    0.250000   clock reconvergence pessimism
                                              0.250000 ^ _1162_/CLK (sky130_fd_sc_hd__dfrtp_2)
                                 -0.018676    0.231324   library hold time
                                              0.231324   data required time
---------------------------------------------------------------------------------------------
                                              0.231324   data required time
                                             -0.465888   data arrival time
---------------------------------------------------------------------------------------------
                                              0.234564   slack (MET)


Startpoint: _1121_ (rising edge-triggered flip-flop clocked by clk)
Endpoint: _1129_ (rising edge-triggered flip-flop clocked by clk)
Path Group: clk
Path Type: min

Fanout         Cap        Slew       Delay        Time   Description
---------------------------------------------------------------------------------------------
                      0.150000    0.000000    0.000000   clock clk (rise edge)
                                  0.000000    0.000000   clock network delay (ideal)
                      0.150000    0.000000    0.000000 ^ _1121_/CLK (sky130_fd_sc_hd__dfrtp_2)
     3    0.005052    0.049702    0.360886    0.360886 ^ _1121_/Q (sky130_fd_sc_hd__dfrtp_2)
                                                         snapshot0[5] (net)
                      0.049702    0.000000    0.360886 ^ _0639_/A1 (sky130_fd_sc_hd__mux2_1)
     1    0.002005    0.036913    0.106858    0.467745 ^ _0639_/X (sky130_fd_sc_hd__mux2_1)
                                                         _0086_ (net)
                      0.036913    0.000000    0.467745 ^ _1129_/D (sky130_fd_sc_hd__dfrtp_2)
                                              0.467745   data arrival time

                      0.150000    0.000000    0.000000   clock clk (rise edge)
                                  0.000000    0.000000   clock network delay (ideal)
                                  0.250000    0.250000   clock uncertainty
                                  0.000000    0.250000   clock reconvergence pessimism
                                              0.250000 ^ _1129_/CLK (sky130_fd_sc_hd__dfrtp_2)
                                 -0.018676    0.231324   library hold time
                                              0.231324   data required time
---------------------------------------------------------------------------------------------
                                              0.231324   data required time
                                             -0.467745   data arrival time
---------------------------------------------------------------------------------------------
                                              0.236421   slack (MET)


Startpoint: _1134_ (rising edge-triggered flip-flop clocked by clk)
Endpoint: _1142_ (rising edge-triggered flip-flop clocked by clk)
Path Group: clk
Path Type: min

Fanout         Cap        Slew       Delay        Time   Description
---------------------------------------------------------------------------------------------
                      0.150000    0.000000    0.000000   clock clk (rise edge)
                                  0.000000    0.000000   clock network delay (ideal)
                      0.150000    0.000000    0.000000 ^ _1134_/CLK (sky130_fd_sc_hd__dfrtp_2)
     3    0.005058    0.049728    0.360911    0.360911 ^ _1134_/Q (sky130_fd_sc_hd__dfrtp_2)
                                                         snapshot2[2] (net)
                      0.049728    0.000000    0.360911 ^ _0652_/A1 (sky130_fd_sc_hd__mux2_1)
     1    0.002005    0.036913    0.106867    0.467777 ^ _0652_/X (sky130_fd_sc_hd__mux2_1)
                                                         _0099_ (net)
                      0.036913    0.000000    0.467777 ^ _1142_/D (sky130_fd_sc_hd__dfrtp_2)
                                              0.467777   data arrival time

                      0.150000    0.000000    0.000000   clock clk (rise edge)
                                  0.000000    0.000000   clock network delay (ideal)
                                  0.250000    0.250000   clock uncertainty
                                  0.000000    0.250000   clock reconvergence pessimism
                                              0.250000 ^ _1142_/CLK (sky130_fd_sc_hd__dfrtp_2)
                                 -0.018676    0.231324   library hold time
                                              0.231324   data required time
---------------------------------------------------------------------------------------------
                                              0.231324   data required time
                                             -0.467777   data arrival time
---------------------------------------------------------------------------------------------
                                              0.236454   slack (MET)


Startpoint: _1137_ (rising edge-triggered flip-flop clocked by clk)
Endpoint: _1145_ (rising edge-triggered flip-flop clocked by clk)
Path Group: clk
Path Type: min

Fanout         Cap        Slew       Delay        Time   Description
---------------------------------------------------------------------------------------------
                      0.150000    0.000000    0.000000   clock clk (rise edge)
                                  0.000000    0.000000   clock network delay (ideal)
                      0.150000    0.000000    0.000000 ^ _1137_/CLK (sky130_fd_sc_hd__dfrtp_2)
     3    0.005058    0.049728    0.360911    0.360911 ^ _1137_/Q (sky130_fd_sc_hd__dfrtp_2)
                                                         snapshot2[5] (net)
                      0.049728    0.000000    0.360911 ^ _0655_/A1 (sky130_fd_sc_hd__mux2_1)
     1    0.002005    0.036913    0.106867    0.467777 ^ _0655_/X (sky130_fd_sc_hd__mux2_1)
                                                         _0102_ (net)
                      0.036913    0.000000    0.467777 ^ _1145_/D (sky130_fd_sc_hd__dfrtp_2)
                                              0.467777   data arrival time

                      0.150000    0.000000    0.000000   clock clk (rise edge)
                                  0.000000    0.000000   clock network delay (ideal)
                                  0.250000    0.250000   clock uncertainty
                                  0.000000    0.250000   clock reconvergence pessimism
                                              0.250000 ^ _1145_/CLK (sky130_fd_sc_hd__dfrtp_2)
                                 -0.018676    0.231324   library hold time
                                              0.231324   data required time
---------------------------------------------------------------------------------------------
                                              0.231324   data required time
                                             -0.467777   data arrival time
---------------------------------------------------------------------------------------------
                                              0.236454   slack (MET)


Startpoint: _1148_ (rising edge-triggered flip-flop clocked by clk)
Endpoint: _1156_ (rising edge-triggered flip-flop clocked by clk)
Path Group: clk
Path Type: min

Fanout         Cap        Slew       Delay        Time   Description
---------------------------------------------------------------------------------------------
                      0.150000    0.000000    0.000000   clock clk (rise edge)
                                  0.000000    0.000000   clock network delay (ideal)
                      0.150000    0.000000    0.000000 ^ _1148_/CLK (sky130_fd_sc_hd__dfrtp_2)
     3    0.005058    0.049728    0.360911    0.360911 ^ _1148_/Q (sky130_fd_sc_hd__dfrtp_2)
                                                         snapshot4[0] (net)
                      0.049728    0.000000    0.360911 ^ _0666_/A1 (sky130_fd_sc_hd__mux2_1)
     1    0.002005    0.036913    0.106867    0.467777 ^ _0666_/X (sky130_fd_sc_hd__mux2_1)
                                                         _0113_ (net)
                      0.036913    0.000000    0.467777 ^ _1156_/D (sky130_fd_sc_hd__dfrtp_2)
                                              0.467777   data arrival time

                      0.150000    0.000000    0.000000   clock clk (rise edge)
                                  0.000000    0.000000   clock network delay (ideal)
                                  0.250000    0.250000   clock uncertainty
                                  0.000000    0.250000   clock reconvergence pessimism
                                              0.250000 ^ _1156_/CLK (sky130_fd_sc_hd__dfrtp_2)
                                 -0.018676    0.231324   library hold time
                                              0.231324   data required time
---------------------------------------------------------------------------------------------
                                              0.231324   data required time
                                             -0.467777   data arrival time
---------------------------------------------------------------------------------------------
                                              0.236454   slack (MET)


Startpoint: _1147_ (rising edge-triggered flip-flop clocked by clk)
Endpoint: _1155_ (rising edge-triggered flip-flop clocked by clk)
Path Group: clk
Path Type: min

Fanout         Cap        Slew       Delay        Time   Description
---------------------------------------------------------------------------------------------
                      0.150000    0.000000    0.000000   clock clk (rise edge)
                                  0.000000    0.000000   clock network delay (ideal)
                      0.150000    0.000000    0.000000 ^ _1147_/CLK (sky130_fd_sc_hd__dfrtp_2)
     3    0.005071    0.049783    0.360964    0.360964 ^ _1147_/Q (sky130_fd_sc_hd__dfrtp_2)
                                                         snapshot3[7] (net)
                      0.049783    0.000000    0.360964 ^ _0665_/A1 (sky130_fd_sc_hd__mux2_1)
     1    0.002005    0.036913    0.106885    0.467849 ^ _0665_/X (sky130_fd_sc_hd__mux2_1)
                                                         _0112_ (net)
                      0.036913    0.000000    0.467849 ^ _1155_/D (sky130_fd_sc_hd__dfrtp_2)
                                              0.467849   data arrival time

                      0.150000    0.000000    0.000000   clock clk (rise edge)
                                  0.000000    0.000000   clock network delay (ideal)
                                  0.250000    0.250000   clock uncertainty
                                  0.000000    0.250000   clock reconvergence pessimism
                                              0.250000 ^ _1155_/CLK (sky130_fd_sc_hd__dfrtp_2)
                                 -0.018676    0.231324   library hold time
                                              0.231324   data required time
---------------------------------------------------------------------------------------------
                                              0.231324   data required time
                                             -0.467849   data arrival time
---------------------------------------------------------------------------------------------
                                              0.236525   slack (MET)


Startpoint: _1124_ (rising edge-triggered flip-flop clocked by clk)
Endpoint: _1132_ (rising edge-triggered flip-flop clocked by clk)
Path Group: clk
Path Type: min

Fanout         Cap        Slew       Delay        Time   Description
---------------------------------------------------------------------------------------------
                      0.150000    0.000000    0.000000   clock clk (rise edge)
                                  0.000000    0.000000   clock network delay (ideal)
                      0.150000    0.000000    0.000000 ^ _1124_/CLK (sky130_fd_sc_hd__dfrtp_2)
     3    0.005103    0.049920    0.361095    0.361095 ^ _1124_/Q (sky130_fd_sc_hd__dfrtp_2)
                                                         snapshot1[0] (net)
                      0.049920    0.000000    0.361095 ^ _0642_/A1 (sky130_fd_sc_hd__mux2_1)
     1    0.002005    0.036913    0.106929    0.468024 ^ _0642_/X (sky130_fd_sc_hd__mux2_1)
                                                         _0089_ (net)
                      0.036913    0.000000    0.468024 ^ _1132_/D (sky130_fd_sc_hd__dfrtp_2)
                                              0.468024   data arrival time

                      0.150000    0.000000    0.000000   clock clk (rise edge)
                                  0.000000    0.000000   clock network delay (ideal)
                                  0.250000    0.250000   clock uncertainty
                                  0.000000    0.250000   clock reconvergence pessimism
                                              0.250000 ^ _1132_/CLK (sky130_fd_sc_hd__dfrtp_2)
                                 -0.018676    0.231324   library hold time
                                              0.231324   data required time
---------------------------------------------------------------------------------------------
                                              0.231324   data required time
                                             -0.468024   data arrival time
---------------------------------------------------------------------------------------------
                                              0.236700   slack (MET)


Startpoint: _1128_ (rising edge-triggered flip-flop clocked by clk)
Endpoint: _1136_ (rising edge-triggered flip-flop clocked by clk)
Path Group: clk
Path Type: min

Fanout         Cap        Slew       Delay        Time   Description
---------------------------------------------------------------------------------------------
                      0.150000    0.000000    0.000000   clock clk (rise edge)
                                  0.000000    0.000000   clock network delay (ideal)
                      0.150000    0.000000    0.000000 ^ _1128_/CLK (sky130_fd_sc_hd__dfrtp_2)
     3    0.005103    0.049920    0.361095    0.361095 ^ _1128_/Q (sky130_fd_sc_hd__dfrtp_2)
                                                         snapshot1[4] (net)
                      0.049920    0.000000    0.361095 ^ _0646_/A1 (sky130_fd_sc_hd__mux2_1)
     1    0.002005    0.036913    0.106929    0.468024 ^ _0646_/X (sky130_fd_sc_hd__mux2_1)
                                                         _0093_ (net)
                      0.036913    0.000000    0.468024 ^ _1136_/D (sky130_fd_sc_hd__dfrtp_2)
                                              0.468024   data arrival time

                      0.150000    0.000000    0.000000   clock clk (rise edge)
                                  0.000000    0.000000   clock network delay (ideal)
                                  0.250000    0.250000   clock uncertainty
                                  0.000000    0.250000   clock reconvergence pessimism
                                              0.250000 ^ _1136_/CLK (sky130_fd_sc_hd__dfrtp_2)
                                 -0.018676    0.231324   library hold time
                                              0.231324   data required time
---------------------------------------------------------------------------------------------
                                              0.231324   data required time
                                             -0.468024   data arrival time
---------------------------------------------------------------------------------------------
                                              0.236700   slack (MET)


Startpoint: _1130_ (rising edge-triggered flip-flop clocked by clk)
Endpoint: _1138_ (rising edge-triggered flip-flop clocked by clk)
Path Group: clk
Path Type: min

Fanout         Cap        Slew       Delay        Time   Description
---------------------------------------------------------------------------------------------
                      0.150000    0.000000    0.000000   clock clk (rise edge)
                                  0.000000    0.000000   clock network delay (ideal)
                      0.150000    0.000000    0.000000 ^ _1130_/CLK (sky130_fd_sc_hd__dfrtp_2)
     3    0.005103    0.049920    0.361095    0.361095 ^ _1130_/Q (sky130_fd_sc_hd__dfrtp_2)
                                                         snapshot1[6] (net)
                      0.049920    0.000000    0.361095 ^ _0648_/A1 (sky130_fd_sc_hd__mux2_1)
     1    0.002005    0.036913    0.106929    0.468024 ^ _0648_/X (sky130_fd_sc_hd__mux2_1)
                                                         _0095_ (net)
                      0.036913    0.000000    0.468024 ^ _1138_/D (sky130_fd_sc_hd__dfrtp_2)
                                              0.468024   data arrival time

                      0.150000    0.000000    0.000000   clock clk (rise edge)
                                  0.000000    0.000000   clock network delay (ideal)
                                  0.250000    0.250000   clock uncertainty
                                  0.000000    0.250000   clock reconvergence pessimism
                                              0.250000 ^ _1138_/CLK (sky130_fd_sc_hd__dfrtp_2)
                                 -0.018676    0.231324   library hold time
                                              0.231324   data required time
---------------------------------------------------------------------------------------------
                                              0.231324   data required time
                                             -0.468024   data arrival time
---------------------------------------------------------------------------------------------
                                              0.236700   slack (MET)


Startpoint: _1133_ (rising edge-triggered flip-flop clocked by clk)
Endpoint: _1141_ (rising edge-triggered flip-flop clocked by clk)
Path Group: clk
Path Type: min

Fanout         Cap        Slew       Delay        Time   Description
---------------------------------------------------------------------------------------------
                      0.150000    0.000000    0.000000   clock clk (rise edge)
                                  0.000000    0.000000   clock network delay (ideal)
                      0.150000    0.000000    0.000000 ^ _1133_/CLK (sky130_fd_sc_hd__dfrtp_2)
     3    0.005103    0.049920    0.361095    0.361095 ^ _1133_/Q (sky130_fd_sc_hd__dfrtp_2)
                                                         snapshot2[1] (net)
                      0.049920    0.000000    0.361095 ^ _0651_/A1 (sky130_fd_sc_hd__mux2_1)
     1    0.002005    0.036913    0.106929    0.468024 ^ _0651_/X (sky130_fd_sc_hd__mux2_1)
                                                         _0098_ (net)
                      0.036913    0.000000    0.468024 ^ _1141_/D (sky130_fd_sc_hd__dfrtp_2)
                                              0.468024   data arrival time

                      0.150000    0.000000    0.000000   clock clk (rise edge)
                                  0.000000    0.000000   clock network delay (ideal)
                                  0.250000    0.250000   clock uncertainty
                                  0.000000    0.250000   clock reconvergence pessimism
                                              0.250000 ^ _1141_/CLK (sky130_fd_sc_hd__dfrtp_2)
                                 -0.018676    0.231324   library hold time
                                              0.231324   data required time
---------------------------------------------------------------------------------------------
                                              0.231324   data required time
                                             -0.468024   data arrival time
---------------------------------------------------------------------------------------------
                                              0.236700   slack (MET)


Startpoint: _1135_ (rising edge-triggered flip-flop clocked by clk)
Endpoint: _1143_ (rising edge-triggered flip-flop clocked by clk)
Path Group: clk
Path Type: min

Fanout         Cap        Slew       Delay        Time   Description
---------------------------------------------------------------------------------------------
                      0.150000    0.000000    0.000000   clock clk (rise edge)
                                  0.000000    0.000000   clock network delay (ideal)
                      0.150000    0.000000    0.000000 ^ _1135_/CLK (sky130_fd_sc_hd__dfrtp_2)
     3    0.005103    0.049920    0.361095    0.361095 ^ _1135_/Q (sky130_fd_sc_hd__dfrtp_2)
                                                         snapshot2[3] (net)
                      0.049920    0.000000    0.361095 ^ _0653_/A1 (sky130_fd_sc_hd__mux2_1)
     1    0.002005    0.036913    0.106929    0.468024 ^ _0653_/X (sky130_fd_sc_hd__mux2_1)
                                                         _0100_ (net)
                      0.036913    0.000000    0.468024 ^ _1143_/D (sky130_fd_sc_hd__dfrtp_2)
                                              0.468024   data arrival time

                      0.150000    0.000000    0.000000   clock clk (rise edge)
                                  0.000000    0.000000   clock network delay (ideal)
                                  0.250000    0.250000   clock uncertainty
                                  0.000000    0.250000   clock reconvergence pessimism
                                              0.250000 ^ _1143_/CLK (sky130_fd_sc_hd__dfrtp_2)
                                 -0.018676    0.231324   library hold time
                                              0.231324   data required time
---------------------------------------------------------------------------------------------
                                              0.231324   data required time
                                             -0.468024   data arrival time
---------------------------------------------------------------------------------------------
                                              0.236700   slack (MET)


Startpoint: _1164_ (rising edge-triggered flip-flop clocked by clk)
Endpoint: _1172_ (rising edge-triggered flip-flop clocked by clk)
Path Group: clk
Path Type: min

Fanout         Cap        Slew       Delay        Time   Description
---------------------------------------------------------------------------------------------
                      0.150000    0.000000    0.000000   clock clk (rise edge)
                                  0.000000    0.000000   clock network delay (ideal)
                      0.150000    0.000000    0.000000 ^ _1164_/CLK (sky130_fd_sc_hd__dfrtp_2)
     3    0.005169    0.050201    0.361365    0.361365 ^ _1164_/Q (sky130_fd_sc_hd__dfrtp_2)
                                                         snapshot6[0] (net)
                      0.050201    0.000000    0.361365 ^ _0682_/A1 (sky130_fd_sc_hd__mux2_1)
     1    0.002005    0.036913    0.107021    0.468386 ^ _0682_/X (sky130_fd_sc_hd__mux2_1)
                                                         _0129_ (net)
                      0.036913    0.000000    0.468386 ^ _1172_/D (sky130_fd_sc_hd__dfrtp_2)
                                              0.468386   data arrival time

                      0.150000    0.000000    0.000000   clock clk (rise edge)
                                  0.000000    0.000000   clock network delay (ideal)
                                  0.250000    0.250000   clock uncertainty
                                  0.000000    0.250000   clock reconvergence pessimism
                                              0.250000 ^ _1172_/CLK (sky130_fd_sc_hd__dfrtp_2)
                                 -0.018676    0.231324   library hold time
                                              0.231324   data required time
---------------------------------------------------------------------------------------------
                                              0.231324   data required time
                                             -0.468386   data arrival time
---------------------------------------------------------------------------------------------
                                              0.237062   slack (MET)


Startpoint: _1165_ (rising edge-triggered flip-flop clocked by clk)
Endpoint: _1173_ (rising edge-triggered flip-flop clocked by clk)
Path Group: clk
Path Type: min

Fanout         Cap        Slew       Delay        Time   Description
---------------------------------------------------------------------------------------------
                      0.150000    0.000000    0.000000   clock clk (rise edge)
                                  0.000000    0.000000   clock network delay (ideal)
                      0.150000    0.000000    0.000000 ^ _1165_/CLK (sky130_fd_sc_hd__dfrtp_2)
     3    0.005169    0.050201    0.361365    0.361365 ^ _1165_/Q (sky130_fd_sc_hd__dfrtp_2)
                                                         snapshot6[1] (net)
                      0.050201    0.000000    0.361365 ^ _0683_/A1 (sky130_fd_sc_hd__mux2_1)
     1    0.002005    0.036913    0.107021    0.468386 ^ _0683_/X (sky130_fd_sc_hd__mux2_1)
                                                         _0130_ (net)
                      0.036913    0.000000    0.468386 ^ _1173_/D (sky130_fd_sc_hd__dfrtp_2)
                                              0.468386   data arrival time

                      0.150000    0.000000    0.000000   clock clk (rise edge)
                                  0.000000    0.000000   clock network delay (ideal)
                                  0.250000    0.250000   clock uncertainty
                                  0.000000    0.250000   clock reconvergence pessimism
                                              0.250000 ^ _1173_/CLK (sky130_fd_sc_hd__dfrtp_2)
                                 -0.018676    0.231324   library hold time
                                              0.231324   data required time
---------------------------------------------------------------------------------------------
                                              0.231324   data required time
                                             -0.468386   data arrival time
---------------------------------------------------------------------------------------------
                                              0.237062   slack (MET)


Startpoint: _1166_ (rising edge-triggered flip-flop clocked by clk)
Endpoint: _1174_ (rising edge-triggered flip-flop clocked by clk)
Path Group: clk
Path Type: min

Fanout         Cap        Slew       Delay        Time   Description
---------------------------------------------------------------------------------------------
                      0.150000    0.000000    0.000000   clock clk (rise edge)
                                  0.000000    0.000000   clock network delay (ideal)
                      0.150000    0.000000    0.000000 ^ _1166_/CLK (sky130_fd_sc_hd__dfrtp_2)
     3    0.005169    0.050201    0.361365    0.361365 ^ _1166_/Q (sky130_fd_sc_hd__dfrtp_2)
                                                         snapshot6[2] (net)
                      0.050201    0.000000    0.361365 ^ _0684_/A1 (sky130_fd_sc_hd__mux2_1)
     1    0.002005    0.036913    0.107021    0.468386 ^ _0684_/X (sky130_fd_sc_hd__mux2_1)
                                                         _0131_ (net)
                      0.036913    0.000000    0.468386 ^ _1174_/D (sky130_fd_sc_hd__dfrtp_2)
                                              0.468386   data arrival time

                      0.150000    0.000000    0.000000   clock clk (rise edge)
                                  0.000000    0.000000   clock network delay (ideal)
                                  0.250000    0.250000   clock uncertainty
                                  0.000000    0.250000   clock reconvergence pessimism
                                              0.250000 ^ _1174_/CLK (sky130_fd_sc_hd__dfrtp_2)
                                 -0.018676    0.231324   library hold time
                                              0.231324   data required time
---------------------------------------------------------------------------------------------
                                              0.231324   data required time
                                             -0.468386   data arrival time
---------------------------------------------------------------------------------------------
                                              0.237062   slack (MET)


Startpoint: _1168_ (rising edge-triggered flip-flop clocked by clk)
Endpoint: _1176_ (rising edge-triggered flip-flop clocked by clk)
Path Group: clk
Path Type: min

Fanout         Cap        Slew       Delay        Time   Description
---------------------------------------------------------------------------------------------
                      0.150000    0.000000    0.000000   clock clk (rise edge)
                                  0.000000    0.000000   clock network delay (ideal)
                      0.150000    0.000000    0.000000 ^ _1168_/CLK (sky130_fd_sc_hd__dfrtp_2)
     3    0.005169    0.050201    0.361365    0.361365 ^ _1168_/Q (sky130_fd_sc_hd__dfrtp_2)
                                                         snapshot6[4] (net)
                      0.050201    0.000000    0.361365 ^ _0686_/A1 (sky130_fd_sc_hd__mux2_1)
     1    0.002005    0.036913    0.107021    0.468386 ^ _0686_/X (sky130_fd_sc_hd__mux2_1)
                                                         _0133_ (net)
                      0.036913    0.000000    0.468386 ^ _1176_/D (sky130_fd_sc_hd__dfrtp_2)
                                              0.468386   data arrival time

                      0.150000    0.000000    0.000000   clock clk (rise edge)
                                  0.000000    0.000000   clock network delay (ideal)
                                  0.250000    0.250000   clock uncertainty
                                  0.000000    0.250000   clock reconvergence pessimism
                                              0.250000 ^ _1176_/CLK (sky130_fd_sc_hd__dfrtp_2)
                                 -0.018676    0.231324   library hold time
                                              0.231324   data required time
---------------------------------------------------------------------------------------------
                                              0.231324   data required time
                                             -0.468386   data arrival time
---------------------------------------------------------------------------------------------
                                              0.237062   slack (MET)


Startpoint: _1169_ (rising edge-triggered flip-flop clocked by clk)
Endpoint: _1177_ (rising edge-triggered flip-flop clocked by clk)
Path Group: clk
Path Type: min

Fanout         Cap        Slew       Delay        Time   Description
---------------------------------------------------------------------------------------------
                      0.150000    0.000000    0.000000   clock clk (rise edge)
                                  0.000000    0.000000   clock network delay (ideal)
                      0.150000    0.000000    0.000000 ^ _1169_/CLK (sky130_fd_sc_hd__dfrtp_2)
     3    0.005169    0.050201    0.361365    0.361365 ^ _1169_/Q (sky130_fd_sc_hd__dfrtp_2)
                                                         snapshot6[5] (net)
                      0.050201    0.000000    0.361365 ^ _0687_/A1 (sky130_fd_sc_hd__mux2_1)
     1    0.002005    0.036913    0.107021    0.468386 ^ _0687_/X (sky130_fd_sc_hd__mux2_1)
                                                         _0134_ (net)
                      0.036913    0.000000    0.468386 ^ _1177_/D (sky130_fd_sc_hd__dfrtp_2)
                                              0.468386   data arrival time

                      0.150000    0.000000    0.000000   clock clk (rise edge)
                                  0.000000    0.000000   clock network delay (ideal)
                                  0.250000    0.250000   clock uncertainty
                                  0.000000    0.250000   clock reconvergence pessimism
                                              0.250000 ^ _1177_/CLK (sky130_fd_sc_hd__dfrtp_2)
                                 -0.018676    0.231324   library hold time
                                              0.231324   data required time
---------------------------------------------------------------------------------------------
                                              0.231324   data required time
                                             -0.468386   data arrival time
---------------------------------------------------------------------------------------------
                                              0.237062   slack (MET)


Startpoint: _1162_ (rising edge-triggered flip-flop clocked by clk)
Endpoint: _1170_ (rising edge-triggered flip-flop clocked by clk)
Path Group: clk
Path Type: min

Fanout         Cap        Slew       Delay        Time   Description
---------------------------------------------------------------------------------------------
                      0.150000    0.000000    0.000000   clock clk (rise edge)
                                  0.000000    0.000000   clock network delay (ideal)
                      0.150000    0.000000    0.000000 ^ _1162_/CLK (sky130_fd_sc_hd__dfrtp_2)
     3    0.005200    0.050333    0.361491    0.361491 ^ _1162_/Q (sky130_fd_sc_hd__dfrtp_2)
                                                         snapshot5[6] (net)
                      0.050333    0.000000    0.361491 ^ _0680_/A1 (sky130_fd_sc_hd__mux2_1)
     1    0.002005    0.036913    0.107065    0.468556 ^ _0680_/X (sky130_fd_sc_hd__mux2_1)
                                                         _0127_ (net)
                      0.036913    0.000000    0.468556 ^ _1170_/D (sky130_fd_sc_hd__dfrtp_2)
                                              0.468556   data arrival time

                      0.150000    0.000000    0.000000   clock clk (rise edge)
                                  0.000000    0.000000   clock network delay (ideal)
                                  0.250000    0.250000   clock uncertainty
                                  0.000000    0.250000   clock reconvergence pessimism
                                              0.250000 ^ _1170_/CLK (sky130_fd_sc_hd__dfrtp_2)
                                 -0.018676    0.231324   library hold time
                                              0.231324   data required time
---------------------------------------------------------------------------------------------
                                              0.231324   data required time
                                             -0.468556   data arrival time
---------------------------------------------------------------------------------------------
                                              0.237232   slack (MET)


Startpoint: _1197_ (rising edge-triggered flip-flop clocked by clk)
Endpoint: _1197_ (rising edge-triggered flip-flop clocked by clk)
Path Group: clk
Path Type: min

Fanout         Cap        Slew       Delay        Time   Description
---------------------------------------------------------------------------------------------
                      0.150000    0.000000    0.000000   clock clk (rise edge)
                                  0.000000    0.000000   clock network delay (ideal)
                      0.150000    0.000000    0.000000 ^ _1197_/CLK (sky130_fd_sc_hd__dfrtp_2)
     2    0.004039    0.045233    0.356325    0.356325 ^ _1197_/Q (sky130_fd_sc_hd__dfrtp_2)
                                                         add_stage1.a[1] (net)
                      0.045233    0.000000    0.356325 ^ _0971_/A1 (sky130_fd_sc_hd__a22o_2)
     1    0.002005    0.030505    0.114504    0.470829 ^ _0971_/X (sky130_fd_sc_hd__a22o_2)
                                                         _0154_ (net)
                      0.030505    0.000000    0.470829 ^ _1197_/D (sky130_fd_sc_hd__dfrtp_2)
                                              0.470829   data arrival time

                      0.150000    0.000000    0.000000   clock clk (rise edge)
                                  0.000000    0.000000   clock network delay (ideal)
                                  0.250000    0.250000   clock uncertainty
                                  0.000000    0.250000   clock reconvergence pessimism
                                              0.250000 ^ _1197_/CLK (sky130_fd_sc_hd__dfrtp_2)
                                 -0.017366    0.232634   library hold time
                                              0.232634   data required time
---------------------------------------------------------------------------------------------
                                              0.232634   data required time
                                             -0.470829   data arrival time
---------------------------------------------------------------------------------------------
                                              0.238195   slack (MET)


Startpoint: _1220_ (rising edge-triggered flip-flop clocked by clk)
Endpoint: _1228_ (rising edge-triggered flip-flop clocked by clk)
Path Group: clk
Path Type: min

Fanout         Cap        Slew       Delay        Time   Description
---------------------------------------------------------------------------------------------
                      0.150000    0.000000    0.000000   clock clk (rise edge)
                                  0.000000    0.000000   clock network delay (ideal)
                      0.150000    0.000000    0.000000 ^ _1220_/CLK (sky130_fd_sc_hd__dfrtp_2)
     3    0.006003    0.053755    0.364773    0.364773 ^ _1220_/Q (sky130_fd_sc_hd__dfrtp_2)
                                                         stage3[0] (net)
                      0.053755    0.000000    0.364773 ^ _1029_/A0 (sky130_fd_sc_hd__mux2_1)
     1    0.002005    0.036505    0.105518    0.470291 ^ _1029_/X (sky130_fd_sc_hd__mux2_1)
                                                         _0185_ (net)
                      0.036505    0.000000    0.470291 ^ _1228_/D (sky130_fd_sc_hd__dfrtp_2)
                                              0.470291   data arrival time

                      0.150000    0.000000    0.000000   clock clk (rise edge)
                                  0.000000    0.000000   clock network delay (ideal)
                                  0.250000    0.250000   clock uncertainty
                                  0.000000    0.250000   clock reconvergence pessimism
                                              0.250000 ^ _1228_/CLK (sky130_fd_sc_hd__dfrtp_2)
                                 -0.018593    0.231407   library hold time
                                              0.231407   data required time
---------------------------------------------------------------------------------------------
                                              0.231407   data required time
                                             -0.470291   data arrival time
---------------------------------------------------------------------------------------------
                                              0.238884   slack (MET)


Startpoint: _1221_ (rising edge-triggered flip-flop clocked by clk)
Endpoint: _1229_ (rising edge-triggered flip-flop clocked by clk)
Path Group: clk
Path Type: min

Fanout         Cap        Slew       Delay        Time   Description
---------------------------------------------------------------------------------------------
                      0.150000    0.000000    0.000000   clock clk (rise edge)
                                  0.000000    0.000000   clock network delay (ideal)
                      0.150000    0.000000    0.000000 ^ _1221_/CLK (sky130_fd_sc_hd__dfrtp_2)
     3    0.006003    0.053755    0.364773    0.364773 ^ _1221_/Q (sky130_fd_sc_hd__dfrtp_2)
                                                         stage3[1] (net)
                      0.053755    0.000000    0.364773 ^ _1030_/A0 (sky130_fd_sc_hd__mux2_1)
     1    0.002005    0.036505    0.105518    0.470291 ^ _1030_/X (sky130_fd_sc_hd__mux2_1)
                                                         _0186_ (net)
                      0.036505    0.000000    0.470291 ^ _1229_/D (sky130_fd_sc_hd__dfrtp_2)
                                              0.470291   data arrival time

                      0.150000    0.000000    0.000000   clock clk (rise edge)
                                  0.000000    0.000000   clock network delay (ideal)
                                  0.250000    0.250000   clock uncertainty
                                  0.000000    0.250000   clock reconvergence pessimism
                                              0.250000 ^ _1229_/CLK (sky130_fd_sc_hd__dfrtp_2)
                                 -0.018593    0.231407   library hold time
                                              0.231407   data required time
---------------------------------------------------------------------------------------------
                                              0.231407   data required time
                                             -0.470291   data arrival time
---------------------------------------------------------------------------------------------
                                              0.238884   slack (MET)


Startpoint: _1222_ (rising edge-triggered flip-flop clocked by clk)
Endpoint: _1230_ (rising edge-triggered flip-flop clocked by clk)
Path Group: clk
Path Type: min

Fanout         Cap        Slew       Delay        Time   Description
---------------------------------------------------------------------------------------------
                      0.150000    0.000000    0.000000   clock clk (rise edge)
                                  0.000000    0.000000   clock network delay (ideal)
                      0.150000    0.000000    0.000000 ^ _1222_/CLK (sky130_fd_sc_hd__dfrtp_2)
     3    0.006003    0.053755    0.364773    0.364773 ^ _1222_/Q (sky130_fd_sc_hd__dfrtp_2)
                                                         stage3[2] (net)
                      0.053755    0.000000    0.364773 ^ _1031_/A0 (sky130_fd_sc_hd__mux2_1)
     1    0.002005    0.036505    0.105518    0.470291 ^ _1031_/X (sky130_fd_sc_hd__mux2_1)
                                                         _0187_ (net)
                      0.036505    0.000000    0.470291 ^ _1230_/D (sky130_fd_sc_hd__dfrtp_2)
                                              0.470291   data arrival time

                      0.150000    0.000000    0.000000   clock clk (rise edge)
                                  0.000000    0.000000   clock network delay (ideal)
                                  0.250000    0.250000   clock uncertainty
                                  0.000000    0.250000   clock reconvergence pessimism
                                              0.250000 ^ _1230_/CLK (sky130_fd_sc_hd__dfrtp_2)
                                 -0.018593    0.231407   library hold time
                                              0.231407   data required time
---------------------------------------------------------------------------------------------
                                              0.231407   data required time
                                             -0.470291   data arrival time
---------------------------------------------------------------------------------------------
                                              0.238884   slack (MET)


Startpoint: _1223_ (rising edge-triggered flip-flop clocked by clk)
Endpoint: _1231_ (rising edge-triggered flip-flop clocked by clk)
Path Group: clk
Path Type: min

Fanout         Cap        Slew       Delay        Time   Description
---------------------------------------------------------------------------------------------
                      0.150000    0.000000    0.000000   clock clk (rise edge)
                                  0.000000    0.000000   clock network delay (ideal)
                      0.150000    0.000000    0.000000 ^ _1223_/CLK (sky130_fd_sc_hd__dfrtp_2)
     3    0.006003    0.053755    0.364773    0.364773 ^ _1223_/Q (sky130_fd_sc_hd__dfrtp_2)
                                                         stage3[3] (net)
                      0.053755    0.000000    0.364773 ^ _1032_/A0 (sky130_fd_sc_hd__mux2_1)
     1    0.002005    0.036505    0.105518    0.470291 ^ _1032_/X (sky130_fd_sc_hd__mux2_1)
                                                         _0188_ (net)
                      0.036505    0.000000    0.470291 ^ _1231_/D (sky130_fd_sc_hd__dfrtp_2)
                                              0.470291   data arrival time

                      0.150000    0.000000    0.000000   clock clk (rise edge)
                                  0.000000    0.000000   clock network delay (ideal)
                                  0.250000    0.250000   clock uncertainty
                                  0.000000    0.250000   clock reconvergence pessimism
                                              0.250000 ^ _1231_/CLK (sky130_fd_sc_hd__dfrtp_2)
                                 -0.018593    0.231407   library hold time
                                              0.231407   data required time
---------------------------------------------------------------------------------------------
                                              0.231407   data required time
                                             -0.470291   data arrival time
---------------------------------------------------------------------------------------------
                                              0.238884   slack (MET)


Startpoint: _1224_ (rising edge-triggered flip-flop clocked by clk)
Endpoint: _1232_ (rising edge-triggered flip-flop clocked by clk)
Path Group: clk
Path Type: min

Fanout         Cap        Slew       Delay        Time   Description
---------------------------------------------------------------------------------------------
                      0.150000    0.000000    0.000000   clock clk (rise edge)
                                  0.000000    0.000000   clock network delay (ideal)
                      0.150000    0.000000    0.000000 ^ _1224_/CLK (sky130_fd_sc_hd__dfrtp_2)
     3    0.006003    0.053755    0.364773    0.364773 ^ _1224_/Q (sky130_fd_sc_hd__dfrtp_2)
                                                         stage3[4] (net)
                      0.053755    0.000000    0.364773 ^ _1033_/A0 (sky130_fd_sc_hd__mux2_1)
     1    0.002005    0.036505    0.105518    0.470291 ^ _1033_/X (sky130_fd_sc_hd__mux2_1)
                                                         _0189_ (net)
                      0.036505    0.000000    0.470291 ^ _1232_/D (sky130_fd_sc_hd__dfrtp_2)
                                              0.470291   data arrival time

                      0.150000    0.000000    0.000000   clock clk (rise edge)
                                  0.000000    0.000000   clock network delay (ideal)
                                  0.250000    0.250000   clock uncertainty
                                  0.000000    0.250000   clock reconvergence pessimism
                                              0.250000 ^ _1232_/CLK (sky130_fd_sc_hd__dfrtp_2)
                                 -0.018593    0.231407   library hold time
                                              0.231407   data required time
---------------------------------------------------------------------------------------------
                                              0.231407   data required time
                                             -0.470291   data arrival time
---------------------------------------------------------------------------------------------
                                              0.238884   slack (MET)


Startpoint: _1225_ (rising edge-triggered flip-flop clocked by clk)
Endpoint: _1233_ (rising edge-triggered flip-flop clocked by clk)
Path Group: clk
Path Type: min

Fanout         Cap        Slew       Delay        Time   Description
---------------------------------------------------------------------------------------------
                      0.150000    0.000000    0.000000   clock clk (rise edge)
                                  0.000000    0.000000   clock network delay (ideal)
                      0.150000    0.000000    0.000000 ^ _1225_/CLK (sky130_fd_sc_hd__dfrtp_2)
     3    0.006003    0.053755    0.364773    0.364773 ^ _1225_/Q (sky130_fd_sc_hd__dfrtp_2)
                                                         stage3[5] (net)
                      0.053755    0.000000    0.364773 ^ _1034_/A0 (sky130_fd_sc_hd__mux2_1)
     1    0.002005    0.036505    0.105518    0.470291 ^ _1034_/X (sky130_fd_sc_hd__mux2_1)
                                                         _0190_ (net)
                      0.036505    0.000000    0.470291 ^ _1233_/D (sky130_fd_sc_hd__dfrtp_2)
                                              0.470291   data arrival time

                      0.150000    0.000000    0.000000   clock clk (rise edge)
                                  0.000000    0.000000   clock network delay (ideal)
                                  0.250000    0.250000   clock uncertainty
                                  0.000000    0.250000   clock reconvergence pessimism
                                              0.250000 ^ _1233_/CLK (sky130_fd_sc_hd__dfrtp_2)
                                 -0.018593    0.231407   library hold time
                                              0.231407   data required time
---------------------------------------------------------------------------------------------
                                              0.231407   data required time
                                             -0.470291   data arrival time
---------------------------------------------------------------------------------------------
                                              0.238884   slack (MET)


Startpoint: _1226_ (rising edge-triggered flip-flop clocked by clk)
Endpoint: _1234_ (rising edge-triggered flip-flop clocked by clk)
Path Group: clk
Path Type: min

Fanout         Cap        Slew       Delay        Time   Description
---------------------------------------------------------------------------------------------
                      0.150000    0.000000    0.000000   clock clk (rise edge)
                                  0.000000    0.000000   clock network delay (ideal)
                      0.150000    0.000000    0.000000 ^ _1226_/CLK (sky130_fd_sc_hd__dfrtp_2)
     3    0.006003    0.053755    0.364773    0.364773 ^ _1226_/Q (sky130_fd_sc_hd__dfrtp_2)
                                                         stage3[6] (net)
                      0.053755    0.000000    0.364773 ^ _1035_/A0 (sky130_fd_sc_hd__mux2_1)
     1    0.002005    0.036505    0.105518    0.470291 ^ _1035_/X (sky130_fd_sc_hd__mux2_1)
                                                         _0191_ (net)
                      0.036505    0.000000    0.470291 ^ _1234_/D (sky130_fd_sc_hd__dfrtp_2)
                                              0.470291   data arrival time

                      0.150000    0.000000    0.000000   clock clk (rise edge)
                                  0.000000    0.000000   clock network delay (ideal)
                                  0.250000    0.250000   clock uncertainty
                                  0.000000    0.250000   clock reconvergence pessimism
                                              0.250000 ^ _1234_/CLK (sky130_fd_sc_hd__dfrtp_2)
                                 -0.018593    0.231407   library hold time
                                              0.231407   data required time
---------------------------------------------------------------------------------------------
                                              0.231407   data required time
                                             -0.470291   data arrival time
---------------------------------------------------------------------------------------------
                                              0.238884   slack (MET)


Startpoint: _1227_ (rising edge-triggered flip-flop clocked by clk)
Endpoint: _1235_ (rising edge-triggered flip-flop clocked by clk)
Path Group: clk
Path Type: min

Fanout         Cap        Slew       Delay        Time   Description
---------------------------------------------------------------------------------------------
                      0.150000    0.000000    0.000000   clock clk (rise edge)
                                  0.000000    0.000000   clock network delay (ideal)
                      0.150000    0.000000    0.000000 ^ _1227_/CLK (sky130_fd_sc_hd__dfrtp_2)
     3    0.006003    0.053755    0.364773    0.364773 ^ _1227_/Q (sky130_fd_sc_hd__dfrtp_2)
                                                         stage3[7] (net)
                      0.053755    0.000000    0.364773 ^ _1036_/A0 (sky130_fd_sc_hd__mux2_1)
     1    0.002005    0.036505    0.105518    0.470291 ^ _1036_/X (sky130_fd_sc_hd__mux2_1)
                                                         _0192_ (net)
                      0.036505    0.000000    0.470291 ^ _1235_/D (sky130_fd_sc_hd__dfrtp_2)
                                              0.470291   data arrival time

                      0.150000    0.000000    0.000000   clock clk (rise edge)
                                  0.000000    0.000000   clock network delay (ideal)
                                  0.250000    0.250000   clock uncertainty
                                  0.000000    0.250000   clock reconvergence pessimism
                                              0.250000 ^ _1235_/CLK (sky130_fd_sc_hd__dfrtp_2)
                                 -0.018593    0.231407   library hold time
                                              0.231407   data required time
---------------------------------------------------------------------------------------------
                                              0.231407   data required time
                                             -0.470291   data arrival time
---------------------------------------------------------------------------------------------
                                              0.238884   slack (MET)


Startpoint: _1171_ (rising edge-triggered flip-flop clocked by clk)
Endpoint: _1171_ (rising edge-triggered flip-flop clocked by clk)
Path Group: clk
Path Type: min

Fanout         Cap        Slew       Delay        Time   Description
---------------------------------------------------------------------------------------------
                      0.150000    0.000000    0.000000   clock clk (rise edge)
                                  0.000000    0.000000   clock network delay (ideal)
                      0.150000    0.000000    0.000000 ^ _1171_/CLK (sky130_fd_sc_hd__dfrtp_2)
     3    0.006000    0.053743    0.364760    0.364760 ^ _1171_/Q (sky130_fd_sc_hd__dfrtp_2)
                                                         snapshot6[7] (net)
                      0.053743    0.000000    0.364760 ^ _0681_/A0 (sky130_fd_sc_hd__mux2_1)
     1    0.002005    0.036913    0.105514    0.470275 ^ _0681_/X (sky130_fd_sc_hd__mux2_1)
                                                         _0128_ (net)
                      0.036913    0.000000    0.470275 ^ _1171_/D (sky130_fd_sc_hd__dfrtp_2)
                                              0.470275   data arrival time

                      0.150000    0.000000    0.000000   clock clk (rise edge)
                                  0.000000    0.000000   clock network delay (ideal)
                                  0.250000    0.250000   clock uncertainty
                                  0.000000    0.250000   clock reconvergence pessimism
                                              0.250000 ^ _1171_/CLK (sky130_fd_sc_hd__dfrtp_2)
                                 -0.018676    0.231324   library hold time
                                              0.231324   data required time
---------------------------------------------------------------------------------------------
                                              0.231324   data required time
                                             -0.470275   data arrival time
---------------------------------------------------------------------------------------------
                                              0.238951   slack (MET)


Startpoint: _1126_ (rising edge-triggered flip-flop clocked by clk)
Endpoint: _1126_ (rising edge-triggered flip-flop clocked by clk)
Path Group: clk
Path Type: min

Fanout         Cap        Slew       Delay        Time   Description
---------------------------------------------------------------------------------------------
                      0.150000    0.000000    0.000000   clock clk (rise edge)
                                  0.000000    0.000000   clock network delay (ideal)
                      0.150000    0.000000    0.000000 ^ _1126_/CLK (sky130_fd_sc_hd__dfrtp_2)
     3    0.006003    0.053755    0.364773    0.364773 ^ _1126_/Q (sky130_fd_sc_hd__dfrtp_2)
                                                         snapshot1[2] (net)
                      0.053755    0.000000    0.364773 ^ _0636_/A0 (sky130_fd_sc_hd__mux2_1)
     1    0.002005    0.036913    0.105518    0.470291 ^ _0636_/X (sky130_fd_sc_hd__mux2_1)
                                                         _0083_ (net)
                      0.036913    0.000000    0.470291 ^ _1126_/D (sky130_fd_sc_hd__dfrtp_2)
                                              0.470291   data arrival time

                      0.150000    0.000000    0.000000   clock clk (rise edge)
                                  0.000000    0.000000   clock network delay (ideal)
                                  0.250000    0.250000   clock uncertainty
                                  0.000000    0.250000   clock reconvergence pessimism
                                              0.250000 ^ _1126_/CLK (sky130_fd_sc_hd__dfrtp_2)
                                 -0.018676    0.231324   library hold time
                                              0.231324   data required time
---------------------------------------------------------------------------------------------
                                              0.231324   data required time
                                             -0.470291   data arrival time
---------------------------------------------------------------------------------------------
                                              0.238967   slack (MET)


Startpoint: _1131_ (rising edge-triggered flip-flop clocked by clk)
Endpoint: _1131_ (rising edge-triggered flip-flop clocked by clk)
Path Group: clk
Path Type: min

Fanout         Cap        Slew       Delay        Time   Description
---------------------------------------------------------------------------------------------
                      0.150000    0.000000    0.000000   clock clk (rise edge)
                                  0.000000    0.000000   clock network delay (ideal)
                      0.150000    0.000000    0.000000 ^ _1131_/CLK (sky130_fd_sc_hd__dfrtp_2)
     3    0.006003    0.053755    0.364773    0.364773 ^ _1131_/Q (sky130_fd_sc_hd__dfrtp_2)
                                                         snapshot1[7] (net)
                      0.053755    0.000000    0.364773 ^ _0641_/A0 (sky130_fd_sc_hd__mux2_1)
     1    0.002005    0.036913    0.105518    0.470291 ^ _0641_/X (sky130_fd_sc_hd__mux2_1)
                                                         _0088_ (net)
                      0.036913    0.000000    0.470291 ^ _1131_/D (sky130_fd_sc_hd__dfrtp_2)
                                              0.470291   data arrival time

                      0.150000    0.000000    0.000000   clock clk (rise edge)
                                  0.000000    0.000000   clock network delay (ideal)
                                  0.250000    0.250000   clock uncertainty
                                  0.000000    0.250000   clock reconvergence pessimism
                                              0.250000 ^ _1131_/CLK (sky130_fd_sc_hd__dfrtp_2)
                                 -0.018676    0.231324   library hold time
                                              0.231324   data required time
---------------------------------------------------------------------------------------------
                                              0.231324   data required time
                                             -0.470291   data arrival time
---------------------------------------------------------------------------------------------
                                              0.238967   slack (MET)


Startpoint: _1157_ (rising edge-triggered flip-flop clocked by clk)
Endpoint: _1157_ (rising edge-triggered flip-flop clocked by clk)
Path Group: clk
Path Type: min

Fanout         Cap        Slew       Delay        Time   Description
---------------------------------------------------------------------------------------------
                      0.150000    0.000000    0.000000   clock clk (rise edge)
                                  0.000000    0.000000   clock network delay (ideal)
                      0.150000    0.000000    0.000000 ^ _1157_/CLK (sky130_fd_sc_hd__dfrtp_2)
     3    0.006003    0.053755    0.364773    0.364773 ^ _1157_/Q (sky130_fd_sc_hd__dfrtp_2)
                                                         snapshot5[1] (net)
                      0.053755    0.000000    0.364773 ^ _0667_/A0 (sky130_fd_sc_hd__mux2_1)
     1    0.002005    0.036913    0.105518    0.470291 ^ _0667_/X (sky130_fd_sc_hd__mux2_1)
                                                         _0114_ (net)
                      0.036913    0.000000    0.470291 ^ _1157_/D (sky130_fd_sc_hd__dfrtp_2)
                                              0.470291   data arrival time

                      0.150000    0.000000    0.000000   clock clk (rise edge)
                                  0.000000    0.000000   clock network delay (ideal)
                                  0.250000    0.250000   clock uncertainty
                                  0.000000    0.250000   clock reconvergence pessimism
                                              0.250000 ^ _1157_/CLK (sky130_fd_sc_hd__dfrtp_2)
                                 -0.018676    0.231324   library hold time
                                              0.231324   data required time
---------------------------------------------------------------------------------------------
                                              0.231324   data required time
                                             -0.470291   data arrival time
---------------------------------------------------------------------------------------------
                                              0.238967   slack (MET)


Startpoint: _1161_ (rising edge-triggered flip-flop clocked by clk)
Endpoint: _1161_ (rising edge-triggered flip-flop clocked by clk)
Path Group: clk
Path Type: min

Fanout         Cap        Slew       Delay        Time   Description
---------------------------------------------------------------------------------------------
                      0.150000    0.000000    0.000000   clock clk (rise edge)
                                  0.000000    0.000000   clock network delay (ideal)
                      0.150000    0.000000    0.000000 ^ _1161_/CLK (sky130_fd_sc_hd__dfrtp_2)
     3    0.006003    0.053755    0.364773    0.364773 ^ _1161_/Q (sky130_fd_sc_hd__dfrtp_2)
                                                         snapshot5[5] (net)
                      0.053755    0.000000    0.364773 ^ _0671_/A0 (sky130_fd_sc_hd__mux2_1)
     1    0.002005    0.036913    0.105518    0.470291 ^ _0671_/X (sky130_fd_sc_hd__mux2_1)
                                                         _0118_ (net)
                      0.036913    0.000000    0.470291 ^ _1161_/D (sky130_fd_sc_hd__dfrtp_2)
                                              0.470291   data arrival time

                      0.150000    0.000000    0.000000   clock clk (rise edge)
                                  0.000000    0.000000   clock network delay (ideal)
                                  0.250000    0.250000   clock uncertainty
                                  0.000000    0.250000   clock reconvergence pessimism
                                              0.250000 ^ _1161_/CLK (sky130_fd_sc_hd__dfrtp_2)
                                 -0.018676    0.231324   library hold time
                                              0.231324   data required time
---------------------------------------------------------------------------------------------
                                              0.231324   data required time
                                             -0.470291   data arrival time
---------------------------------------------------------------------------------------------
                                              0.238967   slack (MET)


Startpoint: _1140_ (rising edge-triggered flip-flop clocked by clk)
Endpoint: _1140_ (rising edge-triggered flip-flop clocked by clk)
Path Group: clk
Path Type: min

Fanout         Cap        Slew       Delay        Time   Description
---------------------------------------------------------------------------------------------
                      0.150000    0.000000    0.000000   clock clk (rise edge)
                                  0.000000    0.000000   clock network delay (ideal)
                      0.150000    0.000000    0.000000 ^ _1140_/CLK (sky130_fd_sc_hd__dfrtp_2)
     3    0.006062    0.054007    0.365014    0.365014 ^ _1140_/Q (sky130_fd_sc_hd__dfrtp_2)
                                                         snapshot3[0] (net)
                      0.054007    0.000000    0.365014 ^ _0650_/A0 (sky130_fd_sc_hd__mux2_1)
     1    0.002005    0.036913    0.105601    0.470614 ^ _0650_/X (sky130_fd_sc_hd__mux2_1)
                                                         _0097_ (net)
                      0.036913    0.000000    0.470614 ^ _1140_/D (sky130_fd_sc_hd__dfrtp_2)
                                              0.470614   data arrival time

                      0.150000    0.000000    0.000000   clock clk (rise edge)
                                  0.000000    0.000000   clock network delay (ideal)
                                  0.250000    0.250000   clock uncertainty
                                  0.000000    0.250000   clock reconvergence pessimism
                                              0.250000 ^ _1140_/CLK (sky130_fd_sc_hd__dfrtp_2)
                                 -0.018676    0.231324   library hold time
                                              0.231324   data required time
---------------------------------------------------------------------------------------------
                                              0.231324   data required time
                                             -0.470614   data arrival time
---------------------------------------------------------------------------------------------
                                              0.239290   slack (MET)


Startpoint: _1144_ (rising edge-triggered flip-flop clocked by clk)
Endpoint: _1144_ (rising edge-triggered flip-flop clocked by clk)
Path Group: clk
Path Type: min

Fanout         Cap        Slew       Delay        Time   Description
---------------------------------------------------------------------------------------------
                      0.150000    0.000000    0.000000   clock clk (rise edge)
                                  0.000000    0.000000   clock network delay (ideal)
                      0.150000    0.000000    0.000000 ^ _1144_/CLK (sky130_fd_sc_hd__dfrtp_2)
     3    0.006062    0.054007    0.365014    0.365014 ^ _1144_/Q (sky130_fd_sc_hd__dfrtp_2)
                                                         snapshot3[4] (net)
                      0.054007    0.000000    0.365014 ^ _0654_/A0 (sky130_fd_sc_hd__mux2_1)
     1    0.002005    0.036913    0.105601    0.470614 ^ _0654_/X (sky130_fd_sc_hd__mux2_1)
                                                         _0101_ (net)
                      0.036913    0.000000    0.470614 ^ _1144_/D (sky130_fd_sc_hd__dfrtp_2)
                                              0.470614   data arrival time

                      0.150000    0.000000    0.000000   clock clk (rise edge)
                                  0.000000    0.000000   clock network delay (ideal)
                                  0.250000    0.250000   clock uncertainty
                                  0.000000    0.250000   clock reconvergence pessimism
                                              0.250000 ^ _1144_/CLK (sky130_fd_sc_hd__dfrtp_2)
                                 -0.018676    0.231324   library hold time
                                              0.231324   data required time
---------------------------------------------------------------------------------------------
                                              0.231324   data required time
                                             -0.470614   data arrival time
---------------------------------------------------------------------------------------------
                                              0.239290   slack (MET)


Startpoint: _1146_ (rising edge-triggered flip-flop clocked by clk)
Endpoint: _1146_ (rising edge-triggered flip-flop clocked by clk)
Path Group: clk
Path Type: min

Fanout         Cap        Slew       Delay        Time   Description
---------------------------------------------------------------------------------------------
                      0.150000    0.000000    0.000000   clock clk (rise edge)
                                  0.000000    0.000000   clock network delay (ideal)
                      0.150000    0.000000    0.000000 ^ _1146_/CLK (sky130_fd_sc_hd__dfrtp_2)
     3    0.006062    0.054007    0.365014    0.365014 ^ _1146_/Q (sky130_fd_sc_hd__dfrtp_2)
                                                         snapshot3[6] (net)
                      0.054007    0.000000    0.365014 ^ _0656_/A0 (sky130_fd_sc_hd__mux2_1)
     1    0.002005    0.036913    0.105601    0.470614 ^ _0656_/X (sky130_fd_sc_hd__mux2_1)
                                                         _0103_ (net)
                      0.036913    0.000000    0.470614 ^ _1146_/D (sky130_fd_sc_hd__dfrtp_2)
                                              0.470614   data arrival time

                      0.150000    0.000000    0.000000   clock clk (rise edge)
                                  0.000000    0.000000   clock network delay (ideal)
                                  0.250000    0.250000   clock uncertainty
                                  0.000000    0.250000   clock reconvergence pessimism
                                              0.250000 ^ _1146_/CLK (sky130_fd_sc_hd__dfrtp_2)
                                 -0.018676    0.231324   library hold time
                                              0.231324   data required time
---------------------------------------------------------------------------------------------
                                              0.231324   data required time
                                             -0.470614   data arrival time
---------------------------------------------------------------------------------------------
                                              0.239290   slack (MET)


Startpoint: _1139_ (rising edge-triggered flip-flop clocked by clk)
Endpoint: _1139_ (rising edge-triggered flip-flop clocked by clk)
Path Group: clk
Path Type: min

Fanout         Cap        Slew       Delay        Time   Description
---------------------------------------------------------------------------------------------
                      0.150000    0.000000    0.000000   clock clk (rise edge)
                                  0.000000    0.000000   clock network delay (ideal)
                      0.150000    0.000000    0.000000 ^ _1139_/CLK (sky130_fd_sc_hd__dfrtp_2)
     3    0.006070    0.054041    0.365046    0.365046 ^ _1139_/Q (sky130_fd_sc_hd__dfrtp_2)
                                                         snapshot2[7] (net)
                      0.054041    0.000000    0.365046 ^ _0649_/A0 (sky130_fd_sc_hd__mux2_1)
     1    0.002005    0.036913    0.105612    0.470658 ^ _0649_/X (sky130_fd_sc_hd__mux2_1)
                                                         _0096_ (net)
                      0.036913    0.000000    0.470658 ^ _1139_/D (sky130_fd_sc_hd__dfrtp_2)
                                              0.470658   data arrival time

                      0.150000    0.000000    0.000000   clock clk (rise edge)
                                  0.000000    0.000000   clock network delay (ideal)
                                  0.250000    0.250000   clock uncertainty
                                  0.000000    0.250000   clock reconvergence pessimism
                                              0.250000 ^ _1139_/CLK (sky130_fd_sc_hd__dfrtp_2)
                                 -0.018676    0.231324   library hold time
                                              0.231324   data required time
---------------------------------------------------------------------------------------------
                                              0.231324   data required time
                                             -0.470658   data arrival time
---------------------------------------------------------------------------------------------
                                              0.239334   slack (MET)


Startpoint: _1149_ (rising edge-triggered flip-flop clocked by clk)
Endpoint: _1149_ (rising edge-triggered flip-flop clocked by clk)
Path Group: clk
Path Type: min

Fanout         Cap        Slew       Delay        Time   Description
---------------------------------------------------------------------------------------------
                      0.150000    0.000000    0.000000   clock clk (rise edge)
                                  0.000000    0.000000   clock network delay (ideal)
                      0.150000    0.000000    0.000000 ^ _1149_/CLK (sky130_fd_sc_hd__dfrtp_2)
     3    0.006070    0.054041    0.365046    0.365046 ^ _1149_/Q (sky130_fd_sc_hd__dfrtp_2)
                                                         snapshot4[1] (net)
                      0.054041    0.000000    0.365046 ^ _0659_/A0 (sky130_fd_sc_hd__mux2_1)
     1    0.002005    0.036913    0.105612    0.470658 ^ _0659_/X (sky130_fd_sc_hd__mux2_1)
                                                         _0106_ (net)
                      0.036913    0.000000    0.470658 ^ _1149_/D (sky130_fd_sc_hd__dfrtp_2)
                                              0.470658   data arrival time

                      0.150000    0.000000    0.000000   clock clk (rise edge)
                                  0.000000    0.000000   clock network delay (ideal)
                                  0.250000    0.250000   clock uncertainty
                                  0.000000    0.250000   clock reconvergence pessimism
                                              0.250000 ^ _1149_/CLK (sky130_fd_sc_hd__dfrtp_2)
                                 -0.018676    0.231324   library hold time
                                              0.231324   data required time
---------------------------------------------------------------------------------------------
                                              0.231324   data required time
                                             -0.470658   data arrival time
---------------------------------------------------------------------------------------------
                                              0.239334   slack (MET)


Startpoint: _1150_ (rising edge-triggered flip-flop clocked by clk)
Endpoint: _1150_ (rising edge-triggered flip-flop clocked by clk)
Path Group: clk
Path Type: min

Fanout         Cap        Slew       Delay        Time   Description
---------------------------------------------------------------------------------------------
                      0.150000    0.000000    0.000000   clock clk (rise edge)
                                  0.000000    0.000000   clock network delay (ideal)
                      0.150000    0.000000    0.000000 ^ _1150_/CLK (sky130_fd_sc_hd__dfrtp_2)
     3    0.006070    0.054041    0.365046    0.365046 ^ _1150_/Q (sky130_fd_sc_hd__dfrtp_2)
                                                         snapshot4[2] (net)
                      0.054041    0.000000    0.365046 ^ _0660_/A0 (sky130_fd_sc_hd__mux2_1)
     1    0.002005    0.036913    0.105612    0.470658 ^ _0660_/X (sky130_fd_sc_hd__mux2_1)
                                                         _0107_ (net)
                      0.036913    0.000000    0.470658 ^ _1150_/D (sky130_fd_sc_hd__dfrtp_2)
                                              0.470658   data arrival time

                      0.150000    0.000000    0.000000   clock clk (rise edge)
                                  0.000000    0.000000   clock network delay (ideal)
                                  0.250000    0.250000   clock uncertainty
                                  0.000000    0.250000   clock reconvergence pessimism
                                              0.250000 ^ _1150_/CLK (sky130_fd_sc_hd__dfrtp_2)
                                 -0.018676    0.231324   library hold time
                                              0.231324   data required time
---------------------------------------------------------------------------------------------
                                              0.231324   data required time
                                             -0.470658   data arrival time
---------------------------------------------------------------------------------------------
                                              0.239334   slack (MET)


Startpoint: _1153_ (rising edge-triggered flip-flop clocked by clk)
Endpoint: _1153_ (rising edge-triggered flip-flop clocked by clk)
Path Group: clk
Path Type: min

Fanout         Cap        Slew       Delay        Time   Description
---------------------------------------------------------------------------------------------
                      0.150000    0.000000    0.000000   clock clk (rise edge)
                                  0.000000    0.000000   clock network delay (ideal)
                      0.150000    0.000000    0.000000 ^ _1153_/CLK (sky130_fd_sc_hd__dfrtp_2)
     3    0.006070    0.054041    0.365046    0.365046 ^ _1153_/Q (sky130_fd_sc_hd__dfrtp_2)
                                                         snapshot4[5] (net)
                      0.054041    0.000000    0.365046 ^ _0663_/A0 (sky130_fd_sc_hd__mux2_1)
     1    0.002005    0.036913    0.105612    0.470658 ^ _0663_/X (sky130_fd_sc_hd__mux2_1)
                                                         _0110_ (net)
                      0.036913    0.000000    0.470658 ^ _1153_/D (sky130_fd_sc_hd__dfrtp_2)
                                              0.470658   data arrival time

                      0.150000    0.000000    0.000000   clock clk (rise edge)
                                  0.000000    0.000000   clock network delay (ideal)
                                  0.250000    0.250000   clock uncertainty
                                  0.000000    0.250000   clock reconvergence pessimism
                                              0.250000 ^ _1153_/CLK (sky130_fd_sc_hd__dfrtp_2)
                                 -0.018676    0.231324   library hold time
                                              0.231324   data required time
---------------------------------------------------------------------------------------------
                                              0.231324   data required time
                                             -0.470658   data arrival time
---------------------------------------------------------------------------------------------
                                              0.239334   slack (MET)


Startpoint: _1152_ (rising edge-triggered flip-flop clocked by clk)
Endpoint: _1152_ (rising edge-triggered flip-flop clocked by clk)
Path Group: clk
Path Type: min

Fanout         Cap        Slew       Delay        Time   Description
---------------------------------------------------------------------------------------------
                      0.150000    0.000000    0.000000   clock clk (rise edge)
                                  0.000000    0.000000   clock network delay (ideal)
                      0.150000    0.000000    0.000000 ^ _1152_/CLK (sky130_fd_sc_hd__dfrtp_2)
     3    0.006133    0.054309    0.365304    0.365304 ^ _1152_/Q (sky130_fd_sc_hd__dfrtp_2)
                                                         snapshot4[4] (net)
                      0.054309    0.000000    0.365304 ^ _0662_/A0 (sky130_fd_sc_hd__mux2_1)
     1    0.002005    0.036913    0.105700    0.471003 ^ _0662_/X (sky130_fd_sc_hd__mux2_1)
                                                         _0109_ (net)
                      0.036913    0.000000    0.471003 ^ _1152_/D (sky130_fd_sc_hd__dfrtp_2)
                                              0.471003   data arrival time

                      0.150000    0.000000    0.000000   clock clk (rise edge)
                                  0.000000    0.000000   clock network delay (ideal)
                                  0.250000    0.250000   clock uncertainty
                                  0.000000    0.250000   clock reconvergence pessimism
                                              0.250000 ^ _1152_/CLK (sky130_fd_sc_hd__dfrtp_2)
                                 -0.018676    0.231324   library hold time
                                              0.231324   data required time
---------------------------------------------------------------------------------------------
                                              0.231324   data required time
                                             -0.471003   data arrival time
---------------------------------------------------------------------------------------------
                                              0.239680   slack (MET)


Startpoint: _1178_ (rising edge-triggered flip-flop clocked by clk)
Endpoint: _1178_ (rising edge-triggered flip-flop clocked by clk)
Path Group: clk
Path Type: min

Fanout         Cap        Slew       Delay        Time   Description
---------------------------------------------------------------------------------------------
                      0.150000    0.000000    0.000000   clock clk (rise edge)
                                  0.000000    0.000000   clock network delay (ideal)
                      0.150000    0.000000    0.000000 ^ _1178_/CLK (sky130_fd_sc_hd__dfrtp_2)
     2    0.006185    0.054531    0.365516    0.365516 ^ _1178_/Q (sky130_fd_sc_hd__dfrtp_2)
                                                         snapshot7[6] (net)
                      0.054531    0.000000    0.365516 ^ _0688_/A0 (sky130_fd_sc_hd__mux2_1)
     1    0.002005    0.036913    0.105772    0.471288 ^ _0688_/X (sky130_fd_sc_hd__mux2_1)
                                                         _0135_ (net)
                      0.036913    0.000000    0.471288 ^ _1178_/D (sky130_fd_sc_hd__dfrtp_2)
                                              0.471288   data arrival time

                      0.150000    0.000000    0.000000   clock clk (rise edge)
                                  0.000000    0.000000   clock network delay (ideal)
                                  0.250000    0.250000   clock uncertainty
                                  0.000000    0.250000   clock reconvergence pessimism
                                              0.250000 ^ _1178_/CLK (sky130_fd_sc_hd__dfrtp_2)
                                 -0.018676    0.231324   library hold time
                                              0.231324   data required time
---------------------------------------------------------------------------------------------
                                              0.231324   data required time
                                             -0.471288   data arrival time
---------------------------------------------------------------------------------------------
                                              0.239965   slack (MET)


Startpoint: _1179_ (rising edge-triggered flip-flop clocked by clk)
Endpoint: _1179_ (rising edge-triggered flip-flop clocked by clk)
Path Group: clk
Path Type: min

Fanout         Cap        Slew       Delay        Time   Description
---------------------------------------------------------------------------------------------
                      0.150000    0.000000    0.000000   clock clk (rise edge)
                                  0.000000    0.000000   clock network delay (ideal)
                      0.150000    0.000000    0.000000 ^ _1179_/CLK (sky130_fd_sc_hd__dfrtp_2)
     2    0.006253    0.054821    0.365794    0.365794 ^ _1179_/Q (sky130_fd_sc_hd__dfrtp_2)
                                                         snapshot7[7] (net)
                      0.054821    0.000000    0.365794 ^ _0689_/A0 (sky130_fd_sc_hd__mux2_1)
     1    0.002005    0.036913    0.105867    0.471661 ^ _0689_/X (sky130_fd_sc_hd__mux2_1)
                                                         _0136_ (net)
                      0.036913    0.000000    0.471661 ^ _1179_/D (sky130_fd_sc_hd__dfrtp_2)
                                              0.471661   data arrival time

                      0.150000    0.000000    0.000000   clock clk (rise edge)
                                  0.000000    0.000000   clock network delay (ideal)
                                  0.250000    0.250000   clock uncertainty
                                  0.000000    0.250000   clock reconvergence pessimism
                                              0.250000 ^ _1179_/CLK (sky130_fd_sc_hd__dfrtp_2)
                                 -0.018676    0.231324   library hold time
                                              0.231324   data required time
---------------------------------------------------------------------------------------------
                                              0.231324   data required time
                                             -0.471661   data arrival time
---------------------------------------------------------------------------------------------
                                              0.240337   slack (MET)


Startpoint: _1182_ (rising edge-triggered flip-flop clocked by clk)
Endpoint: _1182_ (rising edge-triggered flip-flop clocked by clk)
Path Group: clk
Path Type: min

Fanout         Cap        Slew       Delay        Time   Description
---------------------------------------------------------------------------------------------
                      0.150000    0.000000    0.000000   clock clk (rise edge)
                                  0.000000    0.000000   clock network delay (ideal)
                      0.150000    0.000000    0.000000 ^ _1182_/CLK (sky130_fd_sc_hd__dfrtp_2)
     3    0.010651    0.073565    0.383767    0.383767 ^ _1182_/Q (sky130_fd_sc_hd__dfrtp_2)
                                                         add_stage0.add0.b[2] (net)
                      0.073565    0.000000    0.383767 ^ _0758_/A (sky130_fd_sc_hd__nand2_2)
     1    0.004267    0.034363    0.046452    0.430219 v _0758_/Y (sky130_fd_sc_hd__nand2_2)
                                                         _0296_ (net)
                      0.034363    0.000000    0.430219 v _0759_/B1 (sky130_fd_sc_hd__o31ai_2)
     1    0.002005    0.040699    0.041756    0.471975 ^ _0759_/Y (sky130_fd_sc_hd__o31ai_2)
                                                         _0139_ (net)
                      0.040699    0.000000    0.471975 ^ _1182_/D (sky130_fd_sc_hd__dfrtp_2)
                                              0.471975   data arrival time

                      0.150000    0.000000    0.000000   clock clk (rise edge)
                                  0.000000    0.000000   clock network delay (ideal)
                                  0.250000    0.250000   clock uncertainty
                                  0.000000    0.250000   clock reconvergence pessimism
                                              0.250000 ^ _1182_/CLK (sky130_fd_sc_hd__dfrtp_2)
                                 -0.019450    0.230550   library hold time
                                              0.230550   data required time
---------------------------------------------------------------------------------------------
                                              0.230550   data required time
                                             -0.471975   data arrival time
---------------------------------------------------------------------------------------------
                                              0.241425   slack (MET)


Startpoint: _1143_ (rising edge-triggered flip-flop clocked by clk)
Endpoint: _1151_ (rising edge-triggered flip-flop clocked by clk)
Path Group: clk
Path Type: min

Fanout         Cap        Slew       Delay        Time   Description
---------------------------------------------------------------------------------------------
                      0.150000    0.000000    0.000000   clock clk (rise edge)
                                  0.000000    0.000000   clock network delay (ideal)
                      0.150000    0.000000    0.000000 ^ _1143_/CLK (sky130_fd_sc_hd__dfrtp_2)
     3    0.006062    0.054007    0.365014    0.365014 ^ _1143_/Q (sky130_fd_sc_hd__dfrtp_2)
                                                         snapshot3[3] (net)
                      0.054007    0.000000    0.365014 ^ _0661_/A1 (sky130_fd_sc_hd__mux2_1)
     1    0.002005    0.036913    0.108263    0.473277 ^ _0661_/X (sky130_fd_sc_hd__mux2_1)
                                                         _0108_ (net)
                      0.036913    0.000000    0.473277 ^ _1151_/D (sky130_fd_sc_hd__dfrtp_2)
                                              0.473277   data arrival time

                      0.150000    0.000000    0.000000   clock clk (rise edge)
                                  0.000000    0.000000   clock network delay (ideal)
                                  0.250000    0.250000   clock uncertainty
                                  0.000000    0.250000   clock reconvergence pessimism
                                              0.250000 ^ _1151_/CLK (sky130_fd_sc_hd__dfrtp_2)
                                 -0.018676    0.231324   library hold time
                                              0.231324   data required time
---------------------------------------------------------------------------------------------
                                              0.231324   data required time
                                             -0.473277   data arrival time
---------------------------------------------------------------------------------------------
                                              0.241953   slack (MET)


Startpoint: _1155_ (rising edge-triggered flip-flop clocked by clk)
Endpoint: _1163_ (rising edge-triggered flip-flop clocked by clk)
Path Group: clk
Path Type: min

Fanout         Cap        Slew       Delay        Time   Description
---------------------------------------------------------------------------------------------
                      0.150000    0.000000    0.000000   clock clk (rise edge)
                                  0.000000    0.000000   clock network delay (ideal)
                      0.150000    0.000000    0.000000 ^ _1155_/CLK (sky130_fd_sc_hd__dfrtp_2)
     3    0.006107    0.054199    0.365198    0.365198 ^ _1155_/Q (sky130_fd_sc_hd__dfrtp_2)
                                                         snapshot4[7] (net)
                      0.054199    0.000000    0.365198 ^ _0673_/A1 (sky130_fd_sc_hd__mux2_1)
     1    0.002005    0.036913    0.108325    0.473523 ^ _0673_/X (sky130_fd_sc_hd__mux2_1)
                                                         _0120_ (net)
                      0.036913    0.000000    0.473523 ^ _1163_/D (sky130_fd_sc_hd__dfrtp_2)
                                              0.473523   data arrival time

                      0.150000    0.000000    0.000000   clock clk (rise edge)
                                  0.000000    0.000000   clock network delay (ideal)
                                  0.250000    0.250000   clock uncertainty
                                  0.000000    0.250000   clock reconvergence pessimism
                                              0.250000 ^ _1163_/CLK (sky130_fd_sc_hd__dfrtp_2)
                                 -0.018676    0.231324   library hold time
                                              0.231324   data required time
---------------------------------------------------------------------------------------------
                                              0.231324   data required time
                                             -0.473523   data arrival time
---------------------------------------------------------------------------------------------
                                              0.242199   slack (MET)


Startpoint: _1243_ (rising edge-triggered flip-flop clocked by clk)
Endpoint: _1239_ (rising edge-triggered flip-flop clocked by clk)
Path Group: clk
Path Type: min

Fanout         Cap        Slew       Delay        Time   Description
---------------------------------------------------------------------------------------------
                      0.150000    0.000000    0.000000   clock clk (rise edge)
                                  0.000000    0.000000   clock network delay (ideal)
                      0.150000    0.000000    0.000000 ^ _1243_/CLK (sky130_fd_sc_hd__dfrtp_2)
     2    0.004994    0.049455    0.360649    0.360649 ^ _1243_/Q (sky130_fd_sc_hd__dfrtp_2)
                                                         phase[4] (net)
                      0.049455    0.000000    0.360649 ^ _0547_/A2 (sky130_fd_sc_hd__o22a_2)
     1    0.002488    0.030242    0.116330    0.476980 ^ _0547_/X (sky130_fd_sc_hd__o22a_2)
                                                         _0001_ (net)
                      0.030242    0.000000    0.476980 ^ _1239_/D (sky130_fd_sc_hd__dfstp_2)
                                              0.476980   data arrival time

                      0.150000    0.000000    0.000000   clock clk (rise edge)
                                  0.000000    0.000000   clock network delay (ideal)
                                  0.250000    0.250000   clock uncertainty
                                  0.000000    0.250000   clock reconvergence pessimism
                                              0.250000 ^ _1239_/CLK (sky130_fd_sc_hd__dfstp_2)
                                 -0.016093    0.233907   library hold time
                                              0.233907   data required time
---------------------------------------------------------------------------------------------
                                              0.233907   data required time
                                             -0.476980   data arrival time
---------------------------------------------------------------------------------------------
                                              0.243073   slack (MET)


Startpoint: _1109_ (rising edge-triggered flip-flop clocked by clk)
Endpoint: _1109_ (rising edge-triggered flip-flop clocked by clk)
Path Group: clk
Path Type: min

Fanout         Cap        Slew       Delay        Time   Description
---------------------------------------------------------------------------------------------
                      0.150000    0.000000    0.000000   clock clk (rise edge)
                                  0.000000    0.000000   clock network delay (ideal)
                      0.150000    0.000000    0.000000 ^ _1109_/CLK (sky130_fd_sc_hd__dfrtp_2)
     2    0.006426    0.055558    0.366501    0.366501 ^ _1109_/Q (sky130_fd_sc_hd__dfrtp_2)
                                                         coeff7[1] (net)
                      0.055558    0.000000    0.366501 ^ _0619_/A1 (sky130_fd_sc_hd__mux2_1)
     1    0.002005    0.036506    0.108764    0.475265 ^ _0619_/X (sky130_fd_sc_hd__mux2_1)
                                                         _0066_ (net)
                      0.036506    0.000000    0.475265 ^ _1109_/D (sky130_fd_sc_hd__dfrtp_2)
                                              0.475265   data arrival time

                      0.150000    0.000000    0.000000   clock clk (rise edge)
                                  0.000000    0.000000   clock network delay (ideal)
                                  0.250000    0.250000   clock uncertainty
                                  0.000000    0.250000   clock reconvergence pessimism
                                              0.250000 ^ _1109_/CLK (sky130_fd_sc_hd__dfrtp_2)
                                 -0.018593    0.231407   library hold time
                                              0.231407   data required time
---------------------------------------------------------------------------------------------
                                              0.231407   data required time
                                             -0.475265   data arrival time
---------------------------------------------------------------------------------------------
                                              0.243858   slack (MET)


Startpoint: _1110_ (rising edge-triggered flip-flop clocked by clk)
Endpoint: _1110_ (rising edge-triggered flip-flop clocked by clk)
Path Group: clk
Path Type: min

Fanout         Cap        Slew       Delay        Time   Description
---------------------------------------------------------------------------------------------
                      0.150000    0.000000    0.000000   clock clk (rise edge)
                                  0.000000    0.000000   clock network delay (ideal)
                      0.150000    0.000000    0.000000 ^ _1110_/CLK (sky130_fd_sc_hd__dfrtp_2)
     2    0.006426    0.055558    0.366501    0.366501 ^ _1110_/Q (sky130_fd_sc_hd__dfrtp_2)
                                                         coeff7[2] (net)
                      0.055558    0.000000    0.366501 ^ _0620_/A1 (sky130_fd_sc_hd__mux2_1)
     1    0.002005    0.036506    0.108764    0.475265 ^ _0620_/X (sky130_fd_sc_hd__mux2_1)
                                                         _0067_ (net)
                      0.036506    0.000000    0.475265 ^ _1110_/D (sky130_fd_sc_hd__dfrtp_2)
                                              0.475265   data arrival time

                      0.150000    0.000000    0.000000   clock clk (rise edge)
                                  0.000000    0.000000   clock network delay (ideal)
                                  0.250000    0.250000   clock uncertainty
                                  0.000000    0.250000   clock reconvergence pessimism
                                              0.250000 ^ _1110_/CLK (sky130_fd_sc_hd__dfrtp_2)
                                 -0.018593    0.231407   library hold time
                                              0.231407   data required time
---------------------------------------------------------------------------------------------
                                              0.231407   data required time
                                             -0.475265   data arrival time
---------------------------------------------------------------------------------------------
                                              0.243858   slack (MET)


Startpoint: _1108_ (rising edge-triggered flip-flop clocked by clk)
Endpoint: _1108_ (rising edge-triggered flip-flop clocked by clk)
Path Group: clk
Path Type: min

Fanout         Cap        Slew       Delay        Time   Description
---------------------------------------------------------------------------------------------
                      0.150000    0.000000    0.000000   clock clk (rise edge)
                                  0.000000    0.000000   clock network delay (ideal)
                      0.150000    0.000000    0.000000 ^ _1108_/CLK (sky130_fd_sc_hd__dfrtp_2)
     2    0.006538    0.056035    0.366959    0.366959 ^ _1108_/Q (sky130_fd_sc_hd__dfrtp_2)
                                                         coeff7[0] (net)
                      0.056035    0.000000    0.366959 ^ _0618_/A1 (sky130_fd_sc_hd__mux2_1)
     1    0.002005    0.036506    0.108918    0.475877 ^ _0618_/X (sky130_fd_sc_hd__mux2_1)
                                                         _0065_ (net)
                      0.036506    0.000000    0.475877 ^ _1108_/D (sky130_fd_sc_hd__dfrtp_2)
                                              0.475877   data arrival time

                      0.150000    0.000000    0.000000   clock clk (rise edge)
                                  0.000000    0.000000   clock network delay (ideal)
                                  0.250000    0.250000   clock uncertainty
                                  0.000000    0.250000   clock reconvergence pessimism
                                              0.250000 ^ _1108_/CLK (sky130_fd_sc_hd__dfrtp_2)
                                 -0.018593    0.231407   library hold time
                                              0.231407   data required time
---------------------------------------------------------------------------------------------
                                              0.231407   data required time
                                             -0.475877   data arrival time
---------------------------------------------------------------------------------------------
                                              0.244470   slack (MET)


Startpoint: _1114_ (rising edge-triggered flip-flop clocked by clk)
Endpoint: _1114_ (rising edge-triggered flip-flop clocked by clk)
Path Group: clk
Path Type: min

Fanout         Cap        Slew       Delay        Time   Description
---------------------------------------------------------------------------------------------
                      0.150000    0.000000    0.000000   clock clk (rise edge)
                                  0.000000    0.000000   clock network delay (ideal)
                      0.150000    0.000000    0.000000 ^ _1114_/CLK (sky130_fd_sc_hd__dfrtp_2)
     2    0.006538    0.056035    0.366959    0.366959 ^ _1114_/Q (sky130_fd_sc_hd__dfrtp_2)
                                                         coeff7[6] (net)
                      0.056035    0.000000    0.366959 ^ _0624_/A1 (sky130_fd_sc_hd__mux2_1)
     1    0.002005    0.036506    0.108918    0.475877 ^ _0624_/X (sky130_fd_sc_hd__mux2_1)
                                                         _0071_ (net)
                      0.036506    0.000000    0.475877 ^ _1114_/D (sky130_fd_sc_hd__dfrtp_2)
                                              0.475877   data arrival time

                      0.150000    0.000000    0.000000   clock clk (rise edge)
                                  0.000000    0.000000   clock network delay (ideal)
                                  0.250000    0.250000   clock uncertainty
                                  0.000000    0.250000   clock reconvergence pessimism
                                              0.250000 ^ _1114_/CLK (sky130_fd_sc_hd__dfrtp_2)
                                 -0.018593    0.231407   library hold time
                                              0.231407   data required time
---------------------------------------------------------------------------------------------
                                              0.231407   data required time
                                             -0.475877   data arrival time
---------------------------------------------------------------------------------------------
                                              0.244470   slack (MET)


Startpoint: _1244_ (rising edge-triggered flip-flop clocked by clk)
Endpoint: _1244_ (rising edge-triggered flip-flop clocked by clk)
Path Group: clk
Path Type: min

Fanout         Cap        Slew       Delay        Time   Description
---------------------------------------------------------------------------------------------
                      0.150000    0.000000    0.000000   clock clk (rise edge)
                                  0.000000    0.000000   clock network delay (ideal)
                      0.150000    0.000000    0.000000 ^ _1244_/CLK (sky130_fd_sc_hd__dfrtp_2)
     3    0.008538    0.064559    0.375132    0.375132 ^ _1244_/Q (sky130_fd_sc_hd__dfrtp_2)
                                                         phase[5] (net)
                      0.064559    0.000000    0.375132 ^ _0538_/A1 (sky130_fd_sc_hd__a21bo_2)
     1    0.002005    0.027291    0.107651    0.482783 ^ _0538_/X (sky130_fd_sc_hd__a21bo_2)
                                                         _0006_ (net)
                      0.027291    0.000000    0.482783 ^ _1244_/D (sky130_fd_sc_hd__dfrtp_2)
                                              0.482783   data arrival time

                      0.150000    0.000000    0.000000   clock clk (rise edge)
                                  0.000000    0.000000   clock network delay (ideal)
                                  0.250000    0.250000   clock uncertainty
                                  0.000000    0.250000   clock reconvergence pessimism
                                              0.250000 ^ _1244_/CLK (sky130_fd_sc_hd__dfrtp_2)
                                 -0.016709    0.233291   library hold time
                                              0.233291   data required time
---------------------------------------------------------------------------------------------
                                              0.233291   data required time
                                             -0.482783   data arrival time
---------------------------------------------------------------------------------------------
                                              0.249491   slack (MET)


Startpoint: _1222_ (rising edge-triggered flip-flop clocked by clk)
Endpoint: _1190_ (rising edge-triggered flip-flop clocked by clk)
Path Group: clk
Path Type: min

Fanout         Cap        Slew       Delay        Time   Description
---------------------------------------------------------------------------------------------
                      0.150000    0.000000    0.000000   clock clk (rise edge)
                                  0.000000    0.000000   clock network delay (ideal)
                      0.150000    0.000000    0.000000 ^ _1222_/CLK (sky130_fd_sc_hd__dfrtp_2)
     3    0.006003    0.053755    0.364773    0.364773 ^ _1222_/Q (sky130_fd_sc_hd__dfrtp_2)
                                                         stage3[2] (net)
                      0.053755    0.000000    0.364773 ^ _0957_/A1 (sky130_fd_sc_hd__a22o_2)
     1    0.002005    0.031408    0.117225    0.481997 ^ _0957_/X (sky130_fd_sc_hd__a22o_2)
                                                         _0147_ (net)
                      0.031408    0.000000    0.481997 ^ _1190_/D (sky130_fd_sc_hd__dfrtp_2)
                                              0.481997   data arrival time

                      0.150000    0.000000    0.000000   clock clk (rise edge)
                                  0.000000    0.000000   clock network delay (ideal)
                                  0.250000    0.250000   clock uncertainty
                                  0.000000    0.250000   clock reconvergence pessimism
                                              0.250000 ^ _1190_/CLK (sky130_fd_sc_hd__dfrtp_2)
                                 -0.017551    0.232449   library hold time
                                              0.232449   data required time
---------------------------------------------------------------------------------------------
                                              0.232449   data required time
                                             -0.481997   data arrival time
---------------------------------------------------------------------------------------------
                                              0.249548   slack (MET)


Startpoint: _1224_ (rising edge-triggered flip-flop clocked by clk)
Endpoint: _1192_ (rising edge-triggered flip-flop clocked by clk)
Path Group: clk
Path Type: min

Fanout         Cap        Slew       Delay        Time   Description
---------------------------------------------------------------------------------------------
                      0.150000    0.000000    0.000000   clock clk (rise edge)
                                  0.000000    0.000000   clock network delay (ideal)
                      0.150000    0.000000    0.000000 ^ _1224_/CLK (sky130_fd_sc_hd__dfrtp_2)
     3    0.006003    0.053755    0.364773    0.364773 ^ _1224_/Q (sky130_fd_sc_hd__dfrtp_2)
                                                         stage3[4] (net)
                      0.053755    0.000000    0.364773 ^ _0959_/A1 (sky130_fd_sc_hd__a22o_2)
     1    0.002005    0.031408    0.117225    0.481997 ^ _0959_/X (sky130_fd_sc_hd__a22o_2)
                                                         _0149_ (net)
                      0.031408    0.000000    0.481997 ^ _1192_/D (sky130_fd_sc_hd__dfrtp_2)
                                              0.481997   data arrival time

                      0.150000    0.000000    0.000000   clock clk (rise edge)
                                  0.000000    0.000000   clock network delay (ideal)
                                  0.250000    0.250000   clock uncertainty
                                  0.000000    0.250000   clock reconvergence pessimism
                                              0.250000 ^ _1192_/CLK (sky130_fd_sc_hd__dfrtp_2)
                                 -0.017551    0.232449   library hold time
                                              0.232449   data required time
---------------------------------------------------------------------------------------------
                                              0.232449   data required time
                                             -0.481997   data arrival time
---------------------------------------------------------------------------------------------
                                              0.249548   slack (MET)


Startpoint: _1225_ (rising edge-triggered flip-flop clocked by clk)
Endpoint: _1193_ (rising edge-triggered flip-flop clocked by clk)
Path Group: clk
Path Type: min

Fanout         Cap        Slew       Delay        Time   Description
---------------------------------------------------------------------------------------------
                      0.150000    0.000000    0.000000   clock clk (rise edge)
                                  0.000000    0.000000   clock network delay (ideal)
                      0.150000    0.000000    0.000000 ^ _1225_/CLK (sky130_fd_sc_hd__dfrtp_2)
     3    0.006003    0.053755    0.364773    0.364773 ^ _1225_/Q (sky130_fd_sc_hd__dfrtp_2)
                                                         stage3[5] (net)
                      0.053755    0.000000    0.364773 ^ _0960_/A1 (sky130_fd_sc_hd__a22o_2)
     1    0.002005    0.031408    0.117225    0.481997 ^ _0960_/X (sky130_fd_sc_hd__a22o_2)
                                                         _0150_ (net)
                      0.031408    0.000000    0.481997 ^ _1193_/D (sky130_fd_sc_hd__dfrtp_2)
                                              0.481997   data arrival time

                      0.150000    0.000000    0.000000   clock clk (rise edge)
                                  0.000000    0.000000   clock network delay (ideal)
                                  0.250000    0.250000   clock uncertainty
                                  0.000000    0.250000   clock reconvergence pessimism
                                              0.250000 ^ _1193_/CLK (sky130_fd_sc_hd__dfrtp_2)
                                 -0.017551    0.232449   library hold time
                                              0.232449   data required time
---------------------------------------------------------------------------------------------
                                              0.232449   data required time
                                             -0.481997   data arrival time
---------------------------------------------------------------------------------------------
                                              0.249548   slack (MET)


Startpoint: _1226_ (rising edge-triggered flip-flop clocked by clk)
Endpoint: _1194_ (rising edge-triggered flip-flop clocked by clk)
Path Group: clk
Path Type: min

Fanout         Cap        Slew       Delay        Time   Description
---------------------------------------------------------------------------------------------
                      0.150000    0.000000    0.000000   clock clk (rise edge)
                                  0.000000    0.000000   clock network delay (ideal)
                      0.150000    0.000000    0.000000 ^ _1226_/CLK (sky130_fd_sc_hd__dfrtp_2)
     3    0.006003    0.053755    0.364773    0.364773 ^ _1226_/Q (sky130_fd_sc_hd__dfrtp_2)
                                                         stage3[6] (net)
                      0.053755    0.000000    0.364773 ^ _0961_/A1 (sky130_fd_sc_hd__a22o_2)
     1    0.002005    0.031408    0.117225    0.481997 ^ _0961_/X (sky130_fd_sc_hd__a22o_2)
                                                         _0151_ (net)
                      0.031408    0.000000    0.481997 ^ _1194_/D (sky130_fd_sc_hd__dfrtp_2)
                                              0.481997   data arrival time

                      0.150000    0.000000    0.000000   clock clk (rise edge)
                                  0.000000    0.000000   clock network delay (ideal)
                                  0.250000    0.250000   clock uncertainty
                                  0.000000    0.250000   clock reconvergence pessimism
                                              0.250000 ^ _1194_/CLK (sky130_fd_sc_hd__dfrtp_2)
                                 -0.017551    0.232449   library hold time
                                              0.232449   data required time
---------------------------------------------------------------------------------------------
                                              0.232449   data required time
                                             -0.481997   data arrival time
---------------------------------------------------------------------------------------------
                                              0.249548   slack (MET)


Startpoint: _1227_ (rising edge-triggered flip-flop clocked by clk)
Endpoint: _1195_ (rising edge-triggered flip-flop clocked by clk)
Path Group: clk
Path Type: min

Fanout         Cap        Slew       Delay        Time   Description
---------------------------------------------------------------------------------------------
                      0.150000    0.000000    0.000000   clock clk (rise edge)
                                  0.000000    0.000000   clock network delay (ideal)
                      0.150000    0.000000    0.000000 ^ _1227_/CLK (sky130_fd_sc_hd__dfrtp_2)
     3    0.006003    0.053755    0.364773    0.364773 ^ _1227_/Q (sky130_fd_sc_hd__dfrtp_2)
                                                         stage3[7] (net)
                      0.053755    0.000000    0.364773 ^ _0962_/A1 (sky130_fd_sc_hd__a22o_2)
     1    0.002005    0.031431    0.117225    0.481997 ^ _0962_/X (sky130_fd_sc_hd__a22o_2)
                                                         _0152_ (net)
                      0.031431    0.000000    0.481997 ^ _1195_/D (sky130_fd_sc_hd__dfrtp_2)
                                              0.481997   data arrival time

                      0.150000    0.000000    0.000000   clock clk (rise edge)
                                  0.000000    0.000000   clock network delay (ideal)
                                  0.250000    0.250000   clock uncertainty
                                  0.000000    0.250000   clock reconvergence pessimism
                                              0.250000 ^ _1195_/CLK (sky130_fd_sc_hd__dfrtp_2)
                                 -0.017555    0.232445   library hold time
                                              0.232445   data required time
---------------------------------------------------------------------------------------------
                                              0.232445   data required time
                                             -0.481997   data arrival time
---------------------------------------------------------------------------------------------
                                              0.249553   slack (MET)


Startpoint: _1221_ (rising edge-triggered flip-flop clocked by clk)
Endpoint: _1189_ (rising edge-triggered flip-flop clocked by clk)
Path Group: clk
Path Type: min

Fanout         Cap        Slew       Delay        Time   Description
---------------------------------------------------------------------------------------------
                      0.150000    0.000000    0.000000   clock clk (rise edge)
                                  0.000000    0.000000   clock network delay (ideal)
                      0.150000    0.000000    0.000000 ^ _1221_/CLK (sky130_fd_sc_hd__dfrtp_2)
     3    0.006003    0.053755    0.364773    0.364773 ^ _1221_/Q (sky130_fd_sc_hd__dfrtp_2)
                                                         stage3[1] (net)
                      0.053755    0.000000    0.364773 ^ _0956_/A1 (sky130_fd_sc_hd__a22o_2)
     1    0.002005    0.031455    0.117225    0.481997 ^ _0956_/X (sky130_fd_sc_hd__a22o_2)
                                                         _0146_ (net)
                      0.031455    0.000000    0.481997 ^ _1189_/D (sky130_fd_sc_hd__dfrtp_2)
                                              0.481997   data arrival time

                      0.150000    0.000000    0.000000   clock clk (rise edge)
                                  0.000000    0.000000   clock network delay (ideal)
                                  0.250000    0.250000   clock uncertainty
                                  0.000000    0.250000   clock reconvergence pessimism
                                              0.250000 ^ _1189_/CLK (sky130_fd_sc_hd__dfrtp_2)
                                 -0.017560    0.232440   library hold time
                                              0.232440   data required time
---------------------------------------------------------------------------------------------
                                              0.232440   data required time
                                             -0.481997   data arrival time
---------------------------------------------------------------------------------------------
                                              0.249558   slack (MET)


Startpoint: _1220_ (rising edge-triggered flip-flop clocked by clk)
Endpoint: _1188_ (rising edge-triggered flip-flop clocked by clk)
Path Group: clk
Path Type: min

Fanout         Cap        Slew       Delay        Time   Description
---------------------------------------------------------------------------------------------
                      0.150000    0.000000    0.000000   clock clk (rise edge)
                                  0.000000    0.000000   clock network delay (ideal)
                      0.150000    0.000000    0.000000 ^ _1220_/CLK (sky130_fd_sc_hd__dfrtp_2)
     3    0.006003    0.053755    0.364773    0.364773 ^ _1220_/Q (sky130_fd_sc_hd__dfrtp_2)
                                                         stage3[0] (net)
                      0.053755    0.000000    0.364773 ^ _0955_/A1 (sky130_fd_sc_hd__a22o_2)
     1    0.002005    0.031464    0.117225    0.481997 ^ _0955_/X (sky130_fd_sc_hd__a22o_2)
                                                         _0145_ (net)
                      0.031464    0.000000    0.481997 ^ _1188_/D (sky130_fd_sc_hd__dfrtp_2)
                                              0.481997   data arrival time

                      0.150000    0.000000    0.000000   clock clk (rise edge)
                                  0.000000    0.000000   clock network delay (ideal)
                                  0.250000    0.250000   clock uncertainty
                                  0.000000    0.250000   clock reconvergence pessimism
                                              0.250000 ^ _1188_/CLK (sky130_fd_sc_hd__dfrtp_2)
                                 -0.017562    0.232438   library hold time
                                              0.232438   data required time
---------------------------------------------------------------------------------------------
                                              0.232438   data required time
                                             -0.481997   data arrival time
---------------------------------------------------------------------------------------------
                                              0.249559   slack (MET)


Startpoint: _1223_ (rising edge-triggered flip-flop clocked by clk)
Endpoint: _1191_ (rising edge-triggered flip-flop clocked by clk)
Path Group: clk
Path Type: min

Fanout         Cap        Slew       Delay        Time   Description
---------------------------------------------------------------------------------------------
                      0.150000    0.000000    0.000000   clock clk (rise edge)
                                  0.000000    0.000000   clock network delay (ideal)
                      0.150000    0.000000    0.000000 ^ _1223_/CLK (sky130_fd_sc_hd__dfrtp_2)
     3    0.006003    0.053755    0.364773    0.364773 ^ _1223_/Q (sky130_fd_sc_hd__dfrtp_2)
                                                         stage3[3] (net)
                      0.053755    0.000000    0.364773 ^ _0958_/A1 (sky130_fd_sc_hd__a22o_2)
     1    0.002005    0.031482    0.117225    0.481997 ^ _0958_/X (sky130_fd_sc_hd__a22o_2)
                                                         _0148_ (net)
                      0.031482    0.000000    0.481997 ^ _1191_/D (sky130_fd_sc_hd__dfrtp_2)
                                              0.481997   data arrival time

                      0.150000    0.000000    0.000000   clock clk (rise edge)
                                  0.000000    0.000000   clock network delay (ideal)
                                  0.250000    0.250000   clock uncertainty
                                  0.000000    0.250000   clock reconvergence pessimism
                                              0.250000 ^ _1191_/CLK (sky130_fd_sc_hd__dfrtp_2)
                                 -0.017566    0.232434   library hold time
                                              0.232434   data required time
---------------------------------------------------------------------------------------------
                                              0.232434   data required time
                                             -0.481997   data arrival time
---------------------------------------------------------------------------------------------
                                              0.249563   slack (MET)


Startpoint: _1240_ (rising edge-triggered flip-flop clocked by clk)
Endpoint: _1240_ (rising edge-triggered flip-flop clocked by clk)
Path Group: clk
Path Type: min

Fanout         Cap        Slew       Delay        Time   Description
---------------------------------------------------------------------------------------------
                      0.150000    0.000000    0.000000   clock clk (rise edge)
                                  0.000000    0.000000   clock network delay (ideal)
                      0.150000    0.000000    0.000000 ^ _1240_/CLK (sky130_fd_sc_hd__dfrtp_2)
     3    0.008608    0.064858    0.375418    0.375418 ^ _1240_/Q (sky130_fd_sc_hd__dfrtp_2)
                                                         phase[1] (net)
                      0.064858    0.000000    0.375418 ^ _0546_/A1 (sky130_fd_sc_hd__a21bo_2)
     1    0.002005    0.027291    0.107748    0.483166 ^ _0546_/X (sky130_fd_sc_hd__a21bo_2)
                                                         _0002_ (net)
                      0.027291    0.000000    0.483166 ^ _1240_/D (sky130_fd_sc_hd__dfrtp_2)
                                              0.483166   data arrival time

                      0.150000    0.000000    0.000000   clock clk (rise edge)
                                  0.000000    0.000000   clock network delay (ideal)
                                  0.250000    0.250000   clock uncertainty
                                  0.000000    0.250000   clock reconvergence pessimism
                                              0.250000 ^ _1240_/CLK (sky130_fd_sc_hd__dfrtp_2)
                                 -0.016709    0.233291   library hold time
                                              0.233291   data required time
---------------------------------------------------------------------------------------------
                                              0.233291   data required time
                                             -0.483166   data arrival time
---------------------------------------------------------------------------------------------
                                              0.249875   slack (MET)


Startpoint: _1241_ (rising edge-triggered flip-flop clocked by clk)
Endpoint: _1241_ (rising edge-triggered flip-flop clocked by clk)
Path Group: clk
Path Type: min

Fanout         Cap        Slew       Delay        Time   Description
---------------------------------------------------------------------------------------------
                      0.150000    0.000000    0.000000   clock clk (rise edge)
                                  0.000000    0.000000   clock network delay (ideal)
                      0.150000    0.000000    0.000000 ^ _1241_/CLK (sky130_fd_sc_hd__dfrtp_2)
     3    0.008709    0.065288    0.375831    0.375831 ^ _1241_/Q (sky130_fd_sc_hd__dfrtp_2)
                                                         phase[2] (net)
                      0.065288    0.000000    0.375831 ^ _0544_/A1 (sky130_fd_sc_hd__a21bo_2)
     1    0.002005    0.027291    0.107888    0.483719 ^ _0544_/X (sky130_fd_sc_hd__a21bo_2)
                                                         _0003_ (net)
                      0.027291    0.000000    0.483719 ^ _1241_/D (sky130_fd_sc_hd__dfrtp_2)
                                              0.483719   data arrival time

                      0.150000    0.000000    0.000000   clock clk (rise edge)
                                  0.000000    0.000000   clock network delay (ideal)
                                  0.250000    0.250000   clock uncertainty
                                  0.000000    0.250000   clock reconvergence pessimism
                                              0.250000 ^ _1241_/CLK (sky130_fd_sc_hd__dfrtp_2)
                                 -0.016709    0.233291   library hold time
                                              0.233291   data required time
---------------------------------------------------------------------------------------------
                                              0.233291   data required time
                                             -0.483719   data arrival time
---------------------------------------------------------------------------------------------
                                              0.250428   slack (MET)


Startpoint: _1184_ (rising edge-triggered flip-flop clocked by clk)
Endpoint: _1184_ (rising edge-triggered flip-flop clocked by clk)
Path Group: clk
Path Type: min

Fanout         Cap        Slew       Delay        Time   Description
---------------------------------------------------------------------------------------------
                      0.150000    0.000000    0.000000   clock clk (rise edge)
                                  0.000000    0.000000   clock network delay (ideal)
                      0.150000    0.000000    0.000000 ^ _1184_/CLK (sky130_fd_sc_hd__dfrtp_2)
     3    0.008058    0.062514    0.373170    0.373170 ^ _1184_/Q (sky130_fd_sc_hd__dfrtp_2)
                                                         add_stage0.add1.b[0] (net)
                      0.062514    0.000000    0.373170 ^ _0826_/A1 (sky130_fd_sc_hd__mux2_1)
     1    0.002005    0.036513    0.111008    0.484178 ^ _0826_/X (sky130_fd_sc_hd__mux2_1)
                                                         _0141_ (net)
                      0.036513    0.000000    0.484178 ^ _1184_/D (sky130_fd_sc_hd__dfrtp_2)
                                              0.484178   data arrival time

                      0.150000    0.000000    0.000000   clock clk (rise edge)
                                  0.000000    0.000000   clock network delay (ideal)
                                  0.250000    0.250000   clock uncertainty
                                  0.000000    0.250000   clock reconvergence pessimism
                                              0.250000 ^ _1184_/CLK (sky130_fd_sc_hd__dfrtp_2)
                                 -0.018594    0.231406   library hold time
                                              0.231406   data required time
---------------------------------------------------------------------------------------------
                                              0.231406   data required time
                                             -0.484178   data arrival time
---------------------------------------------------------------------------------------------
                                              0.252772   slack (MET)


Startpoint: _1185_ (rising edge-triggered flip-flop clocked by clk)
Endpoint: _1185_ (rising edge-triggered flip-flop clocked by clk)
Path Group: clk
Path Type: min

Fanout         Cap        Slew       Delay        Time   Description
---------------------------------------------------------------------------------------------
                      0.150000    0.000000    0.000000   clock clk (rise edge)
                                  0.000000    0.000000   clock network delay (ideal)
                      0.150000    0.000000    0.000000 ^ _1185_/CLK (sky130_fd_sc_hd__dfrtp_2)
     3    0.008058    0.062514    0.373170    0.373170 ^ _1185_/Q (sky130_fd_sc_hd__dfrtp_2)
                                                         add_stage0.add1.b[1] (net)
                      0.062514    0.000000    0.373170 ^ _0868_/A1 (sky130_fd_sc_hd__mux2_1)
     1    0.002005    0.036513    0.111008    0.484178 ^ _0868_/X (sky130_fd_sc_hd__mux2_1)
                                                         _0142_ (net)
                      0.036513    0.000000    0.484178 ^ _1185_/D (sky130_fd_sc_hd__dfrtp_2)
                                              0.484178   data arrival time

                      0.150000    0.000000    0.000000   clock clk (rise edge)
                                  0.000000    0.000000   clock network delay (ideal)
                                  0.250000    0.250000   clock uncertainty
                                  0.000000    0.250000   clock reconvergence pessimism
                                              0.250000 ^ _1185_/CLK (sky130_fd_sc_hd__dfrtp_2)
                                 -0.018594    0.231406   library hold time
                                              0.231406   data required time
---------------------------------------------------------------------------------------------
                                              0.231406   data required time
                                             -0.484178   data arrival time
---------------------------------------------------------------------------------------------
                                              0.252772   slack (MET)


Startpoint: _1186_ (rising edge-triggered flip-flop clocked by clk)
Endpoint: _1186_ (rising edge-triggered flip-flop clocked by clk)
Path Group: clk
Path Type: min

Fanout         Cap        Slew       Delay        Time   Description
---------------------------------------------------------------------------------------------
                      0.150000    0.000000    0.000000   clock clk (rise edge)
                                  0.000000    0.000000   clock network delay (ideal)
                      0.150000    0.000000    0.000000 ^ _1186_/CLK (sky130_fd_sc_hd__dfrtp_2)
     3    0.008058    0.062514    0.373170    0.373170 ^ _1186_/Q (sky130_fd_sc_hd__dfrtp_2)
                                                         add_stage0.add1.b[2] (net)
                      0.062514    0.000000    0.373170 ^ _0918_/A1 (sky130_fd_sc_hd__mux2_1)
     1    0.002005    0.036513    0.111008    0.484178 ^ _0918_/X (sky130_fd_sc_hd__mux2_1)
                                                         _0143_ (net)
                      0.036513    0.000000    0.484178 ^ _1186_/D (sky130_fd_sc_hd__dfrtp_2)
                                              0.484178   data arrival time

                      0.150000    0.000000    0.000000   clock clk (rise edge)
                                  0.000000    0.000000   clock network delay (ideal)
                                  0.250000    0.250000   clock uncertainty
                                  0.000000    0.250000   clock reconvergence pessimism
                                              0.250000 ^ _1186_/CLK (sky130_fd_sc_hd__dfrtp_2)
                                 -0.018594    0.231406   library hold time
                                              0.231406   data required time
---------------------------------------------------------------------------------------------
                                              0.231406   data required time
                                             -0.484178   data arrival time
---------------------------------------------------------------------------------------------
                                              0.252772   slack (MET)


Startpoint: _1119_ (rising edge-triggered flip-flop clocked by clk)
Endpoint: _1127_ (rising edge-triggered flip-flop clocked by clk)
Path Group: clk
Path Type: min

Fanout         Cap        Slew       Delay        Time   Description
---------------------------------------------------------------------------------------------
                      0.150000    0.000000    0.000000   clock clk (rise edge)
                                  0.000000    0.000000   clock network delay (ideal)
                      0.150000    0.000000    0.000000 ^ _1119_/CLK (sky130_fd_sc_hd__dfrtp_2)
     3    0.008054    0.062497    0.373154    0.373154 ^ _1119_/Q (sky130_fd_sc_hd__dfrtp_2)
                                                         snapshot0[3] (net)
                      0.062497    0.000000    0.373154 ^ _0637_/A1 (sky130_fd_sc_hd__mux2_1)
     1    0.002005    0.036913    0.111002    0.484156 ^ _0637_/X (sky130_fd_sc_hd__mux2_1)
                                                         _0084_ (net)
                      0.036913    0.000000    0.484156 ^ _1127_/D (sky130_fd_sc_hd__dfrtp_2)
                                              0.484156   data arrival time

                      0.150000    0.000000    0.000000   clock clk (rise edge)
                                  0.000000    0.000000   clock network delay (ideal)
                                  0.250000    0.250000   clock uncertainty
                                  0.000000    0.250000   clock reconvergence pessimism
                                              0.250000 ^ _1127_/CLK (sky130_fd_sc_hd__dfrtp_2)
                                 -0.018676    0.231324   library hold time
                                              0.231324   data required time
---------------------------------------------------------------------------------------------
                                              0.231324   data required time
                                             -0.484156   data arrival time
---------------------------------------------------------------------------------------------
                                              0.252832   slack (MET)


Startpoint: _1242_ (rising edge-triggered flip-flop clocked by clk)
Endpoint: _1242_ (rising edge-triggered flip-flop clocked by clk)
Path Group: clk
Path Type: min

Fanout         Cap        Slew       Delay        Time   Description
---------------------------------------------------------------------------------------------
                      0.150000    0.000000    0.000000   clock clk (rise edge)
                                  0.000000    0.000000   clock network delay (ideal)
                      0.150000    0.000000    0.000000 ^ _1242_/CLK (sky130_fd_sc_hd__dfrtp_2)
     4    0.011328    0.076450    0.386533    0.386533 ^ _1242_/Q (sky130_fd_sc_hd__dfrtp_2)
                                                         phase[3] (net)
                      0.076450    0.000000    0.386533 ^ _0542_/A1 (sky130_fd_sc_hd__a21bo_2)
     1    0.002005    0.027310    0.111529    0.498063 ^ _0542_/X (sky130_fd_sc_hd__a21bo_2)
                                                         _0004_ (net)
                      0.027310    0.000000    0.498063 ^ _1242_/D (sky130_fd_sc_hd__dfrtp_2)
                                              0.498063   data arrival time

                      0.150000    0.000000    0.000000   clock clk (rise edge)
                                  0.000000    0.000000   clock network delay (ideal)
                                  0.250000    0.250000   clock uncertainty
                                  0.000000    0.250000   clock reconvergence pessimism
                                              0.250000 ^ _1242_/CLK (sky130_fd_sc_hd__dfrtp_2)
                                 -0.016713    0.233287   library hold time
                                              0.233287   data required time
---------------------------------------------------------------------------------------------
                                              0.233287   data required time
                                             -0.498063   data arrival time
---------------------------------------------------------------------------------------------
                                              0.264775   slack (MET)


Startpoint: _1187_ (rising edge-triggered flip-flop clocked by clk)
Endpoint: _1187_ (rising edge-triggered flip-flop clocked by clk)
Path Group: clk
Path Type: min

Fanout         Cap        Slew       Delay        Time   Description
---------------------------------------------------------------------------------------------
                      0.150000    0.000000    0.000000   clock clk (rise edge)
                                  0.000000    0.000000   clock network delay (ideal)
                      0.150000    0.000000    0.000000 ^ _1187_/CLK (sky130_fd_sc_hd__dfrtp_2)
     2    0.011340    0.076501    0.386582    0.386582 ^ _1187_/Q (sky130_fd_sc_hd__dfrtp_2)
                                                         add_stage0.add1.b[3] (net)
                      0.076501    0.000000    0.386582 ^ _0953_/A1 (sky130_fd_sc_hd__mux2_1)
     1    0.002005    0.036513    0.115520    0.502102 ^ _0953_/X (sky130_fd_sc_hd__mux2_1)
                                                         _0144_ (net)
                      0.036513    0.000000    0.502102 ^ _1187_/D (sky130_fd_sc_hd__dfrtp_2)
                                              0.502102   data arrival time

                      0.150000    0.000000    0.000000   clock clk (rise edge)
                                  0.000000    0.000000   clock network delay (ideal)
                                  0.250000    0.250000   clock uncertainty
                                  0.000000    0.250000   clock reconvergence pessimism
                                              0.250000 ^ _1187_/CLK (sky130_fd_sc_hd__dfrtp_2)
                                 -0.018594    0.231406   library hold time
                                              0.231406   data required time
---------------------------------------------------------------------------------------------
                                              0.231406   data required time
                                             -0.502102   data arrival time
---------------------------------------------------------------------------------------------
                                              0.270696   slack (MET)


Startpoint: _1181_ (rising edge-triggered flip-flop clocked by clk)
Endpoint: _1181_ (rising edge-triggered flip-flop clocked by clk)
Path Group: clk
Path Type: min

Fanout         Cap        Slew       Delay        Time   Description
---------------------------------------------------------------------------------------------
                      0.150000    0.000000    0.000000   clock clk (rise edge)
                                  0.000000    0.000000   clock network delay (ideal)
                      0.150000    0.000000    0.000000 ^ _1181_/CLK (sky130_fd_sc_hd__dfrtp_2)
     4    0.012615    0.081935    0.391793    0.391793 ^ _1181_/Q (sky130_fd_sc_hd__dfrtp_2)
                                                         add_stage0.add0.b[1] (net)
                      0.081935    0.000000    0.391793 ^ _0733_/A1 (sky130_fd_sc_hd__mux2_1)
     1    0.002005    0.036513    0.117273    0.509065 ^ _0733_/X (sky130_fd_sc_hd__mux2_1)
                                                         _0138_ (net)
                      0.036513    0.000000    0.509065 ^ _1181_/D (sky130_fd_sc_hd__dfrtp_2)
                                              0.509065   data arrival time

                      0.150000    0.000000    0.000000   clock clk (rise edge)
                                  0.000000    0.000000   clock network delay (ideal)
                                  0.250000    0.250000   clock uncertainty
                                  0.000000    0.250000   clock reconvergence pessimism
                                              0.250000 ^ _1181_/CLK (sky130_fd_sc_hd__dfrtp_2)
                                 -0.018594    0.231406   library hold time
                                              0.231406   data required time
---------------------------------------------------------------------------------------------
                                              0.231406   data required time
                                             -0.509065   data arrival time
---------------------------------------------------------------------------------------------
                                              0.277660   slack (MET)


Startpoint: _1180_ (rising edge-triggered flip-flop clocked by clk)
Endpoint: _1180_ (rising edge-triggered flip-flop clocked by clk)
Path Group: clk
Path Type: min

Fanout         Cap        Slew       Delay        Time   Description
---------------------------------------------------------------------------------------------
                      0.150000    0.000000    0.000000   clock clk (rise edge)
                                  0.000000    0.000000   clock network delay (ideal)
                      0.150000    0.000000    0.000000 ^ _1180_/CLK (sky130_fd_sc_hd__dfrtp_2)
     4    0.014638    0.090665    0.398458    0.398458 ^ _1180_/Q (sky130_fd_sc_hd__dfrtp_2)
                                                         add_stage0.add0.b[0] (net)
                      0.090665    0.000000    0.398458 ^ _0713_/A1 (sky130_fd_sc_hd__mux2_1)
     1    0.002005    0.036513    0.120089    0.518547 ^ _0713_/X (sky130_fd_sc_hd__mux2_1)
                                                         _0137_ (net)
                      0.036513    0.000000    0.518547 ^ _1180_/D (sky130_fd_sc_hd__dfrtp_2)
                                              0.518547   data arrival time

                      0.150000    0.000000    0.000000   clock clk (rise edge)
                                  0.000000    0.000000   clock network delay (ideal)
                                  0.250000    0.250000   clock uncertainty
                                  0.000000    0.250000   clock reconvergence pessimism
                                              0.250000 ^ _1180_/CLK (sky130_fd_sc_hd__dfrtp_2)
                                 -0.018594    0.231406   library hold time
                                              0.231406   data required time
---------------------------------------------------------------------------------------------
                                              0.231406   data required time
                                             -0.518547   data arrival time
---------------------------------------------------------------------------------------------
                                              0.287141   slack (MET)


Startpoint: _1183_ (rising edge-triggered flip-flop clocked by clk)
Endpoint: _1183_ (rising edge-triggered flip-flop clocked by clk)
Path Group: clk
Path Type: min

Fanout         Cap        Slew       Delay        Time   Description
---------------------------------------------------------------------------------------------
                      0.150000    0.000000    0.000000   clock clk (rise edge)
                                  0.000000    0.000000   clock network delay (ideal)
                      0.150000    0.000000    0.000000 ^ _1183_/CLK (sky130_fd_sc_hd__dfrtp_2)
     3    0.015945    0.096309    0.402722    0.402722 ^ _1183_/Q (sky130_fd_sc_hd__dfrtp_2)
                                                         add_stage0.add0.b[3] (net)
                      0.096309    0.000000    0.402722 ^ _0789_/A1 (sky130_fd_sc_hd__mux2_1)
     1    0.002005    0.036513    0.121910    0.524631 ^ _0789_/X (sky130_fd_sc_hd__mux2_1)
                                                         _0140_ (net)
                      0.036513    0.000000    0.524631 ^ _1183_/D (sky130_fd_sc_hd__dfrtp_2)
                                              0.524631   data arrival time

                      0.150000    0.000000    0.000000   clock clk (rise edge)
                                  0.000000    0.000000   clock network delay (ideal)
                                  0.250000    0.250000   clock uncertainty
                                  0.000000    0.250000   clock reconvergence pessimism
                                              0.250000 ^ _1183_/CLK (sky130_fd_sc_hd__dfrtp_2)
                                 -0.018594    0.231406   library hold time
                                              0.231406   data required time
---------------------------------------------------------------------------------------------
                                              0.231406   data required time
                                             -0.524631   data arrival time
---------------------------------------------------------------------------------------------
                                              0.293226   slack (MET)


Startpoint: _1199_ (rising edge-triggered flip-flop clocked by clk)
Endpoint: _1199_ (rising edge-triggered flip-flop clocked by clk)
Path Group: clk
Path Type: min

Fanout         Cap        Slew       Delay        Time   Description
---------------------------------------------------------------------------------------------
                      0.150000    0.000000    0.000000   clock clk (rise edge)
                                  0.000000    0.000000   clock network delay (ideal)
                      0.150000    0.000000    0.000000 ^ _1199_/CLK (sky130_fd_sc_hd__dfrtp_2)
     2    0.003094    0.040694    0.351042    0.351042 ^ _1199_/Q (sky130_fd_sc_hd__dfrtp_2)
                                                         add_stage1.a[3] (net)
                      0.040694    0.000000    0.351042 ^ _0978_/A (sky130_fd_sc_hd__and2_2)
     1    0.002514    0.036363    0.114008    0.465050 ^ _0978_/X (sky130_fd_sc_hd__and2_2)
                                                         _0499_ (net)
                      0.036363    0.000000    0.465050 ^ _0982_/B1 (sky130_fd_sc_hd__a41o_2)
     1    0.002005    0.025664    0.073157    0.538207 ^ _0982_/X (sky130_fd_sc_hd__a41o_2)
                                                         _0156_ (net)
                      0.025664    0.000000    0.538207 ^ _1199_/D (sky130_fd_sc_hd__dfrtp_2)
                                              0.538207   data arrival time

                      0.150000    0.000000    0.000000   clock clk (rise edge)
                                  0.000000    0.000000   clock network delay (ideal)
                                  0.250000    0.250000   clock uncertainty
                                  0.000000    0.250000   clock reconvergence pessimism
                                              0.250000 ^ _1199_/CLK (sky130_fd_sc_hd__dfrtp_2)
                                 -0.016376    0.233624   library hold time
                                              0.233624   data required time
---------------------------------------------------------------------------------------------
                                              0.233624   data required time
                                             -0.538207   data arrival time
---------------------------------------------------------------------------------------------
                                              0.304583   slack (MET)


Startpoint: _1061_ (rising edge-triggered flip-flop clocked by clk)
Endpoint: _1061_ (rising edge-triggered flip-flop clocked by clk)
Path Group: clk
Path Type: min

Fanout         Cap        Slew       Delay        Time   Description
---------------------------------------------------------------------------------------------
                      0.150000    0.000000    0.000000   clock clk (rise edge)
                                  0.000000    0.000000   clock network delay (ideal)
                      0.150000    0.000000    0.000000 ^ _1061_/CLK (sky130_fd_sc_hd__dfstp_2)
     2    0.002967    0.022335    0.370717    0.370717 v _1061_/Q (sky130_fd_sc_hd__dfstp_2)
                                                         coeff1[1] (net)
                      0.022335    0.000000    0.370717 v _0563_/A0 (sky130_fd_sc_hd__mux2_1)
     1    0.002233    0.052652    0.251171    0.621889 v _0563_/X (sky130_fd_sc_hd__mux2_1)
                                                         _0018_ (net)
                      0.052652    0.000000    0.621889 v _1061_/D (sky130_fd_sc_hd__dfstp_2)
                                              0.621889   data arrival time

                      0.150000    0.000000    0.000000   clock clk (rise edge)
                                  0.000000    0.000000   clock network delay (ideal)
                                  0.250000    0.250000   clock uncertainty
                                  0.000000    0.250000   clock reconvergence pessimism
                                              0.250000 ^ _1061_/CLK (sky130_fd_sc_hd__dfstp_2)
                                  0.012736    0.262736   library hold time
                                              0.262736   data required time
---------------------------------------------------------------------------------------------
                                              0.262736   data required time
                                             -0.621889   data arrival time
---------------------------------------------------------------------------------------------
                                              0.359152   slack (MET)


Startpoint: _1069_ (rising edge-triggered flip-flop clocked by clk)
Endpoint: _1069_ (rising edge-triggered flip-flop clocked by clk)
Path Group: clk
Path Type: min

Fanout         Cap        Slew       Delay        Time   Description
---------------------------------------------------------------------------------------------
                      0.150000    0.000000    0.000000   clock clk (rise edge)
                                  0.000000    0.000000   clock network delay (ideal)
                      0.150000    0.000000    0.000000 ^ _1069_/CLK (sky130_fd_sc_hd__dfstp_2)
     2    0.002967    0.022335    0.370717    0.370717 v _1069_/Q (sky130_fd_sc_hd__dfstp_2)
                                                         coeff2[1] (net)
                      0.022335    0.000000    0.370717 v _0572_/A0 (sky130_fd_sc_hd__mux2_1)
     1    0.002233    0.052652    0.251171    0.621889 v _0572_/X (sky130_fd_sc_hd__mux2_1)
                                                         _0026_ (net)
                      0.052652    0.000000    0.621889 v _1069_/D (sky130_fd_sc_hd__dfstp_2)
                                              0.621889   data arrival time

                      0.150000    0.000000    0.000000   clock clk (rise edge)
                                  0.000000    0.000000   clock network delay (ideal)
                                  0.250000    0.250000   clock uncertainty
                                  0.000000    0.250000   clock reconvergence pessimism
                                              0.250000 ^ _1069_/CLK (sky130_fd_sc_hd__dfstp_2)
                                  0.012736    0.262736   library hold time
                                              0.262736   data required time
---------------------------------------------------------------------------------------------
                                              0.262736   data required time
                                             -0.621889   data arrival time
---------------------------------------------------------------------------------------------
                                              0.359152   slack (MET)


Startpoint: _1078_ (rising edge-triggered flip-flop clocked by clk)
Endpoint: _1078_ (rising edge-triggered flip-flop clocked by clk)
Path Group: clk
Path Type: min

Fanout         Cap        Slew       Delay        Time   Description
---------------------------------------------------------------------------------------------
                      0.150000    0.000000    0.000000   clock clk (rise edge)
                                  0.000000    0.000000   clock network delay (ideal)
                      0.150000    0.000000    0.000000 ^ _1078_/CLK (sky130_fd_sc_hd__dfstp_2)
     2    0.003666    0.023981    0.372900    0.372900 v _1078_/Q (sky130_fd_sc_hd__dfstp_2)
                                                         coeff3[2] (net)
                      0.023981    0.000000    0.372900 v _0583_/A0 (sky130_fd_sc_hd__mux2_1)
     1    0.002233    0.052638    0.251599    0.624499 v _0583_/X (sky130_fd_sc_hd__mux2_1)
                                                         _0035_ (net)
                      0.052638    0.000000    0.624499 v _1078_/D (sky130_fd_sc_hd__dfstp_2)
                                              0.624499   data arrival time

                      0.150000    0.000000    0.000000   clock clk (rise edge)
                                  0.000000    0.000000   clock network delay (ideal)
                                  0.250000    0.250000   clock uncertainty
                                  0.000000    0.250000   clock reconvergence pessimism
                                              0.250000 ^ _1078_/CLK (sky130_fd_sc_hd__dfstp_2)
                                  0.012741    0.262741   library hold time
                                              0.262741   data required time
---------------------------------------------------------------------------------------------
                                              0.262741   data required time
                                             -0.624499   data arrival time
---------------------------------------------------------------------------------------------
                                              0.361758   slack (MET)


Startpoint: _1052_ (rising edge-triggered flip-flop clocked by clk)
Endpoint: _1052_ (rising edge-triggered flip-flop clocked by clk)
Path Group: clk
Path Type: min

Fanout         Cap        Slew       Delay        Time   Description
---------------------------------------------------------------------------------------------
                      0.150000    0.000000    0.000000   clock clk (rise edge)
                                  0.000000    0.000000   clock network delay (ideal)
                      0.150000    0.000000    0.000000 ^ _1052_/CLK (sky130_fd_sc_hd__dfstp_2)
     2    0.003734    0.024141    0.373112    0.373112 v _1052_/Q (sky130_fd_sc_hd__dfstp_2)
                                                         coeff0[0] (net)
                      0.024141    0.000000    0.373112 v _0553_/A0 (sky130_fd_sc_hd__mux2_1)
     1    0.002233    0.052638    0.251645    0.624757 v _0553_/X (sky130_fd_sc_hd__mux2_1)
                                                         _0009_ (net)
                      0.052638    0.000000    0.624757 v _1052_/D (sky130_fd_sc_hd__dfstp_2)
                                              0.624757   data arrival time

                      0.150000    0.000000    0.000000   clock clk (rise edge)
                                  0.000000    0.000000   clock network delay (ideal)
                                  0.250000    0.250000   clock uncertainty
                                  0.000000    0.250000   clock reconvergence pessimism
                                              0.250000 ^ _1052_/CLK (sky130_fd_sc_hd__dfstp_2)
                                  0.012741    0.262741   library hold time
                                              0.262741   data required time
---------------------------------------------------------------------------------------------
                                              0.262741   data required time
                                             -0.624757   data arrival time
---------------------------------------------------------------------------------------------
                                              0.362017   slack (MET)


Startpoint: _1068_ (rising edge-triggered flip-flop clocked by clk)
Endpoint: _1068_ (rising edge-triggered flip-flop clocked by clk)
Path Group: clk
Path Type: min

Fanout         Cap        Slew       Delay        Time   Description
---------------------------------------------------------------------------------------------
                      0.150000    0.000000    0.000000   clock clk (rise edge)
                                  0.000000    0.000000   clock network delay (ideal)
                      0.150000    0.000000    0.000000 ^ _1068_/CLK (sky130_fd_sc_hd__dfstp_2)
     2    0.003877    0.024478    0.373559    0.373559 v _1068_/Q (sky130_fd_sc_hd__dfstp_2)
                                                         coeff2[0] (net)
                      0.024478    0.000000    0.373559 v _0571_/A0 (sky130_fd_sc_hd__mux2_1)
     1    0.002233    0.052639    0.251742    0.625301 v _0571_/X (sky130_fd_sc_hd__mux2_1)
                                                         _0025_ (net)
                      0.052639    0.000000    0.625301 v _1068_/D (sky130_fd_sc_hd__dfstp_2)
                                              0.625301   data arrival time

                      0.150000    0.000000    0.000000   clock clk (rise edge)
                                  0.000000    0.000000   clock network delay (ideal)
                                  0.250000    0.250000   clock uncertainty
                                  0.000000    0.250000   clock reconvergence pessimism
                                              0.250000 ^ _1068_/CLK (sky130_fd_sc_hd__dfstp_2)
                                  0.012740    0.262740   library hold time
                                              0.262740   data required time
---------------------------------------------------------------------------------------------
                                              0.262740   data required time
                                             -0.625301   data arrival time
---------------------------------------------------------------------------------------------
                                              0.362561   slack (MET)


Startpoint: _1084_ (rising edge-triggered flip-flop clocked by clk)
Endpoint: _1084_ (rising edge-triggered flip-flop clocked by clk)
Path Group: clk
Path Type: min

Fanout         Cap        Slew       Delay        Time   Description
---------------------------------------------------------------------------------------------
                      0.150000    0.000000    0.000000   clock clk (rise edge)
                                  0.000000    0.000000   clock network delay (ideal)
                      0.150000    0.000000    0.000000 ^ _1084_/CLK (sky130_fd_sc_hd__dfstp_2)
     2    0.003279    0.023070    0.371692    0.371692 v _1084_/Q (sky130_fd_sc_hd__dfstp_2)
                                                         coeff4[0] (net)
                      0.023070    0.000000    0.371692 v _0591_/A1 (sky130_fd_sc_hd__mux2_1)
     1    0.002233    0.052666    0.262474    0.634166 v _0591_/X (sky130_fd_sc_hd__mux2_1)
                                                         _0041_ (net)
                      0.052666    0.000000    0.634166 v _1084_/D (sky130_fd_sc_hd__dfstp_2)
                                              0.634166   data arrival time

                      0.150000    0.000000    0.000000   clock clk (rise edge)
                                  0.000000    0.000000   clock network delay (ideal)
                                  0.250000    0.250000   clock uncertainty
                                  0.000000    0.250000   clock reconvergence pessimism
                                              0.250000 ^ _1084_/CLK (sky130_fd_sc_hd__dfstp_2)
                                  0.012732    0.262732   library hold time
                                              0.262732   data required time
---------------------------------------------------------------------------------------------
                                              0.262732   data required time
                                             -0.634166   data arrival time
---------------------------------------------------------------------------------------------
                                              0.371434   slack (MET)


Startpoint: _1094_ (rising edge-triggered flip-flop clocked by clk)
Endpoint: _1094_ (rising edge-triggered flip-flop clocked by clk)
Path Group: clk
Path Type: min

Fanout         Cap        Slew       Delay        Time   Description
---------------------------------------------------------------------------------------------
                      0.150000    0.000000    0.000000   clock clk (rise edge)
                                  0.000000    0.000000   clock network delay (ideal)
                      0.150000    0.000000    0.000000 ^ _1094_/CLK (sky130_fd_sc_hd__dfstp_2)
     2    0.003304    0.023129    0.371770    0.371770 v _1094_/Q (sky130_fd_sc_hd__dfstp_2)
                                                         coeff5[2] (net)
                      0.023129    0.000000    0.371770 v _0602_/A1 (sky130_fd_sc_hd__mux2_1)
     1    0.002233    0.052666    0.262489    0.634259 v _0602_/X (sky130_fd_sc_hd__mux2_1)
                                                         _0051_ (net)
                      0.052666    0.000000    0.634259 v _1094_/D (sky130_fd_sc_hd__dfstp_2)
                                              0.634259   data arrival time

                      0.150000    0.000000    0.000000   clock clk (rise edge)
                                  0.000000    0.000000   clock network delay (ideal)
                                  0.250000    0.250000   clock uncertainty
                                  0.000000    0.250000   clock reconvergence pessimism
                                              0.250000 ^ _1094_/CLK (sky130_fd_sc_hd__dfstp_2)
                                  0.012732    0.262732   library hold time
                                              0.262732   data required time
---------------------------------------------------------------------------------------------
                                              0.262732   data required time
                                             -0.634259   data arrival time
---------------------------------------------------------------------------------------------
                                              0.371527   slack (MET)


Startpoint: _1100_ (rising edge-triggered flip-flop clocked by clk)
Endpoint: _1100_ (rising edge-triggered flip-flop clocked by clk)
Path Group: clk
Path Type: min

Fanout         Cap        Slew       Delay        Time   Description
---------------------------------------------------------------------------------------------
                      0.150000    0.000000    0.000000   clock clk (rise edge)
                                  0.000000    0.000000   clock network delay (ideal)
                      0.150000    0.000000    0.000000 ^ _1100_/CLK (sky130_fd_sc_hd__dfstp_2)
     2    0.003335    0.023202    0.371866    0.371866 v _1100_/Q (sky130_fd_sc_hd__dfstp_2)
                                                         coeff6[0] (net)
                      0.023202    0.000000    0.371866 v _0609_/A1 (sky130_fd_sc_hd__mux2_1)
     1    0.002233    0.052666    0.262507    0.634374 v _0609_/X (sky130_fd_sc_hd__mux2_1)
                                                         _0057_ (net)
                      0.052666    0.000000    0.634374 v _1100_/D (sky130_fd_sc_hd__dfstp_2)
                                              0.634374   data arrival time

                      0.150000    0.000000    0.000000   clock clk (rise edge)
                                  0.000000    0.000000   clock network delay (ideal)
                                  0.250000    0.250000   clock uncertainty
                                  0.000000    0.250000   clock reconvergence pessimism
                                              0.250000 ^ _1100_/CLK (sky130_fd_sc_hd__dfstp_2)
                                  0.012732    0.262732   library hold time
                                              0.262732   data required time
---------------------------------------------------------------------------------------------
                                              0.262732   data required time
                                             -0.634374   data arrival time
---------------------------------------------------------------------------------------------
                                              0.371642   slack (MET)


Startpoint: _1086_ (rising edge-triggered flip-flop clocked by clk)
Endpoint: _1086_ (rising edge-triggered flip-flop clocked by clk)
Path Group: clk
Path Type: min

Fanout         Cap        Slew       Delay        Time   Description
---------------------------------------------------------------------------------------------
                      0.150000    0.000000    0.000000   clock clk (rise edge)
                                  0.000000    0.000000   clock network delay (ideal)
                      0.150000    0.000000    0.000000 ^ _1086_/CLK (sky130_fd_sc_hd__dfstp_2)
     2    0.003950    0.024650    0.373787    0.373787 v _1086_/Q (sky130_fd_sc_hd__dfstp_2)
                                                         coeff4[2] (net)
                      0.024650    0.000000    0.373787 v _0593_/A1 (sky130_fd_sc_hd__mux2_1)
     1    0.002233    0.052666    0.262874    0.636660 v _0593_/X (sky130_fd_sc_hd__mux2_1)
                                                         _0043_ (net)
                      0.052666    0.000000    0.636660 v _1086_/D (sky130_fd_sc_hd__dfstp_2)
                                              0.636660   data arrival time

                      0.150000    0.000000    0.000000   clock clk (rise edge)
                                  0.000000    0.000000   clock network delay (ideal)
                                  0.250000    0.250000   clock uncertainty
                                  0.000000    0.250000   clock reconvergence pessimism
                                              0.250000 ^ _1086_/CLK (sky130_fd_sc_hd__dfstp_2)
                                  0.012732    0.262732   library hold time
                                              0.262732   data required time
---------------------------------------------------------------------------------------------
                                              0.262732   data required time
                                             -0.636660   data arrival time
---------------------------------------------------------------------------------------------
                                              0.373928   slack (MET)


Startpoint: _1093_ (rising edge-triggered flip-flop clocked by clk)
Endpoint: _1093_ (rising edge-triggered flip-flop clocked by clk)
Path Group: clk
Path Type: min

Fanout         Cap        Slew       Delay        Time   Description
---------------------------------------------------------------------------------------------
                      0.150000    0.000000    0.000000   clock clk (rise edge)
                                  0.000000    0.000000   clock network delay (ideal)
                      0.150000    0.000000    0.000000 ^ _1093_/CLK (sky130_fd_sc_hd__dfstp_2)
     2    0.003950    0.024650    0.373787    0.373787 v _1093_/Q (sky130_fd_sc_hd__dfstp_2)
                                                         coeff5[1] (net)
                      0.024650    0.000000    0.373787 v _0601_/A1 (sky130_fd_sc_hd__mux2_1)
     1    0.002233    0.052666    0.262874    0.636660 v _0601_/X (sky130_fd_sc_hd__mux2_1)
                                                         _0050_ (net)
                      0.052666    0.000000    0.636660 v _1093_/D (sky130_fd_sc_hd__dfstp_2)
                                              0.636660   data arrival time

                      0.150000    0.000000    0.000000   clock clk (rise edge)
                                  0.000000    0.000000   clock network delay (ideal)
                                  0.250000    0.250000   clock uncertainty
                                  0.000000    0.250000   clock reconvergence pessimism
                                              0.250000 ^ _1093_/CLK (sky130_fd_sc_hd__dfstp_2)
                                  0.012732    0.262732   library hold time
                                              0.262732   data required time
---------------------------------------------------------------------------------------------
                                              0.262732   data required time
                                             -0.636660   data arrival time
---------------------------------------------------------------------------------------------
                                              0.373928   slack (MET)


Startpoint: _1101_ (rising edge-triggered flip-flop clocked by clk)
Endpoint: _1101_ (rising edge-triggered flip-flop clocked by clk)
Path Group: clk
Path Type: min

Fanout         Cap        Slew       Delay        Time   Description
---------------------------------------------------------------------------------------------
                      0.150000    0.000000    0.000000   clock clk (rise edge)
                                  0.000000    0.000000   clock network delay (ideal)
                      0.150000    0.000000    0.000000 ^ _1101_/CLK (sky130_fd_sc_hd__dfstp_2)
     2    0.004047    0.024879    0.374090    0.374090 v _1101_/Q (sky130_fd_sc_hd__dfstp_2)
                                                         coeff6[1] (net)
                      0.024879    0.000000    0.374090 v _0610_/A1 (sky130_fd_sc_hd__mux2_1)
     1    0.002233    0.052666    0.262931    0.637021 v _0610_/X (sky130_fd_sc_hd__mux2_1)
                                                         _0058_ (net)
                      0.052666    0.000000    0.637021 v _1101_/D (sky130_fd_sc_hd__dfstp_2)
                                              0.637021   data arrival time

                      0.150000    0.000000    0.000000   clock clk (rise edge)
                                  0.000000    0.000000   clock network delay (ideal)
                                  0.250000    0.250000   clock uncertainty
                                  0.000000    0.250000   clock reconvergence pessimism
                                              0.250000 ^ _1101_/CLK (sky130_fd_sc_hd__dfstp_2)
                                  0.012732    0.262732   library hold time
                                              0.262732   data required time
---------------------------------------------------------------------------------------------
                                              0.262732   data required time
                                             -0.637021   data arrival time
---------------------------------------------------------------------------------------------
                                              0.374289   slack (MET)


Startpoint: _1102_ (rising edge-triggered flip-flop clocked by clk)
Endpoint: _1102_ (rising edge-triggered flip-flop clocked by clk)
Path Group: clk
Path Type: min

Fanout         Cap        Slew       Delay        Time   Description
---------------------------------------------------------------------------------------------
                      0.150000    0.000000    0.000000   clock clk (rise edge)
                                  0.000000    0.000000   clock network delay (ideal)
                      0.150000    0.000000    0.000000 ^ _1102_/CLK (sky130_fd_sc_hd__dfstp_2)
     2    0.004047    0.024879    0.374090    0.374090 v _1102_/Q (sky130_fd_sc_hd__dfstp_2)
                                                         coeff6[2] (net)
                      0.024879    0.000000    0.374090 v _0611_/A1 (sky130_fd_sc_hd__mux2_1)
     1    0.002233    0.052666    0.262931    0.637021 v _0611_/X (sky130_fd_sc_hd__mux2_1)
                                                         _0059_ (net)
                      0.052666    0.000000    0.637021 v _1102_/D (sky130_fd_sc_hd__dfstp_2)
                                              0.637021   data arrival time

                      0.150000    0.000000    0.000000   clock clk (rise edge)
                                  0.000000    0.000000   clock network delay (ideal)
                                  0.250000    0.250000   clock uncertainty
                                  0.000000    0.250000   clock reconvergence pessimism
                                              0.250000 ^ _1102_/CLK (sky130_fd_sc_hd__dfstp_2)
                                  0.012732    0.262732   library hold time
                                              0.262732   data required time
---------------------------------------------------------------------------------------------
                                              0.262732   data required time
                                             -0.637021   data arrival time
---------------------------------------------------------------------------------------------
                                              0.374289   slack (MET)


Startpoint: _1111_ (rising edge-triggered flip-flop clocked by clk)
Endpoint: _1111_ (rising edge-triggered flip-flop clocked by clk)
Path Group: clk
Path Type: min

Fanout         Cap        Slew       Delay        Time   Description
---------------------------------------------------------------------------------------------
                      0.150000    0.000000    0.000000   clock clk (rise edge)
                                  0.000000    0.000000   clock network delay (ideal)
                      0.150000    0.000000    0.000000 ^ _1111_/CLK (sky130_fd_sc_hd__dfstp_2)
     2    0.005825    0.028623    0.378268    0.378268 v _1111_/Q (sky130_fd_sc_hd__dfstp_2)
                                                         coeff7[3] (net)
                      0.028623    0.000000    0.378268 v _0621_/A1 (sky130_fd_sc_hd__mux2_1)
     1    0.002233    0.052666    0.263878    0.642146 v _0621_/X (sky130_fd_sc_hd__mux2_1)
                                                         _0068_ (net)
                      0.052666    0.000000    0.642146 v _1111_/D (sky130_fd_sc_hd__dfstp_2)
                                              0.642146   data arrival time

                      0.150000    0.000000    0.000000   clock clk (rise edge)
                                  0.000000    0.000000   clock network delay (ideal)
                                  0.250000    0.250000   clock uncertainty
                                  0.000000    0.250000   clock reconvergence pessimism
                                              0.250000 ^ _1111_/CLK (sky130_fd_sc_hd__dfstp_2)
                                  0.012732    0.262732   library hold time
                                              0.262732   data required time
---------------------------------------------------------------------------------------------
                                              0.262732   data required time
                                             -0.642146   data arrival time
---------------------------------------------------------------------------------------------
                                              0.379414   slack (MET)


Startpoint: _1244_ (rising edge-triggered flip-flop clocked by clk)
Endpoint: _1238_ (rising edge-triggered flip-flop clocked by clk)
Path Group: clk
Path Type: min

Fanout         Cap        Slew       Delay        Time   Description
---------------------------------------------------------------------------------------------
                      0.150000    0.000000    0.000000   clock clk (rise edge)
                                  0.000000    0.000000   clock network delay (ideal)
                      0.150000    0.000000    0.000000 ^ _1244_/CLK (sky130_fd_sc_hd__dfrtp_2)
     3    0.008538    0.064559    0.375132    0.375132 ^ _1244_/Q (sky130_fd_sc_hd__dfrtp_2)
                                                         phase[5] (net)
                      0.064559    0.000000    0.375132 ^ _0530_/D (sky130_fd_sc_hd__or4_2)
     1    0.004690    0.038009    0.107923    0.483054 ^ _0530_/X (sky130_fd_sc_hd__or4_2)
                                                         _0207_ (net)
                      0.038009    0.000000    0.483054 ^ _0531_/C (sky130_fd_sc_hd__nor3_2)
    11    0.030621    0.076635    0.073952    0.557007 v _0531_/Y (sky130_fd_sc_hd__nor3_2)
                                                         _0208_ (net)
                      0.076635    0.000000    0.557007 v _1042_/A1 (sky130_fd_sc_hd__a21oi_2)
     1    0.004740    0.091965    0.127183    0.684190 ^ _1042_/Y (sky130_fd_sc_hd__a21oi_2)
                                                         _0524_ (net)
                      0.091965    0.000000    0.684190 ^ _1043_/B (sky130_fd_sc_hd__nor2_2)
     1    0.001949    0.022961    0.032108    0.716298 v _1043_/Y (sky130_fd_sc_hd__nor2_2)
                                                         _0195_ (net)
                      0.022961    0.000000    0.716298 v _1238_/D (sky130_fd_sc_hd__dfrtp_2)
                                              0.716298   data arrival time

                      0.150000    0.000000    0.000000   clock clk (rise edge)
                                  0.000000    0.000000   clock network delay (ideal)
                                  0.250000    0.250000   clock uncertainty
                                  0.000000    0.250000   clock reconvergence pessimism
                                              0.250000 ^ _1238_/CLK (sky130_fd_sc_hd__dfrtp_2)
                                 -0.009201    0.240799   library hold time
                                              0.240799   data required time
---------------------------------------------------------------------------------------------
                                              0.240799   data required time
                                             -0.716298   data arrival time
---------------------------------------------------------------------------------------------
                                              0.475500   slack (MET)


Startpoint: _1245_ (rising edge-triggered flip-flop clocked by clk)
Endpoint: _1236_ (rising edge-triggered flip-flop clocked by clk)
Path Group: clk
Path Type: min

Fanout         Cap        Slew       Delay        Time   Description
---------------------------------------------------------------------------------------------
                      0.150000    0.000000    0.000000   clock clk (rise edge)
                                  0.000000    0.000000   clock network delay (ideal)
                      0.150000    0.000000    0.000000 ^ _1245_/CLK (sky130_fd_sc_hd__dfrtp_2)
     9    0.036821    0.186445    0.470829    0.470829 ^ _1245_/Q (sky130_fd_sc_hd__dfrtp_2)
                                                         mac_busy (net)
                      0.186445    0.000000    0.470829 ^ _1037_/A1 (sky130_fd_sc_hd__a21o_2)
     2    0.004956    0.040466    0.148923    0.619752 ^ _1037_/X (sky130_fd_sc_hd__a21o_2)
                                                         _0521_ (net)
                      0.040466    0.000000    0.619752 ^ _1039_/A2 (sky130_fd_sc_hd__a21bo_2)
     1    0.002005    0.027285    0.103852    0.723605 ^ _1039_/X (sky130_fd_sc_hd__a21bo_2)
                                                         _0193_ (net)
                      0.027285    0.000000    0.723605 ^ _1236_/D (sky130_fd_sc_hd__dfrtp_2)
                                              0.723605   data arrival time

                      0.150000    0.000000    0.000000   clock clk (rise edge)
                                  0.000000    0.000000   clock network delay (ideal)
                                  0.250000    0.250000   clock uncertainty
                                  0.000000    0.250000   clock reconvergence pessimism
                                              0.250000 ^ _1236_/CLK (sky130_fd_sc_hd__dfrtp_2)
                                 -0.016708    0.233292   library hold time
                                              0.233292   data required time
---------------------------------------------------------------------------------------------
                                              0.233292   data required time
                                             -0.723605   data arrival time
---------------------------------------------------------------------------------------------
                                              0.490313   slack (MET)


Startpoint: _1245_ (rising edge-triggered flip-flop clocked by clk)
Endpoint: _1237_ (rising edge-triggered flip-flop clocked by clk)
Path Group: clk
Path Type: min

Fanout         Cap        Slew       Delay        Time   Description
---------------------------------------------------------------------------------------------
                      0.150000    0.000000    0.000000   clock clk (rise edge)
                                  0.000000    0.000000   clock network delay (ideal)
                      0.150000    0.000000    0.000000 ^ _1245_/CLK (sky130_fd_sc_hd__dfrtp_2)
     9    0.036821    0.186445    0.470829    0.470829 ^ _1245_/Q (sky130_fd_sc_hd__dfrtp_2)
                                                         mac_busy (net)
                      0.186445    0.000000    0.470829 ^ _1037_/A1 (sky130_fd_sc_hd__a21o_2)
     2    0.004956    0.040466    0.148923    0.619752 ^ _1037_/X (sky130_fd_sc_hd__a21o_2)
                                                         _0521_ (net)
                      0.040466    0.000000    0.619752 ^ _1041_/A2 (sky130_fd_sc_hd__a21bo_2)
     1    0.002005    0.027288    0.103852    0.723605 ^ _1041_/X (sky130_fd_sc_hd__a21bo_2)
                                                         _0194_ (net)
                      0.027288    0.000000    0.723605 ^ _1237_/D (sky130_fd_sc_hd__dfrtp_2)
                                              0.723605   data arrival time

                      0.150000    0.000000    0.000000   clock clk (rise edge)
                                  0.000000    0.000000   clock network delay (ideal)
                                  0.250000    0.250000   clock uncertainty
                                  0.000000    0.250000   clock reconvergence pessimism
                                              0.250000 ^ _1237_/CLK (sky130_fd_sc_hd__dfrtp_2)
                                 -0.016708    0.233292   library hold time
                                              0.233292   data required time
---------------------------------------------------------------------------------------------
                                              0.233292   data required time
                                             -0.723605   data arrival time
---------------------------------------------------------------------------------------------
                                              0.490313   slack (MET)


Startpoint: _1244_ (rising edge-triggered flip-flop clocked by clk)
Endpoint: _1245_ (rising edge-triggered flip-flop clocked by clk)
Path Group: clk
Path Type: min

Fanout         Cap        Slew       Delay        Time   Description
---------------------------------------------------------------------------------------------
                      0.150000    0.000000    0.000000   clock clk (rise edge)
                                  0.000000    0.000000   clock network delay (ideal)
                      0.150000    0.000000    0.000000 ^ _1244_/CLK (sky130_fd_sc_hd__dfrtp_2)
     3    0.008538    0.064559    0.375132    0.375132 ^ _1244_/Q (sky130_fd_sc_hd__dfrtp_2)
                                                         phase[5] (net)
                      0.064559    0.000000    0.375132 ^ _0530_/D (sky130_fd_sc_hd__or4_2)
     1    0.004690    0.038009    0.107923    0.483054 ^ _0530_/X (sky130_fd_sc_hd__or4_2)
                                                         _0207_ (net)
                      0.038009    0.000000    0.483054 ^ _0531_/C (sky130_fd_sc_hd__nor3_2)
    11    0.030621    0.076635    0.073952    0.557007 v _0531_/Y (sky130_fd_sc_hd__nor3_2)
                                                         _0208_ (net)
                      0.076635    0.000000    0.557007 v _0535_/A (sky130_fd_sc_hd__nand2_2)
     9    0.029701    0.161314    0.148318    0.705324 ^ _0535_/Y (sky130_fd_sc_hd__nand2_2)
                                                         _0212_ (net)
                      0.161314    0.000000    0.705324 ^ _0536_/B (sky130_fd_sc_hd__and2_2)
     1    0.002005    0.033892    0.148229    0.853554 ^ _0536_/X (sky130_fd_sc_hd__and2_2)
                                                         _0000_ (net)
                      0.033892    0.000000    0.853554 ^ _1245_/D (sky130_fd_sc_hd__dfrtp_2)
                                              0.853554   data arrival time

                      0.150000    0.000000    0.000000   clock clk (rise edge)
                                  0.000000    0.000000   clock network delay (ideal)
                                  0.250000    0.250000   clock uncertainty
                                  0.000000    0.250000   clock reconvergence pessimism
                                              0.250000 ^ _1245_/CLK (sky130_fd_sc_hd__dfrtp_2)
                                 -0.018059    0.231941   library hold time
                                              0.231941   data required time
---------------------------------------------------------------------------------------------
                                              0.231941   data required time
                                             -0.853554   data arrival time
---------------------------------------------------------------------------------------------
                                              0.621612   slack (MET)


Startpoint: _1228_ (rising edge-triggered flip-flop clocked by clk)
Endpoint: uo_out[0] (output port clocked by clk)
Path Group: clk
Path Type: min

Fanout         Cap        Slew       Delay        Time   Description
---------------------------------------------------------------------------------------------
                      0.150000    0.000000    0.000000   clock clk (rise edge)
                                  0.000000    0.000000   clock network delay (ideal)
                      0.150000    0.000000    0.000000 ^ _1228_/CLK (sky130_fd_sc_hd__dfrtp_2)
     2    0.035406    0.180336    0.466213    0.466213 ^ _1228_/Q (sky130_fd_sc_hd__dfrtp_2)
                                                         uo_out[0] (net)
                      0.180336    0.000000    0.466213 ^ uo_out[0] (out)
                                              0.466213   data arrival time

                      0.150000    0.000000    0.000000   clock clk (rise edge)
                                  0.000000    0.000000   clock network delay (ideal)
                                  0.250000    0.250000   clock uncertainty
                                  0.000000    0.250000   clock reconvergence pessimism
                                 -4.000000   -3.750000   output external delay
                                             -3.750000   data required time
---------------------------------------------------------------------------------------------
                                             -3.750000   data required time
                                             -0.466213   data arrival time
---------------------------------------------------------------------------------------------
                                              4.216213   slack (MET)


Startpoint: _1229_ (rising edge-triggered flip-flop clocked by clk)
Endpoint: uo_out[1] (output port clocked by clk)
Path Group: clk
Path Type: min

Fanout         Cap        Slew       Delay        Time   Description
---------------------------------------------------------------------------------------------
                      0.150000    0.000000    0.000000   clock clk (rise edge)
                                  0.000000    0.000000   clock network delay (ideal)
                      0.150000    0.000000    0.000000 ^ _1229_/CLK (sky130_fd_sc_hd__dfrtp_2)
     2    0.035406    0.180336    0.466213    0.466213 ^ _1229_/Q (sky130_fd_sc_hd__dfrtp_2)
                                                         uo_out[1] (net)
                      0.180336    0.000000    0.466213 ^ uo_out[1] (out)
                                              0.466213   data arrival time

                      0.150000    0.000000    0.000000   clock clk (rise edge)
                                  0.000000    0.000000   clock network delay (ideal)
                                  0.250000    0.250000   clock uncertainty
                                  0.000000    0.250000   clock reconvergence pessimism
                                 -4.000000   -3.750000   output external delay
                                             -3.750000   data required time
---------------------------------------------------------------------------------------------
                                             -3.750000   data required time
                                             -0.466213   data arrival time
---------------------------------------------------------------------------------------------
                                              4.216213   slack (MET)


Startpoint: _1230_ (rising edge-triggered flip-flop clocked by clk)
Endpoint: uo_out[2] (output port clocked by clk)
Path Group: clk
Path Type: min

Fanout         Cap        Slew       Delay        Time   Description
---------------------------------------------------------------------------------------------
                      0.150000    0.000000    0.000000   clock clk (rise edge)
                                  0.000000    0.000000   clock network delay (ideal)
                      0.150000    0.000000    0.000000 ^ _1230_/CLK (sky130_fd_sc_hd__dfrtp_2)
     2    0.035406    0.180336    0.466213    0.466213 ^ _1230_/Q (sky130_fd_sc_hd__dfrtp_2)
                                                         uo_out[2] (net)
                      0.180336    0.000000    0.466213 ^ uo_out[2] (out)
                                              0.466213   data arrival time

                      0.150000    0.000000    0.000000   clock clk (rise edge)
                                  0.000000    0.000000   clock network delay (ideal)
                                  0.250000    0.250000   clock uncertainty
                                  0.000000    0.250000   clock reconvergence pessimism
                                 -4.000000   -3.750000   output external delay
                                             -3.750000   data required time
---------------------------------------------------------------------------------------------
                                             -3.750000   data required time
                                             -0.466213   data arrival time
---------------------------------------------------------------------------------------------
                                              4.216213   slack (MET)


Startpoint: _1231_ (rising edge-triggered flip-flop clocked by clk)
Endpoint: uo_out[3] (output port clocked by clk)
Path Group: clk
Path Type: min

Fanout         Cap        Slew       Delay        Time   Description
---------------------------------------------------------------------------------------------
                      0.150000    0.000000    0.000000   clock clk (rise edge)
                                  0.000000    0.000000   clock network delay (ideal)
                      0.150000    0.000000    0.000000 ^ _1231_/CLK (sky130_fd_sc_hd__dfrtp_2)
     2    0.035406    0.180336    0.466213    0.466213 ^ _1231_/Q (sky130_fd_sc_hd__dfrtp_2)
                                                         uo_out[3] (net)
                      0.180336    0.000000    0.466213 ^ uo_out[3] (out)
                                              0.466213   data arrival time

                      0.150000    0.000000    0.000000   clock clk (rise edge)
                                  0.000000    0.000000   clock network delay (ideal)
                                  0.250000    0.250000   clock uncertainty
                                  0.000000    0.250000   clock reconvergence pessimism
                                 -4.000000   -3.750000   output external delay
                                             -3.750000   data required time
---------------------------------------------------------------------------------------------
                                             -3.750000   data required time
                                             -0.466213   data arrival time
---------------------------------------------------------------------------------------------
                                              4.216213   slack (MET)


Startpoint: _1232_ (rising edge-triggered flip-flop clocked by clk)
Endpoint: uo_out[4] (output port clocked by clk)
Path Group: clk
Path Type: min

Fanout         Cap        Slew       Delay        Time   Description
---------------------------------------------------------------------------------------------
                      0.150000    0.000000    0.000000   clock clk (rise edge)
                                  0.000000    0.000000   clock network delay (ideal)
                      0.150000    0.000000    0.000000 ^ _1232_/CLK (sky130_fd_sc_hd__dfrtp_2)
     2    0.035406    0.180336    0.466213    0.466213 ^ _1232_/Q (sky130_fd_sc_hd__dfrtp_2)
                                                         uo_out[4] (net)
                      0.180336    0.000000    0.466213 ^ uo_out[4] (out)
                                              0.466213   data arrival time

                      0.150000    0.000000    0.000000   clock clk (rise edge)
                                  0.000000    0.000000   clock network delay (ideal)
                                  0.250000    0.250000   clock uncertainty
                                  0.000000    0.250000   clock reconvergence pessimism
                                 -4.000000   -3.750000   output external delay
                                             -3.750000   data required time
---------------------------------------------------------------------------------------------
                                             -3.750000   data required time
                                             -0.466213   data arrival time
---------------------------------------------------------------------------------------------
                                              4.216213   slack (MET)


Startpoint: _1233_ (rising edge-triggered flip-flop clocked by clk)
Endpoint: uo_out[5] (output port clocked by clk)
Path Group: clk
Path Type: min

Fanout         Cap        Slew       Delay        Time   Description
---------------------------------------------------------------------------------------------
                      0.150000    0.000000    0.000000   clock clk (rise edge)
                                  0.000000    0.000000   clock network delay (ideal)
                      0.150000    0.000000    0.000000 ^ _1233_/CLK (sky130_fd_sc_hd__dfrtp_2)
     2    0.035406    0.180336    0.466213    0.466213 ^ _1233_/Q (sky130_fd_sc_hd__dfrtp_2)
                                                         uo_out[5] (net)
                      0.180336    0.000000    0.466213 ^ uo_out[5] (out)
                                              0.466213   data arrival time

                      0.150000    0.000000    0.000000   clock clk (rise edge)
                                  0.000000    0.000000   clock network delay (ideal)
                                  0.250000    0.250000   clock uncertainty
                                  0.000000    0.250000   clock reconvergence pessimism
                                 -4.000000   -3.750000   output external delay
                                             -3.750000   data required time
---------------------------------------------------------------------------------------------
                                             -3.750000   data required time
                                             -0.466213   data arrival time
---------------------------------------------------------------------------------------------
                                              4.216213   slack (MET)


Startpoint: _1234_ (rising edge-triggered flip-flop clocked by clk)
Endpoint: uo_out[6] (output port clocked by clk)
Path Group: clk
Path Type: min

Fanout         Cap        Slew       Delay        Time   Description
---------------------------------------------------------------------------------------------
                      0.150000    0.000000    0.000000   clock clk (rise edge)
                                  0.000000    0.000000   clock network delay (ideal)
                      0.150000    0.000000    0.000000 ^ _1234_/CLK (sky130_fd_sc_hd__dfrtp_2)
     2    0.035406    0.180336    0.466213    0.466213 ^ _1234_/Q (sky130_fd_sc_hd__dfrtp_2)
                                                         uo_out[6] (net)
                      0.180336    0.000000    0.466213 ^ uo_out[6] (out)
                                              0.466213   data arrival time

                      0.150000    0.000000    0.000000   clock clk (rise edge)
                                  0.000000    0.000000   clock network delay (ideal)
                                  0.250000    0.250000   clock uncertainty
                                  0.000000    0.250000   clock reconvergence pessimism
                                 -4.000000   -3.750000   output external delay
                                             -3.750000   data required time
---------------------------------------------------------------------------------------------
                                             -3.750000   data required time
                                             -0.466213   data arrival time
---------------------------------------------------------------------------------------------
                                              4.216213   slack (MET)


Startpoint: _1235_ (rising edge-triggered flip-flop clocked by clk)
Endpoint: uo_out[7] (output port clocked by clk)
Path Group: clk
Path Type: min

Fanout         Cap        Slew       Delay        Time   Description
---------------------------------------------------------------------------------------------
                      0.150000    0.000000    0.000000   clock clk (rise edge)
                                  0.000000    0.000000   clock network delay (ideal)
                      0.150000    0.000000    0.000000 ^ _1235_/CLK (sky130_fd_sc_hd__dfrtp_2)
     2    0.035406    0.180336    0.466213    0.466213 ^ _1235_/Q (sky130_fd_sc_hd__dfrtp_2)
                                                         uo_out[7] (net)
                      0.180336    0.000000    0.466213 ^ uo_out[7] (out)
                                              0.466213   data arrival time

                      0.150000    0.000000    0.000000   clock clk (rise edge)
                                  0.000000    0.000000   clock network delay (ideal)
                                  0.250000    0.250000   clock uncertainty
                                  0.000000    0.250000   clock reconvergence pessimism
                                 -4.000000   -3.750000   output external delay
                                             -3.750000   data required time
---------------------------------------------------------------------------------------------
                                             -3.750000   data required time
                                             -0.466213   data arrival time
---------------------------------------------------------------------------------------------
                                              4.216213   slack (MET)


Startpoint: rst_n (input port clocked by clk)
Endpoint: _1050_ (removal check against rising-edge clock clk)
Path Group: asynchronous
Path Type: min

Fanout         Cap        Slew       Delay        Time   Description
---------------------------------------------------------------------------------------------
                      0.150000    0.000000    0.000000   clock clk (rise edge)
                                  0.000000    0.000000   clock network delay (ideal)
                                  4.000000    4.000000 ^ input external delay
   202    0.726937    3.254360    2.111905    6.111905 ^ rst_n (in)
                                                         rst_n (net)
                      3.254360    0.000000    6.111905 ^ _1050_/RESET_B (sky130_fd_sc_hd__dfrtp_2)
                                              6.111905   data arrival time

                      0.150000    0.000000    0.000000   clock clk (rise edge)
                                  0.000000    0.000000   clock network delay (ideal)
                                  0.250000    0.250000   clock uncertainty
                                  0.000000    0.250000   clock reconvergence pessimism
                                              0.250000 ^ _1050_/CLK (sky130_fd_sc_hd__dfrtp_2)
                                  1.205747    1.455747   library removal time
                                              1.455747   data required time
---------------------------------------------------------------------------------------------
                                              1.455747   data required time
                                             -6.111905   data arrival time
---------------------------------------------------------------------------------------------
                                              4.656157   slack (MET)


Startpoint: rst_n (input port clocked by clk)
Endpoint: _1051_ (removal check against rising-edge clock clk)
Path Group: asynchronous
Path Type: min

Fanout         Cap        Slew       Delay        Time   Description
---------------------------------------------------------------------------------------------
                      0.150000    0.000000    0.000000   clock clk (rise edge)
                                  0.000000    0.000000   clock network delay (ideal)
                                  4.000000    4.000000 ^ input external delay
   202    0.726937    3.254360    2.111905    6.111905 ^ rst_n (in)
                                                         rst_n (net)
                      3.254360    0.000000    6.111905 ^ _1051_/RESET_B (sky130_fd_sc_hd__dfrtp_2)
                                              6.111905   data arrival time

                      0.150000    0.000000    0.000000   clock clk (rise edge)
                                  0.000000    0.000000   clock network delay (ideal)
                                  0.250000    0.250000   clock uncertainty
                                  0.000000    0.250000   clock reconvergence pessimism
                                              0.250000 ^ _1051_/CLK (sky130_fd_sc_hd__dfrtp_2)
                                  1.205747    1.455747   library removal time
                                              1.455747   data required time
---------------------------------------------------------------------------------------------
                                              1.455747   data required time
                                             -6.111905   data arrival time
---------------------------------------------------------------------------------------------
                                              4.656157   slack (MET)


Startpoint: rst_n (input port clocked by clk)
Endpoint: _1053_ (removal check against rising-edge clock clk)
Path Group: asynchronous
Path Type: min

Fanout         Cap        Slew       Delay        Time   Description
---------------------------------------------------------------------------------------------
                      0.150000    0.000000    0.000000   clock clk (rise edge)
                                  0.000000    0.000000   clock network delay (ideal)
                                  4.000000    4.000000 ^ input external delay
   202    0.726937    3.254360    2.111905    6.111905 ^ rst_n (in)
                                                         rst_n (net)
                      3.254360    0.000000    6.111905 ^ _1053_/RESET_B (sky130_fd_sc_hd__dfrtp_2)
                                              6.111905   data arrival time

                      0.150000    0.000000    0.000000   clock clk (rise edge)
                                  0.000000    0.000000   clock network delay (ideal)
                                  0.250000    0.250000   clock uncertainty
                                  0.000000    0.250000   clock reconvergence pessimism
                                              0.250000 ^ _1053_/CLK (sky130_fd_sc_hd__dfrtp_2)
                                  1.205747    1.455747   library removal time
                                              1.455747   data required time
---------------------------------------------------------------------------------------------
                                              1.455747   data required time
                                             -6.111905   data arrival time
---------------------------------------------------------------------------------------------
                                              4.656157   slack (MET)


Startpoint: rst_n (input port clocked by clk)
Endpoint: _1054_ (removal check against rising-edge clock clk)
Path Group: asynchronous
Path Type: min

Fanout         Cap        Slew       Delay        Time   Description
---------------------------------------------------------------------------------------------
                      0.150000    0.000000    0.000000   clock clk (rise edge)
                                  0.000000    0.000000   clock network delay (ideal)
                                  4.000000    4.000000 ^ input external delay
   202    0.726937    3.254360    2.111905    6.111905 ^ rst_n (in)
                                                         rst_n (net)
                      3.254360    0.000000    6.111905 ^ _1054_/RESET_B (sky130_fd_sc_hd__dfrtp_2)
                                              6.111905   data arrival time

                      0.150000    0.000000    0.000000   clock clk (rise edge)
                                  0.000000    0.000000   clock network delay (ideal)
                                  0.250000    0.250000   clock uncertainty
                                  0.000000    0.250000   clock reconvergence pessimism
                                              0.250000 ^ _1054_/CLK (sky130_fd_sc_hd__dfrtp_2)
                                  1.205747    1.455747   library removal time
                                              1.455747   data required time
---------------------------------------------------------------------------------------------
                                              1.455747   data required time
                                             -6.111905   data arrival time
---------------------------------------------------------------------------------------------
                                              4.656157   slack (MET)


Startpoint: rst_n (input port clocked by clk)
Endpoint: _1055_ (removal check against rising-edge clock clk)
Path Group: asynchronous
Path Type: min

Fanout         Cap        Slew       Delay        Time   Description
---------------------------------------------------------------------------------------------
                      0.150000    0.000000    0.000000   clock clk (rise edge)
                                  0.000000    0.000000   clock network delay (ideal)
                                  4.000000    4.000000 ^ input external delay
   202    0.726937    3.254360    2.111905    6.111905 ^ rst_n (in)
                                                         rst_n (net)
                      3.254360    0.000000    6.111905 ^ _1055_/RESET_B (sky130_fd_sc_hd__dfrtp_2)
                                              6.111905   data arrival time

                      0.150000    0.000000    0.000000   clock clk (rise edge)
                                  0.000000    0.000000   clock network delay (ideal)
                                  0.250000    0.250000   clock uncertainty
                                  0.000000    0.250000   clock reconvergence pessimism
                                              0.250000 ^ _1055_/CLK (sky130_fd_sc_hd__dfrtp_2)
                                  1.205747    1.455747   library removal time
                                              1.455747   data required time
---------------------------------------------------------------------------------------------
                                              1.455747   data required time
                                             -6.111905   data arrival time
---------------------------------------------------------------------------------------------
                                              4.656157   slack (MET)


Startpoint: rst_n (input port clocked by clk)
Endpoint: _1056_ (removal check against rising-edge clock clk)
Path Group: asynchronous
Path Type: min

Fanout         Cap        Slew       Delay        Time   Description
---------------------------------------------------------------------------------------------
                      0.150000    0.000000    0.000000   clock clk (rise edge)
                                  0.000000    0.000000   clock network delay (ideal)
                                  4.000000    4.000000 ^ input external delay
   202    0.726937    3.254360    2.111905    6.111905 ^ rst_n (in)
                                                         rst_n (net)
                      3.254360    0.000000    6.111905 ^ _1056_/RESET_B (sky130_fd_sc_hd__dfrtp_2)
                                              6.111905   data arrival time

                      0.150000    0.000000    0.000000   clock clk (rise edge)
                                  0.000000    0.000000   clock network delay (ideal)
                                  0.250000    0.250000   clock uncertainty
                                  0.000000    0.250000   clock reconvergence pessimism
                                              0.250000 ^ _1056_/CLK (sky130_fd_sc_hd__dfrtp_2)
                                  1.205747    1.455747   library removal time
                                              1.455747   data required time
---------------------------------------------------------------------------------------------
                                              1.455747   data required time
                                             -6.111905   data arrival time
---------------------------------------------------------------------------------------------
                                              4.656157   slack (MET)


Startpoint: rst_n (input port clocked by clk)
Endpoint: _1057_ (removal check against rising-edge clock clk)
Path Group: asynchronous
Path Type: min

Fanout         Cap        Slew       Delay        Time   Description
---------------------------------------------------------------------------------------------
                      0.150000    0.000000    0.000000   clock clk (rise edge)
                                  0.000000    0.000000   clock network delay (ideal)
                                  4.000000    4.000000 ^ input external delay
   202    0.726937    3.254360    2.111905    6.111905 ^ rst_n (in)
                                                         rst_n (net)
                      3.254360    0.000000    6.111905 ^ _1057_/RESET_B (sky130_fd_sc_hd__dfrtp_2)
                                              6.111905   data arrival time

                      0.150000    0.000000    0.000000   clock clk (rise edge)
                                  0.000000    0.000000   clock network delay (ideal)
                                  0.250000    0.250000   clock uncertainty
                                  0.000000    0.250000   clock reconvergence pessimism
                                              0.250000 ^ _1057_/CLK (sky130_fd_sc_hd__dfrtp_2)
                                  1.205747    1.455747   library removal time
                                              1.455747   data required time
---------------------------------------------------------------------------------------------
                                              1.455747   data required time
                                             -6.111905   data arrival time
---------------------------------------------------------------------------------------------
                                              4.656157   slack (MET)


Startpoint: rst_n (input port clocked by clk)
Endpoint: _1058_ (removal check against rising-edge clock clk)
Path Group: asynchronous
Path Type: min

Fanout         Cap        Slew       Delay        Time   Description
---------------------------------------------------------------------------------------------
                      0.150000    0.000000    0.000000   clock clk (rise edge)
                                  0.000000    0.000000   clock network delay (ideal)
                                  4.000000    4.000000 ^ input external delay
   202    0.726937    3.254360    2.111905    6.111905 ^ rst_n (in)
                                                         rst_n (net)
                      3.254360    0.000000    6.111905 ^ _1058_/RESET_B (sky130_fd_sc_hd__dfrtp_2)
                                              6.111905   data arrival time

                      0.150000    0.000000    0.000000   clock clk (rise edge)
                                  0.000000    0.000000   clock network delay (ideal)
                                  0.250000    0.250000   clock uncertainty
                                  0.000000    0.250000   clock reconvergence pessimism
                                              0.250000 ^ _1058_/CLK (sky130_fd_sc_hd__dfrtp_2)
                                  1.205747    1.455747   library removal time
                                              1.455747   data required time
---------------------------------------------------------------------------------------------
                                              1.455747   data required time
                                             -6.111905   data arrival time
---------------------------------------------------------------------------------------------
                                              4.656157   slack (MET)


Startpoint: rst_n (input port clocked by clk)
Endpoint: _1059_ (removal check against rising-edge clock clk)
Path Group: asynchronous
Path Type: min

Fanout         Cap        Slew       Delay        Time   Description
---------------------------------------------------------------------------------------------
                      0.150000    0.000000    0.000000   clock clk (rise edge)
                                  0.000000    0.000000   clock network delay (ideal)
                                  4.000000    4.000000 ^ input external delay
   202    0.726937    3.254360    2.111905    6.111905 ^ rst_n (in)
                                                         rst_n (net)
                      3.254360    0.000000    6.111905 ^ _1059_/RESET_B (sky130_fd_sc_hd__dfrtp_2)
                                              6.111905   data arrival time

                      0.150000    0.000000    0.000000   clock clk (rise edge)
                                  0.000000    0.000000   clock network delay (ideal)
                                  0.250000    0.250000   clock uncertainty
                                  0.000000    0.250000   clock reconvergence pessimism
                                              0.250000 ^ _1059_/CLK (sky130_fd_sc_hd__dfrtp_2)
                                  1.205747    1.455747   library removal time
                                              1.455747   data required time
---------------------------------------------------------------------------------------------
                                              1.455747   data required time
                                             -6.111905   data arrival time
---------------------------------------------------------------------------------------------
                                              4.656157   slack (MET)


Startpoint: rst_n (input port clocked by clk)
Endpoint: _1060_ (removal check against rising-edge clock clk)
Path Group: asynchronous
Path Type: min

Fanout         Cap        Slew       Delay        Time   Description
---------------------------------------------------------------------------------------------
                      0.150000    0.000000    0.000000   clock clk (rise edge)
                                  0.000000    0.000000   clock network delay (ideal)
                                  4.000000    4.000000 ^ input external delay
   202    0.726937    3.254360    2.111905    6.111905 ^ rst_n (in)
                                                         rst_n (net)
                      3.254360    0.000000    6.111905 ^ _1060_/RESET_B (sky130_fd_sc_hd__dfrtp_2)
                                              6.111905   data arrival time

                      0.150000    0.000000    0.000000   clock clk (rise edge)
                                  0.000000    0.000000   clock network delay (ideal)
                                  0.250000    0.250000   clock uncertainty
                                  0.000000    0.250000   clock reconvergence pessimism
                                              0.250000 ^ _1060_/CLK (sky130_fd_sc_hd__dfrtp_2)
                                  1.205747    1.455747   library removal time
                                              1.455747   data required time
---------------------------------------------------------------------------------------------
                                              1.455747   data required time
                                             -6.111905   data arrival time
---------------------------------------------------------------------------------------------
                                              4.656157   slack (MET)


Startpoint: rst_n (input port clocked by clk)
Endpoint: _1062_ (removal check against rising-edge clock clk)
Path Group: asynchronous
Path Type: min

Fanout         Cap        Slew       Delay        Time   Description
---------------------------------------------------------------------------------------------
                      0.150000    0.000000    0.000000   clock clk (rise edge)
                                  0.000000    0.000000   clock network delay (ideal)
                                  4.000000    4.000000 ^ input external delay
   202    0.726937    3.254360    2.111905    6.111905 ^ rst_n (in)
                                                         rst_n (net)
                      3.254360    0.000000    6.111905 ^ _1062_/RESET_B (sky130_fd_sc_hd__dfrtp_2)
                                              6.111905   data arrival time

                      0.150000    0.000000    0.000000   clock clk (rise edge)
                                  0.000000    0.000000   clock network delay (ideal)
                                  0.250000    0.250000   clock uncertainty
                                  0.000000    0.250000   clock reconvergence pessimism
                                              0.250000 ^ _1062_/CLK (sky130_fd_sc_hd__dfrtp_2)
                                  1.205747    1.455747   library removal time
                                              1.455747   data required time
---------------------------------------------------------------------------------------------
                                              1.455747   data required time
                                             -6.111905   data arrival time
---------------------------------------------------------------------------------------------
                                              4.656157   slack (MET)


Startpoint: rst_n (input port clocked by clk)
Endpoint: _1063_ (removal check against rising-edge clock clk)
Path Group: asynchronous
Path Type: min

Fanout         Cap        Slew       Delay        Time   Description
---------------------------------------------------------------------------------------------
                      0.150000    0.000000    0.000000   clock clk (rise edge)
                                  0.000000    0.000000   clock network delay (ideal)
                                  4.000000    4.000000 ^ input external delay
   202    0.726937    3.254360    2.111905    6.111905 ^ rst_n (in)
                                                         rst_n (net)
                      3.254360    0.000000    6.111905 ^ _1063_/RESET_B (sky130_fd_sc_hd__dfrtp_2)
                                              6.111905   data arrival time

                      0.150000    0.000000    0.000000   clock clk (rise edge)
                                  0.000000    0.000000   clock network delay (ideal)
                                  0.250000    0.250000   clock uncertainty
                                  0.000000    0.250000   clock reconvergence pessimism
                                              0.250000 ^ _1063_/CLK (sky130_fd_sc_hd__dfrtp_2)
                                  1.205747    1.455747   library removal time
                                              1.455747   data required time
---------------------------------------------------------------------------------------------
                                              1.455747   data required time
                                             -6.111905   data arrival time
---------------------------------------------------------------------------------------------
                                              4.656157   slack (MET)


Startpoint: rst_n (input port clocked by clk)
Endpoint: _1064_ (removal check against rising-edge clock clk)
Path Group: asynchronous
Path Type: min

Fanout         Cap        Slew       Delay        Time   Description
---------------------------------------------------------------------------------------------
                      0.150000    0.000000    0.000000   clock clk (rise edge)
                                  0.000000    0.000000   clock network delay (ideal)
                                  4.000000    4.000000 ^ input external delay
   202    0.726937    3.254360    2.111905    6.111905 ^ rst_n (in)
                                                         rst_n (net)
                      3.254360    0.000000    6.111905 ^ _1064_/RESET_B (sky130_fd_sc_hd__dfrtp_2)
                                              6.111905   data arrival time

                      0.150000    0.000000    0.000000   clock clk (rise edge)
                                  0.000000    0.000000   clock network delay (ideal)
                                  0.250000    0.250000   clock uncertainty
                                  0.000000    0.250000   clock reconvergence pessimism
                                              0.250000 ^ _1064_/CLK (sky130_fd_sc_hd__dfrtp_2)
                                  1.205747    1.455747   library removal time
                                              1.455747   data required time
---------------------------------------------------------------------------------------------
                                              1.455747   data required time
                                             -6.111905   data arrival time
---------------------------------------------------------------------------------------------
                                              4.656157   slack (MET)


Startpoint: rst_n (input port clocked by clk)
Endpoint: _1065_ (removal check against rising-edge clock clk)
Path Group: asynchronous
Path Type: min

Fanout         Cap        Slew       Delay        Time   Description
---------------------------------------------------------------------------------------------
                      0.150000    0.000000    0.000000   clock clk (rise edge)
                                  0.000000    0.000000   clock network delay (ideal)
                                  4.000000    4.000000 ^ input external delay
   202    0.726937    3.254360    2.111905    6.111905 ^ rst_n (in)
                                                         rst_n (net)
                      3.254360    0.000000    6.111905 ^ _1065_/RESET_B (sky130_fd_sc_hd__dfrtp_2)
                                              6.111905   data arrival time

                      0.150000    0.000000    0.000000   clock clk (rise edge)
                                  0.000000    0.000000   clock network delay (ideal)
                                  0.250000    0.250000   clock uncertainty
                                  0.000000    0.250000   clock reconvergence pessimism
                                              0.250000 ^ _1065_/CLK (sky130_fd_sc_hd__dfrtp_2)
                                  1.205747    1.455747   library removal time
                                              1.455747   data required time
---------------------------------------------------------------------------------------------
                                              1.455747   data required time
                                             -6.111905   data arrival time
---------------------------------------------------------------------------------------------
                                              4.656157   slack (MET)


Startpoint: rst_n (input port clocked by clk)
Endpoint: _1066_ (removal check against rising-edge clock clk)
Path Group: asynchronous
Path Type: min

Fanout         Cap        Slew       Delay        Time   Description
---------------------------------------------------------------------------------------------
                      0.150000    0.000000    0.000000   clock clk (rise edge)
                                  0.000000    0.000000   clock network delay (ideal)
                                  4.000000    4.000000 ^ input external delay
   202    0.726937    3.254360    2.111905    6.111905 ^ rst_n (in)
                                                         rst_n (net)
                      3.254360    0.000000    6.111905 ^ _1066_/RESET_B (sky130_fd_sc_hd__dfrtp_2)
                                              6.111905   data arrival time

                      0.150000    0.000000    0.000000   clock clk (rise edge)
                                  0.000000    0.000000   clock network delay (ideal)
                                  0.250000    0.250000   clock uncertainty
                                  0.000000    0.250000   clock reconvergence pessimism
                                              0.250000 ^ _1066_/CLK (sky130_fd_sc_hd__dfrtp_2)
                                  1.205747    1.455747   library removal time
                                              1.455747   data required time
---------------------------------------------------------------------------------------------
                                              1.455747   data required time
                                             -6.111905   data arrival time
---------------------------------------------------------------------------------------------
                                              4.656157   slack (MET)


Startpoint: rst_n (input port clocked by clk)
Endpoint: _1067_ (removal check against rising-edge clock clk)
Path Group: asynchronous
Path Type: min

Fanout         Cap        Slew       Delay        Time   Description
---------------------------------------------------------------------------------------------
                      0.150000    0.000000    0.000000   clock clk (rise edge)
                                  0.000000    0.000000   clock network delay (ideal)
                                  4.000000    4.000000 ^ input external delay
   202    0.726937    3.254360    2.111905    6.111905 ^ rst_n (in)
                                                         rst_n (net)
                      3.254360    0.000000    6.111905 ^ _1067_/RESET_B (sky130_fd_sc_hd__dfrtp_2)
                                              6.111905   data arrival time

                      0.150000    0.000000    0.000000   clock clk (rise edge)
                                  0.000000    0.000000   clock network delay (ideal)
                                  0.250000    0.250000   clock uncertainty
                                  0.000000    0.250000   clock reconvergence pessimism
                                              0.250000 ^ _1067_/CLK (sky130_fd_sc_hd__dfrtp_2)
                                  1.205747    1.455747   library removal time
                                              1.455747   data required time
---------------------------------------------------------------------------------------------
                                              1.455747   data required time
                                             -6.111905   data arrival time
---------------------------------------------------------------------------------------------
                                              4.656157   slack (MET)


Startpoint: rst_n (input port clocked by clk)
Endpoint: _1070_ (removal check against rising-edge clock clk)
Path Group: asynchronous
Path Type: min

Fanout         Cap        Slew       Delay        Time   Description
---------------------------------------------------------------------------------------------
                      0.150000    0.000000    0.000000   clock clk (rise edge)
                                  0.000000    0.000000   clock network delay (ideal)
                                  4.000000    4.000000 ^ input external delay
   202    0.726937    3.254360    2.111905    6.111905 ^ rst_n (in)
                                                         rst_n (net)
                      3.254360    0.000000    6.111905 ^ _1070_/RESET_B (sky130_fd_sc_hd__dfrtp_2)
                                              6.111905   data arrival time

                      0.150000    0.000000    0.000000   clock clk (rise edge)
                                  0.000000    0.000000   clock network delay (ideal)
                                  0.250000    0.250000   clock uncertainty
                                  0.000000    0.250000   clock reconvergence pessimism
                                              0.250000 ^ _1070_/CLK (sky130_fd_sc_hd__dfrtp_2)
                                  1.205747    1.455747   library removal time
                                              1.455747   data required time
---------------------------------------------------------------------------------------------
                                              1.455747   data required time
                                             -6.111905   data arrival time
---------------------------------------------------------------------------------------------
                                              4.656157   slack (MET)


Startpoint: rst_n (input port clocked by clk)
Endpoint: _1071_ (removal check against rising-edge clock clk)
Path Group: asynchronous
Path Type: min

Fanout         Cap        Slew       Delay        Time   Description
---------------------------------------------------------------------------------------------
                      0.150000    0.000000    0.000000   clock clk (rise edge)
                                  0.000000    0.000000   clock network delay (ideal)
                                  4.000000    4.000000 ^ input external delay
   202    0.726937    3.254360    2.111905    6.111905 ^ rst_n (in)
                                                         rst_n (net)
                      3.254360    0.000000    6.111905 ^ _1071_/RESET_B (sky130_fd_sc_hd__dfrtp_2)
                                              6.111905   data arrival time

                      0.150000    0.000000    0.000000   clock clk (rise edge)
                                  0.000000    0.000000   clock network delay (ideal)
                                  0.250000    0.250000   clock uncertainty
                                  0.000000    0.250000   clock reconvergence pessimism
                                              0.250000 ^ _1071_/CLK (sky130_fd_sc_hd__dfrtp_2)
                                  1.205747    1.455747   library removal time
                                              1.455747   data required time
---------------------------------------------------------------------------------------------
                                              1.455747   data required time
                                             -6.111905   data arrival time
---------------------------------------------------------------------------------------------
                                              4.656157   slack (MET)


Startpoint: rst_n (input port clocked by clk)
Endpoint: _1072_ (removal check against rising-edge clock clk)
Path Group: asynchronous
Path Type: min

Fanout         Cap        Slew       Delay        Time   Description
---------------------------------------------------------------------------------------------
                      0.150000    0.000000    0.000000   clock clk (rise edge)
                                  0.000000    0.000000   clock network delay (ideal)
                                  4.000000    4.000000 ^ input external delay
   202    0.726937    3.254360    2.111905    6.111905 ^ rst_n (in)
                                                         rst_n (net)
                      3.254360    0.000000    6.111905 ^ _1072_/RESET_B (sky130_fd_sc_hd__dfrtp_2)
                                              6.111905   data arrival time

                      0.150000    0.000000    0.000000   clock clk (rise edge)
                                  0.000000    0.000000   clock network delay (ideal)
                                  0.250000    0.250000   clock uncertainty
                                  0.000000    0.250000   clock reconvergence pessimism
                                              0.250000 ^ _1072_/CLK (sky130_fd_sc_hd__dfrtp_2)
                                  1.205747    1.455747   library removal time
                                              1.455747   data required time
---------------------------------------------------------------------------------------------
                                              1.455747   data required time
                                             -6.111905   data arrival time
---------------------------------------------------------------------------------------------
                                              4.656157   slack (MET)


Startpoint: rst_n (input port clocked by clk)
Endpoint: _1073_ (removal check against rising-edge clock clk)
Path Group: asynchronous
Path Type: min

Fanout         Cap        Slew       Delay        Time   Description
---------------------------------------------------------------------------------------------
                      0.150000    0.000000    0.000000   clock clk (rise edge)
                                  0.000000    0.000000   clock network delay (ideal)
                                  4.000000    4.000000 ^ input external delay
   202    0.726937    3.254360    2.111905    6.111905 ^ rst_n (in)
                                                         rst_n (net)
                      3.254360    0.000000    6.111905 ^ _1073_/RESET_B (sky130_fd_sc_hd__dfrtp_2)
                                              6.111905   data arrival time

                      0.150000    0.000000    0.000000   clock clk (rise edge)
                                  0.000000    0.000000   clock network delay (ideal)
                                  0.250000    0.250000   clock uncertainty
                                  0.000000    0.250000   clock reconvergence pessimism
                                              0.250000 ^ _1073_/CLK (sky130_fd_sc_hd__dfrtp_2)
                                  1.205747    1.455747   library removal time
                                              1.455747   data required time
---------------------------------------------------------------------------------------------
                                              1.455747   data required time
                                             -6.111905   data arrival time
---------------------------------------------------------------------------------------------
                                              4.656157   slack (MET)


Startpoint: rst_n (input port clocked by clk)
Endpoint: _1074_ (removal check against rising-edge clock clk)
Path Group: asynchronous
Path Type: min

Fanout         Cap        Slew       Delay        Time   Description
---------------------------------------------------------------------------------------------
                      0.150000    0.000000    0.000000   clock clk (rise edge)
                                  0.000000    0.000000   clock network delay (ideal)
                                  4.000000    4.000000 ^ input external delay
   202    0.726937    3.254360    2.111905    6.111905 ^ rst_n (in)
                                                         rst_n (net)
                      3.254360    0.000000    6.111905 ^ _1074_/RESET_B (sky130_fd_sc_hd__dfrtp_2)
                                              6.111905   data arrival time

                      0.150000    0.000000    0.000000   clock clk (rise edge)
                                  0.000000    0.000000   clock network delay (ideal)
                                  0.250000    0.250000   clock uncertainty
                                  0.000000    0.250000   clock reconvergence pessimism
                                              0.250000 ^ _1074_/CLK (sky130_fd_sc_hd__dfrtp_2)
                                  1.205747    1.455747   library removal time
                                              1.455747   data required time
---------------------------------------------------------------------------------------------
                                              1.455747   data required time
                                             -6.111905   data arrival time
---------------------------------------------------------------------------------------------
                                              4.656157   slack (MET)


Startpoint: rst_n (input port clocked by clk)
Endpoint: _1075_ (removal check against rising-edge clock clk)
Path Group: asynchronous
Path Type: min

Fanout         Cap        Slew       Delay        Time   Description
---------------------------------------------------------------------------------------------
                      0.150000    0.000000    0.000000   clock clk (rise edge)
                                  0.000000    0.000000   clock network delay (ideal)
                                  4.000000    4.000000 ^ input external delay
   202    0.726937    3.254360    2.111905    6.111905 ^ rst_n (in)
                                                         rst_n (net)
                      3.254360    0.000000    6.111905 ^ _1075_/RESET_B (sky130_fd_sc_hd__dfrtp_2)
                                              6.111905   data arrival time

                      0.150000    0.000000    0.000000   clock clk (rise edge)
                                  0.000000    0.000000   clock network delay (ideal)
                                  0.250000    0.250000   clock uncertainty
                                  0.000000    0.250000   clock reconvergence pessimism
                                              0.250000 ^ _1075_/CLK (sky130_fd_sc_hd__dfrtp_2)
                                  1.205747    1.455747   library removal time
                                              1.455747   data required time
---------------------------------------------------------------------------------------------
                                              1.455747   data required time
                                             -6.111905   data arrival time
---------------------------------------------------------------------------------------------
                                              4.656157   slack (MET)


Startpoint: rst_n (input port clocked by clk)
Endpoint: _1076_ (removal check against rising-edge clock clk)
Path Group: asynchronous
Path Type: min

Fanout         Cap        Slew       Delay        Time   Description
---------------------------------------------------------------------------------------------
                      0.150000    0.000000    0.000000   clock clk (rise edge)
                                  0.000000    0.000000   clock network delay (ideal)
                                  4.000000    4.000000 ^ input external delay
   202    0.726937    3.254360    2.111905    6.111905 ^ rst_n (in)
                                                         rst_n (net)
                      3.254360    0.000000    6.111905 ^ _1076_/RESET_B (sky130_fd_sc_hd__dfrtp_2)
                                              6.111905   data arrival time

                      0.150000    0.000000    0.000000   clock clk (rise edge)
                                  0.000000    0.000000   clock network delay (ideal)
                                  0.250000    0.250000   clock uncertainty
                                  0.000000    0.250000   clock reconvergence pessimism
                                              0.250000 ^ _1076_/CLK (sky130_fd_sc_hd__dfrtp_2)
                                  1.205747    1.455747   library removal time
                                              1.455747   data required time
---------------------------------------------------------------------------------------------
                                              1.455747   data required time
                                             -6.111905   data arrival time
---------------------------------------------------------------------------------------------
                                              4.656157   slack (MET)


Startpoint: rst_n (input port clocked by clk)
Endpoint: _1077_ (removal check against rising-edge clock clk)
Path Group: asynchronous
Path Type: min

Fanout         Cap        Slew       Delay        Time   Description
---------------------------------------------------------------------------------------------
                      0.150000    0.000000    0.000000   clock clk (rise edge)
                                  0.000000    0.000000   clock network delay (ideal)
                                  4.000000    4.000000 ^ input external delay
   202    0.726937    3.254360    2.111905    6.111905 ^ rst_n (in)
                                                         rst_n (net)
                      3.254360    0.000000    6.111905 ^ _1077_/RESET_B (sky130_fd_sc_hd__dfrtp_2)
                                              6.111905   data arrival time

                      0.150000    0.000000    0.000000   clock clk (rise edge)
                                  0.000000    0.000000   clock network delay (ideal)
                                  0.250000    0.250000   clock uncertainty
                                  0.000000    0.250000   clock reconvergence pessimism
                                              0.250000 ^ _1077_/CLK (sky130_fd_sc_hd__dfrtp_2)
                                  1.205747    1.455747   library removal time
                                              1.455747   data required time
---------------------------------------------------------------------------------------------
                                              1.455747   data required time
                                             -6.111905   data arrival time
---------------------------------------------------------------------------------------------
                                              4.656157   slack (MET)


Startpoint: rst_n (input port clocked by clk)
Endpoint: _1079_ (removal check against rising-edge clock clk)
Path Group: asynchronous
Path Type: min

Fanout         Cap        Slew       Delay        Time   Description
---------------------------------------------------------------------------------------------
                      0.150000    0.000000    0.000000   clock clk (rise edge)
                                  0.000000    0.000000   clock network delay (ideal)
                                  4.000000    4.000000 ^ input external delay
   202    0.726937    3.254360    2.111905    6.111905 ^ rst_n (in)
                                                         rst_n (net)
                      3.254360    0.000000    6.111905 ^ _1079_/RESET_B (sky130_fd_sc_hd__dfrtp_2)
                                              6.111905   data arrival time

                      0.150000    0.000000    0.000000   clock clk (rise edge)
                                  0.000000    0.000000   clock network delay (ideal)
                                  0.250000    0.250000   clock uncertainty
                                  0.000000    0.250000   clock reconvergence pessimism
                                              0.250000 ^ _1079_/CLK (sky130_fd_sc_hd__dfrtp_2)
                                  1.205747    1.455747   library removal time
                                              1.455747   data required time
---------------------------------------------------------------------------------------------
                                              1.455747   data required time
                                             -6.111905   data arrival time
---------------------------------------------------------------------------------------------
                                              4.656157   slack (MET)


Startpoint: rst_n (input port clocked by clk)
Endpoint: _1080_ (removal check against rising-edge clock clk)
Path Group: asynchronous
Path Type: min

Fanout         Cap        Slew       Delay        Time   Description
---------------------------------------------------------------------------------------------
                      0.150000    0.000000    0.000000   clock clk (rise edge)
                                  0.000000    0.000000   clock network delay (ideal)
                                  4.000000    4.000000 ^ input external delay
   202    0.726937    3.254360    2.111905    6.111905 ^ rst_n (in)
                                                         rst_n (net)
                      3.254360    0.000000    6.111905 ^ _1080_/RESET_B (sky130_fd_sc_hd__dfrtp_2)
                                              6.111905   data arrival time

                      0.150000    0.000000    0.000000   clock clk (rise edge)
                                  0.000000    0.000000   clock network delay (ideal)
                                  0.250000    0.250000   clock uncertainty
                                  0.000000    0.250000   clock reconvergence pessimism
                                              0.250000 ^ _1080_/CLK (sky130_fd_sc_hd__dfrtp_2)
                                  1.205747    1.455747   library removal time
                                              1.455747   data required time
---------------------------------------------------------------------------------------------
                                              1.455747   data required time
                                             -6.111905   data arrival time
---------------------------------------------------------------------------------------------
                                              4.656157   slack (MET)


Startpoint: rst_n (input port clocked by clk)
Endpoint: _1081_ (removal check against rising-edge clock clk)
Path Group: asynchronous
Path Type: min

Fanout         Cap        Slew       Delay        Time   Description
---------------------------------------------------------------------------------------------
                      0.150000    0.000000    0.000000   clock clk (rise edge)
                                  0.000000    0.000000   clock network delay (ideal)
                                  4.000000    4.000000 ^ input external delay
   202    0.726937    3.254360    2.111905    6.111905 ^ rst_n (in)
                                                         rst_n (net)
                      3.254360    0.000000    6.111905 ^ _1081_/RESET_B (sky130_fd_sc_hd__dfrtp_2)
                                              6.111905   data arrival time

                      0.150000    0.000000    0.000000   clock clk (rise edge)
                                  0.000000    0.000000   clock network delay (ideal)
                                  0.250000    0.250000   clock uncertainty
                                  0.000000    0.250000   clock reconvergence pessimism
                                              0.250000 ^ _1081_/CLK (sky130_fd_sc_hd__dfrtp_2)
                                  1.205747    1.455747   library removal time
                                              1.455747   data required time
---------------------------------------------------------------------------------------------
                                              1.455747   data required time
                                             -6.111905   data arrival time
---------------------------------------------------------------------------------------------
                                              4.656157   slack (MET)


Startpoint: rst_n (input port clocked by clk)
Endpoint: _1082_ (removal check against rising-edge clock clk)
Path Group: asynchronous
Path Type: min

Fanout         Cap        Slew       Delay        Time   Description
---------------------------------------------------------------------------------------------
                      0.150000    0.000000    0.000000   clock clk (rise edge)
                                  0.000000    0.000000   clock network delay (ideal)
                                  4.000000    4.000000 ^ input external delay
   202    0.726937    3.254360    2.111905    6.111905 ^ rst_n (in)
                                                         rst_n (net)
                      3.254360    0.000000    6.111905 ^ _1082_/RESET_B (sky130_fd_sc_hd__dfrtp_2)
                                              6.111905   data arrival time

                      0.150000    0.000000    0.000000   clock clk (rise edge)
                                  0.000000    0.000000   clock network delay (ideal)
                                  0.250000    0.250000   clock uncertainty
                                  0.000000    0.250000   clock reconvergence pessimism
                                              0.250000 ^ _1082_/CLK (sky130_fd_sc_hd__dfrtp_2)
                                  1.205747    1.455747   library removal time
                                              1.455747   data required time
---------------------------------------------------------------------------------------------
                                              1.455747   data required time
                                             -6.111905   data arrival time
---------------------------------------------------------------------------------------------
                                              4.656157   slack (MET)


Startpoint: rst_n (input port clocked by clk)
Endpoint: _1083_ (removal check against rising-edge clock clk)
Path Group: asynchronous
Path Type: min

Fanout         Cap        Slew       Delay        Time   Description
---------------------------------------------------------------------------------------------
                      0.150000    0.000000    0.000000   clock clk (rise edge)
                                  0.000000    0.000000   clock network delay (ideal)
                                  4.000000    4.000000 ^ input external delay
   202    0.726937    3.254360    2.111905    6.111905 ^ rst_n (in)
                                                         rst_n (net)
                      3.254360    0.000000    6.111905 ^ _1083_/RESET_B (sky130_fd_sc_hd__dfrtp_2)
                                              6.111905   data arrival time

                      0.150000    0.000000    0.000000   clock clk (rise edge)
                                  0.000000    0.000000   clock network delay (ideal)
                                  0.250000    0.250000   clock uncertainty
                                  0.000000    0.250000   clock reconvergence pessimism
                                              0.250000 ^ _1083_/CLK (sky130_fd_sc_hd__dfrtp_2)
                                  1.205747    1.455747   library removal time
                                              1.455747   data required time
---------------------------------------------------------------------------------------------
                                              1.455747   data required time
                                             -6.111905   data arrival time
---------------------------------------------------------------------------------------------
                                              4.656157   slack (MET)


Startpoint: rst_n (input port clocked by clk)
Endpoint: _1085_ (removal check against rising-edge clock clk)
Path Group: asynchronous
Path Type: min

Fanout         Cap        Slew       Delay        Time   Description
---------------------------------------------------------------------------------------------
                      0.150000    0.000000    0.000000   clock clk (rise edge)
                                  0.000000    0.000000   clock network delay (ideal)
                                  4.000000    4.000000 ^ input external delay
   202    0.726937    3.254360    2.111905    6.111905 ^ rst_n (in)
                                                         rst_n (net)
                      3.254360    0.000000    6.111905 ^ _1085_/RESET_B (sky130_fd_sc_hd__dfrtp_2)
                                              6.111905   data arrival time

                      0.150000    0.000000    0.000000   clock clk (rise edge)
                                  0.000000    0.000000   clock network delay (ideal)
                                  0.250000    0.250000   clock uncertainty
                                  0.000000    0.250000   clock reconvergence pessimism
                                              0.250000 ^ _1085_/CLK (sky130_fd_sc_hd__dfrtp_2)
                                  1.205747    1.455747   library removal time
                                              1.455747   data required time
---------------------------------------------------------------------------------------------
                                              1.455747   data required time
                                             -6.111905   data arrival time
---------------------------------------------------------------------------------------------
                                              4.656157   slack (MET)


Startpoint: rst_n (input port clocked by clk)
Endpoint: _1087_ (removal check against rising-edge clock clk)
Path Group: asynchronous
Path Type: min

Fanout         Cap        Slew       Delay        Time   Description
---------------------------------------------------------------------------------------------
                      0.150000    0.000000    0.000000   clock clk (rise edge)
                                  0.000000    0.000000   clock network delay (ideal)
                                  4.000000    4.000000 ^ input external delay
   202    0.726937    3.254360    2.111905    6.111905 ^ rst_n (in)
                                                         rst_n (net)
                      3.254360    0.000000    6.111905 ^ _1087_/RESET_B (sky130_fd_sc_hd__dfrtp_2)
                                              6.111905   data arrival time

                      0.150000    0.000000    0.000000   clock clk (rise edge)
                                  0.000000    0.000000   clock network delay (ideal)
                                  0.250000    0.250000   clock uncertainty
                                  0.000000    0.250000   clock reconvergence pessimism
                                              0.250000 ^ _1087_/CLK (sky130_fd_sc_hd__dfrtp_2)
                                  1.205747    1.455747   library removal time
                                              1.455747   data required time
---------------------------------------------------------------------------------------------
                                              1.455747   data required time
                                             -6.111905   data arrival time
---------------------------------------------------------------------------------------------
                                              4.656157   slack (MET)


Startpoint: rst_n (input port clocked by clk)
Endpoint: _1088_ (removal check against rising-edge clock clk)
Path Group: asynchronous
Path Type: min

Fanout         Cap        Slew       Delay        Time   Description
---------------------------------------------------------------------------------------------
                      0.150000    0.000000    0.000000   clock clk (rise edge)
                                  0.000000    0.000000   clock network delay (ideal)
                                  4.000000    4.000000 ^ input external delay
   202    0.726937    3.254360    2.111905    6.111905 ^ rst_n (in)
                                                         rst_n (net)
                      3.254360    0.000000    6.111905 ^ _1088_/RESET_B (sky130_fd_sc_hd__dfrtp_2)
                                              6.111905   data arrival time

                      0.150000    0.000000    0.000000   clock clk (rise edge)
                                  0.000000    0.000000   clock network delay (ideal)
                                  0.250000    0.250000   clock uncertainty
                                  0.000000    0.250000   clock reconvergence pessimism
                                              0.250000 ^ _1088_/CLK (sky130_fd_sc_hd__dfrtp_2)
                                  1.205747    1.455747   library removal time
                                              1.455747   data required time
---------------------------------------------------------------------------------------------
                                              1.455747   data required time
                                             -6.111905   data arrival time
---------------------------------------------------------------------------------------------
                                              4.656157   slack (MET)


Startpoint: rst_n (input port clocked by clk)
Endpoint: _1089_ (removal check against rising-edge clock clk)
Path Group: asynchronous
Path Type: min

Fanout         Cap        Slew       Delay        Time   Description
---------------------------------------------------------------------------------------------
                      0.150000    0.000000    0.000000   clock clk (rise edge)
                                  0.000000    0.000000   clock network delay (ideal)
                                  4.000000    4.000000 ^ input external delay
   202    0.726937    3.254360    2.111905    6.111905 ^ rst_n (in)
                                                         rst_n (net)
                      3.254360    0.000000    6.111905 ^ _1089_/RESET_B (sky130_fd_sc_hd__dfrtp_2)
                                              6.111905   data arrival time

                      0.150000    0.000000    0.000000   clock clk (rise edge)
                                  0.000000    0.000000   clock network delay (ideal)
                                  0.250000    0.250000   clock uncertainty
                                  0.000000    0.250000   clock reconvergence pessimism
                                              0.250000 ^ _1089_/CLK (sky130_fd_sc_hd__dfrtp_2)
                                  1.205747    1.455747   library removal time
                                              1.455747   data required time
---------------------------------------------------------------------------------------------
                                              1.455747   data required time
                                             -6.111905   data arrival time
---------------------------------------------------------------------------------------------
                                              4.656157   slack (MET)


Startpoint: rst_n (input port clocked by clk)
Endpoint: _1090_ (removal check against rising-edge clock clk)
Path Group: asynchronous
Path Type: min

Fanout         Cap        Slew       Delay        Time   Description
---------------------------------------------------------------------------------------------
                      0.150000    0.000000    0.000000   clock clk (rise edge)
                                  0.000000    0.000000   clock network delay (ideal)
                                  4.000000    4.000000 ^ input external delay
   202    0.726937    3.254360    2.111905    6.111905 ^ rst_n (in)
                                                         rst_n (net)
                      3.254360    0.000000    6.111905 ^ _1090_/RESET_B (sky130_fd_sc_hd__dfrtp_2)
                                              6.111905   data arrival time

                      0.150000    0.000000    0.000000   clock clk (rise edge)
                                  0.000000    0.000000   clock network delay (ideal)
                                  0.250000    0.250000   clock uncertainty
                                  0.000000    0.250000   clock reconvergence pessimism
                                              0.250000 ^ _1090_/CLK (sky130_fd_sc_hd__dfrtp_2)
                                  1.205747    1.455747   library removal time
                                              1.455747   data required time
---------------------------------------------------------------------------------------------
                                              1.455747   data required time
                                             -6.111905   data arrival time
---------------------------------------------------------------------------------------------
                                              4.656157   slack (MET)


Startpoint: rst_n (input port clocked by clk)
Endpoint: _1091_ (removal check against rising-edge clock clk)
Path Group: asynchronous
Path Type: min

Fanout         Cap        Slew       Delay        Time   Description
---------------------------------------------------------------------------------------------
                      0.150000    0.000000    0.000000   clock clk (rise edge)
                                  0.000000    0.000000   clock network delay (ideal)
                                  4.000000    4.000000 ^ input external delay
   202    0.726937    3.254360    2.111905    6.111905 ^ rst_n (in)
                                                         rst_n (net)
                      3.254360    0.000000    6.111905 ^ _1091_/RESET_B (sky130_fd_sc_hd__dfrtp_2)
                                              6.111905   data arrival time

                      0.150000    0.000000    0.000000   clock clk (rise edge)
                                  0.000000    0.000000   clock network delay (ideal)
                                  0.250000    0.250000   clock uncertainty
                                  0.000000    0.250000   clock reconvergence pessimism
                                              0.250000 ^ _1091_/CLK (sky130_fd_sc_hd__dfrtp_2)
                                  1.205747    1.455747   library removal time
                                              1.455747   data required time
---------------------------------------------------------------------------------------------
                                              1.455747   data required time
                                             -6.111905   data arrival time
---------------------------------------------------------------------------------------------
                                              4.656157   slack (MET)


Startpoint: rst_n (input port clocked by clk)
Endpoint: _1092_ (removal check against rising-edge clock clk)
Path Group: asynchronous
Path Type: min

Fanout         Cap        Slew       Delay        Time   Description
---------------------------------------------------------------------------------------------
                      0.150000    0.000000    0.000000   clock clk (rise edge)
                                  0.000000    0.000000   clock network delay (ideal)
                                  4.000000    4.000000 ^ input external delay
   202    0.726937    3.254360    2.111905    6.111905 ^ rst_n (in)
                                                         rst_n (net)
                      3.254360    0.000000    6.111905 ^ _1092_/RESET_B (sky130_fd_sc_hd__dfrtp_2)
                                              6.111905   data arrival time

                      0.150000    0.000000    0.000000   clock clk (rise edge)
                                  0.000000    0.000000   clock network delay (ideal)
                                  0.250000    0.250000   clock uncertainty
                                  0.000000    0.250000   clock reconvergence pessimism
                                              0.250000 ^ _1092_/CLK (sky130_fd_sc_hd__dfrtp_2)
                                  1.205747    1.455747   library removal time
                                              1.455747   data required time
---------------------------------------------------------------------------------------------
                                              1.455747   data required time
                                             -6.111905   data arrival time
---------------------------------------------------------------------------------------------
                                              4.656157   slack (MET)


Startpoint: rst_n (input port clocked by clk)
Endpoint: _1095_ (removal check against rising-edge clock clk)
Path Group: asynchronous
Path Type: min

Fanout         Cap        Slew       Delay        Time   Description
---------------------------------------------------------------------------------------------
                      0.150000    0.000000    0.000000   clock clk (rise edge)
                                  0.000000    0.000000   clock network delay (ideal)
                                  4.000000    4.000000 ^ input external delay
   202    0.726937    3.254360    2.111905    6.111905 ^ rst_n (in)
                                                         rst_n (net)
                      3.254360    0.000000    6.111905 ^ _1095_/RESET_B (sky130_fd_sc_hd__dfrtp_2)
                                              6.111905   data arrival time

                      0.150000    0.000000    0.000000   clock clk (rise edge)
                                  0.000000    0.000000   clock network delay (ideal)
                                  0.250000    0.250000   clock uncertainty
                                  0.000000    0.250000   clock reconvergence pessimism
                                              0.250000 ^ _1095_/CLK (sky130_fd_sc_hd__dfrtp_2)
                                  1.205747    1.455747   library removal time
                                              1.455747   data required time
---------------------------------------------------------------------------------------------
                                              1.455747   data required time
                                             -6.111905   data arrival time
---------------------------------------------------------------------------------------------
                                              4.656157   slack (MET)


Startpoint: rst_n (input port clocked by clk)
Endpoint: _1096_ (removal check against rising-edge clock clk)
Path Group: asynchronous
Path Type: min

Fanout         Cap        Slew       Delay        Time   Description
---------------------------------------------------------------------------------------------
                      0.150000    0.000000    0.000000   clock clk (rise edge)
                                  0.000000    0.000000   clock network delay (ideal)
                                  4.000000    4.000000 ^ input external delay
   202    0.726937    3.254360    2.111905    6.111905 ^ rst_n (in)
                                                         rst_n (net)
                      3.254360    0.000000    6.111905 ^ _1096_/RESET_B (sky130_fd_sc_hd__dfrtp_2)
                                              6.111905   data arrival time

                      0.150000    0.000000    0.000000   clock clk (rise edge)
                                  0.000000    0.000000   clock network delay (ideal)
                                  0.250000    0.250000   clock uncertainty
                                  0.000000    0.250000   clock reconvergence pessimism
                                              0.250000 ^ _1096_/CLK (sky130_fd_sc_hd__dfrtp_2)
                                  1.205747    1.455747   library removal time
                                              1.455747   data required time
---------------------------------------------------------------------------------------------
                                              1.455747   data required time
                                             -6.111905   data arrival time
---------------------------------------------------------------------------------------------
                                              4.656157   slack (MET)


Startpoint: rst_n (input port clocked by clk)
Endpoint: _1097_ (removal check against rising-edge clock clk)
Path Group: asynchronous
Path Type: min

Fanout         Cap        Slew       Delay        Time   Description
---------------------------------------------------------------------------------------------
                      0.150000    0.000000    0.000000   clock clk (rise edge)
                                  0.000000    0.000000   clock network delay (ideal)
                                  4.000000    4.000000 ^ input external delay
   202    0.726937    3.254360    2.111905    6.111905 ^ rst_n (in)
                                                         rst_n (net)
                      3.254360    0.000000    6.111905 ^ _1097_/RESET_B (sky130_fd_sc_hd__dfrtp_2)
                                              6.111905   data arrival time

                      0.150000    0.000000    0.000000   clock clk (rise edge)
                                  0.000000    0.000000   clock network delay (ideal)
                                  0.250000    0.250000   clock uncertainty
                                  0.000000    0.250000   clock reconvergence pessimism
                                              0.250000 ^ _1097_/CLK (sky130_fd_sc_hd__dfrtp_2)
                                  1.205747    1.455747   library removal time
                                              1.455747   data required time
---------------------------------------------------------------------------------------------
                                              1.455747   data required time
                                             -6.111905   data arrival time
---------------------------------------------------------------------------------------------
                                              4.656157   slack (MET)


Startpoint: rst_n (input port clocked by clk)
Endpoint: _1098_ (removal check against rising-edge clock clk)
Path Group: asynchronous
Path Type: min

Fanout         Cap        Slew       Delay        Time   Description
---------------------------------------------------------------------------------------------
                      0.150000    0.000000    0.000000   clock clk (rise edge)
                                  0.000000    0.000000   clock network delay (ideal)
                                  4.000000    4.000000 ^ input external delay
   202    0.726937    3.254360    2.111905    6.111905 ^ rst_n (in)
                                                         rst_n (net)
                      3.254360    0.000000    6.111905 ^ _1098_/RESET_B (sky130_fd_sc_hd__dfrtp_2)
                                              6.111905   data arrival time

                      0.150000    0.000000    0.000000   clock clk (rise edge)
                                  0.000000    0.000000   clock network delay (ideal)
                                  0.250000    0.250000   clock uncertainty
                                  0.000000    0.250000   clock reconvergence pessimism
                                              0.250000 ^ _1098_/CLK (sky130_fd_sc_hd__dfrtp_2)
                                  1.205747    1.455747   library removal time
                                              1.455747   data required time
---------------------------------------------------------------------------------------------
                                              1.455747   data required time
                                             -6.111905   data arrival time
---------------------------------------------------------------------------------------------
                                              4.656157   slack (MET)


Startpoint: rst_n (input port clocked by clk)
Endpoint: _1099_ (removal check against rising-edge clock clk)
Path Group: asynchronous
Path Type: min

Fanout         Cap        Slew       Delay        Time   Description
---------------------------------------------------------------------------------------------
                      0.150000    0.000000    0.000000   clock clk (rise edge)
                                  0.000000    0.000000   clock network delay (ideal)
                                  4.000000    4.000000 ^ input external delay
   202    0.726937    3.254360    2.111905    6.111905 ^ rst_n (in)
                                                         rst_n (net)
                      3.254360    0.000000    6.111905 ^ _1099_/RESET_B (sky130_fd_sc_hd__dfrtp_2)
                                              6.111905   data arrival time

                      0.150000    0.000000    0.000000   clock clk (rise edge)
                                  0.000000    0.000000   clock network delay (ideal)
                                  0.250000    0.250000   clock uncertainty
                                  0.000000    0.250000   clock reconvergence pessimism
                                              0.250000 ^ _1099_/CLK (sky130_fd_sc_hd__dfrtp_2)
                                  1.205747    1.455747   library removal time
                                              1.455747   data required time
---------------------------------------------------------------------------------------------
                                              1.455747   data required time
                                             -6.111905   data arrival time
---------------------------------------------------------------------------------------------
                                              4.656157   slack (MET)


Startpoint: rst_n (input port clocked by clk)
Endpoint: _1103_ (removal check against rising-edge clock clk)
Path Group: asynchronous
Path Type: min

Fanout         Cap        Slew       Delay        Time   Description
---------------------------------------------------------------------------------------------
                      0.150000    0.000000    0.000000   clock clk (rise edge)
                                  0.000000    0.000000   clock network delay (ideal)
                                  4.000000    4.000000 ^ input external delay
   202    0.726937    3.254360    2.111905    6.111905 ^ rst_n (in)
                                                         rst_n (net)
                      3.254360    0.000000    6.111905 ^ _1103_/RESET_B (sky130_fd_sc_hd__dfrtp_2)
                                              6.111905   data arrival time

                      0.150000    0.000000    0.000000   clock clk (rise edge)
                                  0.000000    0.000000   clock network delay (ideal)
                                  0.250000    0.250000   clock uncertainty
                                  0.000000    0.250000   clock reconvergence pessimism
                                              0.250000 ^ _1103_/CLK (sky130_fd_sc_hd__dfrtp_2)
                                  1.205747    1.455747   library removal time
                                              1.455747   data required time
---------------------------------------------------------------------------------------------
                                              1.455747   data required time
                                             -6.111905   data arrival time
---------------------------------------------------------------------------------------------
                                              4.656157   slack (MET)


Startpoint: rst_n (input port clocked by clk)
Endpoint: _1104_ (removal check against rising-edge clock clk)
Path Group: asynchronous
Path Type: min

Fanout         Cap        Slew       Delay        Time   Description
---------------------------------------------------------------------------------------------
                      0.150000    0.000000    0.000000   clock clk (rise edge)
                                  0.000000    0.000000   clock network delay (ideal)
                                  4.000000    4.000000 ^ input external delay
   202    0.726937    3.254360    2.111905    6.111905 ^ rst_n (in)
                                                         rst_n (net)
                      3.254360    0.000000    6.111905 ^ _1104_/RESET_B (sky130_fd_sc_hd__dfrtp_2)
                                              6.111905   data arrival time

                      0.150000    0.000000    0.000000   clock clk (rise edge)
                                  0.000000    0.000000   clock network delay (ideal)
                                  0.250000    0.250000   clock uncertainty
                                  0.000000    0.250000   clock reconvergence pessimism
                                              0.250000 ^ _1104_/CLK (sky130_fd_sc_hd__dfrtp_2)
                                  1.205747    1.455747   library removal time
                                              1.455747   data required time
---------------------------------------------------------------------------------------------
                                              1.455747   data required time
                                             -6.111905   data arrival time
---------------------------------------------------------------------------------------------
                                              4.656157   slack (MET)


Startpoint: rst_n (input port clocked by clk)
Endpoint: _1105_ (removal check against rising-edge clock clk)
Path Group: asynchronous
Path Type: min

Fanout         Cap        Slew       Delay        Time   Description
---------------------------------------------------------------------------------------------
                      0.150000    0.000000    0.000000   clock clk (rise edge)
                                  0.000000    0.000000   clock network delay (ideal)
                                  4.000000    4.000000 ^ input external delay
   202    0.726937    3.254360    2.111905    6.111905 ^ rst_n (in)
                                                         rst_n (net)
                      3.254360    0.000000    6.111905 ^ _1105_/RESET_B (sky130_fd_sc_hd__dfrtp_2)
                                              6.111905   data arrival time

                      0.150000    0.000000    0.000000   clock clk (rise edge)
                                  0.000000    0.000000   clock network delay (ideal)
                                  0.250000    0.250000   clock uncertainty
                                  0.000000    0.250000   clock reconvergence pessimism
                                              0.250000 ^ _1105_/CLK (sky130_fd_sc_hd__dfrtp_2)
                                  1.205747    1.455747   library removal time
                                              1.455747   data required time
---------------------------------------------------------------------------------------------
                                              1.455747   data required time
                                             -6.111905   data arrival time
---------------------------------------------------------------------------------------------
                                              4.656157   slack (MET)


Startpoint: rst_n (input port clocked by clk)
Endpoint: _1106_ (removal check against rising-edge clock clk)
Path Group: asynchronous
Path Type: min

Fanout         Cap        Slew       Delay        Time   Description
---------------------------------------------------------------------------------------------
                      0.150000    0.000000    0.000000   clock clk (rise edge)
                                  0.000000    0.000000   clock network delay (ideal)
                                  4.000000    4.000000 ^ input external delay
   202    0.726937    3.254360    2.111905    6.111905 ^ rst_n (in)
                                                         rst_n (net)
                      3.254360    0.000000    6.111905 ^ _1106_/RESET_B (sky130_fd_sc_hd__dfrtp_2)
                                              6.111905   data arrival time

                      0.150000    0.000000    0.000000   clock clk (rise edge)
                                  0.000000    0.000000   clock network delay (ideal)
                                  0.250000    0.250000   clock uncertainty
                                  0.000000    0.250000   clock reconvergence pessimism
                                              0.250000 ^ _1106_/CLK (sky130_fd_sc_hd__dfrtp_2)
                                  1.205747    1.455747   library removal time
                                              1.455747   data required time
---------------------------------------------------------------------------------------------
                                              1.455747   data required time
                                             -6.111905   data arrival time
---------------------------------------------------------------------------------------------
                                              4.656157   slack (MET)


Startpoint: rst_n (input port clocked by clk)
Endpoint: _1107_ (removal check against rising-edge clock clk)
Path Group: asynchronous
Path Type: min

Fanout         Cap        Slew       Delay        Time   Description
---------------------------------------------------------------------------------------------
                      0.150000    0.000000    0.000000   clock clk (rise edge)
                                  0.000000    0.000000   clock network delay (ideal)
                                  4.000000    4.000000 ^ input external delay
   202    0.726937    3.254360    2.111905    6.111905 ^ rst_n (in)
                                                         rst_n (net)
                      3.254360    0.000000    6.111905 ^ _1107_/RESET_B (sky130_fd_sc_hd__dfrtp_2)
                                              6.111905   data arrival time

                      0.150000    0.000000    0.000000   clock clk (rise edge)
                                  0.000000    0.000000   clock network delay (ideal)
                                  0.250000    0.250000   clock uncertainty
                                  0.000000    0.250000   clock reconvergence pessimism
                                              0.250000 ^ _1107_/CLK (sky130_fd_sc_hd__dfrtp_2)
                                  1.205747    1.455747   library removal time
                                              1.455747   data required time
---------------------------------------------------------------------------------------------
                                              1.455747   data required time
                                             -6.111905   data arrival time
---------------------------------------------------------------------------------------------
                                              4.656157   slack (MET)


Startpoint: rst_n (input port clocked by clk)
Endpoint: _1108_ (removal check against rising-edge clock clk)
Path Group: asynchronous
Path Type: min

Fanout         Cap        Slew       Delay        Time   Description
---------------------------------------------------------------------------------------------
                      0.150000    0.000000    0.000000   clock clk (rise edge)
                                  0.000000    0.000000   clock network delay (ideal)
                                  4.000000    4.000000 ^ input external delay
   202    0.726937    3.254360    2.111905    6.111905 ^ rst_n (in)
                                                         rst_n (net)
                      3.254360    0.000000    6.111905 ^ _1108_/RESET_B (sky130_fd_sc_hd__dfrtp_2)
                                              6.111905   data arrival time

                      0.150000    0.000000    0.000000   clock clk (rise edge)
                                  0.000000    0.000000   clock network delay (ideal)
                                  0.250000    0.250000   clock uncertainty
                                  0.000000    0.250000   clock reconvergence pessimism
                                              0.250000 ^ _1108_/CLK (sky130_fd_sc_hd__dfrtp_2)
                                  1.205747    1.455747   library removal time
                                              1.455747   data required time
---------------------------------------------------------------------------------------------
                                              1.455747   data required time
                                             -6.111905   data arrival time
---------------------------------------------------------------------------------------------
                                              4.656157   slack (MET)


Startpoint: rst_n (input port clocked by clk)
Endpoint: _1109_ (removal check against rising-edge clock clk)
Path Group: asynchronous
Path Type: min

Fanout         Cap        Slew       Delay        Time   Description
---------------------------------------------------------------------------------------------
                      0.150000    0.000000    0.000000   clock clk (rise edge)
                                  0.000000    0.000000   clock network delay (ideal)
                                  4.000000    4.000000 ^ input external delay
   202    0.726937    3.254360    2.111905    6.111905 ^ rst_n (in)
                                                         rst_n (net)
                      3.254360    0.000000    6.111905 ^ _1109_/RESET_B (sky130_fd_sc_hd__dfrtp_2)
                                              6.111905   data arrival time

                      0.150000    0.000000    0.000000   clock clk (rise edge)
                                  0.000000    0.000000   clock network delay (ideal)
                                  0.250000    0.250000   clock uncertainty
                                  0.000000    0.250000   clock reconvergence pessimism
                                              0.250000 ^ _1109_/CLK (sky130_fd_sc_hd__dfrtp_2)
                                  1.205747    1.455747   library removal time
                                              1.455747   data required time
---------------------------------------------------------------------------------------------
                                              1.455747   data required time
                                             -6.111905   data arrival time
---------------------------------------------------------------------------------------------
                                              4.656157   slack (MET)


Startpoint: rst_n (input port clocked by clk)
Endpoint: _1110_ (removal check against rising-edge clock clk)
Path Group: asynchronous
Path Type: min

Fanout         Cap        Slew       Delay        Time   Description
---------------------------------------------------------------------------------------------
                      0.150000    0.000000    0.000000   clock clk (rise edge)
                                  0.000000    0.000000   clock network delay (ideal)
                                  4.000000    4.000000 ^ input external delay
   202    0.726937    3.254360    2.111905    6.111905 ^ rst_n (in)
                                                         rst_n (net)
                      3.254360    0.000000    6.111905 ^ _1110_/RESET_B (sky130_fd_sc_hd__dfrtp_2)
                                              6.111905   data arrival time

                      0.150000    0.000000    0.000000   clock clk (rise edge)
                                  0.000000    0.000000   clock network delay (ideal)
                                  0.250000    0.250000   clock uncertainty
                                  0.000000    0.250000   clock reconvergence pessimism
                                              0.250000 ^ _1110_/CLK (sky130_fd_sc_hd__dfrtp_2)
                                  1.205747    1.455747   library removal time
                                              1.455747   data required time
---------------------------------------------------------------------------------------------
                                              1.455747   data required time
                                             -6.111905   data arrival time
---------------------------------------------------------------------------------------------
                                              4.656157   slack (MET)


Startpoint: rst_n (input port clocked by clk)
Endpoint: _1112_ (removal check against rising-edge clock clk)
Path Group: asynchronous
Path Type: min

Fanout         Cap        Slew       Delay        Time   Description
---------------------------------------------------------------------------------------------
                      0.150000    0.000000    0.000000   clock clk (rise edge)
                                  0.000000    0.000000   clock network delay (ideal)
                                  4.000000    4.000000 ^ input external delay
   202    0.726937    3.254360    2.111905    6.111905 ^ rst_n (in)
                                                         rst_n (net)
                      3.254360    0.000000    6.111905 ^ _1112_/RESET_B (sky130_fd_sc_hd__dfrtp_2)
                                              6.111905   data arrival time

                      0.150000    0.000000    0.000000   clock clk (rise edge)
                                  0.000000    0.000000   clock network delay (ideal)
                                  0.250000    0.250000   clock uncertainty
                                  0.000000    0.250000   clock reconvergence pessimism
                                              0.250000 ^ _1112_/CLK (sky130_fd_sc_hd__dfrtp_2)
                                  1.205747    1.455747   library removal time
                                              1.455747   data required time
---------------------------------------------------------------------------------------------
                                              1.455747   data required time
                                             -6.111905   data arrival time
---------------------------------------------------------------------------------------------
                                              4.656157   slack (MET)


Startpoint: rst_n (input port clocked by clk)
Endpoint: _1113_ (removal check against rising-edge clock clk)
Path Group: asynchronous
Path Type: min

Fanout         Cap        Slew       Delay        Time   Description
---------------------------------------------------------------------------------------------
                      0.150000    0.000000    0.000000   clock clk (rise edge)
                                  0.000000    0.000000   clock network delay (ideal)
                                  4.000000    4.000000 ^ input external delay
   202    0.726937    3.254360    2.111905    6.111905 ^ rst_n (in)
                                                         rst_n (net)
                      3.254360    0.000000    6.111905 ^ _1113_/RESET_B (sky130_fd_sc_hd__dfrtp_2)
                                              6.111905   data arrival time

                      0.150000    0.000000    0.000000   clock clk (rise edge)
                                  0.000000    0.000000   clock network delay (ideal)
                                  0.250000    0.250000   clock uncertainty
                                  0.000000    0.250000   clock reconvergence pessimism
                                              0.250000 ^ _1113_/CLK (sky130_fd_sc_hd__dfrtp_2)
                                  1.205747    1.455747   library removal time
                                              1.455747   data required time
---------------------------------------------------------------------------------------------
                                              1.455747   data required time
                                             -6.111905   data arrival time
---------------------------------------------------------------------------------------------
                                              4.656157   slack (MET)


Startpoint: rst_n (input port clocked by clk)
Endpoint: _1114_ (removal check against rising-edge clock clk)
Path Group: asynchronous
Path Type: min

Fanout         Cap        Slew       Delay        Time   Description
---------------------------------------------------------------------------------------------
                      0.150000    0.000000    0.000000   clock clk (rise edge)
                                  0.000000    0.000000   clock network delay (ideal)
                                  4.000000    4.000000 ^ input external delay
   202    0.726937    3.254360    2.111905    6.111905 ^ rst_n (in)
                                                         rst_n (net)
                      3.254360    0.000000    6.111905 ^ _1114_/RESET_B (sky130_fd_sc_hd__dfrtp_2)
                                              6.111905   data arrival time

                      0.150000    0.000000    0.000000   clock clk (rise edge)
                                  0.000000    0.000000   clock network delay (ideal)
                                  0.250000    0.250000   clock uncertainty
                                  0.000000    0.250000   clock reconvergence pessimism
                                              0.250000 ^ _1114_/CLK (sky130_fd_sc_hd__dfrtp_2)
                                  1.205747    1.455747   library removal time
                                              1.455747   data required time
---------------------------------------------------------------------------------------------
                                              1.455747   data required time
                                             -6.111905   data arrival time
---------------------------------------------------------------------------------------------
                                              4.656157   slack (MET)


Startpoint: rst_n (input port clocked by clk)
Endpoint: _1115_ (removal check against rising-edge clock clk)
Path Group: asynchronous
Path Type: min

Fanout         Cap        Slew       Delay        Time   Description
---------------------------------------------------------------------------------------------
                      0.150000    0.000000    0.000000   clock clk (rise edge)
                                  0.000000    0.000000   clock network delay (ideal)
                                  4.000000    4.000000 ^ input external delay
   202    0.726937    3.254360    2.111905    6.111905 ^ rst_n (in)
                                                         rst_n (net)
                      3.254360    0.000000    6.111905 ^ _1115_/RESET_B (sky130_fd_sc_hd__dfrtp_2)
                                              6.111905   data arrival time

                      0.150000    0.000000    0.000000   clock clk (rise edge)
                                  0.000000    0.000000   clock network delay (ideal)
                                  0.250000    0.250000   clock uncertainty
                                  0.000000    0.250000   clock reconvergence pessimism
                                              0.250000 ^ _1115_/CLK (sky130_fd_sc_hd__dfrtp_2)
                                  1.205747    1.455747   library removal time
                                              1.455747   data required time
---------------------------------------------------------------------------------------------
                                              1.455747   data required time
                                             -6.111905   data arrival time
---------------------------------------------------------------------------------------------
                                              4.656157   slack (MET)


Startpoint: rst_n (input port clocked by clk)
Endpoint: _1116_ (removal check against rising-edge clock clk)
Path Group: asynchronous
Path Type: min

Fanout         Cap        Slew       Delay        Time   Description
---------------------------------------------------------------------------------------------
                      0.150000    0.000000    0.000000   clock clk (rise edge)
                                  0.000000    0.000000   clock network delay (ideal)
                                  4.000000    4.000000 ^ input external delay
   202    0.726937    3.254360    2.111905    6.111905 ^ rst_n (in)
                                                         rst_n (net)
                      3.254360    0.000000    6.111905 ^ _1116_/RESET_B (sky130_fd_sc_hd__dfrtp_2)
                                              6.111905   data arrival time

                      0.150000    0.000000    0.000000   clock clk (rise edge)
                                  0.000000    0.000000   clock network delay (ideal)
                                  0.250000    0.250000   clock uncertainty
                                  0.000000    0.250000   clock reconvergence pessimism
                                              0.250000 ^ _1116_/CLK (sky130_fd_sc_hd__dfrtp_2)
                                  1.205747    1.455747   library removal time
                                              1.455747   data required time
---------------------------------------------------------------------------------------------
                                              1.455747   data required time
                                             -6.111905   data arrival time
---------------------------------------------------------------------------------------------
                                              4.656157   slack (MET)


Startpoint: rst_n (input port clocked by clk)
Endpoint: _1117_ (removal check against rising-edge clock clk)
Path Group: asynchronous
Path Type: min

Fanout         Cap        Slew       Delay        Time   Description
---------------------------------------------------------------------------------------------
                      0.150000    0.000000    0.000000   clock clk (rise edge)
                                  0.000000    0.000000   clock network delay (ideal)
                                  4.000000    4.000000 ^ input external delay
   202    0.726937    3.254360    2.111905    6.111905 ^ rst_n (in)
                                                         rst_n (net)
                      3.254360    0.000000    6.111905 ^ _1117_/RESET_B (sky130_fd_sc_hd__dfrtp_2)
                                              6.111905   data arrival time

                      0.150000    0.000000    0.000000   clock clk (rise edge)
                                  0.000000    0.000000   clock network delay (ideal)
                                  0.250000    0.250000   clock uncertainty
                                  0.000000    0.250000   clock reconvergence pessimism
                                              0.250000 ^ _1117_/CLK (sky130_fd_sc_hd__dfrtp_2)
                                  1.205747    1.455747   library removal time
                                              1.455747   data required time
---------------------------------------------------------------------------------------------
                                              1.455747   data required time
                                             -6.111905   data arrival time
---------------------------------------------------------------------------------------------
                                              4.656157   slack (MET)


Startpoint: rst_n (input port clocked by clk)
Endpoint: _1118_ (removal check against rising-edge clock clk)
Path Group: asynchronous
Path Type: min

Fanout         Cap        Slew       Delay        Time   Description
---------------------------------------------------------------------------------------------
                      0.150000    0.000000    0.000000   clock clk (rise edge)
                                  0.000000    0.000000   clock network delay (ideal)
                                  4.000000    4.000000 ^ input external delay
   202    0.726937    3.254360    2.111905    6.111905 ^ rst_n (in)
                                                         rst_n (net)
                      3.254360    0.000000    6.111905 ^ _1118_/RESET_B (sky130_fd_sc_hd__dfrtp_2)
                                              6.111905   data arrival time

                      0.150000    0.000000    0.000000   clock clk (rise edge)
                                  0.000000    0.000000   clock network delay (ideal)
                                  0.250000    0.250000   clock uncertainty
                                  0.000000    0.250000   clock reconvergence pessimism
                                              0.250000 ^ _1118_/CLK (sky130_fd_sc_hd__dfrtp_2)
                                  1.205747    1.455747   library removal time
                                              1.455747   data required time
---------------------------------------------------------------------------------------------
                                              1.455747   data required time
                                             -6.111905   data arrival time
---------------------------------------------------------------------------------------------
                                              4.656157   slack (MET)


Startpoint: rst_n (input port clocked by clk)
Endpoint: _1119_ (removal check against rising-edge clock clk)
Path Group: asynchronous
Path Type: min

Fanout         Cap        Slew       Delay        Time   Description
---------------------------------------------------------------------------------------------
                      0.150000    0.000000    0.000000   clock clk (rise edge)
                                  0.000000    0.000000   clock network delay (ideal)
                                  4.000000    4.000000 ^ input external delay
   202    0.726937    3.254360    2.111905    6.111905 ^ rst_n (in)
                                                         rst_n (net)
                      3.254360    0.000000    6.111905 ^ _1119_/RESET_B (sky130_fd_sc_hd__dfrtp_2)
                                              6.111905   data arrival time

                      0.150000    0.000000    0.000000   clock clk (rise edge)
                                  0.000000    0.000000   clock network delay (ideal)
                                  0.250000    0.250000   clock uncertainty
                                  0.000000    0.250000   clock reconvergence pessimism
                                              0.250000 ^ _1119_/CLK (sky130_fd_sc_hd__dfrtp_2)
                                  1.205747    1.455747   library removal time
                                              1.455747   data required time
---------------------------------------------------------------------------------------------
                                              1.455747   data required time
                                             -6.111905   data arrival time
---------------------------------------------------------------------------------------------
                                              4.656157   slack (MET)


Startpoint: rst_n (input port clocked by clk)
Endpoint: _1120_ (removal check against rising-edge clock clk)
Path Group: asynchronous
Path Type: min

Fanout         Cap        Slew       Delay        Time   Description
---------------------------------------------------------------------------------------------
                      0.150000    0.000000    0.000000   clock clk (rise edge)
                                  0.000000    0.000000   clock network delay (ideal)
                                  4.000000    4.000000 ^ input external delay
   202    0.726937    3.254360    2.111905    6.111905 ^ rst_n (in)
                                                         rst_n (net)
                      3.254360    0.000000    6.111905 ^ _1120_/RESET_B (sky130_fd_sc_hd__dfrtp_2)
                                              6.111905   data arrival time

                      0.150000    0.000000    0.000000   clock clk (rise edge)
                                  0.000000    0.000000   clock network delay (ideal)
                                  0.250000    0.250000   clock uncertainty
                                  0.000000    0.250000   clock reconvergence pessimism
                                              0.250000 ^ _1120_/CLK (sky130_fd_sc_hd__dfrtp_2)
                                  1.205747    1.455747   library removal time
                                              1.455747   data required time
---------------------------------------------------------------------------------------------
                                              1.455747   data required time
                                             -6.111905   data arrival time
---------------------------------------------------------------------------------------------
                                              4.656157   slack (MET)


Startpoint: rst_n (input port clocked by clk)
Endpoint: _1121_ (removal check against rising-edge clock clk)
Path Group: asynchronous
Path Type: min

Fanout         Cap        Slew       Delay        Time   Description
---------------------------------------------------------------------------------------------
                      0.150000    0.000000    0.000000   clock clk (rise edge)
                                  0.000000    0.000000   clock network delay (ideal)
                                  4.000000    4.000000 ^ input external delay
   202    0.726937    3.254360    2.111905    6.111905 ^ rst_n (in)
                                                         rst_n (net)
                      3.254360    0.000000    6.111905 ^ _1121_/RESET_B (sky130_fd_sc_hd__dfrtp_2)
                                              6.111905   data arrival time

                      0.150000    0.000000    0.000000   clock clk (rise edge)
                                  0.000000    0.000000   clock network delay (ideal)
                                  0.250000    0.250000   clock uncertainty
                                  0.000000    0.250000   clock reconvergence pessimism
                                              0.250000 ^ _1121_/CLK (sky130_fd_sc_hd__dfrtp_2)
                                  1.205747    1.455747   library removal time
                                              1.455747   data required time
---------------------------------------------------------------------------------------------
                                              1.455747   data required time
                                             -6.111905   data arrival time
---------------------------------------------------------------------------------------------
                                              4.656157   slack (MET)


Startpoint: rst_n (input port clocked by clk)
Endpoint: _1122_ (removal check against rising-edge clock clk)
Path Group: asynchronous
Path Type: min

Fanout         Cap        Slew       Delay        Time   Description
---------------------------------------------------------------------------------------------
                      0.150000    0.000000    0.000000   clock clk (rise edge)
                                  0.000000    0.000000   clock network delay (ideal)
                                  4.000000    4.000000 ^ input external delay
   202    0.726937    3.254360    2.111905    6.111905 ^ rst_n (in)
                                                         rst_n (net)
                      3.254360    0.000000    6.111905 ^ _1122_/RESET_B (sky130_fd_sc_hd__dfrtp_2)
                                              6.111905   data arrival time

                      0.150000    0.000000    0.000000   clock clk (rise edge)
                                  0.000000    0.000000   clock network delay (ideal)
                                  0.250000    0.250000   clock uncertainty
                                  0.000000    0.250000   clock reconvergence pessimism
                                              0.250000 ^ _1122_/CLK (sky130_fd_sc_hd__dfrtp_2)
                                  1.205747    1.455747   library removal time
                                              1.455747   data required time
---------------------------------------------------------------------------------------------
                                              1.455747   data required time
                                             -6.111905   data arrival time
---------------------------------------------------------------------------------------------
                                              4.656157   slack (MET)


Startpoint: rst_n (input port clocked by clk)
Endpoint: _1123_ (removal check against rising-edge clock clk)
Path Group: asynchronous
Path Type: min

Fanout         Cap        Slew       Delay        Time   Description
---------------------------------------------------------------------------------------------
                      0.150000    0.000000    0.000000   clock clk (rise edge)
                                  0.000000    0.000000   clock network delay (ideal)
                                  4.000000    4.000000 ^ input external delay
   202    0.726937    3.254360    2.111905    6.111905 ^ rst_n (in)
                                                         rst_n (net)
                      3.254360    0.000000    6.111905 ^ _1123_/RESET_B (sky130_fd_sc_hd__dfrtp_2)
                                              6.111905   data arrival time

                      0.150000    0.000000    0.000000   clock clk (rise edge)
                                  0.000000    0.000000   clock network delay (ideal)
                                  0.250000    0.250000   clock uncertainty
                                  0.000000    0.250000   clock reconvergence pessimism
                                              0.250000 ^ _1123_/CLK (sky130_fd_sc_hd__dfrtp_2)
                                  1.205747    1.455747   library removal time
                                              1.455747   data required time
---------------------------------------------------------------------------------------------
                                              1.455747   data required time
                                             -6.111905   data arrival time
---------------------------------------------------------------------------------------------
                                              4.656157   slack (MET)


Startpoint: rst_n (input port clocked by clk)
Endpoint: _1124_ (removal check against rising-edge clock clk)
Path Group: asynchronous
Path Type: min

Fanout         Cap        Slew       Delay        Time   Description
---------------------------------------------------------------------------------------------
                      0.150000    0.000000    0.000000   clock clk (rise edge)
                                  0.000000    0.000000   clock network delay (ideal)
                                  4.000000    4.000000 ^ input external delay
   202    0.726937    3.254360    2.111905    6.111905 ^ rst_n (in)
                                                         rst_n (net)
                      3.254360    0.000000    6.111905 ^ _1124_/RESET_B (sky130_fd_sc_hd__dfrtp_2)
                                              6.111905   data arrival time

                      0.150000    0.000000    0.000000   clock clk (rise edge)
                                  0.000000    0.000000   clock network delay (ideal)
                                  0.250000    0.250000   clock uncertainty
                                  0.000000    0.250000   clock reconvergence pessimism
                                              0.250000 ^ _1124_/CLK (sky130_fd_sc_hd__dfrtp_2)
                                  1.205747    1.455747   library removal time
                                              1.455747   data required time
---------------------------------------------------------------------------------------------
                                              1.455747   data required time
                                             -6.111905   data arrival time
---------------------------------------------------------------------------------------------
                                              4.656157   slack (MET)


Startpoint: rst_n (input port clocked by clk)
Endpoint: _1125_ (removal check against rising-edge clock clk)
Path Group: asynchronous
Path Type: min

Fanout         Cap        Slew       Delay        Time   Description
---------------------------------------------------------------------------------------------
                      0.150000    0.000000    0.000000   clock clk (rise edge)
                                  0.000000    0.000000   clock network delay (ideal)
                                  4.000000    4.000000 ^ input external delay
   202    0.726937    3.254360    2.111905    6.111905 ^ rst_n (in)
                                                         rst_n (net)
                      3.254360    0.000000    6.111905 ^ _1125_/RESET_B (sky130_fd_sc_hd__dfrtp_2)
                                              6.111905   data arrival time

                      0.150000    0.000000    0.000000   clock clk (rise edge)
                                  0.000000    0.000000   clock network delay (ideal)
                                  0.250000    0.250000   clock uncertainty
                                  0.000000    0.250000   clock reconvergence pessimism
                                              0.250000 ^ _1125_/CLK (sky130_fd_sc_hd__dfrtp_2)
                                  1.205747    1.455747   library removal time
                                              1.455747   data required time
---------------------------------------------------------------------------------------------
                                              1.455747   data required time
                                             -6.111905   data arrival time
---------------------------------------------------------------------------------------------
                                              4.656157   slack (MET)


Startpoint: rst_n (input port clocked by clk)
Endpoint: _1126_ (removal check against rising-edge clock clk)
Path Group: asynchronous
Path Type: min

Fanout         Cap        Slew       Delay        Time   Description
---------------------------------------------------------------------------------------------
                      0.150000    0.000000    0.000000   clock clk (rise edge)
                                  0.000000    0.000000   clock network delay (ideal)
                                  4.000000    4.000000 ^ input external delay
   202    0.726937    3.254360    2.111905    6.111905 ^ rst_n (in)
                                                         rst_n (net)
                      3.254360    0.000000    6.111905 ^ _1126_/RESET_B (sky130_fd_sc_hd__dfrtp_2)
                                              6.111905   data arrival time

                      0.150000    0.000000    0.000000   clock clk (rise edge)
                                  0.000000    0.000000   clock network delay (ideal)
                                  0.250000    0.250000   clock uncertainty
                                  0.000000    0.250000   clock reconvergence pessimism
                                              0.250000 ^ _1126_/CLK (sky130_fd_sc_hd__dfrtp_2)
                                  1.205747    1.455747   library removal time
                                              1.455747   data required time
---------------------------------------------------------------------------------------------
                                              1.455747   data required time
                                             -6.111905   data arrival time
---------------------------------------------------------------------------------------------
                                              4.656157   slack (MET)


Startpoint: rst_n (input port clocked by clk)
Endpoint: _1127_ (removal check against rising-edge clock clk)
Path Group: asynchronous
Path Type: min

Fanout         Cap        Slew       Delay        Time   Description
---------------------------------------------------------------------------------------------
                      0.150000    0.000000    0.000000   clock clk (rise edge)
                                  0.000000    0.000000   clock network delay (ideal)
                                  4.000000    4.000000 ^ input external delay
   202    0.726937    3.254360    2.111905    6.111905 ^ rst_n (in)
                                                         rst_n (net)
                      3.254360    0.000000    6.111905 ^ _1127_/RESET_B (sky130_fd_sc_hd__dfrtp_2)
                                              6.111905   data arrival time

                      0.150000    0.000000    0.000000   clock clk (rise edge)
                                  0.000000    0.000000   clock network delay (ideal)
                                  0.250000    0.250000   clock uncertainty
                                  0.000000    0.250000   clock reconvergence pessimism
                                              0.250000 ^ _1127_/CLK (sky130_fd_sc_hd__dfrtp_2)
                                  1.205747    1.455747   library removal time
                                              1.455747   data required time
---------------------------------------------------------------------------------------------
                                              1.455747   data required time
                                             -6.111905   data arrival time
---------------------------------------------------------------------------------------------
                                              4.656157   slack (MET)


Startpoint: rst_n (input port clocked by clk)
Endpoint: _1128_ (removal check against rising-edge clock clk)
Path Group: asynchronous
Path Type: min

Fanout         Cap        Slew       Delay        Time   Description
---------------------------------------------------------------------------------------------
                      0.150000    0.000000    0.000000   clock clk (rise edge)
                                  0.000000    0.000000   clock network delay (ideal)
                                  4.000000    4.000000 ^ input external delay
   202    0.726937    3.254360    2.111905    6.111905 ^ rst_n (in)
                                                         rst_n (net)
                      3.254360    0.000000    6.111905 ^ _1128_/RESET_B (sky130_fd_sc_hd__dfrtp_2)
                                              6.111905   data arrival time

                      0.150000    0.000000    0.000000   clock clk (rise edge)
                                  0.000000    0.000000   clock network delay (ideal)
                                  0.250000    0.250000   clock uncertainty
                                  0.000000    0.250000   clock reconvergence pessimism
                                              0.250000 ^ _1128_/CLK (sky130_fd_sc_hd__dfrtp_2)
                                  1.205747    1.455747   library removal time
                                              1.455747   data required time
---------------------------------------------------------------------------------------------
                                              1.455747   data required time
                                             -6.111905   data arrival time
---------------------------------------------------------------------------------------------
                                              4.656157   slack (MET)


Startpoint: rst_n (input port clocked by clk)
Endpoint: _1129_ (removal check against rising-edge clock clk)
Path Group: asynchronous
Path Type: min

Fanout         Cap        Slew       Delay        Time   Description
---------------------------------------------------------------------------------------------
                      0.150000    0.000000    0.000000   clock clk (rise edge)
                                  0.000000    0.000000   clock network delay (ideal)
                                  4.000000    4.000000 ^ input external delay
   202    0.726937    3.254360    2.111905    6.111905 ^ rst_n (in)
                                                         rst_n (net)
                      3.254360    0.000000    6.111905 ^ _1129_/RESET_B (sky130_fd_sc_hd__dfrtp_2)
                                              6.111905   data arrival time

                      0.150000    0.000000    0.000000   clock clk (rise edge)
                                  0.000000    0.000000   clock network delay (ideal)
                                  0.250000    0.250000   clock uncertainty
                                  0.000000    0.250000   clock reconvergence pessimism
                                              0.250000 ^ _1129_/CLK (sky130_fd_sc_hd__dfrtp_2)
                                  1.205747    1.455747   library removal time
                                              1.455747   data required time
---------------------------------------------------------------------------------------------
                                              1.455747   data required time
                                             -6.111905   data arrival time
---------------------------------------------------------------------------------------------
                                              4.656157   slack (MET)


Startpoint: rst_n (input port clocked by clk)
Endpoint: _1130_ (removal check against rising-edge clock clk)
Path Group: asynchronous
Path Type: min

Fanout         Cap        Slew       Delay        Time   Description
---------------------------------------------------------------------------------------------
                      0.150000    0.000000    0.000000   clock clk (rise edge)
                                  0.000000    0.000000   clock network delay (ideal)
                                  4.000000    4.000000 ^ input external delay
   202    0.726937    3.254360    2.111905    6.111905 ^ rst_n (in)
                                                         rst_n (net)
                      3.254360    0.000000    6.111905 ^ _1130_/RESET_B (sky130_fd_sc_hd__dfrtp_2)
                                              6.111905   data arrival time

                      0.150000    0.000000    0.000000   clock clk (rise edge)
                                  0.000000    0.000000   clock network delay (ideal)
                                  0.250000    0.250000   clock uncertainty
                                  0.000000    0.250000   clock reconvergence pessimism
                                              0.250000 ^ _1130_/CLK (sky130_fd_sc_hd__dfrtp_2)
                                  1.205747    1.455747   library removal time
                                              1.455747   data required time
---------------------------------------------------------------------------------------------
                                              1.455747   data required time
                                             -6.111905   data arrival time
---------------------------------------------------------------------------------------------
                                              4.656157   slack (MET)


Startpoint: rst_n (input port clocked by clk)
Endpoint: _1131_ (removal check against rising-edge clock clk)
Path Group: asynchronous
Path Type: min

Fanout         Cap        Slew       Delay        Time   Description
---------------------------------------------------------------------------------------------
                      0.150000    0.000000    0.000000   clock clk (rise edge)
                                  0.000000    0.000000   clock network delay (ideal)
                                  4.000000    4.000000 ^ input external delay
   202    0.726937    3.254360    2.111905    6.111905 ^ rst_n (in)
                                                         rst_n (net)
                      3.254360    0.000000    6.111905 ^ _1131_/RESET_B (sky130_fd_sc_hd__dfrtp_2)
                                              6.111905   data arrival time

                      0.150000    0.000000    0.000000   clock clk (rise edge)
                                  0.000000    0.000000   clock network delay (ideal)
                                  0.250000    0.250000   clock uncertainty
                                  0.000000    0.250000   clock reconvergence pessimism
                                              0.250000 ^ _1131_/CLK (sky130_fd_sc_hd__dfrtp_2)
                                  1.205747    1.455747   library removal time
                                              1.455747   data required time
---------------------------------------------------------------------------------------------
                                              1.455747   data required time
                                             -6.111905   data arrival time
---------------------------------------------------------------------------------------------
                                              4.656157   slack (MET)


Startpoint: rst_n (input port clocked by clk)
Endpoint: _1132_ (removal check against rising-edge clock clk)
Path Group: asynchronous
Path Type: min

Fanout         Cap        Slew       Delay        Time   Description
---------------------------------------------------------------------------------------------
                      0.150000    0.000000    0.000000   clock clk (rise edge)
                                  0.000000    0.000000   clock network delay (ideal)
                                  4.000000    4.000000 ^ input external delay
   202    0.726937    3.254360    2.111905    6.111905 ^ rst_n (in)
                                                         rst_n (net)
                      3.254360    0.000000    6.111905 ^ _1132_/RESET_B (sky130_fd_sc_hd__dfrtp_2)
                                              6.111905   data arrival time

                      0.150000    0.000000    0.000000   clock clk (rise edge)
                                  0.000000    0.000000   clock network delay (ideal)
                                  0.250000    0.250000   clock uncertainty
                                  0.000000    0.250000   clock reconvergence pessimism
                                              0.250000 ^ _1132_/CLK (sky130_fd_sc_hd__dfrtp_2)
                                  1.205747    1.455747   library removal time
                                              1.455747   data required time
---------------------------------------------------------------------------------------------
                                              1.455747   data required time
                                             -6.111905   data arrival time
---------------------------------------------------------------------------------------------
                                              4.656157   slack (MET)


Startpoint: rst_n (input port clocked by clk)
Endpoint: _1133_ (removal check against rising-edge clock clk)
Path Group: asynchronous
Path Type: min

Fanout         Cap        Slew       Delay        Time   Description
---------------------------------------------------------------------------------------------
                      0.150000    0.000000    0.000000   clock clk (rise edge)
                                  0.000000    0.000000   clock network delay (ideal)
                                  4.000000    4.000000 ^ input external delay
   202    0.726937    3.254360    2.111905    6.111905 ^ rst_n (in)
                                                         rst_n (net)
                      3.254360    0.000000    6.111905 ^ _1133_/RESET_B (sky130_fd_sc_hd__dfrtp_2)
                                              6.111905   data arrival time

                      0.150000    0.000000    0.000000   clock clk (rise edge)
                                  0.000000    0.000000   clock network delay (ideal)
                                  0.250000    0.250000   clock uncertainty
                                  0.000000    0.250000   clock reconvergence pessimism
                                              0.250000 ^ _1133_/CLK (sky130_fd_sc_hd__dfrtp_2)
                                  1.205747    1.455747   library removal time
                                              1.455747   data required time
---------------------------------------------------------------------------------------------
                                              1.455747   data required time
                                             -6.111905   data arrival time
---------------------------------------------------------------------------------------------
                                              4.656157   slack (MET)


Startpoint: rst_n (input port clocked by clk)
Endpoint: _1134_ (removal check against rising-edge clock clk)
Path Group: asynchronous
Path Type: min

Fanout         Cap        Slew       Delay        Time   Description
---------------------------------------------------------------------------------------------
                      0.150000    0.000000    0.000000   clock clk (rise edge)
                                  0.000000    0.000000   clock network delay (ideal)
                                  4.000000    4.000000 ^ input external delay
   202    0.726937    3.254360    2.111905    6.111905 ^ rst_n (in)
                                                         rst_n (net)
                      3.254360    0.000000    6.111905 ^ _1134_/RESET_B (sky130_fd_sc_hd__dfrtp_2)
                                              6.111905   data arrival time

                      0.150000    0.000000    0.000000   clock clk (rise edge)
                                  0.000000    0.000000   clock network delay (ideal)
                                  0.250000    0.250000   clock uncertainty
                                  0.000000    0.250000   clock reconvergence pessimism
                                              0.250000 ^ _1134_/CLK (sky130_fd_sc_hd__dfrtp_2)
                                  1.205747    1.455747   library removal time
                                              1.455747   data required time
---------------------------------------------------------------------------------------------
                                              1.455747   data required time
                                             -6.111905   data arrival time
---------------------------------------------------------------------------------------------
                                              4.656157   slack (MET)


Startpoint: rst_n (input port clocked by clk)
Endpoint: _1135_ (removal check against rising-edge clock clk)
Path Group: asynchronous
Path Type: min

Fanout         Cap        Slew       Delay        Time   Description
---------------------------------------------------------------------------------------------
                      0.150000    0.000000    0.000000   clock clk (rise edge)
                                  0.000000    0.000000   clock network delay (ideal)
                                  4.000000    4.000000 ^ input external delay
   202    0.726937    3.254360    2.111905    6.111905 ^ rst_n (in)
                                                         rst_n (net)
                      3.254360    0.000000    6.111905 ^ _1135_/RESET_B (sky130_fd_sc_hd__dfrtp_2)
                                              6.111905   data arrival time

                      0.150000    0.000000    0.000000   clock clk (rise edge)
                                  0.000000    0.000000   clock network delay (ideal)
                                  0.250000    0.250000   clock uncertainty
                                  0.000000    0.250000   clock reconvergence pessimism
                                              0.250000 ^ _1135_/CLK (sky130_fd_sc_hd__dfrtp_2)
                                  1.205747    1.455747   library removal time
                                              1.455747   data required time
---------------------------------------------------------------------------------------------
                                              1.455747   data required time
                                             -6.111905   data arrival time
---------------------------------------------------------------------------------------------
                                              4.656157   slack (MET)


Startpoint: rst_n (input port clocked by clk)
Endpoint: _1136_ (removal check against rising-edge clock clk)
Path Group: asynchronous
Path Type: min

Fanout         Cap        Slew       Delay        Time   Description
---------------------------------------------------------------------------------------------
                      0.150000    0.000000    0.000000   clock clk (rise edge)
                                  0.000000    0.000000   clock network delay (ideal)
                                  4.000000    4.000000 ^ input external delay
   202    0.726937    3.254360    2.111905    6.111905 ^ rst_n (in)
                                                         rst_n (net)
                      3.254360    0.000000    6.111905 ^ _1136_/RESET_B (sky130_fd_sc_hd__dfrtp_2)
                                              6.111905   data arrival time

                      0.150000    0.000000    0.000000   clock clk (rise edge)
                                  0.000000    0.000000   clock network delay (ideal)
                                  0.250000    0.250000   clock uncertainty
                                  0.000000    0.250000   clock reconvergence pessimism
                                              0.250000 ^ _1136_/CLK (sky130_fd_sc_hd__dfrtp_2)
                                  1.205747    1.455747   library removal time
                                              1.455747   data required time
---------------------------------------------------------------------------------------------
                                              1.455747   data required time
                                             -6.111905   data arrival time
---------------------------------------------------------------------------------------------
                                              4.656157   slack (MET)


Startpoint: rst_n (input port clocked by clk)
Endpoint: _1137_ (removal check against rising-edge clock clk)
Path Group: asynchronous
Path Type: min

Fanout         Cap        Slew       Delay        Time   Description
---------------------------------------------------------------------------------------------
                      0.150000    0.000000    0.000000   clock clk (rise edge)
                                  0.000000    0.000000   clock network delay (ideal)
                                  4.000000    4.000000 ^ input external delay
   202    0.726937    3.254360    2.111905    6.111905 ^ rst_n (in)
                                                         rst_n (net)
                      3.254360    0.000000    6.111905 ^ _1137_/RESET_B (sky130_fd_sc_hd__dfrtp_2)
                                              6.111905   data arrival time

                      0.150000    0.000000    0.000000   clock clk (rise edge)
                                  0.000000    0.000000   clock network delay (ideal)
                                  0.250000    0.250000   clock uncertainty
                                  0.000000    0.250000   clock reconvergence pessimism
                                              0.250000 ^ _1137_/CLK (sky130_fd_sc_hd__dfrtp_2)
                                  1.205747    1.455747   library removal time
                                              1.455747   data required time
---------------------------------------------------------------------------------------------
                                              1.455747   data required time
                                             -6.111905   data arrival time
---------------------------------------------------------------------------------------------
                                              4.656157   slack (MET)


Startpoint: rst_n (input port clocked by clk)
Endpoint: _1138_ (removal check against rising-edge clock clk)
Path Group: asynchronous
Path Type: min

Fanout         Cap        Slew       Delay        Time   Description
---------------------------------------------------------------------------------------------
                      0.150000    0.000000    0.000000   clock clk (rise edge)
                                  0.000000    0.000000   clock network delay (ideal)
                                  4.000000    4.000000 ^ input external delay
   202    0.726937    3.254360    2.111905    6.111905 ^ rst_n (in)
                                                         rst_n (net)
                      3.254360    0.000000    6.111905 ^ _1138_/RESET_B (sky130_fd_sc_hd__dfrtp_2)
                                              6.111905   data arrival time

                      0.150000    0.000000    0.000000   clock clk (rise edge)
                                  0.000000    0.000000   clock network delay (ideal)
                                  0.250000    0.250000   clock uncertainty
                                  0.000000    0.250000   clock reconvergence pessimism
                                              0.250000 ^ _1138_/CLK (sky130_fd_sc_hd__dfrtp_2)
                                  1.205747    1.455747   library removal time
                                              1.455747   data required time
---------------------------------------------------------------------------------------------
                                              1.455747   data required time
                                             -6.111905   data arrival time
---------------------------------------------------------------------------------------------
                                              4.656157   slack (MET)


Startpoint: rst_n (input port clocked by clk)
Endpoint: _1139_ (removal check against rising-edge clock clk)
Path Group: asynchronous
Path Type: min

Fanout         Cap        Slew       Delay        Time   Description
---------------------------------------------------------------------------------------------
                      0.150000    0.000000    0.000000   clock clk (rise edge)
                                  0.000000    0.000000   clock network delay (ideal)
                                  4.000000    4.000000 ^ input external delay
   202    0.726937    3.254360    2.111905    6.111905 ^ rst_n (in)
                                                         rst_n (net)
                      3.254360    0.000000    6.111905 ^ _1139_/RESET_B (sky130_fd_sc_hd__dfrtp_2)
                                              6.111905   data arrival time

                      0.150000    0.000000    0.000000   clock clk (rise edge)
                                  0.000000    0.000000   clock network delay (ideal)
                                  0.250000    0.250000   clock uncertainty
                                  0.000000    0.250000   clock reconvergence pessimism
                                              0.250000 ^ _1139_/CLK (sky130_fd_sc_hd__dfrtp_2)
                                  1.205747    1.455747   library removal time
                                              1.455747   data required time
---------------------------------------------------------------------------------------------
                                              1.455747   data required time
                                             -6.111905   data arrival time
---------------------------------------------------------------------------------------------
                                              4.656157   slack (MET)


Startpoint: rst_n (input port clocked by clk)
Endpoint: _1140_ (removal check against rising-edge clock clk)
Path Group: asynchronous
Path Type: min

Fanout         Cap        Slew       Delay        Time   Description
---------------------------------------------------------------------------------------------
                      0.150000    0.000000    0.000000   clock clk (rise edge)
                                  0.000000    0.000000   clock network delay (ideal)
                                  4.000000    4.000000 ^ input external delay
   202    0.726937    3.254360    2.111905    6.111905 ^ rst_n (in)
                                                         rst_n (net)
                      3.254360    0.000000    6.111905 ^ _1140_/RESET_B (sky130_fd_sc_hd__dfrtp_2)
                                              6.111905   data arrival time

                      0.150000    0.000000    0.000000   clock clk (rise edge)
                                  0.000000    0.000000   clock network delay (ideal)
                                  0.250000    0.250000   clock uncertainty
                                  0.000000    0.250000   clock reconvergence pessimism
                                              0.250000 ^ _1140_/CLK (sky130_fd_sc_hd__dfrtp_2)
                                  1.205747    1.455747   library removal time
                                              1.455747   data required time
---------------------------------------------------------------------------------------------
                                              1.455747   data required time
                                             -6.111905   data arrival time
---------------------------------------------------------------------------------------------
                                              4.656157   slack (MET)


Startpoint: rst_n (input port clocked by clk)
Endpoint: _1141_ (removal check against rising-edge clock clk)
Path Group: asynchronous
Path Type: min

Fanout         Cap        Slew       Delay        Time   Description
---------------------------------------------------------------------------------------------
                      0.150000    0.000000    0.000000   clock clk (rise edge)
                                  0.000000    0.000000   clock network delay (ideal)
                                  4.000000    4.000000 ^ input external delay
   202    0.726937    3.254360    2.111905    6.111905 ^ rst_n (in)
                                                         rst_n (net)
                      3.254360    0.000000    6.111905 ^ _1141_/RESET_B (sky130_fd_sc_hd__dfrtp_2)
                                              6.111905   data arrival time

                      0.150000    0.000000    0.000000   clock clk (rise edge)
                                  0.000000    0.000000   clock network delay (ideal)
                                  0.250000    0.250000   clock uncertainty
                                  0.000000    0.250000   clock reconvergence pessimism
                                              0.250000 ^ _1141_/CLK (sky130_fd_sc_hd__dfrtp_2)
                                  1.205747    1.455747   library removal time
                                              1.455747   data required time
---------------------------------------------------------------------------------------------
                                              1.455747   data required time
                                             -6.111905   data arrival time
---------------------------------------------------------------------------------------------
                                              4.656157   slack (MET)


Startpoint: rst_n (input port clocked by clk)
Endpoint: _1142_ (removal check against rising-edge clock clk)
Path Group: asynchronous
Path Type: min

Fanout         Cap        Slew       Delay        Time   Description
---------------------------------------------------------------------------------------------
                      0.150000    0.000000    0.000000   clock clk (rise edge)
                                  0.000000    0.000000   clock network delay (ideal)
                                  4.000000    4.000000 ^ input external delay
   202    0.726937    3.254360    2.111905    6.111905 ^ rst_n (in)
                                                         rst_n (net)
                      3.254360    0.000000    6.111905 ^ _1142_/RESET_B (sky130_fd_sc_hd__dfrtp_2)
                                              6.111905   data arrival time

                      0.150000    0.000000    0.000000   clock clk (rise edge)
                                  0.000000    0.000000   clock network delay (ideal)
                                  0.250000    0.250000   clock uncertainty
                                  0.000000    0.250000   clock reconvergence pessimism
                                              0.250000 ^ _1142_/CLK (sky130_fd_sc_hd__dfrtp_2)
                                  1.205747    1.455747   library removal time
                                              1.455747   data required time
---------------------------------------------------------------------------------------------
                                              1.455747   data required time
                                             -6.111905   data arrival time
---------------------------------------------------------------------------------------------
                                              4.656157   slack (MET)


Startpoint: rst_n (input port clocked by clk)
Endpoint: _1143_ (removal check against rising-edge clock clk)
Path Group: asynchronous
Path Type: min

Fanout         Cap        Slew       Delay        Time   Description
---------------------------------------------------------------------------------------------
                      0.150000    0.000000    0.000000   clock clk (rise edge)
                                  0.000000    0.000000   clock network delay (ideal)
                                  4.000000    4.000000 ^ input external delay
   202    0.726937    3.254360    2.111905    6.111905 ^ rst_n (in)
                                                         rst_n (net)
                      3.254360    0.000000    6.111905 ^ _1143_/RESET_B (sky130_fd_sc_hd__dfrtp_2)
                                              6.111905   data arrival time

                      0.150000    0.000000    0.000000   clock clk (rise edge)
                                  0.000000    0.000000   clock network delay (ideal)
                                  0.250000    0.250000   clock uncertainty
                                  0.000000    0.250000   clock reconvergence pessimism
                                              0.250000 ^ _1143_/CLK (sky130_fd_sc_hd__dfrtp_2)
                                  1.205747    1.455747   library removal time
                                              1.455747   data required time
---------------------------------------------------------------------------------------------
                                              1.455747   data required time
                                             -6.111905   data arrival time
---------------------------------------------------------------------------------------------
                                              4.656157   slack (MET)


Startpoint: rst_n (input port clocked by clk)
Endpoint: _1144_ (removal check against rising-edge clock clk)
Path Group: asynchronous
Path Type: min

Fanout         Cap        Slew       Delay        Time   Description
---------------------------------------------------------------------------------------------
                      0.150000    0.000000    0.000000   clock clk (rise edge)
                                  0.000000    0.000000   clock network delay (ideal)
                                  4.000000    4.000000 ^ input external delay
   202    0.726937    3.254360    2.111905    6.111905 ^ rst_n (in)
                                                         rst_n (net)
                      3.254360    0.000000    6.111905 ^ _1144_/RESET_B (sky130_fd_sc_hd__dfrtp_2)
                                              6.111905   data arrival time

                      0.150000    0.000000    0.000000   clock clk (rise edge)
                                  0.000000    0.000000   clock network delay (ideal)
                                  0.250000    0.250000   clock uncertainty
                                  0.000000    0.250000   clock reconvergence pessimism
                                              0.250000 ^ _1144_/CLK (sky130_fd_sc_hd__dfrtp_2)
                                  1.205747    1.455747   library removal time
                                              1.455747   data required time
---------------------------------------------------------------------------------------------
                                              1.455747   data required time
                                             -6.111905   data arrival time
---------------------------------------------------------------------------------------------
                                              4.656157   slack (MET)


Startpoint: rst_n (input port clocked by clk)
Endpoint: _1145_ (removal check against rising-edge clock clk)
Path Group: asynchronous
Path Type: min

Fanout         Cap        Slew       Delay        Time   Description
---------------------------------------------------------------------------------------------
                      0.150000    0.000000    0.000000   clock clk (rise edge)
                                  0.000000    0.000000   clock network delay (ideal)
                                  4.000000    4.000000 ^ input external delay
   202    0.726937    3.254360    2.111905    6.111905 ^ rst_n (in)
                                                         rst_n (net)
                      3.254360    0.000000    6.111905 ^ _1145_/RESET_B (sky130_fd_sc_hd__dfrtp_2)
                                              6.111905   data arrival time

                      0.150000    0.000000    0.000000   clock clk (rise edge)
                                  0.000000    0.000000   clock network delay (ideal)
                                  0.250000    0.250000   clock uncertainty
                                  0.000000    0.250000   clock reconvergence pessimism
                                              0.250000 ^ _1145_/CLK (sky130_fd_sc_hd__dfrtp_2)
                                  1.205747    1.455747   library removal time
                                              1.455747   data required time
---------------------------------------------------------------------------------------------
                                              1.455747   data required time
                                             -6.111905   data arrival time
---------------------------------------------------------------------------------------------
                                              4.656157   slack (MET)


Startpoint: rst_n (input port clocked by clk)
Endpoint: _1146_ (removal check against rising-edge clock clk)
Path Group: asynchronous
Path Type: min

Fanout         Cap        Slew       Delay        Time   Description
---------------------------------------------------------------------------------------------
                      0.150000    0.000000    0.000000   clock clk (rise edge)
                                  0.000000    0.000000   clock network delay (ideal)
                                  4.000000    4.000000 ^ input external delay
   202    0.726937    3.254360    2.111905    6.111905 ^ rst_n (in)
                                                         rst_n (net)
                      3.254360    0.000000    6.111905 ^ _1146_/RESET_B (sky130_fd_sc_hd__dfrtp_2)
                                              6.111905   data arrival time

                      0.150000    0.000000    0.000000   clock clk (rise edge)
                                  0.000000    0.000000   clock network delay (ideal)
                                  0.250000    0.250000   clock uncertainty
                                  0.000000    0.250000   clock reconvergence pessimism
                                              0.250000 ^ _1146_/CLK (sky130_fd_sc_hd__dfrtp_2)
                                  1.205747    1.455747   library removal time
                                              1.455747   data required time
---------------------------------------------------------------------------------------------
                                              1.455747   data required time
                                             -6.111905   data arrival time
---------------------------------------------------------------------------------------------
                                              4.656157   slack (MET)


Startpoint: rst_n (input port clocked by clk)
Endpoint: _1147_ (removal check against rising-edge clock clk)
Path Group: asynchronous
Path Type: min

Fanout         Cap        Slew       Delay        Time   Description
---------------------------------------------------------------------------------------------
                      0.150000    0.000000    0.000000   clock clk (rise edge)
                                  0.000000    0.000000   clock network delay (ideal)
                                  4.000000    4.000000 ^ input external delay
   202    0.726937    3.254360    2.111905    6.111905 ^ rst_n (in)
                                                         rst_n (net)
                      3.254360    0.000000    6.111905 ^ _1147_/RESET_B (sky130_fd_sc_hd__dfrtp_2)
                                              6.111905   data arrival time

                      0.150000    0.000000    0.000000   clock clk (rise edge)
                                  0.000000    0.000000   clock network delay (ideal)
                                  0.250000    0.250000   clock uncertainty
                                  0.000000    0.250000   clock reconvergence pessimism
                                              0.250000 ^ _1147_/CLK (sky130_fd_sc_hd__dfrtp_2)
                                  1.205747    1.455747   library removal time
                                              1.455747   data required time
---------------------------------------------------------------------------------------------
                                              1.455747   data required time
                                             -6.111905   data arrival time
---------------------------------------------------------------------------------------------
                                              4.656157   slack (MET)


Startpoint: rst_n (input port clocked by clk)
Endpoint: _1148_ (removal check against rising-edge clock clk)
Path Group: asynchronous
Path Type: min

Fanout         Cap        Slew       Delay        Time   Description
---------------------------------------------------------------------------------------------
                      0.150000    0.000000    0.000000   clock clk (rise edge)
                                  0.000000    0.000000   clock network delay (ideal)
                                  4.000000    4.000000 ^ input external delay
   202    0.726937    3.254360    2.111905    6.111905 ^ rst_n (in)
                                                         rst_n (net)
                      3.254360    0.000000    6.111905 ^ _1148_/RESET_B (sky130_fd_sc_hd__dfrtp_2)
                                              6.111905   data arrival time

                      0.150000    0.000000    0.000000   clock clk (rise edge)
                                  0.000000    0.000000   clock network delay (ideal)
                                  0.250000    0.250000   clock uncertainty
                                  0.000000    0.250000   clock reconvergence pessimism
                                              0.250000 ^ _1148_/CLK (sky130_fd_sc_hd__dfrtp_2)
                                  1.205747    1.455747   library removal time
                                              1.455747   data required time
---------------------------------------------------------------------------------------------
                                              1.455747   data required time
                                             -6.111905   data arrival time
---------------------------------------------------------------------------------------------
                                              4.656157   slack (MET)


Startpoint: rst_n (input port clocked by clk)
Endpoint: _1149_ (removal check against rising-edge clock clk)
Path Group: asynchronous
Path Type: min

Fanout         Cap        Slew       Delay        Time   Description
---------------------------------------------------------------------------------------------
                      0.150000    0.000000    0.000000   clock clk (rise edge)
                                  0.000000    0.000000   clock network delay (ideal)
                                  4.000000    4.000000 ^ input external delay
   202    0.726937    3.254360    2.111905    6.111905 ^ rst_n (in)
                                                         rst_n (net)
                      3.254360    0.000000    6.111905 ^ _1149_/RESET_B (sky130_fd_sc_hd__dfrtp_2)
                                              6.111905   data arrival time

                      0.150000    0.000000    0.000000   clock clk (rise edge)
                                  0.000000    0.000000   clock network delay (ideal)
                                  0.250000    0.250000   clock uncertainty
                                  0.000000    0.250000   clock reconvergence pessimism
                                              0.250000 ^ _1149_/CLK (sky130_fd_sc_hd__dfrtp_2)
                                  1.205747    1.455747   library removal time
                                              1.455747   data required time
---------------------------------------------------------------------------------------------
                                              1.455747   data required time
                                             -6.111905   data arrival time
---------------------------------------------------------------------------------------------
                                              4.656157   slack (MET)


Startpoint: rst_n (input port clocked by clk)
Endpoint: _1150_ (removal check against rising-edge clock clk)
Path Group: asynchronous
Path Type: min

Fanout         Cap        Slew       Delay        Time   Description
---------------------------------------------------------------------------------------------
                      0.150000    0.000000    0.000000   clock clk (rise edge)
                                  0.000000    0.000000   clock network delay (ideal)
                                  4.000000    4.000000 ^ input external delay
   202    0.726937    3.254360    2.111905    6.111905 ^ rst_n (in)
                                                         rst_n (net)
                      3.254360    0.000000    6.111905 ^ _1150_/RESET_B (sky130_fd_sc_hd__dfrtp_2)
                                              6.111905   data arrival time

                      0.150000    0.000000    0.000000   clock clk (rise edge)
                                  0.000000    0.000000   clock network delay (ideal)
                                  0.250000    0.250000   clock uncertainty
                                  0.000000    0.250000   clock reconvergence pessimism
                                              0.250000 ^ _1150_/CLK (sky130_fd_sc_hd__dfrtp_2)
                                  1.205747    1.455747   library removal time
                                              1.455747   data required time
---------------------------------------------------------------------------------------------
                                              1.455747   data required time
                                             -6.111905   data arrival time
---------------------------------------------------------------------------------------------
                                              4.656157   slack (MET)


Startpoint: rst_n (input port clocked by clk)
Endpoint: _1151_ (removal check against rising-edge clock clk)
Path Group: asynchronous
Path Type: min

Fanout         Cap        Slew       Delay        Time   Description
---------------------------------------------------------------------------------------------
                      0.150000    0.000000    0.000000   clock clk (rise edge)
                                  0.000000    0.000000   clock network delay (ideal)
                                  4.000000    4.000000 ^ input external delay
   202    0.726937    3.254360    2.111905    6.111905 ^ rst_n (in)
                                                         rst_n (net)
                      3.254360    0.000000    6.111905 ^ _1151_/RESET_B (sky130_fd_sc_hd__dfrtp_2)
                                              6.111905   data arrival time

                      0.150000    0.000000    0.000000   clock clk (rise edge)
                                  0.000000    0.000000   clock network delay (ideal)
                                  0.250000    0.250000   clock uncertainty
                                  0.000000    0.250000   clock reconvergence pessimism
                                              0.250000 ^ _1151_/CLK (sky130_fd_sc_hd__dfrtp_2)
                                  1.205747    1.455747   library removal time
                                              1.455747   data required time
---------------------------------------------------------------------------------------------
                                              1.455747   data required time
                                             -6.111905   data arrival time
---------------------------------------------------------------------------------------------
                                              4.656157   slack (MET)


Startpoint: rst_n (input port clocked by clk)
Endpoint: _1152_ (removal check against rising-edge clock clk)
Path Group: asynchronous
Path Type: min

Fanout         Cap        Slew       Delay        Time   Description
---------------------------------------------------------------------------------------------
                      0.150000    0.000000    0.000000   clock clk (rise edge)
                                  0.000000    0.000000   clock network delay (ideal)
                                  4.000000    4.000000 ^ input external delay
   202    0.726937    3.254360    2.111905    6.111905 ^ rst_n (in)
                                                         rst_n (net)
                      3.254360    0.000000    6.111905 ^ _1152_/RESET_B (sky130_fd_sc_hd__dfrtp_2)
                                              6.111905   data arrival time

                      0.150000    0.000000    0.000000   clock clk (rise edge)
                                  0.000000    0.000000   clock network delay (ideal)
                                  0.250000    0.250000   clock uncertainty
                                  0.000000    0.250000   clock reconvergence pessimism
                                              0.250000 ^ _1152_/CLK (sky130_fd_sc_hd__dfrtp_2)
                                  1.205747    1.455747   library removal time
                                              1.455747   data required time
---------------------------------------------------------------------------------------------
                                              1.455747   data required time
                                             -6.111905   data arrival time
---------------------------------------------------------------------------------------------
                                              4.656157   slack (MET)


Startpoint: rst_n (input port clocked by clk)
Endpoint: _1153_ (removal check against rising-edge clock clk)
Path Group: asynchronous
Path Type: min

Fanout         Cap        Slew       Delay        Time   Description
---------------------------------------------------------------------------------------------
                      0.150000    0.000000    0.000000   clock clk (rise edge)
                                  0.000000    0.000000   clock network delay (ideal)
                                  4.000000    4.000000 ^ input external delay
   202    0.726937    3.254360    2.111905    6.111905 ^ rst_n (in)
                                                         rst_n (net)
                      3.254360    0.000000    6.111905 ^ _1153_/RESET_B (sky130_fd_sc_hd__dfrtp_2)
                                              6.111905   data arrival time

                      0.150000    0.000000    0.000000   clock clk (rise edge)
                                  0.000000    0.000000   clock network delay (ideal)
                                  0.250000    0.250000   clock uncertainty
                                  0.000000    0.250000   clock reconvergence pessimism
                                              0.250000 ^ _1153_/CLK (sky130_fd_sc_hd__dfrtp_2)
                                  1.205747    1.455747   library removal time
                                              1.455747   data required time
---------------------------------------------------------------------------------------------
                                              1.455747   data required time
                                             -6.111905   data arrival time
---------------------------------------------------------------------------------------------
                                              4.656157   slack (MET)


Startpoint: rst_n (input port clocked by clk)
Endpoint: _1154_ (removal check against rising-edge clock clk)
Path Group: asynchronous
Path Type: min

Fanout         Cap        Slew       Delay        Time   Description
---------------------------------------------------------------------------------------------
                      0.150000    0.000000    0.000000   clock clk (rise edge)
                                  0.000000    0.000000   clock network delay (ideal)
                                  4.000000    4.000000 ^ input external delay
   202    0.726937    3.254360    2.111905    6.111905 ^ rst_n (in)
                                                         rst_n (net)
                      3.254360    0.000000    6.111905 ^ _1154_/RESET_B (sky130_fd_sc_hd__dfrtp_2)
                                              6.111905   data arrival time

                      0.150000    0.000000    0.000000   clock clk (rise edge)
                                  0.000000    0.000000   clock network delay (ideal)
                                  0.250000    0.250000   clock uncertainty
                                  0.000000    0.250000   clock reconvergence pessimism
                                              0.250000 ^ _1154_/CLK (sky130_fd_sc_hd__dfrtp_2)
                                  1.205747    1.455747   library removal time
                                              1.455747   data required time
---------------------------------------------------------------------------------------------
                                              1.455747   data required time
                                             -6.111905   data arrival time
---------------------------------------------------------------------------------------------
                                              4.656157   slack (MET)


Startpoint: rst_n (input port clocked by clk)
Endpoint: _1155_ (removal check against rising-edge clock clk)
Path Group: asynchronous
Path Type: min

Fanout         Cap        Slew       Delay        Time   Description
---------------------------------------------------------------------------------------------
                      0.150000    0.000000    0.000000   clock clk (rise edge)
                                  0.000000    0.000000   clock network delay (ideal)
                                  4.000000    4.000000 ^ input external delay
   202    0.726937    3.254360    2.111905    6.111905 ^ rst_n (in)
                                                         rst_n (net)
                      3.254360    0.000000    6.111905 ^ _1155_/RESET_B (sky130_fd_sc_hd__dfrtp_2)
                                              6.111905   data arrival time

                      0.150000    0.000000    0.000000   clock clk (rise edge)
                                  0.000000    0.000000   clock network delay (ideal)
                                  0.250000    0.250000   clock uncertainty
                                  0.000000    0.250000   clock reconvergence pessimism
                                              0.250000 ^ _1155_/CLK (sky130_fd_sc_hd__dfrtp_2)
                                  1.205747    1.455747   library removal time
                                              1.455747   data required time
---------------------------------------------------------------------------------------------
                                              1.455747   data required time
                                             -6.111905   data arrival time
---------------------------------------------------------------------------------------------
                                              4.656157   slack (MET)


Startpoint: rst_n (input port clocked by clk)
Endpoint: _1156_ (removal check against rising-edge clock clk)
Path Group: asynchronous
Path Type: min

Fanout         Cap        Slew       Delay        Time   Description
---------------------------------------------------------------------------------------------
                      0.150000    0.000000    0.000000   clock clk (rise edge)
                                  0.000000    0.000000   clock network delay (ideal)
                                  4.000000    4.000000 ^ input external delay
   202    0.726937    3.254360    2.111905    6.111905 ^ rst_n (in)
                                                         rst_n (net)
                      3.254360    0.000000    6.111905 ^ _1156_/RESET_B (sky130_fd_sc_hd__dfrtp_2)
                                              6.111905   data arrival time

                      0.150000    0.000000    0.000000   clock clk (rise edge)
                                  0.000000    0.000000   clock network delay (ideal)
                                  0.250000    0.250000   clock uncertainty
                                  0.000000    0.250000   clock reconvergence pessimism
                                              0.250000 ^ _1156_/CLK (sky130_fd_sc_hd__dfrtp_2)
                                  1.205747    1.455747   library removal time
                                              1.455747   data required time
---------------------------------------------------------------------------------------------
                                              1.455747   data required time
                                             -6.111905   data arrival time
---------------------------------------------------------------------------------------------
                                              4.656157   slack (MET)


Startpoint: rst_n (input port clocked by clk)
Endpoint: _1157_ (removal check against rising-edge clock clk)
Path Group: asynchronous
Path Type: min

Fanout         Cap        Slew       Delay        Time   Description
---------------------------------------------------------------------------------------------
                      0.150000    0.000000    0.000000   clock clk (rise edge)
                                  0.000000    0.000000   clock network delay (ideal)
                                  4.000000    4.000000 ^ input external delay
   202    0.726937    3.254360    2.111905    6.111905 ^ rst_n (in)
                                                         rst_n (net)
                      3.254360    0.000000    6.111905 ^ _1157_/RESET_B (sky130_fd_sc_hd__dfrtp_2)
                                              6.111905   data arrival time

                      0.150000    0.000000    0.000000   clock clk (rise edge)
                                  0.000000    0.000000   clock network delay (ideal)
                                  0.250000    0.250000   clock uncertainty
                                  0.000000    0.250000   clock reconvergence pessimism
                                              0.250000 ^ _1157_/CLK (sky130_fd_sc_hd__dfrtp_2)
                                  1.205747    1.455747   library removal time
                                              1.455747   data required time
---------------------------------------------------------------------------------------------
                                              1.455747   data required time
                                             -6.111905   data arrival time
---------------------------------------------------------------------------------------------
                                              4.656157   slack (MET)


Startpoint: rst_n (input port clocked by clk)
Endpoint: _1158_ (removal check against rising-edge clock clk)
Path Group: asynchronous
Path Type: min

Fanout         Cap        Slew       Delay        Time   Description
---------------------------------------------------------------------------------------------
                      0.150000    0.000000    0.000000   clock clk (rise edge)
                                  0.000000    0.000000   clock network delay (ideal)
                                  4.000000    4.000000 ^ input external delay
   202    0.726937    3.254360    2.111905    6.111905 ^ rst_n (in)
                                                         rst_n (net)
                      3.254360    0.000000    6.111905 ^ _1158_/RESET_B (sky130_fd_sc_hd__dfrtp_2)
                                              6.111905   data arrival time

                      0.150000    0.000000    0.000000   clock clk (rise edge)
                                  0.000000    0.000000   clock network delay (ideal)
                                  0.250000    0.250000   clock uncertainty
                                  0.000000    0.250000   clock reconvergence pessimism
                                              0.250000 ^ _1158_/CLK (sky130_fd_sc_hd__dfrtp_2)
                                  1.205747    1.455747   library removal time
                                              1.455747   data required time
---------------------------------------------------------------------------------------------
                                              1.455747   data required time
                                             -6.111905   data arrival time
---------------------------------------------------------------------------------------------
                                              4.656157   slack (MET)


Startpoint: rst_n (input port clocked by clk)
Endpoint: _1159_ (removal check against rising-edge clock clk)
Path Group: asynchronous
Path Type: min

Fanout         Cap        Slew       Delay        Time   Description
---------------------------------------------------------------------------------------------
                      0.150000    0.000000    0.000000   clock clk (rise edge)
                                  0.000000    0.000000   clock network delay (ideal)
                                  4.000000    4.000000 ^ input external delay
   202    0.726937    3.254360    2.111905    6.111905 ^ rst_n (in)
                                                         rst_n (net)
                      3.254360    0.000000    6.111905 ^ _1159_/RESET_B (sky130_fd_sc_hd__dfrtp_2)
                                              6.111905   data arrival time

                      0.150000    0.000000    0.000000   clock clk (rise edge)
                                  0.000000    0.000000   clock network delay (ideal)
                                  0.250000    0.250000   clock uncertainty
                                  0.000000    0.250000   clock reconvergence pessimism
                                              0.250000 ^ _1159_/CLK (sky130_fd_sc_hd__dfrtp_2)
                                  1.205747    1.455747   library removal time
                                              1.455747   data required time
---------------------------------------------------------------------------------------------
                                              1.455747   data required time
                                             -6.111905   data arrival time
---------------------------------------------------------------------------------------------
                                              4.656157   slack (MET)


Startpoint: rst_n (input port clocked by clk)
Endpoint: _1160_ (removal check against rising-edge clock clk)
Path Group: asynchronous
Path Type: min

Fanout         Cap        Slew       Delay        Time   Description
---------------------------------------------------------------------------------------------
                      0.150000    0.000000    0.000000   clock clk (rise edge)
                                  0.000000    0.000000   clock network delay (ideal)
                                  4.000000    4.000000 ^ input external delay
   202    0.726937    3.254360    2.111905    6.111905 ^ rst_n (in)
                                                         rst_n (net)
                      3.254360    0.000000    6.111905 ^ _1160_/RESET_B (sky130_fd_sc_hd__dfrtp_2)
                                              6.111905   data arrival time

                      0.150000    0.000000    0.000000   clock clk (rise edge)
                                  0.000000    0.000000   clock network delay (ideal)
                                  0.250000    0.250000   clock uncertainty
                                  0.000000    0.250000   clock reconvergence pessimism
                                              0.250000 ^ _1160_/CLK (sky130_fd_sc_hd__dfrtp_2)
                                  1.205747    1.455747   library removal time
                                              1.455747   data required time
---------------------------------------------------------------------------------------------
                                              1.455747   data required time
                                             -6.111905   data arrival time
---------------------------------------------------------------------------------------------
                                              4.656157   slack (MET)


Startpoint: rst_n (input port clocked by clk)
Endpoint: _1161_ (removal check against rising-edge clock clk)
Path Group: asynchronous
Path Type: min

Fanout         Cap        Slew       Delay        Time   Description
---------------------------------------------------------------------------------------------
                      0.150000    0.000000    0.000000   clock clk (rise edge)
                                  0.000000    0.000000   clock network delay (ideal)
                                  4.000000    4.000000 ^ input external delay
   202    0.726937    3.254360    2.111905    6.111905 ^ rst_n (in)
                                                         rst_n (net)
                      3.254360    0.000000    6.111905 ^ _1161_/RESET_B (sky130_fd_sc_hd__dfrtp_2)
                                              6.111905   data arrival time

                      0.150000    0.000000    0.000000   clock clk (rise edge)
                                  0.000000    0.000000   clock network delay (ideal)
                                  0.250000    0.250000   clock uncertainty
                                  0.000000    0.250000   clock reconvergence pessimism
                                              0.250000 ^ _1161_/CLK (sky130_fd_sc_hd__dfrtp_2)
                                  1.205747    1.455747   library removal time
                                              1.455747   data required time
---------------------------------------------------------------------------------------------
                                              1.455747   data required time
                                             -6.111905   data arrival time
---------------------------------------------------------------------------------------------
                                              4.656157   slack (MET)


Startpoint: rst_n (input port clocked by clk)
Endpoint: _1162_ (removal check against rising-edge clock clk)
Path Group: asynchronous
Path Type: min

Fanout         Cap        Slew       Delay        Time   Description
---------------------------------------------------------------------------------------------
                      0.150000    0.000000    0.000000   clock clk (rise edge)
                                  0.000000    0.000000   clock network delay (ideal)
                                  4.000000    4.000000 ^ input external delay
   202    0.726937    3.254360    2.111905    6.111905 ^ rst_n (in)
                                                         rst_n (net)
                      3.254360    0.000000    6.111905 ^ _1162_/RESET_B (sky130_fd_sc_hd__dfrtp_2)
                                              6.111905   data arrival time

                      0.150000    0.000000    0.000000   clock clk (rise edge)
                                  0.000000    0.000000   clock network delay (ideal)
                                  0.250000    0.250000   clock uncertainty
                                  0.000000    0.250000   clock reconvergence pessimism
                                              0.250000 ^ _1162_/CLK (sky130_fd_sc_hd__dfrtp_2)
                                  1.205747    1.455747   library removal time
                                              1.455747   data required time
---------------------------------------------------------------------------------------------
                                              1.455747   data required time
                                             -6.111905   data arrival time
---------------------------------------------------------------------------------------------
                                              4.656157   slack (MET)


Startpoint: rst_n (input port clocked by clk)
Endpoint: _1163_ (removal check against rising-edge clock clk)
Path Group: asynchronous
Path Type: min

Fanout         Cap        Slew       Delay        Time   Description
---------------------------------------------------------------------------------------------
                      0.150000    0.000000    0.000000   clock clk (rise edge)
                                  0.000000    0.000000   clock network delay (ideal)
                                  4.000000    4.000000 ^ input external delay
   202    0.726937    3.254360    2.111905    6.111905 ^ rst_n (in)
                                                         rst_n (net)
                      3.254360    0.000000    6.111905 ^ _1163_/RESET_B (sky130_fd_sc_hd__dfrtp_2)
                                              6.111905   data arrival time

                      0.150000    0.000000    0.000000   clock clk (rise edge)
                                  0.000000    0.000000   clock network delay (ideal)
                                  0.250000    0.250000   clock uncertainty
                                  0.000000    0.250000   clock reconvergence pessimism
                                              0.250000 ^ _1163_/CLK (sky130_fd_sc_hd__dfrtp_2)
                                  1.205747    1.455747   library removal time
                                              1.455747   data required time
---------------------------------------------------------------------------------------------
                                              1.455747   data required time
                                             -6.111905   data arrival time
---------------------------------------------------------------------------------------------
                                              4.656157   slack (MET)


Startpoint: rst_n (input port clocked by clk)
Endpoint: _1164_ (removal check against rising-edge clock clk)
Path Group: asynchronous
Path Type: min

Fanout         Cap        Slew       Delay        Time   Description
---------------------------------------------------------------------------------------------
                      0.150000    0.000000    0.000000   clock clk (rise edge)
                                  0.000000    0.000000   clock network delay (ideal)
                                  4.000000    4.000000 ^ input external delay
   202    0.726937    3.254360    2.111905    6.111905 ^ rst_n (in)
                                                         rst_n (net)
                      3.254360    0.000000    6.111905 ^ _1164_/RESET_B (sky130_fd_sc_hd__dfrtp_2)
                                              6.111905   data arrival time

                      0.150000    0.000000    0.000000   clock clk (rise edge)
                                  0.000000    0.000000   clock network delay (ideal)
                                  0.250000    0.250000   clock uncertainty
                                  0.000000    0.250000   clock reconvergence pessimism
                                              0.250000 ^ _1164_/CLK (sky130_fd_sc_hd__dfrtp_2)
                                  1.205747    1.455747   library removal time
                                              1.455747   data required time
---------------------------------------------------------------------------------------------
                                              1.455747   data required time
                                             -6.111905   data arrival time
---------------------------------------------------------------------------------------------
                                              4.656157   slack (MET)


Startpoint: rst_n (input port clocked by clk)
Endpoint: _1165_ (removal check against rising-edge clock clk)
Path Group: asynchronous
Path Type: min

Fanout         Cap        Slew       Delay        Time   Description
---------------------------------------------------------------------------------------------
                      0.150000    0.000000    0.000000   clock clk (rise edge)
                                  0.000000    0.000000   clock network delay (ideal)
                                  4.000000    4.000000 ^ input external delay
   202    0.726937    3.254360    2.111905    6.111905 ^ rst_n (in)
                                                         rst_n (net)
                      3.254360    0.000000    6.111905 ^ _1165_/RESET_B (sky130_fd_sc_hd__dfrtp_2)
                                              6.111905   data arrival time

                      0.150000    0.000000    0.000000   clock clk (rise edge)
                                  0.000000    0.000000   clock network delay (ideal)
                                  0.250000    0.250000   clock uncertainty
                                  0.000000    0.250000   clock reconvergence pessimism
                                              0.250000 ^ _1165_/CLK (sky130_fd_sc_hd__dfrtp_2)
                                  1.205747    1.455747   library removal time
                                              1.455747   data required time
---------------------------------------------------------------------------------------------
                                              1.455747   data required time
                                             -6.111905   data arrival time
---------------------------------------------------------------------------------------------
                                              4.656157   slack (MET)


Startpoint: rst_n (input port clocked by clk)
Endpoint: _1166_ (removal check against rising-edge clock clk)
Path Group: asynchronous
Path Type: min

Fanout         Cap        Slew       Delay        Time   Description
---------------------------------------------------------------------------------------------
                      0.150000    0.000000    0.000000   clock clk (rise edge)
                                  0.000000    0.000000   clock network delay (ideal)
                                  4.000000    4.000000 ^ input external delay
   202    0.726937    3.254360    2.111905    6.111905 ^ rst_n (in)
                                                         rst_n (net)
                      3.254360    0.000000    6.111905 ^ _1166_/RESET_B (sky130_fd_sc_hd__dfrtp_2)
                                              6.111905   data arrival time

                      0.150000    0.000000    0.000000   clock clk (rise edge)
                                  0.000000    0.000000   clock network delay (ideal)
                                  0.250000    0.250000   clock uncertainty
                                  0.000000    0.250000   clock reconvergence pessimism
                                              0.250000 ^ _1166_/CLK (sky130_fd_sc_hd__dfrtp_2)
                                  1.205747    1.455747   library removal time
                                              1.455747   data required time
---------------------------------------------------------------------------------------------
                                              1.455747   data required time
                                             -6.111905   data arrival time
---------------------------------------------------------------------------------------------
                                              4.656157   slack (MET)


Startpoint: rst_n (input port clocked by clk)
Endpoint: _1167_ (removal check against rising-edge clock clk)
Path Group: asynchronous
Path Type: min

Fanout         Cap        Slew       Delay        Time   Description
---------------------------------------------------------------------------------------------
                      0.150000    0.000000    0.000000   clock clk (rise edge)
                                  0.000000    0.000000   clock network delay (ideal)
                                  4.000000    4.000000 ^ input external delay
   202    0.726937    3.254360    2.111905    6.111905 ^ rst_n (in)
                                                         rst_n (net)
                      3.254360    0.000000    6.111905 ^ _1167_/RESET_B (sky130_fd_sc_hd__dfrtp_2)
                                              6.111905   data arrival time

                      0.150000    0.000000    0.000000   clock clk (rise edge)
                                  0.000000    0.000000   clock network delay (ideal)
                                  0.250000    0.250000   clock uncertainty
                                  0.000000    0.250000   clock reconvergence pessimism
                                              0.250000 ^ _1167_/CLK (sky130_fd_sc_hd__dfrtp_2)
                                  1.205747    1.455747   library removal time
                                              1.455747   data required time
---------------------------------------------------------------------------------------------
                                              1.455747   data required time
                                             -6.111905   data arrival time
---------------------------------------------------------------------------------------------
                                              4.656157   slack (MET)


Startpoint: rst_n (input port clocked by clk)
Endpoint: _1168_ (removal check against rising-edge clock clk)
Path Group: asynchronous
Path Type: min

Fanout         Cap        Slew       Delay        Time   Description
---------------------------------------------------------------------------------------------
                      0.150000    0.000000    0.000000   clock clk (rise edge)
                                  0.000000    0.000000   clock network delay (ideal)
                                  4.000000    4.000000 ^ input external delay
   202    0.726937    3.254360    2.111905    6.111905 ^ rst_n (in)
                                                         rst_n (net)
                      3.254360    0.000000    6.111905 ^ _1168_/RESET_B (sky130_fd_sc_hd__dfrtp_2)
                                              6.111905   data arrival time

                      0.150000    0.000000    0.000000   clock clk (rise edge)
                                  0.000000    0.000000   clock network delay (ideal)
                                  0.250000    0.250000   clock uncertainty
                                  0.000000    0.250000   clock reconvergence pessimism
                                              0.250000 ^ _1168_/CLK (sky130_fd_sc_hd__dfrtp_2)
                                  1.205747    1.455747   library removal time
                                              1.455747   data required time
---------------------------------------------------------------------------------------------
                                              1.455747   data required time
                                             -6.111905   data arrival time
---------------------------------------------------------------------------------------------
                                              4.656157   slack (MET)


Startpoint: rst_n (input port clocked by clk)
Endpoint: _1169_ (removal check against rising-edge clock clk)
Path Group: asynchronous
Path Type: min

Fanout         Cap        Slew       Delay        Time   Description
---------------------------------------------------------------------------------------------
                      0.150000    0.000000    0.000000   clock clk (rise edge)
                                  0.000000    0.000000   clock network delay (ideal)
                                  4.000000    4.000000 ^ input external delay
   202    0.726937    3.254360    2.111905    6.111905 ^ rst_n (in)
                                                         rst_n (net)
                      3.254360    0.000000    6.111905 ^ _1169_/RESET_B (sky130_fd_sc_hd__dfrtp_2)
                                              6.111905   data arrival time

                      0.150000    0.000000    0.000000   clock clk (rise edge)
                                  0.000000    0.000000   clock network delay (ideal)
                                  0.250000    0.250000   clock uncertainty
                                  0.000000    0.250000   clock reconvergence pessimism
                                              0.250000 ^ _1169_/CLK (sky130_fd_sc_hd__dfrtp_2)
                                  1.205747    1.455747   library removal time
                                              1.455747   data required time
---------------------------------------------------------------------------------------------
                                              1.455747   data required time
                                             -6.111905   data arrival time
---------------------------------------------------------------------------------------------
                                              4.656157   slack (MET)


Startpoint: rst_n (input port clocked by clk)
Endpoint: _1170_ (removal check against rising-edge clock clk)
Path Group: asynchronous
Path Type: min

Fanout         Cap        Slew       Delay        Time   Description
---------------------------------------------------------------------------------------------
                      0.150000    0.000000    0.000000   clock clk (rise edge)
                                  0.000000    0.000000   clock network delay (ideal)
                                  4.000000    4.000000 ^ input external delay
   202    0.726937    3.254360    2.111905    6.111905 ^ rst_n (in)
                                                         rst_n (net)
                      3.254360    0.000000    6.111905 ^ _1170_/RESET_B (sky130_fd_sc_hd__dfrtp_2)
                                              6.111905   data arrival time

                      0.150000    0.000000    0.000000   clock clk (rise edge)
                                  0.000000    0.000000   clock network delay (ideal)
                                  0.250000    0.250000   clock uncertainty
                                  0.000000    0.250000   clock reconvergence pessimism
                                              0.250000 ^ _1170_/CLK (sky130_fd_sc_hd__dfrtp_2)
                                  1.205747    1.455747   library removal time
                                              1.455747   data required time
---------------------------------------------------------------------------------------------
                                              1.455747   data required time
                                             -6.111905   data arrival time
---------------------------------------------------------------------------------------------
                                              4.656157   slack (MET)


Startpoint: rst_n (input port clocked by clk)
Endpoint: _1171_ (removal check against rising-edge clock clk)
Path Group: asynchronous
Path Type: min

Fanout         Cap        Slew       Delay        Time   Description
---------------------------------------------------------------------------------------------
                      0.150000    0.000000    0.000000   clock clk (rise edge)
                                  0.000000    0.000000   clock network delay (ideal)
                                  4.000000    4.000000 ^ input external delay
   202    0.726937    3.254360    2.111905    6.111905 ^ rst_n (in)
                                                         rst_n (net)
                      3.254360    0.000000    6.111905 ^ _1171_/RESET_B (sky130_fd_sc_hd__dfrtp_2)
                                              6.111905   data arrival time

                      0.150000    0.000000    0.000000   clock clk (rise edge)
                                  0.000000    0.000000   clock network delay (ideal)
                                  0.250000    0.250000   clock uncertainty
                                  0.000000    0.250000   clock reconvergence pessimism
                                              0.250000 ^ _1171_/CLK (sky130_fd_sc_hd__dfrtp_2)
                                  1.205747    1.455747   library removal time
                                              1.455747   data required time
---------------------------------------------------------------------------------------------
                                              1.455747   data required time
                                             -6.111905   data arrival time
---------------------------------------------------------------------------------------------
                                              4.656157   slack (MET)


Startpoint: rst_n (input port clocked by clk)
Endpoint: _1172_ (removal check against rising-edge clock clk)
Path Group: asynchronous
Path Type: min

Fanout         Cap        Slew       Delay        Time   Description
---------------------------------------------------------------------------------------------
                      0.150000    0.000000    0.000000   clock clk (rise edge)
                                  0.000000    0.000000   clock network delay (ideal)
                                  4.000000    4.000000 ^ input external delay
   202    0.726937    3.254360    2.111905    6.111905 ^ rst_n (in)
                                                         rst_n (net)
                      3.254360    0.000000    6.111905 ^ _1172_/RESET_B (sky130_fd_sc_hd__dfrtp_2)
                                              6.111905   data arrival time

                      0.150000    0.000000    0.000000   clock clk (rise edge)
                                  0.000000    0.000000   clock network delay (ideal)
                                  0.250000    0.250000   clock uncertainty
                                  0.000000    0.250000   clock reconvergence pessimism
                                              0.250000 ^ _1172_/CLK (sky130_fd_sc_hd__dfrtp_2)
                                  1.205747    1.455747   library removal time
                                              1.455747   data required time
---------------------------------------------------------------------------------------------
                                              1.455747   data required time
                                             -6.111905   data arrival time
---------------------------------------------------------------------------------------------
                                              4.656157   slack (MET)


Startpoint: rst_n (input port clocked by clk)
Endpoint: _1173_ (removal check against rising-edge clock clk)
Path Group: asynchronous
Path Type: min

Fanout         Cap        Slew       Delay        Time   Description
---------------------------------------------------------------------------------------------
                      0.150000    0.000000    0.000000   clock clk (rise edge)
                                  0.000000    0.000000   clock network delay (ideal)
                                  4.000000    4.000000 ^ input external delay
   202    0.726937    3.254360    2.111905    6.111905 ^ rst_n (in)
                                                         rst_n (net)
                      3.254360    0.000000    6.111905 ^ _1173_/RESET_B (sky130_fd_sc_hd__dfrtp_2)
                                              6.111905   data arrival time

                      0.150000    0.000000    0.000000   clock clk (rise edge)
                                  0.000000    0.000000   clock network delay (ideal)
                                  0.250000    0.250000   clock uncertainty
                                  0.000000    0.250000   clock reconvergence pessimism
                                              0.250000 ^ _1173_/CLK (sky130_fd_sc_hd__dfrtp_2)
                                  1.205747    1.455747   library removal time
                                              1.455747   data required time
---------------------------------------------------------------------------------------------
                                              1.455747   data required time
                                             -6.111905   data arrival time
---------------------------------------------------------------------------------------------
                                              4.656157   slack (MET)


Startpoint: rst_n (input port clocked by clk)
Endpoint: _1174_ (removal check against rising-edge clock clk)
Path Group: asynchronous
Path Type: min

Fanout         Cap        Slew       Delay        Time   Description
---------------------------------------------------------------------------------------------
                      0.150000    0.000000    0.000000   clock clk (rise edge)
                                  0.000000    0.000000   clock network delay (ideal)
                                  4.000000    4.000000 ^ input external delay
   202    0.726937    3.254360    2.111905    6.111905 ^ rst_n (in)
                                                         rst_n (net)
                      3.254360    0.000000    6.111905 ^ _1174_/RESET_B (sky130_fd_sc_hd__dfrtp_2)
                                              6.111905   data arrival time

                      0.150000    0.000000    0.000000   clock clk (rise edge)
                                  0.000000    0.000000   clock network delay (ideal)
                                  0.250000    0.250000   clock uncertainty
                                  0.000000    0.250000   clock reconvergence pessimism
                                              0.250000 ^ _1174_/CLK (sky130_fd_sc_hd__dfrtp_2)
                                  1.205747    1.455747   library removal time
                                              1.455747   data required time
---------------------------------------------------------------------------------------------
                                              1.455747   data required time
                                             -6.111905   data arrival time
---------------------------------------------------------------------------------------------
                                              4.656157   slack (MET)


Startpoint: rst_n (input port clocked by clk)
Endpoint: _1175_ (removal check against rising-edge clock clk)
Path Group: asynchronous
Path Type: min

Fanout         Cap        Slew       Delay        Time   Description
---------------------------------------------------------------------------------------------
                      0.150000    0.000000    0.000000   clock clk (rise edge)
                                  0.000000    0.000000   clock network delay (ideal)
                                  4.000000    4.000000 ^ input external delay
   202    0.726937    3.254360    2.111905    6.111905 ^ rst_n (in)
                                                         rst_n (net)
                      3.254360    0.000000    6.111905 ^ _1175_/RESET_B (sky130_fd_sc_hd__dfrtp_2)
                                              6.111905   data arrival time

                      0.150000    0.000000    0.000000   clock clk (rise edge)
                                  0.000000    0.000000   clock network delay (ideal)
                                  0.250000    0.250000   clock uncertainty
                                  0.000000    0.250000   clock reconvergence pessimism
                                              0.250000 ^ _1175_/CLK (sky130_fd_sc_hd__dfrtp_2)
                                  1.205747    1.455747   library removal time
                                              1.455747   data required time
---------------------------------------------------------------------------------------------
                                              1.455747   data required time
                                             -6.111905   data arrival time
---------------------------------------------------------------------------------------------
                                              4.656157   slack (MET)


Startpoint: rst_n (input port clocked by clk)
Endpoint: _1176_ (removal check against rising-edge clock clk)
Path Group: asynchronous
Path Type: min

Fanout         Cap        Slew       Delay        Time   Description
---------------------------------------------------------------------------------------------
                      0.150000    0.000000    0.000000   clock clk (rise edge)
                                  0.000000    0.000000   clock network delay (ideal)
                                  4.000000    4.000000 ^ input external delay
   202    0.726937    3.254360    2.111905    6.111905 ^ rst_n (in)
                                                         rst_n (net)
                      3.254360    0.000000    6.111905 ^ _1176_/RESET_B (sky130_fd_sc_hd__dfrtp_2)
                                              6.111905   data arrival time

                      0.150000    0.000000    0.000000   clock clk (rise edge)
                                  0.000000    0.000000   clock network delay (ideal)
                                  0.250000    0.250000   clock uncertainty
                                  0.000000    0.250000   clock reconvergence pessimism
                                              0.250000 ^ _1176_/CLK (sky130_fd_sc_hd__dfrtp_2)
                                  1.205747    1.455747   library removal time
                                              1.455747   data required time
---------------------------------------------------------------------------------------------
                                              1.455747   data required time
                                             -6.111905   data arrival time
---------------------------------------------------------------------------------------------
                                              4.656157   slack (MET)


Startpoint: rst_n (input port clocked by clk)
Endpoint: _1177_ (removal check against rising-edge clock clk)
Path Group: asynchronous
Path Type: min

Fanout         Cap        Slew       Delay        Time   Description
---------------------------------------------------------------------------------------------
                      0.150000    0.000000    0.000000   clock clk (rise edge)
                                  0.000000    0.000000   clock network delay (ideal)
                                  4.000000    4.000000 ^ input external delay
   202    0.726937    3.254360    2.111905    6.111905 ^ rst_n (in)
                                                         rst_n (net)
                      3.254360    0.000000    6.111905 ^ _1177_/RESET_B (sky130_fd_sc_hd__dfrtp_2)
                                              6.111905   data arrival time

                      0.150000    0.000000    0.000000   clock clk (rise edge)
                                  0.000000    0.000000   clock network delay (ideal)
                                  0.250000    0.250000   clock uncertainty
                                  0.000000    0.250000   clock reconvergence pessimism
                                              0.250000 ^ _1177_/CLK (sky130_fd_sc_hd__dfrtp_2)
                                  1.205747    1.455747   library removal time
                                              1.455747   data required time
---------------------------------------------------------------------------------------------
                                              1.455747   data required time
                                             -6.111905   data arrival time
---------------------------------------------------------------------------------------------
                                              4.656157   slack (MET)


Startpoint: rst_n (input port clocked by clk)
Endpoint: _1178_ (removal check against rising-edge clock clk)
Path Group: asynchronous
Path Type: min

Fanout         Cap        Slew       Delay        Time   Description
---------------------------------------------------------------------------------------------
                      0.150000    0.000000    0.000000   clock clk (rise edge)
                                  0.000000    0.000000   clock network delay (ideal)
                                  4.000000    4.000000 ^ input external delay
   202    0.726937    3.254360    2.111905    6.111905 ^ rst_n (in)
                                                         rst_n (net)
                      3.254360    0.000000    6.111905 ^ _1178_/RESET_B (sky130_fd_sc_hd__dfrtp_2)
                                              6.111905   data arrival time

                      0.150000    0.000000    0.000000   clock clk (rise edge)
                                  0.000000    0.000000   clock network delay (ideal)
                                  0.250000    0.250000   clock uncertainty
                                  0.000000    0.250000   clock reconvergence pessimism
                                              0.250000 ^ _1178_/CLK (sky130_fd_sc_hd__dfrtp_2)
                                  1.205747    1.455747   library removal time
                                              1.455747   data required time
---------------------------------------------------------------------------------------------
                                              1.455747   data required time
                                             -6.111905   data arrival time
---------------------------------------------------------------------------------------------
                                              4.656157   slack (MET)


Startpoint: rst_n (input port clocked by clk)
Endpoint: _1179_ (removal check against rising-edge clock clk)
Path Group: asynchronous
Path Type: min

Fanout         Cap        Slew       Delay        Time   Description
---------------------------------------------------------------------------------------------
                      0.150000    0.000000    0.000000   clock clk (rise edge)
                                  0.000000    0.000000   clock network delay (ideal)
                                  4.000000    4.000000 ^ input external delay
   202    0.726937    3.254360    2.111905    6.111905 ^ rst_n (in)
                                                         rst_n (net)
                      3.254360    0.000000    6.111905 ^ _1179_/RESET_B (sky130_fd_sc_hd__dfrtp_2)
                                              6.111905   data arrival time

                      0.150000    0.000000    0.000000   clock clk (rise edge)
                                  0.000000    0.000000   clock network delay (ideal)
                                  0.250000    0.250000   clock uncertainty
                                  0.000000    0.250000   clock reconvergence pessimism
                                              0.250000 ^ _1179_/CLK (sky130_fd_sc_hd__dfrtp_2)
                                  1.205747    1.455747   library removal time
                                              1.455747   data required time
---------------------------------------------------------------------------------------------
                                              1.455747   data required time
                                             -6.111905   data arrival time
---------------------------------------------------------------------------------------------
                                              4.656157   slack (MET)


Startpoint: rst_n (input port clocked by clk)
Endpoint: _1180_ (removal check against rising-edge clock clk)
Path Group: asynchronous
Path Type: min

Fanout         Cap        Slew       Delay        Time   Description
---------------------------------------------------------------------------------------------
                      0.150000    0.000000    0.000000   clock clk (rise edge)
                                  0.000000    0.000000   clock network delay (ideal)
                                  4.000000    4.000000 ^ input external delay
   202    0.726937    3.254360    2.111905    6.111905 ^ rst_n (in)
                                                         rst_n (net)
                      3.254360    0.000000    6.111905 ^ _1180_/RESET_B (sky130_fd_sc_hd__dfrtp_2)
                                              6.111905   data arrival time

                      0.150000    0.000000    0.000000   clock clk (rise edge)
                                  0.000000    0.000000   clock network delay (ideal)
                                  0.250000    0.250000   clock uncertainty
                                  0.000000    0.250000   clock reconvergence pessimism
                                              0.250000 ^ _1180_/CLK (sky130_fd_sc_hd__dfrtp_2)
                                  1.205747    1.455747   library removal time
                                              1.455747   data required time
---------------------------------------------------------------------------------------------
                                              1.455747   data required time
                                             -6.111905   data arrival time
---------------------------------------------------------------------------------------------
                                              4.656157   slack (MET)


Startpoint: rst_n (input port clocked by clk)
Endpoint: _1181_ (removal check against rising-edge clock clk)
Path Group: asynchronous
Path Type: min

Fanout         Cap        Slew       Delay        Time   Description
---------------------------------------------------------------------------------------------
                      0.150000    0.000000    0.000000   clock clk (rise edge)
                                  0.000000    0.000000   clock network delay (ideal)
                                  4.000000    4.000000 ^ input external delay
   202    0.726937    3.254360    2.111905    6.111905 ^ rst_n (in)
                                                         rst_n (net)
                      3.254360    0.000000    6.111905 ^ _1181_/RESET_B (sky130_fd_sc_hd__dfrtp_2)
                                              6.111905   data arrival time

                      0.150000    0.000000    0.000000   clock clk (rise edge)
                                  0.000000    0.000000   clock network delay (ideal)
                                  0.250000    0.250000   clock uncertainty
                                  0.000000    0.250000   clock reconvergence pessimism
                                              0.250000 ^ _1181_/CLK (sky130_fd_sc_hd__dfrtp_2)
                                  1.205747    1.455747   library removal time
                                              1.455747   data required time
---------------------------------------------------------------------------------------------
                                              1.455747   data required time
                                             -6.111905   data arrival time
---------------------------------------------------------------------------------------------
                                              4.656157   slack (MET)


Startpoint: rst_n (input port clocked by clk)
Endpoint: _1182_ (removal check against rising-edge clock clk)
Path Group: asynchronous
Path Type: min

Fanout         Cap        Slew       Delay        Time   Description
---------------------------------------------------------------------------------------------
                      0.150000    0.000000    0.000000   clock clk (rise edge)
                                  0.000000    0.000000   clock network delay (ideal)
                                  4.000000    4.000000 ^ input external delay
   202    0.726937    3.254360    2.111905    6.111905 ^ rst_n (in)
                                                         rst_n (net)
                      3.254360    0.000000    6.111905 ^ _1182_/RESET_B (sky130_fd_sc_hd__dfrtp_2)
                                              6.111905   data arrival time

                      0.150000    0.000000    0.000000   clock clk (rise edge)
                                  0.000000    0.000000   clock network delay (ideal)
                                  0.250000    0.250000   clock uncertainty
                                  0.000000    0.250000   clock reconvergence pessimism
                                              0.250000 ^ _1182_/CLK (sky130_fd_sc_hd__dfrtp_2)
                                  1.205747    1.455747   library removal time
                                              1.455747   data required time
---------------------------------------------------------------------------------------------
                                              1.455747   data required time
                                             -6.111905   data arrival time
---------------------------------------------------------------------------------------------
                                              4.656157   slack (MET)


Startpoint: rst_n (input port clocked by clk)
Endpoint: _1183_ (removal check against rising-edge clock clk)
Path Group: asynchronous
Path Type: min

Fanout         Cap        Slew       Delay        Time   Description
---------------------------------------------------------------------------------------------
                      0.150000    0.000000    0.000000   clock clk (rise edge)
                                  0.000000    0.000000   clock network delay (ideal)
                                  4.000000    4.000000 ^ input external delay
   202    0.726937    3.254360    2.111905    6.111905 ^ rst_n (in)
                                                         rst_n (net)
                      3.254360    0.000000    6.111905 ^ _1183_/RESET_B (sky130_fd_sc_hd__dfrtp_2)
                                              6.111905   data arrival time

                      0.150000    0.000000    0.000000   clock clk (rise edge)
                                  0.000000    0.000000   clock network delay (ideal)
                                  0.250000    0.250000   clock uncertainty
                                  0.000000    0.250000   clock reconvergence pessimism
                                              0.250000 ^ _1183_/CLK (sky130_fd_sc_hd__dfrtp_2)
                                  1.205747    1.455747   library removal time
                                              1.455747   data required time
---------------------------------------------------------------------------------------------
                                              1.455747   data required time
                                             -6.111905   data arrival time
---------------------------------------------------------------------------------------------
                                              4.656157   slack (MET)


Startpoint: rst_n (input port clocked by clk)
Endpoint: _1184_ (removal check against rising-edge clock clk)
Path Group: asynchronous
Path Type: min

Fanout         Cap        Slew       Delay        Time   Description
---------------------------------------------------------------------------------------------
                      0.150000    0.000000    0.000000   clock clk (rise edge)
                                  0.000000    0.000000   clock network delay (ideal)
                                  4.000000    4.000000 ^ input external delay
   202    0.726937    3.254360    2.111905    6.111905 ^ rst_n (in)
                                                         rst_n (net)
                      3.254360    0.000000    6.111905 ^ _1184_/RESET_B (sky130_fd_sc_hd__dfrtp_2)
                                              6.111905   data arrival time

                      0.150000    0.000000    0.000000   clock clk (rise edge)
                                  0.000000    0.000000   clock network delay (ideal)
                                  0.250000    0.250000   clock uncertainty
                                  0.000000    0.250000   clock reconvergence pessimism
                                              0.250000 ^ _1184_/CLK (sky130_fd_sc_hd__dfrtp_2)
                                  1.205747    1.455747   library removal time
                                              1.455747   data required time
---------------------------------------------------------------------------------------------
                                              1.455747   data required time
                                             -6.111905   data arrival time
---------------------------------------------------------------------------------------------
                                              4.656157   slack (MET)


Startpoint: rst_n (input port clocked by clk)
Endpoint: _1185_ (removal check against rising-edge clock clk)
Path Group: asynchronous
Path Type: min

Fanout         Cap        Slew       Delay        Time   Description
---------------------------------------------------------------------------------------------
                      0.150000    0.000000    0.000000   clock clk (rise edge)
                                  0.000000    0.000000   clock network delay (ideal)
                                  4.000000    4.000000 ^ input external delay
   202    0.726937    3.254360    2.111905    6.111905 ^ rst_n (in)
                                                         rst_n (net)
                      3.254360    0.000000    6.111905 ^ _1185_/RESET_B (sky130_fd_sc_hd__dfrtp_2)
                                              6.111905   data arrival time

                      0.150000    0.000000    0.000000   clock clk (rise edge)
                                  0.000000    0.000000   clock network delay (ideal)
                                  0.250000    0.250000   clock uncertainty
                                  0.000000    0.250000   clock reconvergence pessimism
                                              0.250000 ^ _1185_/CLK (sky130_fd_sc_hd__dfrtp_2)
                                  1.205747    1.455747   library removal time
                                              1.455747   data required time
---------------------------------------------------------------------------------------------
                                              1.455747   data required time
                                             -6.111905   data arrival time
---------------------------------------------------------------------------------------------
                                              4.656157   slack (MET)


Startpoint: rst_n (input port clocked by clk)
Endpoint: _1186_ (removal check against rising-edge clock clk)
Path Group: asynchronous
Path Type: min

Fanout         Cap        Slew       Delay        Time   Description
---------------------------------------------------------------------------------------------
                      0.150000    0.000000    0.000000   clock clk (rise edge)
                                  0.000000    0.000000   clock network delay (ideal)
                                  4.000000    4.000000 ^ input external delay
   202    0.726937    3.254360    2.111905    6.111905 ^ rst_n (in)
                                                         rst_n (net)
                      3.254360    0.000000    6.111905 ^ _1186_/RESET_B (sky130_fd_sc_hd__dfrtp_2)
                                              6.111905   data arrival time

                      0.150000    0.000000    0.000000   clock clk (rise edge)
                                  0.000000    0.000000   clock network delay (ideal)
                                  0.250000    0.250000   clock uncertainty
                                  0.000000    0.250000   clock reconvergence pessimism
                                              0.250000 ^ _1186_/CLK (sky130_fd_sc_hd__dfrtp_2)
                                  1.205747    1.455747   library removal time
                                              1.455747   data required time
---------------------------------------------------------------------------------------------
                                              1.455747   data required time
                                             -6.111905   data arrival time
---------------------------------------------------------------------------------------------
                                              4.656157   slack (MET)


Startpoint: rst_n (input port clocked by clk)
Endpoint: _1187_ (removal check against rising-edge clock clk)
Path Group: asynchronous
Path Type: min

Fanout         Cap        Slew       Delay        Time   Description
---------------------------------------------------------------------------------------------
                      0.150000    0.000000    0.000000   clock clk (rise edge)
                                  0.000000    0.000000   clock network delay (ideal)
                                  4.000000    4.000000 ^ input external delay
   202    0.726937    3.254360    2.111905    6.111905 ^ rst_n (in)
                                                         rst_n (net)
                      3.254360    0.000000    6.111905 ^ _1187_/RESET_B (sky130_fd_sc_hd__dfrtp_2)
                                              6.111905   data arrival time

                      0.150000    0.000000    0.000000   clock clk (rise edge)
                                  0.000000    0.000000   clock network delay (ideal)
                                  0.250000    0.250000   clock uncertainty
                                  0.000000    0.250000   clock reconvergence pessimism
                                              0.250000 ^ _1187_/CLK (sky130_fd_sc_hd__dfrtp_2)
                                  1.205747    1.455747   library removal time
                                              1.455747   data required time
---------------------------------------------------------------------------------------------
                                              1.455747   data required time
                                             -6.111905   data arrival time
---------------------------------------------------------------------------------------------
                                              4.656157   slack (MET)


Startpoint: rst_n (input port clocked by clk)
Endpoint: _1188_ (removal check against rising-edge clock clk)
Path Group: asynchronous
Path Type: min

Fanout         Cap        Slew       Delay        Time   Description
---------------------------------------------------------------------------------------------
                      0.150000    0.000000    0.000000   clock clk (rise edge)
                                  0.000000    0.000000   clock network delay (ideal)
                                  4.000000    4.000000 ^ input external delay
   202    0.726937    3.254360    2.111905    6.111905 ^ rst_n (in)
                                                         rst_n (net)
                      3.254360    0.000000    6.111905 ^ _1188_/RESET_B (sky130_fd_sc_hd__dfrtp_2)
                                              6.111905   data arrival time

                      0.150000    0.000000    0.000000   clock clk (rise edge)
                                  0.000000    0.000000   clock network delay (ideal)
                                  0.250000    0.250000   clock uncertainty
                                  0.000000    0.250000   clock reconvergence pessimism
                                              0.250000 ^ _1188_/CLK (sky130_fd_sc_hd__dfrtp_2)
                                  1.205747    1.455747   library removal time
                                              1.455747   data required time
---------------------------------------------------------------------------------------------
                                              1.455747   data required time
                                             -6.111905   data arrival time
---------------------------------------------------------------------------------------------
                                              4.656157   slack (MET)


Startpoint: rst_n (input port clocked by clk)
Endpoint: _1189_ (removal check against rising-edge clock clk)
Path Group: asynchronous
Path Type: min

Fanout         Cap        Slew       Delay        Time   Description
---------------------------------------------------------------------------------------------
                      0.150000    0.000000    0.000000   clock clk (rise edge)
                                  0.000000    0.000000   clock network delay (ideal)
                                  4.000000    4.000000 ^ input external delay
   202    0.726937    3.254360    2.111905    6.111905 ^ rst_n (in)
                                                         rst_n (net)
                      3.254360    0.000000    6.111905 ^ _1189_/RESET_B (sky130_fd_sc_hd__dfrtp_2)
                                              6.111905   data arrival time

                      0.150000    0.000000    0.000000   clock clk (rise edge)
                                  0.000000    0.000000   clock network delay (ideal)
                                  0.250000    0.250000   clock uncertainty
                                  0.000000    0.250000   clock reconvergence pessimism
                                              0.250000 ^ _1189_/CLK (sky130_fd_sc_hd__dfrtp_2)
                                  1.205747    1.455747   library removal time
                                              1.455747   data required time
---------------------------------------------------------------------------------------------
                                              1.455747   data required time
                                             -6.111905   data arrival time
---------------------------------------------------------------------------------------------
                                              4.656157   slack (MET)


Startpoint: rst_n (input port clocked by clk)
Endpoint: _1190_ (removal check against rising-edge clock clk)
Path Group: asynchronous
Path Type: min

Fanout         Cap        Slew       Delay        Time   Description
---------------------------------------------------------------------------------------------
                      0.150000    0.000000    0.000000   clock clk (rise edge)
                                  0.000000    0.000000   clock network delay (ideal)
                                  4.000000    4.000000 ^ input external delay
   202    0.726937    3.254360    2.111905    6.111905 ^ rst_n (in)
                                                         rst_n (net)
                      3.254360    0.000000    6.111905 ^ _1190_/RESET_B (sky130_fd_sc_hd__dfrtp_2)
                                              6.111905   data arrival time

                      0.150000    0.000000    0.000000   clock clk (rise edge)
                                  0.000000    0.000000   clock network delay (ideal)
                                  0.250000    0.250000   clock uncertainty
                                  0.000000    0.250000   clock reconvergence pessimism
                                              0.250000 ^ _1190_/CLK (sky130_fd_sc_hd__dfrtp_2)
                                  1.205747    1.455747   library removal time
                                              1.455747   data required time
---------------------------------------------------------------------------------------------
                                              1.455747   data required time
                                             -6.111905   data arrival time
---------------------------------------------------------------------------------------------
                                              4.656157   slack (MET)


Startpoint: rst_n (input port clocked by clk)
Endpoint: _1191_ (removal check against rising-edge clock clk)
Path Group: asynchronous
Path Type: min

Fanout         Cap        Slew       Delay        Time   Description
---------------------------------------------------------------------------------------------
                      0.150000    0.000000    0.000000   clock clk (rise edge)
                                  0.000000    0.000000   clock network delay (ideal)
                                  4.000000    4.000000 ^ input external delay
   202    0.726937    3.254360    2.111905    6.111905 ^ rst_n (in)
                                                         rst_n (net)
                      3.254360    0.000000    6.111905 ^ _1191_/RESET_B (sky130_fd_sc_hd__dfrtp_2)
                                              6.111905   data arrival time

                      0.150000    0.000000    0.000000   clock clk (rise edge)
                                  0.000000    0.000000   clock network delay (ideal)
                                  0.250000    0.250000   clock uncertainty
                                  0.000000    0.250000   clock reconvergence pessimism
                                              0.250000 ^ _1191_/CLK (sky130_fd_sc_hd__dfrtp_2)
                                  1.205747    1.455747   library removal time
                                              1.455747   data required time
---------------------------------------------------------------------------------------------
                                              1.455747   data required time
                                             -6.111905   data arrival time
---------------------------------------------------------------------------------------------
                                              4.656157   slack (MET)


Startpoint: rst_n (input port clocked by clk)
Endpoint: _1192_ (removal check against rising-edge clock clk)
Path Group: asynchronous
Path Type: min

Fanout         Cap        Slew       Delay        Time   Description
---------------------------------------------------------------------------------------------
                      0.150000    0.000000    0.000000   clock clk (rise edge)
                                  0.000000    0.000000   clock network delay (ideal)
                                  4.000000    4.000000 ^ input external delay
   202    0.726937    3.254360    2.111905    6.111905 ^ rst_n (in)
                                                         rst_n (net)
                      3.254360    0.000000    6.111905 ^ _1192_/RESET_B (sky130_fd_sc_hd__dfrtp_2)
                                              6.111905   data arrival time

                      0.150000    0.000000    0.000000   clock clk (rise edge)
                                  0.000000    0.000000   clock network delay (ideal)
                                  0.250000    0.250000   clock uncertainty
                                  0.000000    0.250000   clock reconvergence pessimism
                                              0.250000 ^ _1192_/CLK (sky130_fd_sc_hd__dfrtp_2)
                                  1.205747    1.455747   library removal time
                                              1.455747   data required time
---------------------------------------------------------------------------------------------
                                              1.455747   data required time
                                             -6.111905   data arrival time
---------------------------------------------------------------------------------------------
                                              4.656157   slack (MET)


Startpoint: rst_n (input port clocked by clk)
Endpoint: _1193_ (removal check against rising-edge clock clk)
Path Group: asynchronous
Path Type: min

Fanout         Cap        Slew       Delay        Time   Description
---------------------------------------------------------------------------------------------
                      0.150000    0.000000    0.000000   clock clk (rise edge)
                                  0.000000    0.000000   clock network delay (ideal)
                                  4.000000    4.000000 ^ input external delay
   202    0.726937    3.254360    2.111905    6.111905 ^ rst_n (in)
                                                         rst_n (net)
                      3.254360    0.000000    6.111905 ^ _1193_/RESET_B (sky130_fd_sc_hd__dfrtp_2)
                                              6.111905   data arrival time

                      0.150000    0.000000    0.000000   clock clk (rise edge)
                                  0.000000    0.000000   clock network delay (ideal)
                                  0.250000    0.250000   clock uncertainty
                                  0.000000    0.250000   clock reconvergence pessimism
                                              0.250000 ^ _1193_/CLK (sky130_fd_sc_hd__dfrtp_2)
                                  1.205747    1.455747   library removal time
                                              1.455747   data required time
---------------------------------------------------------------------------------------------
                                              1.455747   data required time
                                             -6.111905   data arrival time
---------------------------------------------------------------------------------------------
                                              4.656157   slack (MET)


Startpoint: rst_n (input port clocked by clk)
Endpoint: _1194_ (removal check against rising-edge clock clk)
Path Group: asynchronous
Path Type: min

Fanout         Cap        Slew       Delay        Time   Description
---------------------------------------------------------------------------------------------
                      0.150000    0.000000    0.000000   clock clk (rise edge)
                                  0.000000    0.000000   clock network delay (ideal)
                                  4.000000    4.000000 ^ input external delay
   202    0.726937    3.254360    2.111905    6.111905 ^ rst_n (in)
                                                         rst_n (net)
                      3.254360    0.000000    6.111905 ^ _1194_/RESET_B (sky130_fd_sc_hd__dfrtp_2)
                                              6.111905   data arrival time

                      0.150000    0.000000    0.000000   clock clk (rise edge)
                                  0.000000    0.000000   clock network delay (ideal)
                                  0.250000    0.250000   clock uncertainty
                                  0.000000    0.250000   clock reconvergence pessimism
                                              0.250000 ^ _1194_/CLK (sky130_fd_sc_hd__dfrtp_2)
                                  1.205747    1.455747   library removal time
                                              1.455747   data required time
---------------------------------------------------------------------------------------------
                                              1.455747   data required time
                                             -6.111905   data arrival time
---------------------------------------------------------------------------------------------
                                              4.656157   slack (MET)


Startpoint: rst_n (input port clocked by clk)
Endpoint: _1195_ (removal check against rising-edge clock clk)
Path Group: asynchronous
Path Type: min

Fanout         Cap        Slew       Delay        Time   Description
---------------------------------------------------------------------------------------------
                      0.150000    0.000000    0.000000   clock clk (rise edge)
                                  0.000000    0.000000   clock network delay (ideal)
                                  4.000000    4.000000 ^ input external delay
   202    0.726937    3.254360    2.111905    6.111905 ^ rst_n (in)
                                                         rst_n (net)
                      3.254360    0.000000    6.111905 ^ _1195_/RESET_B (sky130_fd_sc_hd__dfrtp_2)
                                              6.111905   data arrival time

                      0.150000    0.000000    0.000000   clock clk (rise edge)
                                  0.000000    0.000000   clock network delay (ideal)
                                  0.250000    0.250000   clock uncertainty
                                  0.000000    0.250000   clock reconvergence pessimism
                                              0.250000 ^ _1195_/CLK (sky130_fd_sc_hd__dfrtp_2)
                                  1.205747    1.455747   library removal time
                                              1.455747   data required time
---------------------------------------------------------------------------------------------
                                              1.455747   data required time
                                             -6.111905   data arrival time
---------------------------------------------------------------------------------------------
                                              4.656157   slack (MET)


Startpoint: rst_n (input port clocked by clk)
Endpoint: _1196_ (removal check against rising-edge clock clk)
Path Group: asynchronous
Path Type: min

Fanout         Cap        Slew       Delay        Time   Description
---------------------------------------------------------------------------------------------
                      0.150000    0.000000    0.000000   clock clk (rise edge)
                                  0.000000    0.000000   clock network delay (ideal)
                                  4.000000    4.000000 ^ input external delay
   202    0.726937    3.254360    2.111905    6.111905 ^ rst_n (in)
                                                         rst_n (net)
                      3.254360    0.000000    6.111905 ^ _1196_/RESET_B (sky130_fd_sc_hd__dfrtp_2)
                                              6.111905   data arrival time

                      0.150000    0.000000    0.000000   clock clk (rise edge)
                                  0.000000    0.000000   clock network delay (ideal)
                                  0.250000    0.250000   clock uncertainty
                                  0.000000    0.250000   clock reconvergence pessimism
                                              0.250000 ^ _1196_/CLK (sky130_fd_sc_hd__dfrtp_2)
                                  1.205747    1.455747   library removal time
                                              1.455747   data required time
---------------------------------------------------------------------------------------------
                                              1.455747   data required time
                                             -6.111905   data arrival time
---------------------------------------------------------------------------------------------
                                              4.656157   slack (MET)


Startpoint: rst_n (input port clocked by clk)
Endpoint: _1197_ (removal check against rising-edge clock clk)
Path Group: asynchronous
Path Type: min

Fanout         Cap        Slew       Delay        Time   Description
---------------------------------------------------------------------------------------------
                      0.150000    0.000000    0.000000   clock clk (rise edge)
                                  0.000000    0.000000   clock network delay (ideal)
                                  4.000000    4.000000 ^ input external delay
   202    0.726937    3.254360    2.111905    6.111905 ^ rst_n (in)
                                                         rst_n (net)
                      3.254360    0.000000    6.111905 ^ _1197_/RESET_B (sky130_fd_sc_hd__dfrtp_2)
                                              6.111905   data arrival time

                      0.150000    0.000000    0.000000   clock clk (rise edge)
                                  0.000000    0.000000   clock network delay (ideal)
                                  0.250000    0.250000   clock uncertainty
                                  0.000000    0.250000   clock reconvergence pessimism
                                              0.250000 ^ _1197_/CLK (sky130_fd_sc_hd__dfrtp_2)
                                  1.205747    1.455747   library removal time
                                              1.455747   data required time
---------------------------------------------------------------------------------------------
                                              1.455747   data required time
                                             -6.111905   data arrival time
---------------------------------------------------------------------------------------------
                                              4.656157   slack (MET)


Startpoint: rst_n (input port clocked by clk)
Endpoint: _1198_ (removal check against rising-edge clock clk)
Path Group: asynchronous
Path Type: min

Fanout         Cap        Slew       Delay        Time   Description
---------------------------------------------------------------------------------------------
                      0.150000    0.000000    0.000000   clock clk (rise edge)
                                  0.000000    0.000000   clock network delay (ideal)
                                  4.000000    4.000000 ^ input external delay
   202    0.726937    3.254360    2.111905    6.111905 ^ rst_n (in)
                                                         rst_n (net)
                      3.254360    0.000000    6.111905 ^ _1198_/RESET_B (sky130_fd_sc_hd__dfrtp_2)
                                              6.111905   data arrival time

                      0.150000    0.000000    0.000000   clock clk (rise edge)
                                  0.000000    0.000000   clock network delay (ideal)
                                  0.250000    0.250000   clock uncertainty
                                  0.000000    0.250000   clock reconvergence pessimism
                                              0.250000 ^ _1198_/CLK (sky130_fd_sc_hd__dfrtp_2)
                                  1.205747    1.455747   library removal time
                                              1.455747   data required time
---------------------------------------------------------------------------------------------
                                              1.455747   data required time
                                             -6.111905   data arrival time
---------------------------------------------------------------------------------------------
                                              4.656157   slack (MET)


Startpoint: rst_n (input port clocked by clk)
Endpoint: _1199_ (removal check against rising-edge clock clk)
Path Group: asynchronous
Path Type: min

Fanout         Cap        Slew       Delay        Time   Description
---------------------------------------------------------------------------------------------
                      0.150000    0.000000    0.000000   clock clk (rise edge)
                                  0.000000    0.000000   clock network delay (ideal)
                                  4.000000    4.000000 ^ input external delay
   202    0.726937    3.254360    2.111905    6.111905 ^ rst_n (in)
                                                         rst_n (net)
                      3.254360    0.000000    6.111905 ^ _1199_/RESET_B (sky130_fd_sc_hd__dfrtp_2)
                                              6.111905   data arrival time

                      0.150000    0.000000    0.000000   clock clk (rise edge)
                                  0.000000    0.000000   clock network delay (ideal)
                                  0.250000    0.250000   clock uncertainty
                                  0.000000    0.250000   clock reconvergence pessimism
                                              0.250000 ^ _1199_/CLK (sky130_fd_sc_hd__dfrtp_2)
                                  1.205747    1.455747   library removal time
                                              1.455747   data required time
---------------------------------------------------------------------------------------------
                                              1.455747   data required time
                                             -6.111905   data arrival time
---------------------------------------------------------------------------------------------
                                              4.656157   slack (MET)


Startpoint: rst_n (input port clocked by clk)
Endpoint: _1200_ (removal check against rising-edge clock clk)
Path Group: asynchronous
Path Type: min

Fanout         Cap        Slew       Delay        Time   Description
---------------------------------------------------------------------------------------------
                      0.150000    0.000000    0.000000   clock clk (rise edge)
                                  0.000000    0.000000   clock network delay (ideal)
                                  4.000000    4.000000 ^ input external delay
   202    0.726937    3.254360    2.111905    6.111905 ^ rst_n (in)
                                                         rst_n (net)
                      3.254360    0.000000    6.111905 ^ _1200_/RESET_B (sky130_fd_sc_hd__dfrtp_2)
                                              6.111905   data arrival time

                      0.150000    0.000000    0.000000   clock clk (rise edge)
                                  0.000000    0.000000   clock network delay (ideal)
                                  0.250000    0.250000   clock uncertainty
                                  0.000000    0.250000   clock reconvergence pessimism
                                              0.250000 ^ _1200_/CLK (sky130_fd_sc_hd__dfrtp_2)
                                  1.205747    1.455747   library removal time
                                              1.455747   data required time
---------------------------------------------------------------------------------------------
                                              1.455747   data required time
                                             -6.111905   data arrival time
---------------------------------------------------------------------------------------------
                                              4.656157   slack (MET)


Startpoint: rst_n (input port clocked by clk)
Endpoint: _1201_ (removal check against rising-edge clock clk)
Path Group: asynchronous
Path Type: min

Fanout         Cap        Slew       Delay        Time   Description
---------------------------------------------------------------------------------------------
                      0.150000    0.000000    0.000000   clock clk (rise edge)
                                  0.000000    0.000000   clock network delay (ideal)
                                  4.000000    4.000000 ^ input external delay
   202    0.726937    3.254360    2.111905    6.111905 ^ rst_n (in)
                                                         rst_n (net)
                      3.254360    0.000000    6.111905 ^ _1201_/RESET_B (sky130_fd_sc_hd__dfrtp_2)
                                              6.111905   data arrival time

                      0.150000    0.000000    0.000000   clock clk (rise edge)
                                  0.000000    0.000000   clock network delay (ideal)
                                  0.250000    0.250000   clock uncertainty
                                  0.000000    0.250000   clock reconvergence pessimism
                                              0.250000 ^ _1201_/CLK (sky130_fd_sc_hd__dfrtp_2)
                                  1.205747    1.455747   library removal time
                                              1.455747   data required time
---------------------------------------------------------------------------------------------
                                              1.455747   data required time
                                             -6.111905   data arrival time
---------------------------------------------------------------------------------------------
                                              4.656157   slack (MET)


Startpoint: rst_n (input port clocked by clk)
Endpoint: _1202_ (removal check against rising-edge clock clk)
Path Group: asynchronous
Path Type: min

Fanout         Cap        Slew       Delay        Time   Description
---------------------------------------------------------------------------------------------
                      0.150000    0.000000    0.000000   clock clk (rise edge)
                                  0.000000    0.000000   clock network delay (ideal)
                                  4.000000    4.000000 ^ input external delay
   202    0.726937    3.254360    2.111905    6.111905 ^ rst_n (in)
                                                         rst_n (net)
                      3.254360    0.000000    6.111905 ^ _1202_/RESET_B (sky130_fd_sc_hd__dfrtp_2)
                                              6.111905   data arrival time

                      0.150000    0.000000    0.000000   clock clk (rise edge)
                                  0.000000    0.000000   clock network delay (ideal)
                                  0.250000    0.250000   clock uncertainty
                                  0.000000    0.250000   clock reconvergence pessimism
                                              0.250000 ^ _1202_/CLK (sky130_fd_sc_hd__dfrtp_2)
                                  1.205747    1.455747   library removal time
                                              1.455747   data required time
---------------------------------------------------------------------------------------------
                                              1.455747   data required time
                                             -6.111905   data arrival time
---------------------------------------------------------------------------------------------
                                              4.656157   slack (MET)


Startpoint: rst_n (input port clocked by clk)
Endpoint: _1203_ (removal check against rising-edge clock clk)
Path Group: asynchronous
Path Type: min

Fanout         Cap        Slew       Delay        Time   Description
---------------------------------------------------------------------------------------------
                      0.150000    0.000000    0.000000   clock clk (rise edge)
                                  0.000000    0.000000   clock network delay (ideal)
                                  4.000000    4.000000 ^ input external delay
   202    0.726937    3.254360    2.111905    6.111905 ^ rst_n (in)
                                                         rst_n (net)
                      3.254360    0.000000    6.111905 ^ _1203_/RESET_B (sky130_fd_sc_hd__dfrtp_2)
                                              6.111905   data arrival time

                      0.150000    0.000000    0.000000   clock clk (rise edge)
                                  0.000000    0.000000   clock network delay (ideal)
                                  0.250000    0.250000   clock uncertainty
                                  0.000000    0.250000   clock reconvergence pessimism
                                              0.250000 ^ _1203_/CLK (sky130_fd_sc_hd__dfrtp_2)
                                  1.205747    1.455747   library removal time
                                              1.455747   data required time
---------------------------------------------------------------------------------------------
                                              1.455747   data required time
                                             -6.111905   data arrival time
---------------------------------------------------------------------------------------------
                                              4.656157   slack (MET)


Startpoint: rst_n (input port clocked by clk)
Endpoint: _1204_ (removal check against rising-edge clock clk)
Path Group: asynchronous
Path Type: min

Fanout         Cap        Slew       Delay        Time   Description
---------------------------------------------------------------------------------------------
                      0.150000    0.000000    0.000000   clock clk (rise edge)
                                  0.000000    0.000000   clock network delay (ideal)
                                  4.000000    4.000000 ^ input external delay
   202    0.726937    3.254360    2.111905    6.111905 ^ rst_n (in)
                                                         rst_n (net)
                      3.254360    0.000000    6.111905 ^ _1204_/RESET_B (sky130_fd_sc_hd__dfrtp_2)
                                              6.111905   data arrival time

                      0.150000    0.000000    0.000000   clock clk (rise edge)
                                  0.000000    0.000000   clock network delay (ideal)
                                  0.250000    0.250000   clock uncertainty
                                  0.000000    0.250000   clock reconvergence pessimism
                                              0.250000 ^ _1204_/CLK (sky130_fd_sc_hd__dfrtp_2)
                                  1.205747    1.455747   library removal time
                                              1.455747   data required time
---------------------------------------------------------------------------------------------
                                              1.455747   data required time
                                             -6.111905   data arrival time
---------------------------------------------------------------------------------------------
                                              4.656157   slack (MET)


Startpoint: rst_n (input port clocked by clk)
Endpoint: _1205_ (removal check against rising-edge clock clk)
Path Group: asynchronous
Path Type: min

Fanout         Cap        Slew       Delay        Time   Description
---------------------------------------------------------------------------------------------
                      0.150000    0.000000    0.000000   clock clk (rise edge)
                                  0.000000    0.000000   clock network delay (ideal)
                                  4.000000    4.000000 ^ input external delay
   202    0.726937    3.254360    2.111905    6.111905 ^ rst_n (in)
                                                         rst_n (net)
                      3.254360    0.000000    6.111905 ^ _1205_/RESET_B (sky130_fd_sc_hd__dfrtp_2)
                                              6.111905   data arrival time

                      0.150000    0.000000    0.000000   clock clk (rise edge)
                                  0.000000    0.000000   clock network delay (ideal)
                                  0.250000    0.250000   clock uncertainty
                                  0.000000    0.250000   clock reconvergence pessimism
                                              0.250000 ^ _1205_/CLK (sky130_fd_sc_hd__dfrtp_2)
                                  1.205747    1.455747   library removal time
                                              1.455747   data required time
---------------------------------------------------------------------------------------------
                                              1.455747   data required time
                                             -6.111905   data arrival time
---------------------------------------------------------------------------------------------
                                              4.656157   slack (MET)


Startpoint: rst_n (input port clocked by clk)
Endpoint: _1206_ (removal check against rising-edge clock clk)
Path Group: asynchronous
Path Type: min

Fanout         Cap        Slew       Delay        Time   Description
---------------------------------------------------------------------------------------------
                      0.150000    0.000000    0.000000   clock clk (rise edge)
                                  0.000000    0.000000   clock network delay (ideal)
                                  4.000000    4.000000 ^ input external delay
   202    0.726937    3.254360    2.111905    6.111905 ^ rst_n (in)
                                                         rst_n (net)
                      3.254360    0.000000    6.111905 ^ _1206_/RESET_B (sky130_fd_sc_hd__dfrtp_2)
                                              6.111905   data arrival time

                      0.150000    0.000000    0.000000   clock clk (rise edge)
                                  0.000000    0.000000   clock network delay (ideal)
                                  0.250000    0.250000   clock uncertainty
                                  0.000000    0.250000   clock reconvergence pessimism
                                              0.250000 ^ _1206_/CLK (sky130_fd_sc_hd__dfrtp_2)
                                  1.205747    1.455747   library removal time
                                              1.455747   data required time
---------------------------------------------------------------------------------------------
                                              1.455747   data required time
                                             -6.111905   data arrival time
---------------------------------------------------------------------------------------------
                                              4.656157   slack (MET)


Startpoint: rst_n (input port clocked by clk)
Endpoint: _1207_ (removal check against rising-edge clock clk)
Path Group: asynchronous
Path Type: min

Fanout         Cap        Slew       Delay        Time   Description
---------------------------------------------------------------------------------------------
                      0.150000    0.000000    0.000000   clock clk (rise edge)
                                  0.000000    0.000000   clock network delay (ideal)
                                  4.000000    4.000000 ^ input external delay
   202    0.726937    3.254360    2.111905    6.111905 ^ rst_n (in)
                                                         rst_n (net)
                      3.254360    0.000000    6.111905 ^ _1207_/RESET_B (sky130_fd_sc_hd__dfrtp_2)
                                              6.111905   data arrival time

                      0.150000    0.000000    0.000000   clock clk (rise edge)
                                  0.000000    0.000000   clock network delay (ideal)
                                  0.250000    0.250000   clock uncertainty
                                  0.000000    0.250000   clock reconvergence pessimism
                                              0.250000 ^ _1207_/CLK (sky130_fd_sc_hd__dfrtp_2)
                                  1.205747    1.455747   library removal time
                                              1.455747   data required time
---------------------------------------------------------------------------------------------
                                              1.455747   data required time
                                             -6.111905   data arrival time
---------------------------------------------------------------------------------------------
                                              4.656157   slack (MET)


Startpoint: rst_n (input port clocked by clk)
Endpoint: _1208_ (removal check against rising-edge clock clk)
Path Group: asynchronous
Path Type: min

Fanout         Cap        Slew       Delay        Time   Description
---------------------------------------------------------------------------------------------
                      0.150000    0.000000    0.000000   clock clk (rise edge)
                                  0.000000    0.000000   clock network delay (ideal)
                                  4.000000    4.000000 ^ input external delay
   202    0.726937    3.254360    2.111905    6.111905 ^ rst_n (in)
                                                         rst_n (net)
                      3.254360    0.000000    6.111905 ^ _1208_/RESET_B (sky130_fd_sc_hd__dfrtp_2)
                                              6.111905   data arrival time

                      0.150000    0.000000    0.000000   clock clk (rise edge)
                                  0.000000    0.000000   clock network delay (ideal)
                                  0.250000    0.250000   clock uncertainty
                                  0.000000    0.250000   clock reconvergence pessimism
                                              0.250000 ^ _1208_/CLK (sky130_fd_sc_hd__dfrtp_2)
                                  1.205747    1.455747   library removal time
                                              1.455747   data required time
---------------------------------------------------------------------------------------------
                                              1.455747   data required time
                                             -6.111905   data arrival time
---------------------------------------------------------------------------------------------
                                              4.656157   slack (MET)


Startpoint: rst_n (input port clocked by clk)
Endpoint: _1209_ (removal check against rising-edge clock clk)
Path Group: asynchronous
Path Type: min

Fanout         Cap        Slew       Delay        Time   Description
---------------------------------------------------------------------------------------------
                      0.150000    0.000000    0.000000   clock clk (rise edge)
                                  0.000000    0.000000   clock network delay (ideal)
                                  4.000000    4.000000 ^ input external delay
   202    0.726937    3.254360    2.111905    6.111905 ^ rst_n (in)
                                                         rst_n (net)
                      3.254360    0.000000    6.111905 ^ _1209_/RESET_B (sky130_fd_sc_hd__dfrtp_2)
                                              6.111905   data arrival time

                      0.150000    0.000000    0.000000   clock clk (rise edge)
                                  0.000000    0.000000   clock network delay (ideal)
                                  0.250000    0.250000   clock uncertainty
                                  0.000000    0.250000   clock reconvergence pessimism
                                              0.250000 ^ _1209_/CLK (sky130_fd_sc_hd__dfrtp_2)
                                  1.205747    1.455747   library removal time
                                              1.455747   data required time
---------------------------------------------------------------------------------------------
                                              1.455747   data required time
                                             -6.111905   data arrival time
---------------------------------------------------------------------------------------------
                                              4.656157   slack (MET)


Startpoint: rst_n (input port clocked by clk)
Endpoint: _1210_ (removal check against rising-edge clock clk)
Path Group: asynchronous
Path Type: min

Fanout         Cap        Slew       Delay        Time   Description
---------------------------------------------------------------------------------------------
                      0.150000    0.000000    0.000000   clock clk (rise edge)
                                  0.000000    0.000000   clock network delay (ideal)
                                  4.000000    4.000000 ^ input external delay
   202    0.726937    3.254360    2.111905    6.111905 ^ rst_n (in)
                                                         rst_n (net)
                      3.254360    0.000000    6.111905 ^ _1210_/RESET_B (sky130_fd_sc_hd__dfrtp_2)
                                              6.111905   data arrival time

                      0.150000    0.000000    0.000000   clock clk (rise edge)
                                  0.000000    0.000000   clock network delay (ideal)
                                  0.250000    0.250000   clock uncertainty
                                  0.000000    0.250000   clock reconvergence pessimism
                                              0.250000 ^ _1210_/CLK (sky130_fd_sc_hd__dfrtp_2)
                                  1.205747    1.455747   library removal time
                                              1.455747   data required time
---------------------------------------------------------------------------------------------
                                              1.455747   data required time
                                             -6.111905   data arrival time
---------------------------------------------------------------------------------------------
                                              4.656157   slack (MET)


Startpoint: rst_n (input port clocked by clk)
Endpoint: _1211_ (removal check against rising-edge clock clk)
Path Group: asynchronous
Path Type: min

Fanout         Cap        Slew       Delay        Time   Description
---------------------------------------------------------------------------------------------
                      0.150000    0.000000    0.000000   clock clk (rise edge)
                                  0.000000    0.000000   clock network delay (ideal)
                                  4.000000    4.000000 ^ input external delay
   202    0.726937    3.254360    2.111905    6.111905 ^ rst_n (in)
                                                         rst_n (net)
                      3.254360    0.000000    6.111905 ^ _1211_/RESET_B (sky130_fd_sc_hd__dfrtp_2)
                                              6.111905   data arrival time

                      0.150000    0.000000    0.000000   clock clk (rise edge)
                                  0.000000    0.000000   clock network delay (ideal)
                                  0.250000    0.250000   clock uncertainty
                                  0.000000    0.250000   clock reconvergence pessimism
                                              0.250000 ^ _1211_/CLK (sky130_fd_sc_hd__dfrtp_2)
                                  1.205747    1.455747   library removal time
                                              1.455747   data required time
---------------------------------------------------------------------------------------------
                                              1.455747   data required time
                                             -6.111905   data arrival time
---------------------------------------------------------------------------------------------
                                              4.656157   slack (MET)


Startpoint: rst_n (input port clocked by clk)
Endpoint: _1212_ (removal check against rising-edge clock clk)
Path Group: asynchronous
Path Type: min

Fanout         Cap        Slew       Delay        Time   Description
---------------------------------------------------------------------------------------------
                      0.150000    0.000000    0.000000   clock clk (rise edge)
                                  0.000000    0.000000   clock network delay (ideal)
                                  4.000000    4.000000 ^ input external delay
   202    0.726937    3.254360    2.111905    6.111905 ^ rst_n (in)
                                                         rst_n (net)
                      3.254360    0.000000    6.111905 ^ _1212_/RESET_B (sky130_fd_sc_hd__dfrtp_2)
                                              6.111905   data arrival time

                      0.150000    0.000000    0.000000   clock clk (rise edge)
                                  0.000000    0.000000   clock network delay (ideal)
                                  0.250000    0.250000   clock uncertainty
                                  0.000000    0.250000   clock reconvergence pessimism
                                              0.250000 ^ _1212_/CLK (sky130_fd_sc_hd__dfrtp_2)
                                  1.205747    1.455747   library removal time
                                              1.455747   data required time
---------------------------------------------------------------------------------------------
                                              1.455747   data required time
                                             -6.111905   data arrival time
---------------------------------------------------------------------------------------------
                                              4.656157   slack (MET)


Startpoint: rst_n (input port clocked by clk)
Endpoint: _1213_ (removal check against rising-edge clock clk)
Path Group: asynchronous
Path Type: min

Fanout         Cap        Slew       Delay        Time   Description
---------------------------------------------------------------------------------------------
                      0.150000    0.000000    0.000000   clock clk (rise edge)
                                  0.000000    0.000000   clock network delay (ideal)
                                  4.000000    4.000000 ^ input external delay
   202    0.726937    3.254360    2.111905    6.111905 ^ rst_n (in)
                                                         rst_n (net)
                      3.254360    0.000000    6.111905 ^ _1213_/RESET_B (sky130_fd_sc_hd__dfrtp_2)
                                              6.111905   data arrival time

                      0.150000    0.000000    0.000000   clock clk (rise edge)
                                  0.000000    0.000000   clock network delay (ideal)
                                  0.250000    0.250000   clock uncertainty
                                  0.000000    0.250000   clock reconvergence pessimism
                                              0.250000 ^ _1213_/CLK (sky130_fd_sc_hd__dfrtp_2)
                                  1.205747    1.455747   library removal time
                                              1.455747   data required time
---------------------------------------------------------------------------------------------
                                              1.455747   data required time
                                             -6.111905   data arrival time
---------------------------------------------------------------------------------------------
                                              4.656157   slack (MET)


Startpoint: rst_n (input port clocked by clk)
Endpoint: _1214_ (removal check against rising-edge clock clk)
Path Group: asynchronous
Path Type: min

Fanout         Cap        Slew       Delay        Time   Description
---------------------------------------------------------------------------------------------
                      0.150000    0.000000    0.000000   clock clk (rise edge)
                                  0.000000    0.000000   clock network delay (ideal)
                                  4.000000    4.000000 ^ input external delay
   202    0.726937    3.254360    2.111905    6.111905 ^ rst_n (in)
                                                         rst_n (net)
                      3.254360    0.000000    6.111905 ^ _1214_/RESET_B (sky130_fd_sc_hd__dfrtp_2)
                                              6.111905   data arrival time

                      0.150000    0.000000    0.000000   clock clk (rise edge)
                                  0.000000    0.000000   clock network delay (ideal)
                                  0.250000    0.250000   clock uncertainty
                                  0.000000    0.250000   clock reconvergence pessimism
                                              0.250000 ^ _1214_/CLK (sky130_fd_sc_hd__dfrtp_2)
                                  1.205747    1.455747   library removal time
                                              1.455747   data required time
---------------------------------------------------------------------------------------------
                                              1.455747   data required time
                                             -6.111905   data arrival time
---------------------------------------------------------------------------------------------
                                              4.656157   slack (MET)


Startpoint: rst_n (input port clocked by clk)
Endpoint: _1215_ (removal check against rising-edge clock clk)
Path Group: asynchronous
Path Type: min

Fanout         Cap        Slew       Delay        Time   Description
---------------------------------------------------------------------------------------------
                      0.150000    0.000000    0.000000   clock clk (rise edge)
                                  0.000000    0.000000   clock network delay (ideal)
                                  4.000000    4.000000 ^ input external delay
   202    0.726937    3.254360    2.111905    6.111905 ^ rst_n (in)
                                                         rst_n (net)
                      3.254360    0.000000    6.111905 ^ _1215_/RESET_B (sky130_fd_sc_hd__dfrtp_2)
                                              6.111905   data arrival time

                      0.150000    0.000000    0.000000   clock clk (rise edge)
                                  0.000000    0.000000   clock network delay (ideal)
                                  0.250000    0.250000   clock uncertainty
                                  0.000000    0.250000   clock reconvergence pessimism
                                              0.250000 ^ _1215_/CLK (sky130_fd_sc_hd__dfrtp_2)
                                  1.205747    1.455747   library removal time
                                              1.455747   data required time
---------------------------------------------------------------------------------------------
                                              1.455747   data required time
                                             -6.111905   data arrival time
---------------------------------------------------------------------------------------------
                                              4.656157   slack (MET)


Startpoint: rst_n (input port clocked by clk)
Endpoint: _1216_ (removal check against rising-edge clock clk)
Path Group: asynchronous
Path Type: min

Fanout         Cap        Slew       Delay        Time   Description
---------------------------------------------------------------------------------------------
                      0.150000    0.000000    0.000000   clock clk (rise edge)
                                  0.000000    0.000000   clock network delay (ideal)
                                  4.000000    4.000000 ^ input external delay
   202    0.726937    3.254360    2.111905    6.111905 ^ rst_n (in)
                                                         rst_n (net)
                      3.254360    0.000000    6.111905 ^ _1216_/RESET_B (sky130_fd_sc_hd__dfrtp_2)
                                              6.111905   data arrival time

                      0.150000    0.000000    0.000000   clock clk (rise edge)
                                  0.000000    0.000000   clock network delay (ideal)
                                  0.250000    0.250000   clock uncertainty
                                  0.000000    0.250000   clock reconvergence pessimism
                                              0.250000 ^ _1216_/CLK (sky130_fd_sc_hd__dfrtp_2)
                                  1.205747    1.455747   library removal time
                                              1.455747   data required time
---------------------------------------------------------------------------------------------
                                              1.455747   data required time
                                             -6.111905   data arrival time
---------------------------------------------------------------------------------------------
                                              4.656157   slack (MET)


Startpoint: rst_n (input port clocked by clk)
Endpoint: _1217_ (removal check against rising-edge clock clk)
Path Group: asynchronous
Path Type: min

Fanout         Cap        Slew       Delay        Time   Description
---------------------------------------------------------------------------------------------
                      0.150000    0.000000    0.000000   clock clk (rise edge)
                                  0.000000    0.000000   clock network delay (ideal)
                                  4.000000    4.000000 ^ input external delay
   202    0.726937    3.254360    2.111905    6.111905 ^ rst_n (in)
                                                         rst_n (net)
                      3.254360    0.000000    6.111905 ^ _1217_/RESET_B (sky130_fd_sc_hd__dfrtp_2)
                                              6.111905   data arrival time

                      0.150000    0.000000    0.000000   clock clk (rise edge)
                                  0.000000    0.000000   clock network delay (ideal)
                                  0.250000    0.250000   clock uncertainty
                                  0.000000    0.250000   clock reconvergence pessimism
                                              0.250000 ^ _1217_/CLK (sky130_fd_sc_hd__dfrtp_2)
                                  1.205747    1.455747   library removal time
                                              1.455747   data required time
---------------------------------------------------------------------------------------------
                                              1.455747   data required time
                                             -6.111905   data arrival time
---------------------------------------------------------------------------------------------
                                              4.656157   slack (MET)


Startpoint: rst_n (input port clocked by clk)
Endpoint: _1218_ (removal check against rising-edge clock clk)
Path Group: asynchronous
Path Type: min

Fanout         Cap        Slew       Delay        Time   Description
---------------------------------------------------------------------------------------------
                      0.150000    0.000000    0.000000   clock clk (rise edge)
                                  0.000000    0.000000   clock network delay (ideal)
                                  4.000000    4.000000 ^ input external delay
   202    0.726937    3.254360    2.111905    6.111905 ^ rst_n (in)
                                                         rst_n (net)
                      3.254360    0.000000    6.111905 ^ _1218_/RESET_B (sky130_fd_sc_hd__dfrtp_2)
                                              6.111905   data arrival time

                      0.150000    0.000000    0.000000   clock clk (rise edge)
                                  0.000000    0.000000   clock network delay (ideal)
                                  0.250000    0.250000   clock uncertainty
                                  0.000000    0.250000   clock reconvergence pessimism
                                              0.250000 ^ _1218_/CLK (sky130_fd_sc_hd__dfrtp_2)
                                  1.205747    1.455747   library removal time
                                              1.455747   data required time
---------------------------------------------------------------------------------------------
                                              1.455747   data required time
                                             -6.111905   data arrival time
---------------------------------------------------------------------------------------------
                                              4.656157   slack (MET)


Startpoint: rst_n (input port clocked by clk)
Endpoint: _1219_ (removal check against rising-edge clock clk)
Path Group: asynchronous
Path Type: min

Fanout         Cap        Slew       Delay        Time   Description
---------------------------------------------------------------------------------------------
                      0.150000    0.000000    0.000000   clock clk (rise edge)
                                  0.000000    0.000000   clock network delay (ideal)
                                  4.000000    4.000000 ^ input external delay
   202    0.726937    3.254360    2.111905    6.111905 ^ rst_n (in)
                                                         rst_n (net)
                      3.254360    0.000000    6.111905 ^ _1219_/RESET_B (sky130_fd_sc_hd__dfrtp_2)
                                              6.111905   data arrival time

                      0.150000    0.000000    0.000000   clock clk (rise edge)
                                  0.000000    0.000000   clock network delay (ideal)
                                  0.250000    0.250000   clock uncertainty
                                  0.000000    0.250000   clock reconvergence pessimism
                                              0.250000 ^ _1219_/CLK (sky130_fd_sc_hd__dfrtp_2)
                                  1.205747    1.455747   library removal time
                                              1.455747   data required time
---------------------------------------------------------------------------------------------
                                              1.455747   data required time
                                             -6.111905   data arrival time
---------------------------------------------------------------------------------------------
                                              4.656157   slack (MET)


Startpoint: rst_n (input port clocked by clk)
Endpoint: _1220_ (removal check against rising-edge clock clk)
Path Group: asynchronous
Path Type: min

Fanout         Cap        Slew       Delay        Time   Description
---------------------------------------------------------------------------------------------
                      0.150000    0.000000    0.000000   clock clk (rise edge)
                                  0.000000    0.000000   clock network delay (ideal)
                                  4.000000    4.000000 ^ input external delay
   202    0.726937    3.254360    2.111905    6.111905 ^ rst_n (in)
                                                         rst_n (net)
                      3.254360    0.000000    6.111905 ^ _1220_/RESET_B (sky130_fd_sc_hd__dfrtp_2)
                                              6.111905   data arrival time

                      0.150000    0.000000    0.000000   clock clk (rise edge)
                                  0.000000    0.000000   clock network delay (ideal)
                                  0.250000    0.250000   clock uncertainty
                                  0.000000    0.250000   clock reconvergence pessimism
                                              0.250000 ^ _1220_/CLK (sky130_fd_sc_hd__dfrtp_2)
                                  1.205747    1.455747   library removal time
                                              1.455747   data required time
---------------------------------------------------------------------------------------------
                                              1.455747   data required time
                                             -6.111905   data arrival time
---------------------------------------------------------------------------------------------
                                              4.656157   slack (MET)


Startpoint: rst_n (input port clocked by clk)
Endpoint: _1221_ (removal check against rising-edge clock clk)
Path Group: asynchronous
Path Type: min

Fanout         Cap        Slew       Delay        Time   Description
---------------------------------------------------------------------------------------------
                      0.150000    0.000000    0.000000   clock clk (rise edge)
                                  0.000000    0.000000   clock network delay (ideal)
                                  4.000000    4.000000 ^ input external delay
   202    0.726937    3.254360    2.111905    6.111905 ^ rst_n (in)
                                                         rst_n (net)
                      3.254360    0.000000    6.111905 ^ _1221_/RESET_B (sky130_fd_sc_hd__dfrtp_2)
                                              6.111905   data arrival time

                      0.150000    0.000000    0.000000   clock clk (rise edge)
                                  0.000000    0.000000   clock network delay (ideal)
                                  0.250000    0.250000   clock uncertainty
                                  0.000000    0.250000   clock reconvergence pessimism
                                              0.250000 ^ _1221_/CLK (sky130_fd_sc_hd__dfrtp_2)
                                  1.205747    1.455747   library removal time
                                              1.455747   data required time
---------------------------------------------------------------------------------------------
                                              1.455747   data required time
                                             -6.111905   data arrival time
---------------------------------------------------------------------------------------------
                                              4.656157   slack (MET)


Startpoint: rst_n (input port clocked by clk)
Endpoint: _1222_ (removal check against rising-edge clock clk)
Path Group: asynchronous
Path Type: min

Fanout         Cap        Slew       Delay        Time   Description
---------------------------------------------------------------------------------------------
                      0.150000    0.000000    0.000000   clock clk (rise edge)
                                  0.000000    0.000000   clock network delay (ideal)
                                  4.000000    4.000000 ^ input external delay
   202    0.726937    3.254360    2.111905    6.111905 ^ rst_n (in)
                                                         rst_n (net)
                      3.254360    0.000000    6.111905 ^ _1222_/RESET_B (sky130_fd_sc_hd__dfrtp_2)
                                              6.111905   data arrival time

                      0.150000    0.000000    0.000000   clock clk (rise edge)
                                  0.000000    0.000000   clock network delay (ideal)
                                  0.250000    0.250000   clock uncertainty
                                  0.000000    0.250000   clock reconvergence pessimism
                                              0.250000 ^ _1222_/CLK (sky130_fd_sc_hd__dfrtp_2)
                                  1.205747    1.455747   library removal time
                                              1.455747   data required time
---------------------------------------------------------------------------------------------
                                              1.455747   data required time
                                             -6.111905   data arrival time
---------------------------------------------------------------------------------------------
                                              4.656157   slack (MET)


Startpoint: rst_n (input port clocked by clk)
Endpoint: _1223_ (removal check against rising-edge clock clk)
Path Group: asynchronous
Path Type: min

Fanout         Cap        Slew       Delay        Time   Description
---------------------------------------------------------------------------------------------
                      0.150000    0.000000    0.000000   clock clk (rise edge)
                                  0.000000    0.000000   clock network delay (ideal)
                                  4.000000    4.000000 ^ input external delay
   202    0.726937    3.254360    2.111905    6.111905 ^ rst_n (in)
                                                         rst_n (net)
                      3.254360    0.000000    6.111905 ^ _1223_/RESET_B (sky130_fd_sc_hd__dfrtp_2)
                                              6.111905   data arrival time

                      0.150000    0.000000    0.000000   clock clk (rise edge)
                                  0.000000    0.000000   clock network delay (ideal)
                                  0.250000    0.250000   clock uncertainty
                                  0.000000    0.250000   clock reconvergence pessimism
                                              0.250000 ^ _1223_/CLK (sky130_fd_sc_hd__dfrtp_2)
                                  1.205747    1.455747   library removal time
                                              1.455747   data required time
---------------------------------------------------------------------------------------------
                                              1.455747   data required time
                                             -6.111905   data arrival time
---------------------------------------------------------------------------------------------
                                              4.656157   slack (MET)


Startpoint: rst_n (input port clocked by clk)
Endpoint: _1224_ (removal check against rising-edge clock clk)
Path Group: asynchronous
Path Type: min

Fanout         Cap        Slew       Delay        Time   Description
---------------------------------------------------------------------------------------------
                      0.150000    0.000000    0.000000   clock clk (rise edge)
                                  0.000000    0.000000   clock network delay (ideal)
                                  4.000000    4.000000 ^ input external delay
   202    0.726937    3.254360    2.111905    6.111905 ^ rst_n (in)
                                                         rst_n (net)
                      3.254360    0.000000    6.111905 ^ _1224_/RESET_B (sky130_fd_sc_hd__dfrtp_2)
                                              6.111905   data arrival time

                      0.150000    0.000000    0.000000   clock clk (rise edge)
                                  0.000000    0.000000   clock network delay (ideal)
                                  0.250000    0.250000   clock uncertainty
                                  0.000000    0.250000   clock reconvergence pessimism
                                              0.250000 ^ _1224_/CLK (sky130_fd_sc_hd__dfrtp_2)
                                  1.205747    1.455747   library removal time
                                              1.455747   data required time
---------------------------------------------------------------------------------------------
                                              1.455747   data required time
                                             -6.111905   data arrival time
---------------------------------------------------------------------------------------------
                                              4.656157   slack (MET)


Startpoint: rst_n (input port clocked by clk)
Endpoint: _1225_ (removal check against rising-edge clock clk)
Path Group: asynchronous
Path Type: min

Fanout         Cap        Slew       Delay        Time   Description
---------------------------------------------------------------------------------------------
                      0.150000    0.000000    0.000000   clock clk (rise edge)
                                  0.000000    0.000000   clock network delay (ideal)
                                  4.000000    4.000000 ^ input external delay
   202    0.726937    3.254360    2.111905    6.111905 ^ rst_n (in)
                                                         rst_n (net)
                      3.254360    0.000000    6.111905 ^ _1225_/RESET_B (sky130_fd_sc_hd__dfrtp_2)
                                              6.111905   data arrival time

                      0.150000    0.000000    0.000000   clock clk (rise edge)
                                  0.000000    0.000000   clock network delay (ideal)
                                  0.250000    0.250000   clock uncertainty
                                  0.000000    0.250000   clock reconvergence pessimism
                                              0.250000 ^ _1225_/CLK (sky130_fd_sc_hd__dfrtp_2)
                                  1.205747    1.455747   library removal time
                                              1.455747   data required time
---------------------------------------------------------------------------------------------
                                              1.455747   data required time
                                             -6.111905   data arrival time
---------------------------------------------------------------------------------------------
                                              4.656157   slack (MET)


Startpoint: rst_n (input port clocked by clk)
Endpoint: _1226_ (removal check against rising-edge clock clk)
Path Group: asynchronous
Path Type: min

Fanout         Cap        Slew       Delay        Time   Description
---------------------------------------------------------------------------------------------
                      0.150000    0.000000    0.000000   clock clk (rise edge)
                                  0.000000    0.000000   clock network delay (ideal)
                                  4.000000    4.000000 ^ input external delay
   202    0.726937    3.254360    2.111905    6.111905 ^ rst_n (in)
                                                         rst_n (net)
                      3.254360    0.000000    6.111905 ^ _1226_/RESET_B (sky130_fd_sc_hd__dfrtp_2)
                                              6.111905   data arrival time

                      0.150000    0.000000    0.000000   clock clk (rise edge)
                                  0.000000    0.000000   clock network delay (ideal)
                                  0.250000    0.250000   clock uncertainty
                                  0.000000    0.250000   clock reconvergence pessimism
                                              0.250000 ^ _1226_/CLK (sky130_fd_sc_hd__dfrtp_2)
                                  1.205747    1.455747   library removal time
                                              1.455747   data required time
---------------------------------------------------------------------------------------------
                                              1.455747   data required time
                                             -6.111905   data arrival time
---------------------------------------------------------------------------------------------
                                              4.656157   slack (MET)


Startpoint: rst_n (input port clocked by clk)
Endpoint: _1227_ (removal check against rising-edge clock clk)
Path Group: asynchronous
Path Type: min

Fanout         Cap        Slew       Delay        Time   Description
---------------------------------------------------------------------------------------------
                      0.150000    0.000000    0.000000   clock clk (rise edge)
                                  0.000000    0.000000   clock network delay (ideal)
                                  4.000000    4.000000 ^ input external delay
   202    0.726937    3.254360    2.111905    6.111905 ^ rst_n (in)
                                                         rst_n (net)
                      3.254360    0.000000    6.111905 ^ _1227_/RESET_B (sky130_fd_sc_hd__dfrtp_2)
                                              6.111905   data arrival time

                      0.150000    0.000000    0.000000   clock clk (rise edge)
                                  0.000000    0.000000   clock network delay (ideal)
                                  0.250000    0.250000   clock uncertainty
                                  0.000000    0.250000   clock reconvergence pessimism
                                              0.250000 ^ _1227_/CLK (sky130_fd_sc_hd__dfrtp_2)
                                  1.205747    1.455747   library removal time
                                              1.455747   data required time
---------------------------------------------------------------------------------------------
                                              1.455747   data required time
                                             -6.111905   data arrival time
---------------------------------------------------------------------------------------------
                                              4.656157   slack (MET)


Startpoint: rst_n (input port clocked by clk)
Endpoint: _1228_ (removal check against rising-edge clock clk)
Path Group: asynchronous
Path Type: min

Fanout         Cap        Slew       Delay        Time   Description
---------------------------------------------------------------------------------------------
                      0.150000    0.000000    0.000000   clock clk (rise edge)
                                  0.000000    0.000000   clock network delay (ideal)
                                  4.000000    4.000000 ^ input external delay
   202    0.726937    3.254360    2.111905    6.111905 ^ rst_n (in)
                                                         rst_n (net)
                      3.254360    0.000000    6.111905 ^ _1228_/RESET_B (sky130_fd_sc_hd__dfrtp_2)
                                              6.111905   data arrival time

                      0.150000    0.000000    0.000000   clock clk (rise edge)
                                  0.000000    0.000000   clock network delay (ideal)
                                  0.250000    0.250000   clock uncertainty
                                  0.000000    0.250000   clock reconvergence pessimism
                                              0.250000 ^ _1228_/CLK (sky130_fd_sc_hd__dfrtp_2)
                                  1.205747    1.455747   library removal time
                                              1.455747   data required time
---------------------------------------------------------------------------------------------
                                              1.455747   data required time
                                             -6.111905   data arrival time
---------------------------------------------------------------------------------------------
                                              4.656157   slack (MET)


Startpoint: rst_n (input port clocked by clk)
Endpoint: _1229_ (removal check against rising-edge clock clk)
Path Group: asynchronous
Path Type: min

Fanout         Cap        Slew       Delay        Time   Description
---------------------------------------------------------------------------------------------
                      0.150000    0.000000    0.000000   clock clk (rise edge)
                                  0.000000    0.000000   clock network delay (ideal)
                                  4.000000    4.000000 ^ input external delay
   202    0.726937    3.254360    2.111905    6.111905 ^ rst_n (in)
                                                         rst_n (net)
                      3.254360    0.000000    6.111905 ^ _1229_/RESET_B (sky130_fd_sc_hd__dfrtp_2)
                                              6.111905   data arrival time

                      0.150000    0.000000    0.000000   clock clk (rise edge)
                                  0.000000    0.000000   clock network delay (ideal)
                                  0.250000    0.250000   clock uncertainty
                                  0.000000    0.250000   clock reconvergence pessimism
                                              0.250000 ^ _1229_/CLK (sky130_fd_sc_hd__dfrtp_2)
                                  1.205747    1.455747   library removal time
                                              1.455747   data required time
---------------------------------------------------------------------------------------------
                                              1.455747   data required time
                                             -6.111905   data arrival time
---------------------------------------------------------------------------------------------
                                              4.656157   slack (MET)


Startpoint: rst_n (input port clocked by clk)
Endpoint: _1230_ (removal check against rising-edge clock clk)
Path Group: asynchronous
Path Type: min

Fanout         Cap        Slew       Delay        Time   Description
---------------------------------------------------------------------------------------------
                      0.150000    0.000000    0.000000   clock clk (rise edge)
                                  0.000000    0.000000   clock network delay (ideal)
                                  4.000000    4.000000 ^ input external delay
   202    0.726937    3.254360    2.111905    6.111905 ^ rst_n (in)
                                                         rst_n (net)
                      3.254360    0.000000    6.111905 ^ _1230_/RESET_B (sky130_fd_sc_hd__dfrtp_2)
                                              6.111905   data arrival time

                      0.150000    0.000000    0.000000   clock clk (rise edge)
                                  0.000000    0.000000   clock network delay (ideal)
                                  0.250000    0.250000   clock uncertainty
                                  0.000000    0.250000   clock reconvergence pessimism
                                              0.250000 ^ _1230_/CLK (sky130_fd_sc_hd__dfrtp_2)
                                  1.205747    1.455747   library removal time
                                              1.455747   data required time
---------------------------------------------------------------------------------------------
                                              1.455747   data required time
                                             -6.111905   data arrival time
---------------------------------------------------------------------------------------------
                                              4.656157   slack (MET)


Startpoint: rst_n (input port clocked by clk)
Endpoint: _1231_ (removal check against rising-edge clock clk)
Path Group: asynchronous
Path Type: min

Fanout         Cap        Slew       Delay        Time   Description
---------------------------------------------------------------------------------------------
                      0.150000    0.000000    0.000000   clock clk (rise edge)
                                  0.000000    0.000000   clock network delay (ideal)
                                  4.000000    4.000000 ^ input external delay
   202    0.726937    3.254360    2.111905    6.111905 ^ rst_n (in)
                                                         rst_n (net)
                      3.254360    0.000000    6.111905 ^ _1231_/RESET_B (sky130_fd_sc_hd__dfrtp_2)
                                              6.111905   data arrival time

                      0.150000    0.000000    0.000000   clock clk (rise edge)
                                  0.000000    0.000000   clock network delay (ideal)
                                  0.250000    0.250000   clock uncertainty
                                  0.000000    0.250000   clock reconvergence pessimism
                                              0.250000 ^ _1231_/CLK (sky130_fd_sc_hd__dfrtp_2)
                                  1.205747    1.455747   library removal time
                                              1.455747   data required time
---------------------------------------------------------------------------------------------
                                              1.455747   data required time
                                             -6.111905   data arrival time
---------------------------------------------------------------------------------------------
                                              4.656157   slack (MET)


Startpoint: rst_n (input port clocked by clk)
Endpoint: _1232_ (removal check against rising-edge clock clk)
Path Group: asynchronous
Path Type: min

Fanout         Cap        Slew       Delay        Time   Description
---------------------------------------------------------------------------------------------
                      0.150000    0.000000    0.000000   clock clk (rise edge)
                                  0.000000    0.000000   clock network delay (ideal)
                                  4.000000    4.000000 ^ input external delay
   202    0.726937    3.254360    2.111905    6.111905 ^ rst_n (in)
                                                         rst_n (net)
                      3.254360    0.000000    6.111905 ^ _1232_/RESET_B (sky130_fd_sc_hd__dfrtp_2)
                                              6.111905   data arrival time

                      0.150000    0.000000    0.000000   clock clk (rise edge)
                                  0.000000    0.000000   clock network delay (ideal)
                                  0.250000    0.250000   clock uncertainty
                                  0.000000    0.250000   clock reconvergence pessimism
                                              0.250000 ^ _1232_/CLK (sky130_fd_sc_hd__dfrtp_2)
                                  1.205747    1.455747   library removal time
                                              1.455747   data required time
---------------------------------------------------------------------------------------------
                                              1.455747   data required time
                                             -6.111905   data arrival time
---------------------------------------------------------------------------------------------
                                              4.656157   slack (MET)


Startpoint: rst_n (input port clocked by clk)
Endpoint: _1233_ (removal check against rising-edge clock clk)
Path Group: asynchronous
Path Type: min

Fanout         Cap        Slew       Delay        Time   Description
---------------------------------------------------------------------------------------------
                      0.150000    0.000000    0.000000   clock clk (rise edge)
                                  0.000000    0.000000   clock network delay (ideal)
                                  4.000000    4.000000 ^ input external delay
   202    0.726937    3.254360    2.111905    6.111905 ^ rst_n (in)
                                                         rst_n (net)
                      3.254360    0.000000    6.111905 ^ _1233_/RESET_B (sky130_fd_sc_hd__dfrtp_2)
                                              6.111905   data arrival time

                      0.150000    0.000000    0.000000   clock clk (rise edge)
                                  0.000000    0.000000   clock network delay (ideal)
                                  0.250000    0.250000   clock uncertainty
                                  0.000000    0.250000   clock reconvergence pessimism
                                              0.250000 ^ _1233_/CLK (sky130_fd_sc_hd__dfrtp_2)
                                  1.205747    1.455747   library removal time
                                              1.455747   data required time
---------------------------------------------------------------------------------------------
                                              1.455747   data required time
                                             -6.111905   data arrival time
---------------------------------------------------------------------------------------------
                                              4.656157   slack (MET)


Startpoint: rst_n (input port clocked by clk)
Endpoint: _1234_ (removal check against rising-edge clock clk)
Path Group: asynchronous
Path Type: min

Fanout         Cap        Slew       Delay        Time   Description
---------------------------------------------------------------------------------------------
                      0.150000    0.000000    0.000000   clock clk (rise edge)
                                  0.000000    0.000000   clock network delay (ideal)
                                  4.000000    4.000000 ^ input external delay
   202    0.726937    3.254360    2.111905    6.111905 ^ rst_n (in)
                                                         rst_n (net)
                      3.254360    0.000000    6.111905 ^ _1234_/RESET_B (sky130_fd_sc_hd__dfrtp_2)
                                              6.111905   data arrival time

                      0.150000    0.000000    0.000000   clock clk (rise edge)
                                  0.000000    0.000000   clock network delay (ideal)
                                  0.250000    0.250000   clock uncertainty
                                  0.000000    0.250000   clock reconvergence pessimism
                                              0.250000 ^ _1234_/CLK (sky130_fd_sc_hd__dfrtp_2)
                                  1.205747    1.455747   library removal time
                                              1.455747   data required time
---------------------------------------------------------------------------------------------
                                              1.455747   data required time
                                             -6.111905   data arrival time
---------------------------------------------------------------------------------------------
                                              4.656157   slack (MET)


Startpoint: rst_n (input port clocked by clk)
Endpoint: _1235_ (removal check against rising-edge clock clk)
Path Group: asynchronous
Path Type: min

Fanout         Cap        Slew       Delay        Time   Description
---------------------------------------------------------------------------------------------
                      0.150000    0.000000    0.000000   clock clk (rise edge)
                                  0.000000    0.000000   clock network delay (ideal)
                                  4.000000    4.000000 ^ input external delay
   202    0.726937    3.254360    2.111905    6.111905 ^ rst_n (in)
                                                         rst_n (net)
                      3.254360    0.000000    6.111905 ^ _1235_/RESET_B (sky130_fd_sc_hd__dfrtp_2)
                                              6.111905   data arrival time

                      0.150000    0.000000    0.000000   clock clk (rise edge)
                                  0.000000    0.000000   clock network delay (ideal)
                                  0.250000    0.250000   clock uncertainty
                                  0.000000    0.250000   clock reconvergence pessimism
                                              0.250000 ^ _1235_/CLK (sky130_fd_sc_hd__dfrtp_2)
                                  1.205747    1.455747   library removal time
                                              1.455747   data required time
---------------------------------------------------------------------------------------------
                                              1.455747   data required time
                                             -6.111905   data arrival time
---------------------------------------------------------------------------------------------
                                              4.656157   slack (MET)


Startpoint: rst_n (input port clocked by clk)
Endpoint: _1236_ (removal check against rising-edge clock clk)
Path Group: asynchronous
Path Type: min

Fanout         Cap        Slew       Delay        Time   Description
---------------------------------------------------------------------------------------------
                      0.150000    0.000000    0.000000   clock clk (rise edge)
                                  0.000000    0.000000   clock network delay (ideal)
                                  4.000000    4.000000 ^ input external delay
   202    0.726937    3.254360    2.111905    6.111905 ^ rst_n (in)
                                                         rst_n (net)
                      3.254360    0.000000    6.111905 ^ _1236_/RESET_B (sky130_fd_sc_hd__dfrtp_2)
                                              6.111905   data arrival time

                      0.150000    0.000000    0.000000   clock clk (rise edge)
                                  0.000000    0.000000   clock network delay (ideal)
                                  0.250000    0.250000   clock uncertainty
                                  0.000000    0.250000   clock reconvergence pessimism
                                              0.250000 ^ _1236_/CLK (sky130_fd_sc_hd__dfrtp_2)
                                  1.205747    1.455747   library removal time
                                              1.455747   data required time
---------------------------------------------------------------------------------------------
                                              1.455747   data required time
                                             -6.111905   data arrival time
---------------------------------------------------------------------------------------------
                                              4.656157   slack (MET)


Startpoint: rst_n (input port clocked by clk)
Endpoint: _1237_ (removal check against rising-edge clock clk)
Path Group: asynchronous
Path Type: min

Fanout         Cap        Slew       Delay        Time   Description
---------------------------------------------------------------------------------------------
                      0.150000    0.000000    0.000000   clock clk (rise edge)
                                  0.000000    0.000000   clock network delay (ideal)
                                  4.000000    4.000000 ^ input external delay
   202    0.726937    3.254360    2.111905    6.111905 ^ rst_n (in)
                                                         rst_n (net)
                      3.254360    0.000000    6.111905 ^ _1237_/RESET_B (sky130_fd_sc_hd__dfrtp_2)
                                              6.111905   data arrival time

                      0.150000    0.000000    0.000000   clock clk (rise edge)
                                  0.000000    0.000000   clock network delay (ideal)
                                  0.250000    0.250000   clock uncertainty
                                  0.000000    0.250000   clock reconvergence pessimism
                                              0.250000 ^ _1237_/CLK (sky130_fd_sc_hd__dfrtp_2)
                                  1.205747    1.455747   library removal time
                                              1.455747   data required time
---------------------------------------------------------------------------------------------
                                              1.455747   data required time
                                             -6.111905   data arrival time
---------------------------------------------------------------------------------------------
                                              4.656157   slack (MET)


Startpoint: rst_n (input port clocked by clk)
Endpoint: _1238_ (removal check against rising-edge clock clk)
Path Group: asynchronous
Path Type: min

Fanout         Cap        Slew       Delay        Time   Description
---------------------------------------------------------------------------------------------
                      0.150000    0.000000    0.000000   clock clk (rise edge)
                                  0.000000    0.000000   clock network delay (ideal)
                                  4.000000    4.000000 ^ input external delay
   202    0.726937    3.254360    2.111905    6.111905 ^ rst_n (in)
                                                         rst_n (net)
                      3.254360    0.000000    6.111905 ^ _1238_/RESET_B (sky130_fd_sc_hd__dfrtp_2)
                                              6.111905   data arrival time

                      0.150000    0.000000    0.000000   clock clk (rise edge)
                                  0.000000    0.000000   clock network delay (ideal)
                                  0.250000    0.250000   clock uncertainty
                                  0.000000    0.250000   clock reconvergence pessimism
                                              0.250000 ^ _1238_/CLK (sky130_fd_sc_hd__dfrtp_2)
                                  1.205747    1.455747   library removal time
                                              1.455747   data required time
---------------------------------------------------------------------------------------------
                                              1.455747   data required time
                                             -6.111905   data arrival time
---------------------------------------------------------------------------------------------
                                              4.656157   slack (MET)


Startpoint: rst_n (input port clocked by clk)
Endpoint: _1240_ (removal check against rising-edge clock clk)
Path Group: asynchronous
Path Type: min

Fanout         Cap        Slew       Delay        Time   Description
---------------------------------------------------------------------------------------------
                      0.150000    0.000000    0.000000   clock clk (rise edge)
                                  0.000000    0.000000   clock network delay (ideal)
                                  4.000000    4.000000 ^ input external delay
   202    0.726937    3.254360    2.111905    6.111905 ^ rst_n (in)
                                                         rst_n (net)
                      3.254360    0.000000    6.111905 ^ _1240_/RESET_B (sky130_fd_sc_hd__dfrtp_2)
                                              6.111905   data arrival time

                      0.150000    0.000000    0.000000   clock clk (rise edge)
                                  0.000000    0.000000   clock network delay (ideal)
                                  0.250000    0.250000   clock uncertainty
                                  0.000000    0.250000   clock reconvergence pessimism
                                              0.250000 ^ _1240_/CLK (sky130_fd_sc_hd__dfrtp_2)
                                  1.205747    1.455747   library removal time
                                              1.455747   data required time
---------------------------------------------------------------------------------------------
                                              1.455747   data required time
                                             -6.111905   data arrival time
---------------------------------------------------------------------------------------------
                                              4.656157   slack (MET)


Startpoint: rst_n (input port clocked by clk)
Endpoint: _1241_ (removal check against rising-edge clock clk)
Path Group: asynchronous
Path Type: min

Fanout         Cap        Slew       Delay        Time   Description
---------------------------------------------------------------------------------------------
                      0.150000    0.000000    0.000000   clock clk (rise edge)
                                  0.000000    0.000000   clock network delay (ideal)
                                  4.000000    4.000000 ^ input external delay
   202    0.726937    3.254360    2.111905    6.111905 ^ rst_n (in)
                                                         rst_n (net)
                      3.254360    0.000000    6.111905 ^ _1241_/RESET_B (sky130_fd_sc_hd__dfrtp_2)
                                              6.111905   data arrival time

                      0.150000    0.000000    0.000000   clock clk (rise edge)
                                  0.000000    0.000000   clock network delay (ideal)
                                  0.250000    0.250000   clock uncertainty
                                  0.000000    0.250000   clock reconvergence pessimism
                                              0.250000 ^ _1241_/CLK (sky130_fd_sc_hd__dfrtp_2)
                                  1.205747    1.455747   library removal time
                                              1.455747   data required time
---------------------------------------------------------------------------------------------
                                              1.455747   data required time
                                             -6.111905   data arrival time
---------------------------------------------------------------------------------------------
                                              4.656157   slack (MET)


Startpoint: rst_n (input port clocked by clk)
Endpoint: _1242_ (removal check against rising-edge clock clk)
Path Group: asynchronous
Path Type: min

Fanout         Cap        Slew       Delay        Time   Description
---------------------------------------------------------------------------------------------
                      0.150000    0.000000    0.000000   clock clk (rise edge)
                                  0.000000    0.000000   clock network delay (ideal)
                                  4.000000    4.000000 ^ input external delay
   202    0.726937    3.254360    2.111905    6.111905 ^ rst_n (in)
                                                         rst_n (net)
                      3.254360    0.000000    6.111905 ^ _1242_/RESET_B (sky130_fd_sc_hd__dfrtp_2)
                                              6.111905   data arrival time

                      0.150000    0.000000    0.000000   clock clk (rise edge)
                                  0.000000    0.000000   clock network delay (ideal)
                                  0.250000    0.250000   clock uncertainty
                                  0.000000    0.250000   clock reconvergence pessimism
                                              0.250000 ^ _1242_/CLK (sky130_fd_sc_hd__dfrtp_2)
                                  1.205747    1.455747   library removal time
                                              1.455747   data required time
---------------------------------------------------------------------------------------------
                                              1.455747   data required time
                                             -6.111905   data arrival time
---------------------------------------------------------------------------------------------
                                              4.656157   slack (MET)


Startpoint: rst_n (input port clocked by clk)
Endpoint: _1243_ (removal check against rising-edge clock clk)
Path Group: asynchronous
Path Type: min

Fanout         Cap        Slew       Delay        Time   Description
---------------------------------------------------------------------------------------------
                      0.150000    0.000000    0.000000   clock clk (rise edge)
                                  0.000000    0.000000   clock network delay (ideal)
                                  4.000000    4.000000 ^ input external delay
   202    0.726937    3.254360    2.111905    6.111905 ^ rst_n (in)
                                                         rst_n (net)
                      3.254360    0.000000    6.111905 ^ _1243_/RESET_B (sky130_fd_sc_hd__dfrtp_2)
                                              6.111905   data arrival time

                      0.150000    0.000000    0.000000   clock clk (rise edge)
                                  0.000000    0.000000   clock network delay (ideal)
                                  0.250000    0.250000   clock uncertainty
                                  0.000000    0.250000   clock reconvergence pessimism
                                              0.250000 ^ _1243_/CLK (sky130_fd_sc_hd__dfrtp_2)
                                  1.205747    1.455747   library removal time
                                              1.455747   data required time
---------------------------------------------------------------------------------------------
                                              1.455747   data required time
                                             -6.111905   data arrival time
---------------------------------------------------------------------------------------------
                                              4.656157   slack (MET)


Startpoint: rst_n (input port clocked by clk)
Endpoint: _1244_ (removal check against rising-edge clock clk)
Path Group: asynchronous
Path Type: min

Fanout         Cap        Slew       Delay        Time   Description
---------------------------------------------------------------------------------------------
                      0.150000    0.000000    0.000000   clock clk (rise edge)
                                  0.000000    0.000000   clock network delay (ideal)
                                  4.000000    4.000000 ^ input external delay
   202    0.726937    3.254360    2.111905    6.111905 ^ rst_n (in)
                                                         rst_n (net)
                      3.254360    0.000000    6.111905 ^ _1244_/RESET_B (sky130_fd_sc_hd__dfrtp_2)
                                              6.111905   data arrival time

                      0.150000    0.000000    0.000000   clock clk (rise edge)
                                  0.000000    0.000000   clock network delay (ideal)
                                  0.250000    0.250000   clock uncertainty
                                  0.000000    0.250000   clock reconvergence pessimism
                                              0.250000 ^ _1244_/CLK (sky130_fd_sc_hd__dfrtp_2)
                                  1.205747    1.455747   library removal time
                                              1.455747   data required time
---------------------------------------------------------------------------------------------
                                              1.455747   data required time
                                             -6.111905   data arrival time
---------------------------------------------------------------------------------------------
                                              4.656157   slack (MET)


Startpoint: rst_n (input port clocked by clk)
Endpoint: _1245_ (removal check against rising-edge clock clk)
Path Group: asynchronous
Path Type: min

Fanout         Cap        Slew       Delay        Time   Description
---------------------------------------------------------------------------------------------
                      0.150000    0.000000    0.000000   clock clk (rise edge)
                                  0.000000    0.000000   clock network delay (ideal)
                                  4.000000    4.000000 ^ input external delay
   202    0.726937    3.254360    2.111905    6.111905 ^ rst_n (in)
                                                         rst_n (net)
                      3.254360    0.000000    6.111905 ^ _1245_/RESET_B (sky130_fd_sc_hd__dfrtp_2)
                                              6.111905   data arrival time

                      0.150000    0.000000    0.000000   clock clk (rise edge)
                                  0.000000    0.000000   clock network delay (ideal)
                                  0.250000    0.250000   clock uncertainty
                                  0.000000    0.250000   clock reconvergence pessimism
                                              0.250000 ^ _1245_/CLK (sky130_fd_sc_hd__dfrtp_2)
                                  1.205747    1.455747   library removal time
                                              1.455747   data required time
---------------------------------------------------------------------------------------------
                                              1.455747   data required time
                                             -6.111905   data arrival time
---------------------------------------------------------------------------------------------
                                              4.656157   slack (MET)


Startpoint: rst_n (input port clocked by clk)
Endpoint: _1246_ (removal check against rising-edge clock clk)
Path Group: asynchronous
Path Type: min

Fanout         Cap        Slew       Delay        Time   Description
---------------------------------------------------------------------------------------------
                      0.150000    0.000000    0.000000   clock clk (rise edge)
                                  0.000000    0.000000   clock network delay (ideal)
                                  4.000000    4.000000 ^ input external delay
   202    0.726937    3.254360    2.111905    6.111905 ^ rst_n (in)
                                                         rst_n (net)
                      3.254360    0.000000    6.111905 ^ _1246_/RESET_B (sky130_fd_sc_hd__dfrtp_2)
                                              6.111905   data arrival time

                      0.150000    0.000000    0.000000   clock clk (rise edge)
                                  0.000000    0.000000   clock network delay (ideal)
                                  0.250000    0.250000   clock uncertainty
                                  0.000000    0.250000   clock reconvergence pessimism
                                              0.250000 ^ _1246_/CLK (sky130_fd_sc_hd__dfrtp_2)
                                  1.205747    1.455747   library removal time
                                              1.455747   data required time
---------------------------------------------------------------------------------------------
                                              1.455747   data required time
                                             -6.111905   data arrival time
---------------------------------------------------------------------------------------------
                                              4.656157   slack (MET)


Startpoint: rst_n (input port clocked by clk)
Endpoint: _1247_ (removal check against rising-edge clock clk)
Path Group: asynchronous
Path Type: min

Fanout         Cap        Slew       Delay        Time   Description
---------------------------------------------------------------------------------------------
                      0.150000    0.000000    0.000000   clock clk (rise edge)
                                  0.000000    0.000000   clock network delay (ideal)
                                  4.000000    4.000000 ^ input external delay
   202    0.726937    3.254360    2.111905    6.111905 ^ rst_n (in)
                                                         rst_n (net)
                      3.254360    0.000000    6.111905 ^ _1247_/RESET_B (sky130_fd_sc_hd__dfrtp_2)
                                              6.111905   data arrival time

                      0.150000    0.000000    0.000000   clock clk (rise edge)
                                  0.000000    0.000000   clock network delay (ideal)
                                  0.250000    0.250000   clock uncertainty
                                  0.000000    0.250000   clock reconvergence pessimism
                                              0.250000 ^ _1247_/CLK (sky130_fd_sc_hd__dfrtp_2)
                                  1.205747    1.455747   library removal time
                                              1.455747   data required time
---------------------------------------------------------------------------------------------
                                              1.455747   data required time
                                             -6.111905   data arrival time
---------------------------------------------------------------------------------------------
                                              4.656157   slack (MET)


Startpoint: rst_n (input port clocked by clk)
Endpoint: _1248_ (removal check against rising-edge clock clk)
Path Group: asynchronous
Path Type: min

Fanout         Cap        Slew       Delay        Time   Description
---------------------------------------------------------------------------------------------
                      0.150000    0.000000    0.000000   clock clk (rise edge)
                                  0.000000    0.000000   clock network delay (ideal)
                                  4.000000    4.000000 ^ input external delay
   202    0.726937    3.254360    2.111905    6.111905 ^ rst_n (in)
                                                         rst_n (net)
                      3.254360    0.000000    6.111905 ^ _1248_/RESET_B (sky130_fd_sc_hd__dfrtp_2)
                                              6.111905   data arrival time

                      0.150000    0.000000    0.000000   clock clk (rise edge)
                                  0.000000    0.000000   clock network delay (ideal)
                                  0.250000    0.250000   clock uncertainty
                                  0.000000    0.250000   clock reconvergence pessimism
                                              0.250000 ^ _1248_/CLK (sky130_fd_sc_hd__dfrtp_2)
                                  1.205747    1.455747   library removal time
                                              1.455747   data required time
---------------------------------------------------------------------------------------------
                                              1.455747   data required time
                                             -6.111905   data arrival time
---------------------------------------------------------------------------------------------
                                              4.656157   slack (MET)


Startpoint: rst_n (input port clocked by clk)
Endpoint: _1249_ (removal check against rising-edge clock clk)
Path Group: asynchronous
Path Type: min

Fanout         Cap        Slew       Delay        Time   Description
---------------------------------------------------------------------------------------------
                      0.150000    0.000000    0.000000   clock clk (rise edge)
                                  0.000000    0.000000   clock network delay (ideal)
                                  4.000000    4.000000 ^ input external delay
   202    0.726937    3.254360    2.111905    6.111905 ^ rst_n (in)
                                                         rst_n (net)
                      3.254360    0.000000    6.111905 ^ _1249_/RESET_B (sky130_fd_sc_hd__dfrtp_2)
                                              6.111905   data arrival time

                      0.150000    0.000000    0.000000   clock clk (rise edge)
                                  0.000000    0.000000   clock network delay (ideal)
                                  0.250000    0.250000   clock uncertainty
                                  0.000000    0.250000   clock reconvergence pessimism
                                              0.250000 ^ _1249_/CLK (sky130_fd_sc_hd__dfrtp_2)
                                  1.205747    1.455747   library removal time
                                              1.455747   data required time
---------------------------------------------------------------------------------------------
                                              1.455747   data required time
                                             -6.111905   data arrival time
---------------------------------------------------------------------------------------------
                                              4.656157   slack (MET)


Startpoint: rst_n (input port clocked by clk)
Endpoint: _1250_ (removal check against rising-edge clock clk)
Path Group: asynchronous
Path Type: min

Fanout         Cap        Slew       Delay        Time   Description
---------------------------------------------------------------------------------------------
                      0.150000    0.000000    0.000000   clock clk (rise edge)
                                  0.000000    0.000000   clock network delay (ideal)
                                  4.000000    4.000000 ^ input external delay
   202    0.726937    3.254360    2.111905    6.111905 ^ rst_n (in)
                                                         rst_n (net)
                      3.254360    0.000000    6.111905 ^ _1250_/RESET_B (sky130_fd_sc_hd__dfrtp_2)
                                              6.111905   data arrival time

                      0.150000    0.000000    0.000000   clock clk (rise edge)
                                  0.000000    0.000000   clock network delay (ideal)
                                  0.250000    0.250000   clock uncertainty
                                  0.000000    0.250000   clock reconvergence pessimism
                                              0.250000 ^ _1250_/CLK (sky130_fd_sc_hd__dfrtp_2)
                                  1.205747    1.455747   library removal time
                                              1.455747   data required time
---------------------------------------------------------------------------------------------
                                              1.455747   data required time
                                             -6.111905   data arrival time
---------------------------------------------------------------------------------------------
                                              4.656157   slack (MET)


Startpoint: rst_n (input port clocked by clk)
Endpoint: _1251_ (removal check against rising-edge clock clk)
Path Group: asynchronous
Path Type: min

Fanout         Cap        Slew       Delay        Time   Description
---------------------------------------------------------------------------------------------
                      0.150000    0.000000    0.000000   clock clk (rise edge)
                                  0.000000    0.000000   clock network delay (ideal)
                                  4.000000    4.000000 ^ input external delay
   202    0.726937    3.254360    2.111905    6.111905 ^ rst_n (in)
                                                         rst_n (net)
                      3.254360    0.000000    6.111905 ^ _1251_/RESET_B (sky130_fd_sc_hd__dfrtp_2)
                                              6.111905   data arrival time

                      0.150000    0.000000    0.000000   clock clk (rise edge)
                                  0.000000    0.000000   clock network delay (ideal)
                                  0.250000    0.250000   clock uncertainty
                                  0.000000    0.250000   clock reconvergence pessimism
                                              0.250000 ^ _1251_/CLK (sky130_fd_sc_hd__dfrtp_2)
                                  1.205747    1.455747   library removal time
                                              1.455747   data required time
---------------------------------------------------------------------------------------------
                                              1.455747   data required time
                                             -6.111905   data arrival time
---------------------------------------------------------------------------------------------
                                              4.656157   slack (MET)


Startpoint: rst_n (input port clocked by clk)
Endpoint: _1052_ (removal check against rising-edge clock clk)
Path Group: asynchronous
Path Type: min

Fanout         Cap        Slew       Delay        Time   Description
---------------------------------------------------------------------------------------------
                      0.150000    0.000000    0.000000   clock clk (rise edge)
                                  0.000000    0.000000   clock network delay (ideal)
                                  4.000000    4.000000 ^ input external delay
   202    0.726937    3.254360    2.111905    6.111905 ^ rst_n (in)
                                                         rst_n (net)
                      3.254360    0.000000    6.111905 ^ _1052_/SET_B (sky130_fd_sc_hd__dfstp_2)
                                              6.111905   data arrival time

                      0.150000    0.000000    0.000000   clock clk (rise edge)
                                  0.000000    0.000000   clock network delay (ideal)
                                  0.250000    0.250000   clock uncertainty
                                  0.000000    0.250000   clock reconvergence pessimism
                                              0.250000 ^ _1052_/CLK (sky130_fd_sc_hd__dfstp_2)
                                  0.212744    0.462744   library removal time
                                              0.462744   data required time
---------------------------------------------------------------------------------------------
                                              0.462744   data required time
                                             -6.111905   data arrival time
---------------------------------------------------------------------------------------------
                                              5.649161   slack (MET)


Startpoint: rst_n (input port clocked by clk)
Endpoint: _1061_ (removal check against rising-edge clock clk)
Path Group: asynchronous
Path Type: min

Fanout         Cap        Slew       Delay        Time   Description
---------------------------------------------------------------------------------------------
                      0.150000    0.000000    0.000000   clock clk (rise edge)
                                  0.000000    0.000000   clock network delay (ideal)
                                  4.000000    4.000000 ^ input external delay
   202    0.726937    3.254360    2.111905    6.111905 ^ rst_n (in)
                                                         rst_n (net)
                      3.254360    0.000000    6.111905 ^ _1061_/SET_B (sky130_fd_sc_hd__dfstp_2)
                                              6.111905   data arrival time

                      0.150000    0.000000    0.000000   clock clk (rise edge)
                                  0.000000    0.000000   clock network delay (ideal)
                                  0.250000    0.250000   clock uncertainty
                                  0.000000    0.250000   clock reconvergence pessimism
                                              0.250000 ^ _1061_/CLK (sky130_fd_sc_hd__dfstp_2)
                                  0.212744    0.462744   library removal time
                                              0.462744   data required time
---------------------------------------------------------------------------------------------
                                              0.462744   data required time
                                             -6.111905   data arrival time
---------------------------------------------------------------------------------------------
                                              5.649161   slack (MET)


Startpoint: rst_n (input port clocked by clk)
Endpoint: _1068_ (removal check against rising-edge clock clk)
Path Group: asynchronous
Path Type: min

Fanout         Cap        Slew       Delay        Time   Description
---------------------------------------------------------------------------------------------
                      0.150000    0.000000    0.000000   clock clk (rise edge)
                                  0.000000    0.000000   clock network delay (ideal)
                                  4.000000    4.000000 ^ input external delay
   202    0.726937    3.254360    2.111905    6.111905 ^ rst_n (in)
                                                         rst_n (net)
                      3.254360    0.000000    6.111905 ^ _1068_/SET_B (sky130_fd_sc_hd__dfstp_2)
                                              6.111905   data arrival time

                      0.150000    0.000000    0.000000   clock clk (rise edge)
                                  0.000000    0.000000   clock network delay (ideal)
                                  0.250000    0.250000   clock uncertainty
                                  0.000000    0.250000   clock reconvergence pessimism
                                              0.250000 ^ _1068_/CLK (sky130_fd_sc_hd__dfstp_2)
                                  0.212744    0.462744   library removal time
                                              0.462744   data required time
---------------------------------------------------------------------------------------------
                                              0.462744   data required time
                                             -6.111905   data arrival time
---------------------------------------------------------------------------------------------
                                              5.649161   slack (MET)


Startpoint: rst_n (input port clocked by clk)
Endpoint: _1069_ (removal check against rising-edge clock clk)
Path Group: asynchronous
Path Type: min

Fanout         Cap        Slew       Delay        Time   Description
---------------------------------------------------------------------------------------------
                      0.150000    0.000000    0.000000   clock clk (rise edge)
                                  0.000000    0.000000   clock network delay (ideal)
                                  4.000000    4.000000 ^ input external delay
   202    0.726937    3.254360    2.111905    6.111905 ^ rst_n (in)
                                                         rst_n (net)
                      3.254360    0.000000    6.111905 ^ _1069_/SET_B (sky130_fd_sc_hd__dfstp_2)
                                              6.111905   data arrival time

                      0.150000    0.000000    0.000000   clock clk (rise edge)
                                  0.000000    0.000000   clock network delay (ideal)
                                  0.250000    0.250000   clock uncertainty
                                  0.000000    0.250000   clock reconvergence pessimism
                                              0.250000 ^ _1069_/CLK (sky130_fd_sc_hd__dfstp_2)
                                  0.212744    0.462744   library removal time
                                              0.462744   data required time
---------------------------------------------------------------------------------------------
                                              0.462744   data required time
                                             -6.111905   data arrival time
---------------------------------------------------------------------------------------------
                                              5.649161   slack (MET)


Startpoint: rst_n (input port clocked by clk)
Endpoint: _1078_ (removal check against rising-edge clock clk)
Path Group: asynchronous
Path Type: min

Fanout         Cap        Slew       Delay        Time   Description
---------------------------------------------------------------------------------------------
                      0.150000    0.000000    0.000000   clock clk (rise edge)
                                  0.000000    0.000000   clock network delay (ideal)
                                  4.000000    4.000000 ^ input external delay
   202    0.726937    3.254360    2.111905    6.111905 ^ rst_n (in)
                                                         rst_n (net)
                      3.254360    0.000000    6.111905 ^ _1078_/SET_B (sky130_fd_sc_hd__dfstp_2)
                                              6.111905   data arrival time

                      0.150000    0.000000    0.000000   clock clk (rise edge)
                                  0.000000    0.000000   clock network delay (ideal)
                                  0.250000    0.250000   clock uncertainty
                                  0.000000    0.250000   clock reconvergence pessimism
                                              0.250000 ^ _1078_/CLK (sky130_fd_sc_hd__dfstp_2)
                                  0.212744    0.462744   library removal time
                                              0.462744   data required time
---------------------------------------------------------------------------------------------
                                              0.462744   data required time
                                             -6.111905   data arrival time
---------------------------------------------------------------------------------------------
                                              5.649161   slack (MET)


Startpoint: rst_n (input port clocked by clk)
Endpoint: _1084_ (removal check against rising-edge clock clk)
Path Group: asynchronous
Path Type: min

Fanout         Cap        Slew       Delay        Time   Description
---------------------------------------------------------------------------------------------
                      0.150000    0.000000    0.000000   clock clk (rise edge)
                                  0.000000    0.000000   clock network delay (ideal)
                                  4.000000    4.000000 ^ input external delay
   202    0.726937    3.254360    2.111905    6.111905 ^ rst_n (in)
                                                         rst_n (net)
                      3.254360    0.000000    6.111905 ^ _1084_/SET_B (sky130_fd_sc_hd__dfstp_2)
                                              6.111905   data arrival time

                      0.150000    0.000000    0.000000   clock clk (rise edge)
                                  0.000000    0.000000   clock network delay (ideal)
                                  0.250000    0.250000   clock uncertainty
                                  0.000000    0.250000   clock reconvergence pessimism
                                              0.250000 ^ _1084_/CLK (sky130_fd_sc_hd__dfstp_2)
                                  0.212744    0.462744   library removal time
                                              0.462744   data required time
---------------------------------------------------------------------------------------------
                                              0.462744   data required time
                                             -6.111905   data arrival time
---------------------------------------------------------------------------------------------
                                              5.649161   slack (MET)


Startpoint: rst_n (input port clocked by clk)
Endpoint: _1086_ (removal check against rising-edge clock clk)
Path Group: asynchronous
Path Type: min

Fanout         Cap        Slew       Delay        Time   Description
---------------------------------------------------------------------------------------------
                      0.150000    0.000000    0.000000   clock clk (rise edge)
                                  0.000000    0.000000   clock network delay (ideal)
                                  4.000000    4.000000 ^ input external delay
   202    0.726937    3.254360    2.111905    6.111905 ^ rst_n (in)
                                                         rst_n (net)
                      3.254360    0.000000    6.111905 ^ _1086_/SET_B (sky130_fd_sc_hd__dfstp_2)
                                              6.111905   data arrival time

                      0.150000    0.000000    0.000000   clock clk (rise edge)
                                  0.000000    0.000000   clock network delay (ideal)
                                  0.250000    0.250000   clock uncertainty
                                  0.000000    0.250000   clock reconvergence pessimism
                                              0.250000 ^ _1086_/CLK (sky130_fd_sc_hd__dfstp_2)
                                  0.212744    0.462744   library removal time
                                              0.462744   data required time
---------------------------------------------------------------------------------------------
                                              0.462744   data required time
                                             -6.111905   data arrival time
---------------------------------------------------------------------------------------------
                                              5.649161   slack (MET)


Startpoint: rst_n (input port clocked by clk)
Endpoint: _1093_ (removal check against rising-edge clock clk)
Path Group: asynchronous
Path Type: min

Fanout         Cap        Slew       Delay        Time   Description
---------------------------------------------------------------------------------------------
                      0.150000    0.000000    0.000000   clock clk (rise edge)
                                  0.000000    0.000000   clock network delay (ideal)
                                  4.000000    4.000000 ^ input external delay
   202    0.726937    3.254360    2.111905    6.111905 ^ rst_n (in)
                                                         rst_n (net)
                      3.254360    0.000000    6.111905 ^ _1093_/SET_B (sky130_fd_sc_hd__dfstp_2)
                                              6.111905   data arrival time

                      0.150000    0.000000    0.000000   clock clk (rise edge)
                                  0.000000    0.000000   clock network delay (ideal)
                                  0.250000    0.250000   clock uncertainty
                                  0.000000    0.250000   clock reconvergence pessimism
                                              0.250000 ^ _1093_/CLK (sky130_fd_sc_hd__dfstp_2)
                                  0.212744    0.462744   library removal time
                                              0.462744   data required time
---------------------------------------------------------------------------------------------
                                              0.462744   data required time
                                             -6.111905   data arrival time
---------------------------------------------------------------------------------------------
                                              5.649161   slack (MET)


Startpoint: rst_n (input port clocked by clk)
Endpoint: _1094_ (removal check against rising-edge clock clk)
Path Group: asynchronous
Path Type: min

Fanout         Cap        Slew       Delay        Time   Description
---------------------------------------------------------------------------------------------
                      0.150000    0.000000    0.000000   clock clk (rise edge)
                                  0.000000    0.000000   clock network delay (ideal)
                                  4.000000    4.000000 ^ input external delay
   202    0.726937    3.254360    2.111905    6.111905 ^ rst_n (in)
                                                         rst_n (net)
                      3.254360    0.000000    6.111905 ^ _1094_/SET_B (sky130_fd_sc_hd__dfstp_2)
                                              6.111905   data arrival time

                      0.150000    0.000000    0.000000   clock clk (rise edge)
                                  0.000000    0.000000   clock network delay (ideal)
                                  0.250000    0.250000   clock uncertainty
                                  0.000000    0.250000   clock reconvergence pessimism
                                              0.250000 ^ _1094_/CLK (sky130_fd_sc_hd__dfstp_2)
                                  0.212744    0.462744   library removal time
                                              0.462744   data required time
---------------------------------------------------------------------------------------------
                                              0.462744   data required time
                                             -6.111905   data arrival time
---------------------------------------------------------------------------------------------
                                              5.649161   slack (MET)


Startpoint: rst_n (input port clocked by clk)
Endpoint: _1100_ (removal check against rising-edge clock clk)
Path Group: asynchronous
Path Type: min

Fanout         Cap        Slew       Delay        Time   Description
---------------------------------------------------------------------------------------------
                      0.150000    0.000000    0.000000   clock clk (rise edge)
                                  0.000000    0.000000   clock network delay (ideal)
                                  4.000000    4.000000 ^ input external delay
   202    0.726937    3.254360    2.111905    6.111905 ^ rst_n (in)
                                                         rst_n (net)
                      3.254360    0.000000    6.111905 ^ _1100_/SET_B (sky130_fd_sc_hd__dfstp_2)
                                              6.111905   data arrival time

                      0.150000    0.000000    0.000000   clock clk (rise edge)
                                  0.000000    0.000000   clock network delay (ideal)
                                  0.250000    0.250000   clock uncertainty
                                  0.000000    0.250000   clock reconvergence pessimism
                                              0.250000 ^ _1100_/CLK (sky130_fd_sc_hd__dfstp_2)
                                  0.212744    0.462744   library removal time
                                              0.462744   data required time
---------------------------------------------------------------------------------------------
                                              0.462744   data required time
                                             -6.111905   data arrival time
---------------------------------------------------------------------------------------------
                                              5.649161   slack (MET)


Startpoint: rst_n (input port clocked by clk)
Endpoint: _1101_ (removal check against rising-edge clock clk)
Path Group: asynchronous
Path Type: min

Fanout         Cap        Slew       Delay        Time   Description
---------------------------------------------------------------------------------------------
                      0.150000    0.000000    0.000000   clock clk (rise edge)
                                  0.000000    0.000000   clock network delay (ideal)
                                  4.000000    4.000000 ^ input external delay
   202    0.726937    3.254360    2.111905    6.111905 ^ rst_n (in)
                                                         rst_n (net)
                      3.254360    0.000000    6.111905 ^ _1101_/SET_B (sky130_fd_sc_hd__dfstp_2)
                                              6.111905   data arrival time

                      0.150000    0.000000    0.000000   clock clk (rise edge)
                                  0.000000    0.000000   clock network delay (ideal)
                                  0.250000    0.250000   clock uncertainty
                                  0.000000    0.250000   clock reconvergence pessimism
                                              0.250000 ^ _1101_/CLK (sky130_fd_sc_hd__dfstp_2)
                                  0.212744    0.462744   library removal time
                                              0.462744   data required time
---------------------------------------------------------------------------------------------
                                              0.462744   data required time
                                             -6.111905   data arrival time
---------------------------------------------------------------------------------------------
                                              5.649161   slack (MET)


Startpoint: rst_n (input port clocked by clk)
Endpoint: _1102_ (removal check against rising-edge clock clk)
Path Group: asynchronous
Path Type: min

Fanout         Cap        Slew       Delay        Time   Description
---------------------------------------------------------------------------------------------
                      0.150000    0.000000    0.000000   clock clk (rise edge)
                                  0.000000    0.000000   clock network delay (ideal)
                                  4.000000    4.000000 ^ input external delay
   202    0.726937    3.254360    2.111905    6.111905 ^ rst_n (in)
                                                         rst_n (net)
                      3.254360    0.000000    6.111905 ^ _1102_/SET_B (sky130_fd_sc_hd__dfstp_2)
                                              6.111905   data arrival time

                      0.150000    0.000000    0.000000   clock clk (rise edge)
                                  0.000000    0.000000   clock network delay (ideal)
                                  0.250000    0.250000   clock uncertainty
                                  0.000000    0.250000   clock reconvergence pessimism
                                              0.250000 ^ _1102_/CLK (sky130_fd_sc_hd__dfstp_2)
                                  0.212744    0.462744   library removal time
                                              0.462744   data required time
---------------------------------------------------------------------------------------------
                                              0.462744   data required time
                                             -6.111905   data arrival time
---------------------------------------------------------------------------------------------
                                              5.649161   slack (MET)


Startpoint: rst_n (input port clocked by clk)
Endpoint: _1111_ (removal check against rising-edge clock clk)
Path Group: asynchronous
Path Type: min

Fanout         Cap        Slew       Delay        Time   Description
---------------------------------------------------------------------------------------------
                      0.150000    0.000000    0.000000   clock clk (rise edge)
                                  0.000000    0.000000   clock network delay (ideal)
                                  4.000000    4.000000 ^ input external delay
   202    0.726937    3.254360    2.111905    6.111905 ^ rst_n (in)
                                                         rst_n (net)
                      3.254360    0.000000    6.111905 ^ _1111_/SET_B (sky130_fd_sc_hd__dfstp_2)
                                              6.111905   data arrival time

                      0.150000    0.000000    0.000000   clock clk (rise edge)
                                  0.000000    0.000000   clock network delay (ideal)
                                  0.250000    0.250000   clock uncertainty
                                  0.000000    0.250000   clock reconvergence pessimism
                                              0.250000 ^ _1111_/CLK (sky130_fd_sc_hd__dfstp_2)
                                  0.212744    0.462744   library removal time
                                              0.462744   data required time
---------------------------------------------------------------------------------------------
                                              0.462744   data required time
                                             -6.111905   data arrival time
---------------------------------------------------------------------------------------------
                                              5.649161   slack (MET)


Startpoint: rst_n (input port clocked by clk)
Endpoint: _1239_ (removal check against rising-edge clock clk)
Path Group: asynchronous
Path Type: min

Fanout         Cap        Slew       Delay        Time   Description
---------------------------------------------------------------------------------------------
                      0.150000    0.000000    0.000000   clock clk (rise edge)
                                  0.000000    0.000000   clock network delay (ideal)
                                  4.000000    4.000000 ^ input external delay
   202    0.726937    3.254360    2.111905    6.111905 ^ rst_n (in)
                                                         rst_n (net)
                      3.254360    0.000000    6.111905 ^ _1239_/SET_B (sky130_fd_sc_hd__dfstp_2)
                                              6.111905   data arrival time

                      0.150000    0.000000    0.000000   clock clk (rise edge)
                                  0.000000    0.000000   clock network delay (ideal)
                                  0.250000    0.250000   clock uncertainty
                                  0.000000    0.250000   clock reconvergence pessimism
                                              0.250000 ^ _1239_/CLK (sky130_fd_sc_hd__dfstp_2)
                                  0.212744    0.462744   library removal time
                                              0.462744   data required time
---------------------------------------------------------------------------------------------
                                              0.462744   data required time
                                             -6.111905   data arrival time
---------------------------------------------------------------------------------------------
                                              5.649161   slack (MET)



