Instance,Terminal,Layer,X location,Y location,Voltage
FILLER_27_648,VGND,li1,304.2900,87.0400,0.000093
FILLER_27_645,VGND,li1,302.9100,87.0400,0.000093
FILLER_27_643,VGND,li1,301.5300,87.0400,0.000092
FILLER_27_640,VGND,li1,300.6100,87.0400,0.000092
FILLER_27_637,VGND,li1,299.2300,87.0400,0.000092
FILLER_27_634,VGND,li1,297.8500,87.0400,0.000092
FILLER_27_631,VGND,li1,296.4700,87.0400,0.000091
FILLER_27_628,VGND,li1,295.0900,87.0400,0.000091
FILLER_27_617,VGND,li1,290.0300,87.0400,0.000089
FILLER_27_613,VGND,li1,288.1900,87.0400,0.000088
FILLER_27_610,VGND,li1,286.8100,87.0400,0.000088
FILLER_27_598,VGND,li1,281.2900,87.0400,0.000085
FILLER_27_595,VGND,li1,279.9100,87.0400,0.000084
FILLER_27_592,VGND,li1,278.5300,87.0400,0.000084
FILLER_27_589,VGND,li1,277.1500,87.0400,0.000083
FILLER_27_585,VGND,li1,275.3100,87.0400,0.000082
FILLER_27_582,VGND,li1,273.9300,87.0400,0.000082
FILLER_27_579,VGND,li1,272.5500,87.0400,0.000080
FILLER_27_576,VGND,li1,271.1700,87.0400,0.000080
FILLER_27_573,VGND,li1,269.7900,87.0400,0.000079
FILLER_27_570,VGND,li1,268.4100,87.0400,0.000079
FILLER_27_567,VGND,li1,267.0300,87.0400,0.000077
FILLER_27_564,VGND,li1,265.6500,87.0400,0.000077
FILLER_27_561,VGND,li1,264.2700,87.0400,0.000076
FILLER_27_557,VGND,li1,262.4300,87.0400,0.000075
FILLER_27_554,VGND,li1,261.0500,87.0400,0.000075
FILLER_27_551,VGND,li1,259.6700,87.0400,0.000073
FILLER_27_548,VGND,li1,258.2900,87.0400,0.000073
FILLER_27_545,VGND,li1,256.9100,87.0400,0.000072
FILLER_27_542,VGND,li1,255.5300,87.0400,0.000072
FILLER_27_539,VGND,li1,254.1500,87.0400,0.000071
FILLER_27_536,VGND,li1,252.7700,87.0400,0.000071
FILLER_27_533,VGND,li1,251.3900,87.0400,0.000069
FILLER_27_529,VGND,li1,249.5500,87.0400,0.000068
FILLER_27_526,VGND,li1,248.1700,87.0400,0.000068
FILLER_27_523,VGND,li1,246.7900,87.0400,0.000067
FILLER_27_520,VGND,li1,245.4100,87.0400,0.000067
FILLER_27_517,VGND,li1,244.0300,87.0400,0.000065
FILLER_27_514,VGND,li1,242.6500,87.0400,0.000065
FILLER_27_511,VGND,li1,241.2700,87.0400,0.000064
FILLER_27_508,VGND,li1,239.8900,87.0400,0.000064
FILLER_27_505,VGND,li1,238.5100,87.0400,0.000063
FILLER_27_502,VGND,li1,236.9000,87.0400,0.000062
FILLER_27_499,VGND,li1,235.7500,87.0400,0.000062
FILLER_27_496,VGND,li1,234.3700,87.0400,0.000060
FILLER_27_493,VGND,li1,232.9900,87.0400,0.000060
FILLER_27_475,VGND,li1,224.2500,87.0400,0.000055
FILLER_27_472,VGND,li1,223.3300,87.0400,0.000055
FILLER_27_452,VGND,li1,214.1300,87.0400,0.000048
FILLER_27_449,VGND,li1,212.7500,87.0400,0.000048
FILLER_27_447,VGND,li1,211.3700,87.0400,0.000047
FILLER_27_444,VGND,li1,210.4500,87.0400,0.000047
FILLER_27_441,VGND,li1,209.0700,87.0400,0.000045
FILLER_27_438,VGND,li1,207.6900,87.0400,0.000045
FILLER_27_429,VGND,li1,203.0900,87.0400,0.000042
FILLER_27_411,VGND,li1,195.2700,87.0400,0.000035
FILLER_27_408,VGND,li1,193.8900,87.0400,0.000033
FILLER_27_405,VGND,li1,192.5100,87.0400,0.000033
FILLER_27_402,VGND,li1,191.1300,87.0400,0.000030
FILLER_27_399,VGND,li1,189.7500,87.0400,0.000030
FILLER_27_396,VGND,li1,188.3700,87.0400,0.000028
FILLER_27_393,VGND,li1,186.9900,87.0400,0.000028
FILLER_27_391,VGND,li1,185.6100,87.0400,0.000026
FILLER_27_388,VGND,li1,184.6900,87.0400,0.000026
FILLER_27_385,VGND,li1,183.3100,87.0400,0.000023
FILLER_27_382,VGND,li1,181.9300,87.0400,0.000023
FILLER_27_373,VGND,li1,177.3300,87.0400,0.000019
FILLER_27_361,VGND,li1,172.2700,87.0400,0.000023
FILLER_27_358,VGND,li1,170.8900,87.0400,0.000023
FILLER_27_355,VGND,li1,169.5100,87.0400,0.000025
FILLER_27_352,VGND,li1,168.1300,87.0400,0.000025
FILLER_27_349,VGND,li1,166.7500,87.0400,0.000027
FILLER_27_346,VGND,li1,165.3700,87.0400,0.000027
FILLER_27_343,VGND,li1,163.9900,87.0400,0.000029
FILLER_27_340,VGND,li1,162.6100,87.0400,0.000029
FILLER_27_337,VGND,li1,161.2300,87.0400,0.000031
FILLER_27_333,VGND,li1,159.3900,87.0400,0.000032
FILLER_27_330,VGND,li1,158.0100,87.0400,0.000032
FILLER_27_327,VGND,li1,156.6300,87.0400,0.000034
FILLER_27_324,VGND,li1,155.2500,87.0400,0.000034
FILLER_27_321,VGND,li1,153.8700,87.0400,0.000036
FILLER_27_318,VGND,li1,152.4900,87.0400,0.000036
FILLER_27_315,VGND,li1,151.1100,87.0400,0.000038
FILLER_27_312,VGND,li1,149.7300,87.0400,0.000038
FILLER_27_309,VGND,li1,148.3500,87.0400,0.000040
FILLER_27_306,VGND,li1,146.7400,87.0400,0.000041
FILLER_27_303,VGND,li1,145.5900,87.0400,0.000041
FILLER_27_300,VGND,li1,144.2100,87.0400,0.000043
FILLER_27_297,VGND,li1,142.8300,87.0400,0.000043
FILLER_27_277,VGND,li1,133.6300,87.0400,0.000047
FILLER_27_274,VGND,li1,132.2500,87.0400,0.000049
FILLER_27_271,VGND,li1,130.8700,87.0400,0.000049
FILLER_27_268,VGND,li1,129.4900,87.0400,0.000050
FILLER_27_265,VGND,li1,128.1100,87.0400,0.000050
FILLER_27_262,VGND,li1,126.7300,87.0400,0.000051
FILLER_27_259,VGND,li1,125.3500,87.0400,0.000051
FILLER_27_256,VGND,li1,123.9700,87.0400,0.000052
FILLER_27_253,VGND,li1,122.5900,87.0400,0.000052
FILLER_27_249,VGND,li1,120.7500,87.0400,0.000052
FILLER_27_242,VGND,li1,117.0700,87.0400,0.000054
FILLER_27_239,VGND,li1,116.1500,87.0400,0.000054
FILLER_27_228,VGND,li1,111.0900,87.0400,0.000056
FILLER_27_225,VGND,li1,109.7100,87.0400,0.000057
FILLER_27_206,VGND,li1,100.7400,87.0400,0.000055
FILLER_27_203,VGND,li1,99.5900,87.0400,0.000054
FILLER_27_200,VGND,li1,98.2100,87.0400,0.000054
FILLER_27_197,VGND,li1,96.8300,87.0400,0.000053
FILLER_27_193,VGND,li1,94.9900,87.0400,0.000052
FILLER_27_190,VGND,li1,93.6100,87.0400,0.000052
FILLER_27_187,VGND,li1,92.2300,87.0400,0.000051
FILLER_27_184,VGND,li1,90.8500,87.0400,0.000051
FILLER_27_181,VGND,li1,89.4700,87.0400,0.000050
FILLER_27_178,VGND,li1,88.0900,87.0400,0.000050
FILLER_27_175,VGND,li1,86.7100,87.0400,0.000049
FILLER_27_172,VGND,li1,85.3300,87.0400,0.000049
FILLER_27_169,VGND,li1,83.9500,87.0400,0.000048
FILLER_27_149,VGND,li1,74.7500,87.0400,0.000044
FILLER_27_137,VGND,li1,69.2300,87.0400,0.000040
FILLER_27_134,VGND,li1,67.8500,87.0400,0.000040
FILLER_27_131,VGND,li1,66.4700,87.0400,0.000038
FILLER_27_128,VGND,li1,65.0900,87.0400,0.000038
FILLER_27_125,VGND,li1,63.7100,87.0400,0.000036
FILLER_27_122,VGND,li1,62.3300,87.0400,0.000036
FILLER_27_119,VGND,li1,60.9500,87.0400,0.000034
FILLER_27_116,VGND,li1,59.5700,87.0400,0.000034
FILLER_27_113,VGND,li1,58.1900,87.0400,0.000033
FILLER_27_110,VGND,li1,56.5800,87.0400,0.000032
FILLER_27_107,VGND,li1,55.4300,87.0400,0.000032
FILLER_27_104,VGND,li1,54.0500,87.0400,0.000030
FILLER_27_101,VGND,li1,52.6700,87.0400,0.000030
FILLER_27_98,VGND,li1,51.2900,87.0400,0.000028
FILLER_27_95,VGND,li1,49.9100,87.0400,0.000028
FILLER_27_85,VGND,li1,45.0800,87.0400,0.000024
FILLER_27_81,VGND,li1,43.4700,87.0400,0.000022
FILLER_27_78,VGND,li1,42.0900,87.0400,0.000022
FILLER_27_75,VGND,li1,40.7100,87.0400,0.000020
FILLER_27_72,VGND,li1,39.3300,87.0400,0.000020
FILLER_27_69,VGND,li1,37.9500,87.0400,0.000018
FILLER_27_66,VGND,li1,36.5700,87.0400,0.000018
FILLER_27_63,VGND,li1,35.1900,87.0400,0.000015
FILLER_27_60,VGND,li1,33.8100,87.0400,0.000015
FILLER_27_57,VGND,li1,32.4300,87.0400,0.000013
FILLER_27_54,VGND,li1,30.8200,87.0400,0.000013
FILLER_27_44,VGND,li1,26.2200,87.0400,0.000008
FILLER_27_41,VGND,li1,25.0700,87.0400,0.000008
FILLER_27_38,VGND,li1,23.6900,87.0400,0.000008
FILLER_27_35,VGND,li1,22.3100,87.0400,0.000008
FILLER_27_32,VGND,li1,20.9300,87.0400,0.000008
FILLER_27_29,VGND,li1,19.5500,87.0400,0.000008
FILLER_27_27,VGND,li1,18.1700,87.0400,0.000008
FILLER_27_24,VGND,li1,17.2500,87.0400,0.000008
FILLER_27_21,VGND,li1,15.8700,87.0400,0.000008
FILLER_27_18,VGND,li1,14.4900,87.0400,0.000008
FILLER_27_15,VGND,li1,13.1100,87.0400,0.000008
FILLER_27_12,VGND,li1,11.7300,87.0400,0.000008
FILLER_27_9,VGND,li1,10.3500,87.0400,0.000008
FILLER_27_6,VGND,li1,8.9700,87.0400,0.000008
FILLER_27_3,VGND,li1,7.5900,87.0400,0.000008
FILLER_26_651,VGND,li1,305.6700,81.6000,0.001002
FILLER_26_648,VGND,li1,304.2900,81.6000,0.000999
FILLER_26_645,VGND,li1,302.9100,81.6000,0.000999
FILLER_26_643,VGND,li1,301.5300,81.6000,0.000997
FILLER_26_640,VGND,li1,300.6100,81.6000,0.000997
FILLER_26_589,VGND,li1,277.1500,81.6000,0.000947
FILLER_26_579,VGND,li1,272.0900,81.6000,0.000934
FILLER_26_576,VGND,li1,271.1700,81.6000,0.000926
FILLER_26_573,VGND,li1,269.7900,81.6000,0.000926
FILLER_26_570,VGND,li1,268.4100,81.6000,0.000915
FILLER_26_567,VGND,li1,267.0300,81.6000,0.000915
FILLER_26_564,VGND,li1,265.6500,81.6000,0.000908
FILLER_26_561,VGND,li1,264.2700,81.6000,0.000901
FILLER_26_558,VGND,li1,262.8900,81.6000,0.000894
FILLER_26_555,VGND,li1,261.5100,81.6000,0.000894
FILLER_26_533,VGND,li1,250.9300,81.6000,0.000837
FILLER_26_530,VGND,li1,249.7800,81.6000,0.000823
FILLER_26_527,VGND,li1,248.6300,81.6000,0.000823
FILLER_26_524,VGND,li1,247.2500,81.6000,0.000809
FILLER_26_521,VGND,li1,245.8700,81.6000,0.000809
FILLER_26_518,VGND,li1,244.4900,81.6000,0.000792
FILLER_26_515,VGND,li1,243.1100,81.6000,0.000792
FILLER_26_491,VGND,li1,232.0700,81.6000,0.000716
FILLER_26_488,VGND,li1,230.6900,81.6000,0.000694
FILLER_26_485,VGND,li1,229.3100,81.6000,0.000694
FILLER_26_473,VGND,li1,223.7900,81.6000,0.000650
FILLER_26_463,VGND,li1,218.9600,81.6000,0.000601
FILLER_26_452,VGND,li1,213.6700,81.6000,0.000547
FILLER_26_449,VGND,li1,212.7500,81.6000,0.000547
FILLER_26_439,VGND,li1,207.9200,81.6000,0.000500
FILLER_26_430,VGND,li1,203.5500,81.6000,0.000454
FILLER_26_419,VGND,li1,198.4900,81.6000,0.000398
FILLER_26_416,VGND,li1,197.5700,81.6000,0.000372
FILLER_26_413,VGND,li1,196.1900,81.6000,0.000372
FILLER_26_402,VGND,li1,191.1300,81.6000,0.000298
FILLER_26_399,VGND,li1,189.7500,81.6000,0.000298
FILLER_26_396,VGND,li1,188.3700,81.6000,0.000265
FILLER_26_393,VGND,li1,186.9900,81.6000,0.000265
FILLER_26_390,VGND,li1,185.6100,81.6000,0.000243
FILLER_26_368,VGND,li1,175.0300,81.6000,0.000184
FILLER_26_365,VGND,li1,174.1100,81.6000,0.000184
FILLER_26_363,VGND,li1,172.7300,81.6000,0.000193
FILLER_26_360,VGND,li1,171.8100,81.6000,0.000193
FILLER_26_342,VGND,li1,163.3000,81.6000,0.000225
FILLER_26_339,VGND,li1,162.1500,81.6000,0.000225
FILLER_26_321,VGND,li1,153.4100,81.6000,0.000254
FILLER_26_309,VGND,li1,148.3500,81.6000,0.000267
FILLER_26_307,VGND,li1,146.9700,81.6000,0.000267
FILLER_26_296,VGND,li1,142.3700,81.6000,0.000278
FILLER_26_276,VGND,li1,132.9400,81.6000,0.000291
FILLER_26_273,VGND,li1,131.7900,81.6000,0.000294
FILLER_26_270,VGND,li1,130.4100,81.6000,0.000297
FILLER_26_267,VGND,li1,129.0300,81.6000,0.000297
FILLER_26_264,VGND,li1,127.6500,81.6000,0.000300
FILLER_26_261,VGND,li1,126.2700,81.6000,0.000300
FILLER_26_245,VGND,li1,118.4500,81.6000,0.000306
FILLER_26_242,VGND,li1,117.5300,81.6000,0.000306
FILLER_26_217,VGND,li1,105.5700,81.6000,0.000307
FILLER_26_208,VGND,li1,101.4300,81.6000,0.000303
FILLER_26_197,VGND,li1,96.6000,81.6000,0.000295
FILLER_26_193,VGND,li1,94.9900,81.6000,0.000291
FILLER_26_190,VGND,li1,93.6100,81.6000,0.000291
FILLER_26_181,VGND,li1,89.0100,81.6000,0.000282
FILLER_26_178,VGND,li1,88.0900,81.6000,0.000277
FILLER_26_175,VGND,li1,86.7100,81.6000,0.000277
FILLER_26_166,VGND,li1,82.1100,81.6000,0.000266
FILLER_26_163,VGND,li1,81.1900,81.6000,0.000261
FILLER_26_160,VGND,li1,79.8100,81.6000,0.000261
FILLER_26_157,VGND,li1,78.4300,81.6000,0.000254
FILLER_26_154,VGND,li1,77.0500,81.6000,0.000254
FILLER_26_144,VGND,li1,72.2200,81.6000,0.000241
FILLER_26_141,VGND,li1,71.0700,81.6000,0.000235
FILLER_26_121,VGND,li1,61.6400,81.6000,0.000204
FILLER_26_118,VGND,li1,60.4900,81.6000,0.000204
FILLER_26_115,VGND,li1,59.1100,81.6000,0.000196
FILLER_26_112,VGND,li1,57.7300,81.6000,0.000189
FILLER_26_109,VGND,li1,56.3500,81.6000,0.000189
FILLER_26_100,VGND,li1,51.7500,81.6000,0.000173
FILLER_26_97,VGND,li1,50.8300,81.6000,0.000165
FILLER_26_94,VGND,li1,49.4500,81.6000,0.000165
FILLER_26_75,VGND,li1,40.2500,81.6000,0.000122
FILLER_26_72,VGND,li1,39.3300,81.6000,0.000122
FILLER_26_69,VGND,li1,37.9500,81.6000,0.000108
FILLER_26_29,VGND,li1,19.5500,81.6000,0.000054
FILLER_26_27,VGND,li1,18.1700,81.6000,0.000054
FILLER_26_24,VGND,li1,17.2500,81.6000,0.000054
FILLER_26_21,VGND,li1,15.8700,81.6000,0.000054
FILLER_26_18,VGND,li1,14.4900,81.6000,0.000054
FILLER_26_15,VGND,li1,13.1100,81.6000,0.000054
FILLER_26_12,VGND,li1,11.7300,81.6000,0.000054
FILLER_26_9,VGND,li1,10.3500,81.6000,0.000054
FILLER_25_647,VGND,li1,303.6000,81.6000,0.000999
FILLER_25_615,VGND,li1,288.6500,81.6000,0.000980
FILLER_25_564,VGND,li1,265.1900,81.6000,0.000908
FILLER_25_561,VGND,li1,264.2700,81.6000,0.000901
FILLER_25_559,VGND,li1,262.8900,81.6000,0.000894
FILLER_25_552,VGND,li1,259.9000,81.6000,0.000881
FILLER_25_549,VGND,li1,258.7500,81.6000,0.000881
FILLER_25_527,VGND,li1,248.1700,81.6000,0.000823
FILLER_25_524,VGND,li1,247.2500,81.6000,0.000809
FILLER_25_521,VGND,li1,245.8700,81.6000,0.000809
FILLER_25_461,VGND,li1,218.0400,81.6000,0.000601
FILLER_25_449,VGND,li1,212.2900,81.6000,0.000547
FILLER_25_447,VGND,li1,211.3700,81.6000,0.000525
FILLER_25_444,VGND,li1,210.4500,81.6000,0.000525
FILLER_25_401,VGND,li1,190.2100,81.6000,0.000298
FILLER_25_389,VGND,li1,185.1500,81.6000,0.000243
FILLER_25_340,VGND,li1,162.3800,81.6000,0.000225
FILLER_25_337,VGND,li1,161.2300,81.6000,0.000232
FILLER_25_331,VGND,li1,158.0100,81.6000,0.000238
FILLER_25_307,VGND,li1,147.4300,81.6000,0.000267
FILLER_25_284,VGND,li1,136.6200,81.6000,0.000288
FILLER_25_281,VGND,li1,135.4700,81.6000,0.000288
FILLER_25_277,VGND,li1,133.6300,81.6000,0.000291
FILLER_25_274,VGND,li1,132.2500,81.6000,0.000294
FILLER_25_271,VGND,li1,130.8700,81.6000,0.000294
FILLER_25_247,VGND,li1,119.8300,81.6000,0.000305
FILLER_25_225,VGND,li1,109.2500,81.6000,0.000307
FILLER_25_221,VGND,li1,107.8700,81.6000,0.000307
FILLER_25_169,VGND,li1,83.7200,81.6000,0.000266
FILLER_25_158,VGND,li1,78.4300,81.6000,0.000254
FILLER_25_155,VGND,li1,77.5100,81.6000,0.000254
FILLER_25_116,VGND,li1,59.1100,81.6000,0.000196
FILLER_25_113,VGND,li1,58.1900,81.6000,0.000196
FILLER_25_110,VGND,li1,56.5800,81.6000,0.000189
FILLER_25_107,VGND,li1,55.4300,81.6000,0.000180
FILLER_25_34,VGND,li1,21.3900,81.6000,0.000054
FILLER_25_24,VGND,li1,16.7900,81.6000,0.000054
FILLER_25_21,VGND,li1,15.8700,81.6000,0.000054
FILLER_25_18,VGND,li1,14.4900,81.6000,0.000054
FILLER_25_15,VGND,li1,13.1100,81.6000,0.000054
FILLER_25_12,VGND,li1,11.7300,81.6000,0.000054
FILLER_25_9,VGND,li1,10.3500,81.6000,0.000054
FILLER_25_6,VGND,li1,8.9700,81.6000,0.000054
FILLER_25_3,VGND,li1,7.5900,81.6000,0.000054
FILLER_24_658,VGND,li1,308.6600,76.1600,0.001072
FILLER_24_648,VGND,li1,303.8300,76.1600,0.001071
FILLER_24_645,VGND,li1,302.9100,76.1600,0.001069
FILLER_24_642,VGND,li1,301.3000,76.1600,0.001069
FILLER_24_622,VGND,li1,292.3300,76.1600,0.001058
FILLER_24_619,VGND,li1,290.9500,76.1600,0.001058
FILLER_24_585,VGND,li1,275.3100,76.1600,0.001013
FILLER_24_562,VGND,li1,264.5000,76.1600,0.000971
FILLER_24_521,VGND,li1,245.8700,76.1600,0.000867
FILLER_24_485,VGND,li1,228.8500,76.1600,0.000757
FILLER_24_474,VGND,li1,224.0200,76.1600,0.000718
FILLER_24_451,VGND,li1,213.4400,76.1600,0.000613
FILLER_24_448,VGND,li1,212.2900,76.1600,0.000584
FILLER_24_445,VGND,li1,210.9100,76.1600,0.000584
FILLER_24_442,VGND,li1,209.5300,76.1600,0.000558
FILLER_24_421,VGND,li1,199.6400,76.1600,0.000441
FILLER_24_419,VGND,li1,198.4900,76.1600,0.000441
FILLER_24_397,VGND,li1,188.3700,76.1600,0.000301
FILLER_24_394,VGND,li1,187.4500,76.1600,0.000301
FILLER_24_312,VGND,li1,149.5000,76.1600,0.000333
FILLER_24_309,VGND,li1,148.3500,76.1600,0.000340
FILLER_24_305,VGND,li1,146.5100,76.1600,0.000347
FILLER_24_253,VGND,li1,122.5900,76.1600,0.000404
FILLER_24_250,VGND,li1,120.9800,76.1600,0.000404
FILLER_24_241,VGND,li1,117.0700,76.1600,0.000405
FILLER_24_227,VGND,li1,110.1700,76.1600,0.000406
FILLER_24_224,VGND,li1,109.2500,76.1600,0.000406
FILLER_24_221,VGND,li1,107.8700,76.1600,0.000406
FILLER_24_212,VGND,li1,103.2700,76.1600,0.000403
FILLER_24_200,VGND,li1,97.9800,76.1600,0.000397
FILLER_24_197,VGND,li1,96.8300,76.1600,0.000394
FILLER_24_186,VGND,li1,91.3100,76.1600,0.000385
FILLER_24_183,VGND,li1,90.3900,76.1600,0.000385
FILLER_24_180,VGND,li1,89.0100,76.1600,0.000380
FILLER_24_158,VGND,li1,78.4300,76.1600,0.000360
FILLER_24_139,VGND,li1,69.6900,76.1600,0.000336
FILLER_24_136,VGND,li1,68.7700,76.1600,0.000330
FILLER_24_133,VGND,li1,67.3900,76.1600,0.000330
FILLER_24_91,VGND,li1,47.6100,76.1600,0.000232
FILLER_24_88,VGND,li1,46.6900,76.1600,0.000232
FILLER_24_85,VGND,li1,45.3100,76.1600,0.000217
FILLER_24_72,VGND,li1,39.3300,76.1600,0.000180
FILLER_24_69,VGND,li1,37.9500,76.1600,0.000162
FILLER_24_66,VGND,li1,36.5700,76.1600,0.000162
FILLER_24_63,VGND,li1,35.1900,76.1600,0.000143
FILLER_24_32,VGND,li1,20.4700,76.1600,0.000083
FILLER_24_29,VGND,li1,19.5500,76.1600,0.000084
FILLER_24_18,VGND,li1,14.2600,76.1600,0.000084
FILLER_24_15,VGND,li1,13.1100,76.1600,0.000084
FILLER_24_12,VGND,li1,11.7300,76.1600,0.000084
FILLER_24_9,VGND,li1,10.3500,76.1600,0.000084
FILLER_24_6,VGND,li1,8.9700,76.1600,0.000084
FILLER_24_3,VGND,li1,7.5900,76.1600,0.000084
FILLER_23_667,VGND,li1,312.5700,76.1600,0.001073
FILLER_23_645,VGND,li1,302.4500,76.1600,0.001069
FILLER_23_642,VGND,li1,301.5300,76.1600,0.001069
FILLER_23_625,VGND,li1,293.2500,76.1600,0.001061
FILLER_23_614,VGND,li1,288.4200,76.1600,0.001055
FILLER_23_601,VGND,li1,282.4400,76.1600,0.001040
FILLER_23_598,VGND,li1,281.2900,76.1600,0.001032
FILLER_23_595,VGND,li1,279.9100,76.1600,0.001032
FILLER_23_580,VGND,li1,272.5500,76.1600,0.001002
FILLER_23_577,VGND,li1,271.6300,76.1600,0.001002
FILLER_23_567,VGND,li1,266.5700,76.1600,0.000981
FILLER_23_564,VGND,li1,265.6500,76.1600,0.000971
FILLER_23_561,VGND,li1,264.2700,76.1600,0.000971
FILLER_23_557,VGND,li1,262.4300,76.1600,0.000962
FILLER_23_525,VGND,li1,247.7100,76.1600,0.000878
FILLER_23_522,VGND,li1,246.3300,76.1600,0.000878
FILLER_23_519,VGND,li1,244.9500,76.1600,0.000867
FILLER_23_516,VGND,li1,243.5700,76.1600,0.000852
FILLER_23_513,VGND,li1,242.1900,76.1600,0.000852
FILLER_23_503,VGND,li1,237.1300,76.1600,0.000820
FILLER_23_441,VGND,li1,208.6100,76.1600,0.000558
FILLER_23_438,VGND,li1,207.6900,76.1600,0.000532
FILLER_23_435,VGND,li1,206.3100,76.1600,0.000532
FILLER_23_402,VGND,li1,191.1300,76.1600,0.000335
FILLER_23_399,VGND,li1,189.7500,76.1600,0.000335
FILLER_23_396,VGND,li1,188.3700,76.1600,0.000301
FILLER_23_393,VGND,li1,186.9900,76.1600,0.000301
FILLER_23_389,VGND,li1,185.1500,76.1600,0.000278
FILLER_23_368,VGND,li1,175.2600,76.1600,0.000205
FILLER_23_326,VGND,li1,155.9400,76.1600,0.000312
FILLER_23_323,VGND,li1,154.7900,76.1600,0.000312
FILLER_23_293,VGND,li1,140.5300,76.1600,0.000366
FILLER_23_290,VGND,li1,139.6100,76.1600,0.000366
FILLER_23_287,VGND,li1,138.2300,76.1600,0.000375
FILLER_23_284,VGND,li1,136.8500,76.1600,0.000375
FILLER_23_281,VGND,li1,135.4700,76.1600,0.000381
FILLER_23_239,VGND,li1,116.1500,76.1600,0.000405
FILLER_23_225,VGND,li1,109.2500,76.1600,0.000406
FILLER_23_186,VGND,li1,91.5400,76.1600,0.000385
FILLER_23_183,VGND,li1,90.3900,76.1600,0.000385
FILLER_23_180,VGND,li1,89.0100,76.1600,0.000380
FILLER_23_177,VGND,li1,87.6300,76.1600,0.000380
FILLER_23_146,VGND,li1,73.3700,76.1600,0.000344
FILLER_23_116,VGND,li1,59.1100,76.1600,0.000301
FILLER_23_113,VGND,li1,58.1900,76.1600,0.000293
FILLER_23_111,VGND,li1,56.8100,76.1600,0.000284
FILLER_23_103,VGND,li1,53.3600,76.1600,0.000275
FILLER_23_72,VGND,li1,39.1000,76.1600,0.000180
FILLER_23_69,VGND,li1,37.9500,76.1600,0.000162
FILLER_23_66,VGND,li1,36.5700,76.1600,0.000162
FILLER_23_15,VGND,li1,13.1100,76.1600,0.000084
FILLER_23_12,VGND,li1,11.7300,76.1600,0.000084
FILLER_23_9,VGND,li1,10.3500,76.1600,0.000084
FILLER_23_6,VGND,li1,8.9700,76.1600,0.000084
FILLER_23_3,VGND,li1,7.5900,76.1600,0.000084
FILLER_22_667,VGND,li1,312.5700,70.7200,0.000961
FILLER_22_645,VGND,li1,302.4500,70.7200,0.000954
FILLER_22_643,VGND,li1,301.5300,70.7200,0.000953
FILLER_22_640,VGND,li1,300.6100,70.7200,0.000953
FILLER_22_587,VGND,li1,275.7700,70.7200,0.000899
FILLER_22_584,VGND,li1,274.8500,70.7200,0.000899
FILLER_22_557,VGND,li1,261.9700,70.7200,0.000857
FILLER_22_554,VGND,li1,261.0500,70.7200,0.000857
FILLER_22_533,VGND,li1,250.9300,70.7200,0.000811
FILLER_22_523,VGND,li1,246.3300,70.7200,0.000784
FILLER_22_520,VGND,li1,245.4100,70.7200,0.000784
FILLER_22_517,VGND,li1,244.0300,70.7200,0.000774
FILLER_22_494,VGND,li1,233.2200,70.7200,0.000706
FILLER_22_491,VGND,li1,232.0700,70.7200,0.000691
FILLER_22_488,VGND,li1,230.6900,70.7200,0.000678
FILLER_22_485,VGND,li1,229.3100,70.7200,0.000678
FILLER_22_475,VGND,li1,224.2500,70.7200,0.000633
FILLER_22_472,VGND,li1,223.3300,70.7200,0.000633
FILLER_22_443,VGND,li1,209.9900,70.7200,0.000502
FILLER_22_440,VGND,li1,208.6100,70.7200,0.000472
FILLER_22_437,VGND,li1,207.2300,70.7200,0.000472
FILLER_22_434,VGND,li1,205.8500,70.7200,0.000441
FILLER_22_431,VGND,li1,204.4700,70.7200,0.000441
FILLER_22_401,VGND,li1,190.6700,70.7200,0.000284
FILLER_22_398,VGND,li1,189.2900,70.7200,0.000257
FILLER_22_395,VGND,li1,187.9100,70.7200,0.000236
FILLER_22_392,VGND,li1,186.5300,70.7200,0.000236
FILLER_22_389,VGND,li1,185.1500,70.7200,0.000214
FILLER_22_371,VGND,li1,176.4100,70.7200,0.000151
FILLER_22_368,VGND,li1,175.4900,70.7200,0.000157
FILLER_22_365,VGND,li1,174.1100,70.7200,0.000157
FILLER_22_363,VGND,li1,172.7300,70.7200,0.000162
FILLER_22_352,VGND,li1,167.9000,70.7200,0.000173
FILLER_22_349,VGND,li1,166.7500,70.7200,0.000180
FILLER_22_346,VGND,li1,165.3700,70.7200,0.000180
FILLER_22_335,VGND,li1,160.0800,70.7200,0.000193
FILLER_22_332,VGND,li1,158.9300,70.7200,0.000198
FILLER_22_329,VGND,li1,157.5500,70.7200,0.000198
FILLER_22_326,VGND,li1,156.1700,70.7200,0.000202
FILLER_22_323,VGND,li1,154.7900,70.7200,0.000207
FILLER_22_320,VGND,li1,153.4100,70.7200,0.000207
FILLER_22_317,VGND,li1,152.0300,70.7200,0.000211
FILLER_22_305,VGND,li1,146.5100,70.7200,0.000224
FILLER_22_302,VGND,li1,145.1300,70.7200,0.000224
FILLER_22_299,VGND,li1,143.7500,70.7200,0.000228
FILLER_22_296,VGND,li1,142.3700,70.7200,0.000228
FILLER_22_293,VGND,li1,140.9900,70.7200,0.000232
FILLER_22_290,VGND,li1,139.6100,70.7200,0.000232
FILLER_22_287,VGND,li1,138.2300,70.7200,0.000237
FILLER_22_284,VGND,li1,136.8500,70.7200,0.000237
FILLER_22_281,VGND,li1,135.4700,70.7200,0.000240
FILLER_22_253,VGND,li1,122.1300,70.7200,0.000256
FILLER_22_242,VGND,li1,117.0700,70.7200,0.000259
FILLER_22_239,VGND,li1,116.1500,70.7200,0.000259
FILLER_22_226,VGND,li1,109.7100,70.7200,0.000261
FILLER_22_223,VGND,li1,108.7900,70.7200,0.000261
FILLER_22_220,VGND,li1,107.4100,70.7200,0.000262
FILLER_22_197,VGND,li1,96.6000,70.7200,0.000262
FILLER_22_184,VGND,li1,90.8500,70.7200,0.000258
FILLER_22_181,VGND,li1,89.4700,70.7200,0.000256
FILLER_22_178,VGND,li1,88.0900,70.7200,0.000256
FILLER_22_175,VGND,li1,86.7100,70.7200,0.000254
FILLER_22_144,VGND,li1,72.2200,70.7200,0.000233
FILLER_22_141,VGND,li1,71.0700,70.7200,0.000233
FILLER_22_137,VGND,li1,69.2300,70.7200,0.000229
FILLER_22_110,VGND,li1,56.3500,70.7200,0.000189
FILLER_22_107,VGND,li1,55.4300,70.7200,0.000182
FILLER_22_104,VGND,li1,54.0500,70.7200,0.000182
FILLER_22_101,VGND,li1,52.6700,70.7200,0.000174
FILLER_22_88,VGND,li1,46.6900,70.7200,0.000154
FILLER_22_85,VGND,li1,45.3100,70.7200,0.000144
FILLER_22_63,VGND,li1,35.1900,70.7200,0.000100
FILLER_22_50,VGND,li1,28.7500,70.7200,0.000064
FILLER_22_47,VGND,li1,27.8300,70.7200,0.000064
FILLER_22_44,VGND,li1,26.4500,70.7200,0.000055
FILLER_22_41,VGND,li1,25.0700,70.7200,0.000055
FILLER_22_38,VGND,li1,23.6900,70.7200,0.000056
FILLER_22_6,VGND,li1,8.5100,70.7200,0.000061
FILLER_22_3,VGND,li1,7.5900,70.7200,0.000061
FILLER_21_658,VGND,li1,308.6600,70.7200,0.000960
FILLER_21_626,VGND,li1,293.9400,70.7200,0.000943
FILLER_21_613,VGND,li1,288.1900,70.7200,0.000932
FILLER_21_603,VGND,li1,283.1300,70.7200,0.000921
FILLER_21_600,VGND,li1,282.2100,70.7200,0.000916
FILLER_21_597,VGND,li1,280.8300,70.7200,0.000911
FILLER_21_594,VGND,li1,279.4500,70.7200,0.000911
FILLER_21_591,VGND,li1,278.0700,70.7200,0.000904
FILLER_21_588,VGND,li1,276.6900,70.7200,0.000904
FILLER_21_585,VGND,li1,275.3100,70.7200,0.000899
FILLER_21_559,VGND,li1,262.8900,70.7200,0.000863
FILLER_21_556,VGND,li1,261.9700,70.7200,0.000857
FILLER_21_553,VGND,li1,260.5900,70.7200,0.000850
FILLER_21_550,VGND,li1,259.2100,70.7200,0.000850
FILLER_21_520,VGND,li1,244.9500,70.7200,0.000774
FILLER_21_505,VGND,li1,238.2800,70.7200,0.000736
FILLER_21_492,VGND,li1,232.5300,70.7200,0.000691
FILLER_21_489,VGND,li1,231.1500,70.7200,0.000691
FILLER_21_486,VGND,li1,229.7700,70.7200,0.000678
FILLER_21_483,VGND,li1,228.3900,70.7200,0.000660
FILLER_21_480,VGND,li1,227.0100,70.7200,0.000660
FILLER_21_440,VGND,li1,208.6100,70.7200,0.000472
FILLER_21_437,VGND,li1,207.2300,70.7200,0.000472
FILLER_21_434,VGND,li1,205.8500,70.7200,0.000441
FILLER_21_431,VGND,li1,204.4700,70.7200,0.000441
FILLER_21_428,VGND,li1,203.0900,70.7200,0.000408
FILLER_21_425,VGND,li1,201.7100,70.7200,0.000408
FILLER_21_415,VGND,li1,196.8800,70.7200,0.000343
FILLER_21_412,VGND,li1,195.7300,70.7200,0.000343
FILLER_21_402,VGND,li1,190.9000,70.7200,0.000284
FILLER_21_399,VGND,li1,189.7500,70.7200,0.000257
FILLER_21_396,VGND,li1,188.3700,70.7200,0.000257
FILLER_21_393,VGND,li1,186.9900,70.7200,0.000236
FILLER_21_391,VGND,li1,185.6100,70.7200,0.000214
FILLER_21_388,VGND,li1,184.6900,70.7200,0.000214
FILLER_21_385,VGND,li1,183.3100,70.7200,0.000190
FILLER_21_382,VGND,li1,181.9300,70.7200,0.000166
FILLER_21_379,VGND,li1,180.5500,70.7200,0.000166
FILLER_21_367,VGND,li1,175.0300,70.7200,0.000157
FILLER_21_364,VGND,li1,173.6500,70.7200,0.000162
FILLER_21_361,VGND,li1,172.2700,70.7200,0.000162
FILLER_21_358,VGND,li1,170.8900,70.7200,0.000167
FILLER_21_346,VGND,li1,165.3700,70.7200,0.000180
FILLER_21_337,VGND,li1,160.7700,70.7200,0.000193
FILLER_21_334,VGND,li1,159.6200,70.7200,0.000193
FILLER_21_331,VGND,li1,158.4700,70.7200,0.000198
FILLER_21_328,VGND,li1,157.0900,70.7200,0.000202
FILLER_21_325,VGND,li1,155.7100,70.7200,0.000202
FILLER_21_322,VGND,li1,154.3300,70.7200,0.000207
FILLER_21_319,VGND,li1,152.9500,70.7200,0.000211
FILLER_21_316,VGND,li1,151.5700,70.7200,0.000211
FILLER_21_293,VGND,li1,140.7600,70.7200,0.000232
FILLER_21_290,VGND,li1,139.6100,70.7200,0.000232
FILLER_21_287,VGND,li1,138.2300,70.7200,0.000237
FILLER_21_284,VGND,li1,136.8500,70.7200,0.000237
FILLER_21_281,VGND,li1,135.4700,70.7200,0.000240
FILLER_21_277,VGND,li1,133.6300,70.7200,0.000244
FILLER_21_274,VGND,li1,132.2500,70.7200,0.000244
FILLER_21_240,VGND,li1,116.6100,70.7200,0.000259
FILLER_21_237,VGND,li1,115.2300,70.7200,0.000259
FILLER_21_234,VGND,li1,113.8500,70.7200,0.000259
FILLER_21_231,VGND,li1,112.4700,70.7200,0.000261
FILLER_21_228,VGND,li1,111.0900,70.7200,0.000261
FILLER_21_225,VGND,li1,109.7100,70.7200,0.000261
FILLER_21_222,VGND,li1,108.1000,70.7200,0.000262
FILLER_21_219,VGND,li1,106.9500,70.7200,0.000262
FILLER_21_187,VGND,li1,92.0000,70.7200,0.000258
FILLER_21_184,VGND,li1,90.8500,70.7200,0.000258
FILLER_21_181,VGND,li1,89.4700,70.7200,0.000256
FILLER_21_178,VGND,li1,88.0900,70.7200,0.000256
FILLER_21_111,VGND,li1,56.8100,70.7200,0.000189
FILLER_21_108,VGND,li1,55.8900,70.7200,0.000189
FILLER_21_105,VGND,li1,54.5100,70.7200,0.000182
FILLER_21_102,VGND,li1,53.1300,70.7200,0.000174
FILLER_21_99,VGND,li1,51.7500,70.7200,0.000174
FILLER_21_96,VGND,li1,50.3700,70.7200,0.000163
FILLER_21_93,VGND,li1,48.9900,70.7200,0.000163
FILLER_21_70,VGND,li1,38.1800,70.7200,0.000111
FILLER_21_67,VGND,li1,37.0300,70.7200,0.000111
FILLER_21_57,VGND,li1,32.2000,70.7200,0.000086
FILLER_21_46,VGND,li1,27.1400,70.7200,0.000064
FILLER_21_43,VGND,li1,25.9900,70.7200,0.000055
FILLER_21_40,VGND,li1,24.6100,70.7200,0.000056
FILLER_21_37,VGND,li1,23.2300,70.7200,0.000056
FILLER_21_34,VGND,li1,21.8500,70.7200,0.000057
FILLER_21_15,VGND,li1,12.8800,70.7200,0.000061
FILLER_21_12,VGND,li1,11.7300,70.7200,0.000061
FILLER_21_9,VGND,li1,10.3500,70.7200,0.000061
FILLER_21_6,VGND,li1,8.9700,70.7200,0.000061
FILLER_21_3,VGND,li1,7.5900,70.7200,0.000061
FILLER_20_657,VGND,li1,308.4300,65.2800,0.000606
FILLER_20_648,VGND,li1,303.8300,65.2800,0.000603
FILLER_20_645,VGND,li1,302.9100,65.2800,0.000603
FILLER_20_641,VGND,li1,301.0700,65.2800,0.000601
FILLER_20_632,VGND,li1,296.4700,65.2800,0.000597
FILLER_20_601,VGND,li1,282.4400,65.2800,0.000576
FILLER_20_598,VGND,li1,281.2900,65.2800,0.000576
FILLER_20_595,VGND,li1,279.9100,65.2800,0.000571
FILLER_20_592,VGND,li1,278.5300,65.2800,0.000571
FILLER_20_589,VGND,li1,277.1500,65.2800,0.000566
FILLER_20_586,VGND,li1,275.5400,65.2800,0.000566
FILLER_20_583,VGND,li1,274.3900,65.2800,0.000562
FILLER_20_580,VGND,li1,273.0100,65.2800,0.000562
FILLER_20_577,VGND,li1,271.6300,65.2800,0.000557
FILLER_20_560,VGND,li1,263.3500,65.2800,0.000542
FILLER_20_557,VGND,li1,262.4300,65.2800,0.000538
FILLER_20_554,VGND,li1,261.0500,65.2800,0.000538
FILLER_20_551,VGND,li1,259.6700,65.2800,0.000534
FILLER_20_548,VGND,li1,258.2900,65.2800,0.000528
FILLER_20_545,VGND,li1,256.9100,65.2800,0.000528
FILLER_20_539,VGND,li1,253.6900,65.2800,0.000516
FILLER_20_536,VGND,li1,252.7700,65.2800,0.000516
FILLER_20_533,VGND,li1,251.3900,65.2800,0.000511
FILLER_20_530,VGND,li1,249.7800,65.2800,0.000505
FILLER_20_527,VGND,li1,248.6300,65.2800,0.000505
FILLER_20_524,VGND,li1,247.2500,65.2800,0.000500
FILLER_20_521,VGND,li1,245.8700,65.2800,0.000493
FILLER_20_518,VGND,li1,244.4900,65.2800,0.000493
FILLER_20_496,VGND,li1,233.9100,65.2800,0.000456
FILLER_20_480,VGND,li1,227.0100,65.2800,0.000428
FILLER_20_477,VGND,li1,225.6300,65.2800,0.000419
FILLER_20_474,VGND,li1,224.0200,65.2800,0.000408
FILLER_20_471,VGND,li1,222.8700,65.2800,0.000408
FILLER_20_448,VGND,li1,211.8300,65.2800,0.000339
FILLER_20_445,VGND,li1,210.9100,65.2800,0.000339
FILLER_20_442,VGND,li1,209.5300,65.2800,0.000326
FILLER_20_439,VGND,li1,208.1500,65.2800,0.000326
FILLER_20_436,VGND,li1,206.7700,65.2800,0.000308
FILLER_20_433,VGND,li1,205.3900,65.2800,0.000308
FILLER_20_430,VGND,li1,204.0100,65.2800,0.000290
FILLER_20_427,VGND,li1,202.6300,65.2800,0.000290
FILLER_20_424,VGND,li1,201.2500,65.2800,0.000272
FILLER_20_421,VGND,li1,199.8700,65.2800,0.000272
FILLER_20_404,VGND,li1,192.0500,65.2800,0.000220
FILLER_20_394,VGND,li1,187.2200,65.2800,0.000183
FILLER_20_391,VGND,li1,186.0700,65.2800,0.000166
FILLER_20_388,VGND,li1,184.6900,65.2800,0.000166
FILLER_20_377,VGND,li1,179.6300,65.2800,0.000122
FILLER_20_365,VGND,li1,173.8800,65.2800,0.000146
FILLER_20_353,VGND,li1,168.3600,65.2800,0.000167
FILLER_20_350,VGND,li1,167.2100,65.2800,0.000174
FILLER_20_347,VGND,li1,165.8300,65.2800,0.000174
FILLER_20_344,VGND,li1,164.4500,65.2800,0.000186
FILLER_20_337,VGND,li1,161.2300,65.2800,0.000192
FILLER_20_334,VGND,li1,159.8500,65.2800,0.000192
FILLER_20_325,VGND,li1,155.2500,65.2800,0.000200
FILLER_20_322,VGND,li1,154.3300,65.2800,0.000203
FILLER_20_319,VGND,li1,152.9500,65.2800,0.000203
FILLER_20_296,VGND,li1,142.3700,65.2800,0.000214
FILLER_20_293,VGND,li1,140.9900,65.2800,0.000214
FILLER_20_290,VGND,li1,139.6100,65.2800,0.000215
FILLER_20_287,VGND,li1,138.2300,65.2800,0.000217
FILLER_20_284,VGND,li1,136.8500,65.2800,0.000217
FILLER_20_281,VGND,li1,135.4700,65.2800,0.000219
FILLER_20_278,VGND,li1,134.0900,65.2800,0.000219
FILLER_20_275,VGND,li1,132.7100,65.2800,0.000220
FILLER_20_272,VGND,li1,131.3300,65.2800,0.000222
FILLER_20_269,VGND,li1,129.9500,65.2800,0.000222
FILLER_20_266,VGND,li1,128.5700,65.2800,0.000223
FILLER_20_253,VGND,li1,122.5900,65.2800,0.000227
FILLER_20_229,VGND,li1,111.3200,65.2800,0.000230
FILLER_20_226,VGND,li1,110.1700,65.2800,0.000230
FILLER_20_223,VGND,li1,108.7900,65.2800,0.000230
FILLER_20_220,VGND,li1,107.4100,65.2800,0.000230
FILLER_20_217,VGND,li1,106.0300,65.2800,0.000230
FILLER_20_214,VGND,li1,104.6500,65.2800,0.000230
FILLER_20_203,VGND,li1,99.5900,65.2800,0.000227
FILLER_20_200,VGND,li1,98.2100,65.2800,0.000227
FILLER_20_197,VGND,li1,96.8300,65.2800,0.000225
FILLER_20_195,VGND,li1,95.4500,65.2800,0.000225
FILLER_20_192,VGND,li1,94.5300,65.2800,0.000224
FILLER_20_189,VGND,li1,93.1500,65.2800,0.000222
FILLER_20_186,VGND,li1,91.7700,65.2800,0.000222
FILLER_20_183,VGND,li1,90.3900,65.2800,0.000220
FILLER_20_180,VGND,li1,89.0100,65.2800,0.000219
FILLER_20_177,VGND,li1,87.6300,65.2800,0.000219
FILLER_20_174,VGND,li1,86.2500,65.2800,0.000217
FILLER_20_156,VGND,li1,77.5100,65.2800,0.000208
FILLER_20_153,VGND,li1,76.5900,65.2800,0.000208
FILLER_20_150,VGND,li1,75.2100,65.2800,0.000206
FILLER_20_147,VGND,li1,73.8300,65.2800,0.000204
FILLER_20_144,VGND,li1,72.4500,65.2800,0.000204
FILLER_20_141,VGND,li1,71.0700,65.2800,0.000201
FILLER_20_137,VGND,li1,69.2300,65.2800,0.000199
FILLER_20_134,VGND,li1,67.8500,65.2800,0.000199
FILLER_20_103,VGND,li1,53.1300,65.2800,0.000160
FILLER_20_100,VGND,li1,52.2100,65.2800,0.000155
FILLER_20_97,VGND,li1,50.8300,65.2800,0.000155
FILLER_20_94,VGND,li1,49.4500,65.2800,0.000148
FILLER_20_73,VGND,li1,39.7900,65.2800,0.000119
FILLER_20_70,VGND,li1,38.4100,65.2800,0.000113
FILLER_20_67,VGND,li1,37.0300,65.2800,0.000113
FILLER_20_43,VGND,li1,25.9900,65.2800,0.000059
FILLER_20_40,VGND,li1,24.6100,65.2800,0.000060
FILLER_20_37,VGND,li1,23.2300,65.2800,0.000060
FILLER_20_27,VGND,li1,18.1700,65.2800,0.000064
FILLER_20_9,VGND,li1,9.8900,65.2800,0.000066
FILLER_20_6,VGND,li1,8.9700,65.2800,0.000066
FILLER_20_3,VGND,li1,7.5900,65.2800,0.000066
FILLER_19_635,VGND,li1,298.3100,65.2800,0.000599
FILLER_19_632,VGND,li1,296.9300,65.2800,0.000597
FILLER_19_629,VGND,li1,295.5500,65.2800,0.000594
FILLER_19_626,VGND,li1,294.1700,65.2800,0.000594
FILLER_19_623,VGND,li1,292.7900,65.2800,0.000591
FILLER_19_620,VGND,li1,291.4100,65.2800,0.000591
FILLER_19_617,VGND,li1,290.0300,65.2800,0.000588
FILLER_19_613,VGND,li1,288.1900,65.2800,0.000584
FILLER_19_610,VGND,li1,286.8100,65.2800,0.000584
FILLER_19_607,VGND,li1,285.4300,65.2800,0.000580
FILLER_19_604,VGND,li1,284.0500,65.2800,0.000580
FILLER_19_601,VGND,li1,282.6700,65.2800,0.000576
FILLER_19_598,VGND,li1,281.2900,65.2800,0.000576
FILLER_19_595,VGND,li1,279.9100,65.2800,0.000571
FILLER_19_592,VGND,li1,278.5300,65.2800,0.000571
FILLER_19_589,VGND,li1,277.1500,65.2800,0.000566
FILLER_19_586,VGND,li1,275.7700,65.2800,0.000566
FILLER_19_583,VGND,li1,274.3900,65.2800,0.000562
FILLER_19_580,VGND,li1,273.0100,65.2800,0.000562
FILLER_19_577,VGND,li1,271.6300,65.2800,0.000557
FILLER_19_574,VGND,li1,270.2500,65.2800,0.000557
FILLER_19_561,VGND,li1,264.2700,65.2800,0.000542
FILLER_19_559,VGND,li1,262.8900,65.2800,0.000542
FILLER_19_556,VGND,li1,261.9700,65.2800,0.000538
FILLER_19_553,VGND,li1,260.5900,65.2800,0.000534
FILLER_19_550,VGND,li1,259.2100,65.2800,0.000534
FILLER_19_547,VGND,li1,257.8300,65.2800,0.000528
FILLER_19_544,VGND,li1,256.4500,65.2800,0.000524
FILLER_19_541,VGND,li1,255.0700,65.2800,0.000524
FILLER_19_538,VGND,li1,253.6900,65.2800,0.000516
FILLER_19_535,VGND,li1,252.3100,65.2800,0.000516
FILLER_19_532,VGND,li1,250.9300,65.2800,0.000511
FILLER_19_529,VGND,li1,249.5500,65.2800,0.000505
FILLER_19_526,VGND,li1,248.1700,65.2800,0.000500
FILLER_19_523,VGND,li1,246.7900,65.2800,0.000500
FILLER_19_520,VGND,li1,245.4100,65.2800,0.000493
FILLER_19_517,VGND,li1,244.0300,65.2800,0.000487
FILLER_19_514,VGND,li1,242.6500,65.2800,0.000487
FILLER_19_511,VGND,li1,241.2700,65.2800,0.000479
FILLER_19_508,VGND,li1,239.8900,65.2800,0.000479
FILLER_19_505,VGND,li1,238.5100,65.2800,0.000472
FILLER_19_494,VGND,li1,232.9900,65.2800,0.000456
FILLER_19_491,VGND,li1,232.0700,65.2800,0.000447
FILLER_19_488,VGND,li1,230.6900,65.2800,0.000447
FILLER_19_485,VGND,li1,229.3100,65.2800,0.000439
FILLER_19_482,VGND,li1,227.9300,65.2800,0.000428
FILLER_19_479,VGND,li1,226.5500,65.2800,0.000428
FILLER_19_476,VGND,li1,225.1700,65.2800,0.000419
FILLER_19_473,VGND,li1,223.7900,65.2800,0.000408
FILLER_19_470,VGND,li1,222.4100,65.2800,0.000408
FILLER_19_439,VGND,li1,208.1500,65.2800,0.000326
FILLER_19_436,VGND,li1,206.7700,65.2800,0.000308
FILLER_19_433,VGND,li1,205.3900,65.2800,0.000308
FILLER_19_430,VGND,li1,204.0100,65.2800,0.000290
FILLER_19_412,VGND,li1,195.2700,65.2800,0.000241
FILLER_19_393,VGND,li1,186.7600,65.2800,0.000183
FILLER_19_384,VGND,li1,182.6200,65.2800,0.000148
FILLER_19_360,VGND,li1,171.8100,65.2800,0.000156
FILLER_19_357,VGND,li1,170.4300,65.2800,0.000156
FILLER_19_354,VGND,li1,169.0500,65.2800,0.000167
FILLER_19_351,VGND,li1,167.6700,65.2800,0.000167
FILLER_19_337,VGND,li1,161.2300,65.2800,0.000192
FILLER_19_334,VGND,li1,159.6200,65.2800,0.000192
FILLER_19_331,VGND,li1,158.4700,65.2800,0.000197
FILLER_19_321,VGND,li1,153.4100,65.2800,0.000203
FILLER_19_308,VGND,li1,147.8900,65.2800,0.000209
FILLER_19_290,VGND,li1,139.1500,65.2800,0.000215
FILLER_19_287,VGND,li1,138.2300,65.2800,0.000217
FILLER_19_284,VGND,li1,136.8500,65.2800,0.000217
FILLER_19_281,VGND,li1,135.4700,65.2800,0.000219
FILLER_19_279,VGND,li1,134.0900,65.2800,0.000219
FILLER_19_276,VGND,li1,133.1700,65.2800,0.000220
FILLER_19_273,VGND,li1,131.7900,65.2800,0.000220
FILLER_19_270,VGND,li1,130.4100,65.2800,0.000222
FILLER_19_267,VGND,li1,129.0300,65.2800,0.000223
FILLER_19_264,VGND,li1,127.6500,65.2800,0.000223
FILLER_19_253,VGND,li1,122.5900,65.2800,0.000227
FILLER_19_250,VGND,li1,121.2100,65.2800,0.000227
FILLER_19_240,VGND,li1,116.1500,65.2800,0.000230
FILLER_19_237,VGND,li1,115.2300,65.2800,0.000230
FILLER_19_234,VGND,li1,113.8500,65.2800,0.000230
FILLER_19_231,VGND,li1,112.4700,65.2800,0.000230
FILLER_19_228,VGND,li1,111.0900,65.2800,0.000230
FILLER_19_225,VGND,li1,109.7100,65.2800,0.000230
FILLER_19_222,VGND,li1,108.1000,65.2800,0.000230
FILLER_19_219,VGND,li1,106.9500,65.2800,0.000230
FILLER_19_216,VGND,li1,105.5700,65.2800,0.000230
FILLER_19_213,VGND,li1,104.1900,65.2800,0.000230
FILLER_19_210,VGND,li1,102.8100,65.2800,0.000230
FILLER_19_190,VGND,li1,93.6100,65.2800,0.000224
FILLER_19_187,VGND,li1,92.2300,65.2800,0.000222
FILLER_19_184,VGND,li1,90.8500,65.2800,0.000220
FILLER_19_181,VGND,li1,89.4700,65.2800,0.000220
FILLER_19_178,VGND,li1,88.0900,65.2800,0.000219
FILLER_19_175,VGND,li1,86.7100,65.2800,0.000217
FILLER_19_172,VGND,li1,85.3300,65.2800,0.000217
FILLER_19_169,VGND,li1,83.9500,65.2800,0.000215
FILLER_19_166,VGND,li1,82.3400,65.2800,0.000213
FILLER_19_163,VGND,li1,81.1900,65.2800,0.000213
FILLER_19_160,VGND,li1,79.8100,65.2800,0.000210
FILLER_19_157,VGND,li1,78.4300,65.2800,0.000210
FILLER_19_154,VGND,li1,77.0500,65.2800,0.000208
FILLER_19_151,VGND,li1,75.6700,65.2800,0.000206
FILLER_19_148,VGND,li1,74.2900,65.2800,0.000206
FILLER_19_145,VGND,li1,72.9100,65.2800,0.000204
FILLER_19_142,VGND,li1,71.5300,65.2800,0.000201
FILLER_19_110,VGND,li1,56.5800,65.2800,0.000168
FILLER_19_107,VGND,li1,55.4300,65.2800,0.000168
FILLER_19_104,VGND,li1,54.0500,65.2800,0.000160
FILLER_19_101,VGND,li1,52.6700,65.2800,0.000160
FILLER_19_98,VGND,li1,51.2900,65.2800,0.000155
FILLER_19_95,VGND,li1,49.9100,65.2800,0.000148
FILLER_19_92,VGND,li1,48.5300,65.2800,0.000148
FILLER_19_89,VGND,li1,47.1500,65.2800,0.000143
FILLER_19_86,VGND,li1,45.7700,65.2800,0.000136
FILLER_19_83,VGND,li1,44.3900,65.2800,0.000136
FILLER_19_80,VGND,li1,43.0100,65.2800,0.000128
FILLER_19_77,VGND,li1,41.6300,65.2800,0.000128
FILLER_19_74,VGND,li1,40.2500,65.2800,0.000119
FILLER_19_71,VGND,li1,38.8700,65.2800,0.000119
FILLER_19_68,VGND,li1,37.4900,65.2800,0.000113
FILLER_19_46,VGND,li1,26.9100,65.2800,0.000068
FILLER_19_43,VGND,li1,25.9900,65.2800,0.000059
FILLER_19_40,VGND,li1,24.6100,65.2800,0.000060
FILLER_19_6,VGND,li1,8.9700,65.2800,0.000066
FILLER_19_3,VGND,li1,7.5900,65.2800,0.000066
FILLER_18_648,VGND,li1,304.2900,59.8400,0.000757
FILLER_18_645,VGND,li1,302.9100,59.8400,0.000755
FILLER_18_643,VGND,li1,301.5300,59.8400,0.000755
FILLER_18_631,VGND,li1,296.4700,59.8400,0.000750
FILLER_18_628,VGND,li1,295.0900,59.8400,0.000747
FILLER_18_625,VGND,li1,293.7100,59.8400,0.000747
FILLER_18_622,VGND,li1,292.3300,59.8400,0.000744
FILLER_18_619,VGND,li1,290.9500,59.8400,0.000744
FILLER_18_616,VGND,li1,289.5700,59.8400,0.000741
FILLER_18_613,VGND,li1,288.1900,59.8400,0.000738
FILLER_18_610,VGND,li1,286.8100,59.8400,0.000738
FILLER_18_600,VGND,li1,281.9800,59.8400,0.000731
FILLER_18_592,VGND,li1,278.3000,59.8400,0.000720
FILLER_18_589,VGND,li1,277.1500,59.8400,0.000713
FILLER_18_579,VGND,li1,272.0900,59.8400,0.000695
FILLER_18_573,VGND,li1,269.3300,59.8400,0.000684
FILLER_18_551,VGND,li1,259.6700,59.8400,0.000640
FILLER_18_539,VGND,li1,254.1500,59.8400,0.000612
FILLER_18_536,VGND,li1,252.7700,59.8400,0.000598
FILLER_18_533,VGND,li1,251.3900,59.8400,0.000598
FILLER_18_531,VGND,li1,250.0100,59.8400,0.000588
FILLER_18_528,VGND,li1,249.0900,59.8400,0.000578
FILLER_18_525,VGND,li1,247.7100,59.8400,0.000578
FILLER_18_522,VGND,li1,246.3300,59.8400,0.000566
FILLER_18_519,VGND,li1,244.9500,59.8400,0.000556
FILLER_18_516,VGND,li1,243.5700,59.8400,0.000556
FILLER_18_513,VGND,li1,242.1900,59.8400,0.000543
FILLER_18_510,VGND,li1,240.8100,59.8400,0.000534
FILLER_18_507,VGND,li1,239.4300,59.8400,0.000534
FILLER_18_498,VGND,li1,234.8300,59.8400,0.000509
FILLER_18_495,VGND,li1,233.9100,59.8400,0.000496
FILLER_18_492,VGND,li1,232.5300,59.8400,0.000496
FILLER_18_489,VGND,li1,231.1500,59.8400,0.000486
FILLER_18_486,VGND,li1,229.7700,59.8400,0.000473
FILLER_18_483,VGND,li1,228.3900,59.8400,0.000473
FILLER_18_480,VGND,li1,227.0100,59.8400,0.000458
FILLER_18_477,VGND,li1,225.6300,59.8400,0.000458
FILLER_18_473,VGND,li1,223.7900,59.8400,0.000446
FILLER_18_470,VGND,li1,222.4100,59.8400,0.000432
FILLER_18_467,VGND,li1,221.0300,59.8400,0.000432
FILLER_18_464,VGND,li1,219.6500,59.8400,0.000416
FILLER_18_435,VGND,li1,206.0800,59.8400,0.000337
FILLER_18_432,VGND,li1,204.9300,59.8400,0.000323
FILLER_18_429,VGND,li1,203.5500,59.8400,0.000323
FILLER_18_389,VGND,li1,184.9200,59.8400,0.000172
FILLER_18_386,VGND,li1,183.7700,59.8400,0.000172
FILLER_18_362,VGND,li1,172.5000,59.8400,0.000141
FILLER_18_359,VGND,li1,171.3500,59.8400,0.000147
FILLER_18_356,VGND,li1,169.9700,59.8400,0.000152
FILLER_18_353,VGND,li1,168.5900,59.8400,0.000152
FILLER_18_350,VGND,li1,167.2100,59.8400,0.000157
FILLER_18_320,VGND,li1,152.9500,59.8400,0.000193
FILLER_18_317,VGND,li1,152.0300,59.8400,0.000193
FILLER_18_286,VGND,li1,137.3100,59.8400,0.000221
FILLER_18_268,VGND,li1,129.4900,59.8400,0.000229
FILLER_18_265,VGND,li1,128.1100,59.8400,0.000229
FILLER_18_262,VGND,li1,126.7300,59.8400,0.000230
FILLER_18_259,VGND,li1,125.3500,59.8400,0.000230
FILLER_18_256,VGND,li1,123.9700,59.8400,0.000231
FILLER_18_253,VGND,li1,122.5900,59.8400,0.000232
FILLER_18_250,VGND,li1,120.9800,59.8400,0.000232
FILLER_18_247,VGND,li1,119.8300,59.8400,0.000232
FILLER_18_244,VGND,li1,118.4500,59.8400,0.000232
FILLER_18_233,VGND,li1,113.1600,59.8400,0.000233
FILLER_18_230,VGND,li1,112.0100,59.8400,0.000233
FILLER_18_227,VGND,li1,110.6300,59.8400,0.000233
FILLER_18_209,VGND,li1,101.8900,59.8400,0.000232
FILLER_18_206,VGND,li1,100.9700,59.8400,0.000232
FILLER_18_186,VGND,li1,91.3100,59.8400,0.000223
FILLER_18_183,VGND,li1,90.3900,59.8400,0.000223
FILLER_18_180,VGND,li1,89.0100,59.8400,0.000219
FILLER_18_177,VGND,li1,87.6300,59.8400,0.000219
FILLER_18_174,VGND,li1,86.2500,59.8400,0.000216
FILLER_18_159,VGND,li1,78.8900,59.8400,0.000208
FILLER_18_156,VGND,li1,77.9700,59.8400,0.000205
FILLER_18_153,VGND,li1,76.5900,59.8400,0.000202
FILLER_18_150,VGND,li1,75.2100,59.8400,0.000202
FILLER_18_147,VGND,li1,73.8300,59.8400,0.000197
FILLER_18_144,VGND,li1,72.4500,59.8400,0.000197
FILLER_18_141,VGND,li1,71.0700,59.8400,0.000193
FILLER_18_139,VGND,li1,69.6900,59.8400,0.000190
FILLER_18_136,VGND,li1,68.7700,59.8400,0.000190
FILLER_18_113,VGND,li1,57.9600,59.8400,0.000166
FILLER_18_110,VGND,li1,56.8100,59.8400,0.000166
FILLER_18_107,VGND,li1,55.4300,59.8400,0.000162
FILLER_18_104,VGND,li1,54.0500,59.8400,0.000156
FILLER_18_101,VGND,li1,52.6700,59.8400,0.000156
FILLER_18_85,VGND,li1,45.0800,59.8400,0.000133
FILLER_18_82,VGND,li1,43.7000,59.8400,0.000133
FILLER_18_79,VGND,li1,42.5500,59.8400,0.000126
FILLER_18_76,VGND,li1,41.1700,59.8400,0.000126
FILLER_18_73,VGND,li1,39.7900,59.8400,0.000117
FILLER_18_70,VGND,li1,38.4100,59.8400,0.000117
FILLER_18_67,VGND,li1,37.0300,59.8400,0.000111
FILLER_18_29,VGND,li1,19.5500,59.8400,0.000070
FILLER_18_6,VGND,li1,8.5100,59.8400,0.000074
FILLER_18_3,VGND,li1,7.5900,59.8400,0.000074
FILLER_17_667,VGND,li1,312.5700,59.8400,0.000758
FILLER_17_617,VGND,li1,289.8000,59.8400,0.000741
FILLER_17_614,VGND,li1,288.4200,59.8400,0.000738
FILLER_17_583,VGND,li1,274.1600,59.8400,0.000704
FILLER_17_573,VGND,li1,269.5600,59.8400,0.000684
FILLER_17_561,VGND,li1,264.0400,59.8400,0.000661
FILLER_17_558,VGND,li1,262.6600,59.8400,0.000651
FILLER_17_535,VGND,li1,252.0800,59.8400,0.000598
FILLER_17_532,VGND,li1,250.9300,59.8400,0.000588
FILLER_17_529,VGND,li1,249.5500,59.8400,0.000588
FILLER_17_526,VGND,li1,248.1700,59.8400,0.000578
FILLER_17_523,VGND,li1,246.7900,59.8400,0.000566
FILLER_17_520,VGND,li1,245.4100,59.8400,0.000566
FILLER_17_517,VGND,li1,244.0300,59.8400,0.000556
FILLER_17_514,VGND,li1,242.6500,59.8400,0.000543
FILLER_17_511,VGND,li1,241.2700,59.8400,0.000543
FILLER_17_508,VGND,li1,239.8900,59.8400,0.000534
FILLER_17_505,VGND,li1,238.5100,59.8400,0.000520
FILLER_17_503,VGND,li1,237.1300,59.8400,0.000520
FILLER_17_500,VGND,li1,236.2100,59.8400,0.000509
FILLER_17_497,VGND,li1,234.8300,59.8400,0.000509
FILLER_17_494,VGND,li1,233.4500,59.8400,0.000496
FILLER_17_491,VGND,li1,232.0700,59.8400,0.000486
FILLER_17_488,VGND,li1,230.6900,59.8400,0.000486
FILLER_17_473,VGND,li1,223.5600,59.8400,0.000446
FILLER_17_470,VGND,li1,222.4100,59.8400,0.000432
FILLER_17_467,VGND,li1,221.0300,59.8400,0.000432
FILLER_17_464,VGND,li1,219.6500,59.8400,0.000416
FILLER_17_461,VGND,li1,218.2700,59.8400,0.000416
FILLER_17_458,VGND,li1,216.8900,59.8400,0.000400
FILLER_17_455,VGND,li1,215.5100,59.8400,0.000400
FILLER_17_452,VGND,li1,214.1300,59.8400,0.000384
FILLER_17_449,VGND,li1,212.7500,59.8400,0.000384
FILLER_17_445,VGND,li1,210.9100,59.8400,0.000372
FILLER_17_442,VGND,li1,209.5300,59.8400,0.000353
FILLER_17_439,VGND,li1,208.1500,59.8400,0.000353
FILLER_17_391,VGND,li1,185.6100,59.8400,0.000189
FILLER_17_377,VGND,li1,179.4000,59.8400,0.000124
FILLER_17_366,VGND,li1,174.3400,59.8400,0.000136
FILLER_17_363,VGND,li1,173.1900,59.8400,0.000141
FILLER_17_360,VGND,li1,171.8100,59.8400,0.000147
FILLER_17_357,VGND,li1,170.4300,59.8400,0.000147
FILLER_17_354,VGND,li1,169.0500,59.8400,0.000152
FILLER_17_310,VGND,li1,148.3500,59.8400,0.000203
FILLER_17_307,VGND,li1,147.4300,59.8400,0.000203
FILLER_17_281,VGND,li1,135.0100,59.8400,0.000224
FILLER_17_263,VGND,li1,126.9600,59.8400,0.000230
FILLER_17_260,VGND,li1,125.8100,59.8400,0.000230
FILLER_17_251,VGND,li1,121.2100,59.8400,0.000232
FILLER_17_231,VGND,li1,112.2400,59.8400,0.000233
FILLER_17_228,VGND,li1,111.0900,59.8400,0.000233
FILLER_17_225,VGND,li1,109.7100,59.8400,0.000234
FILLER_17_180,VGND,li1,88.7800,59.8400,0.000219
FILLER_17_177,VGND,li1,87.6300,59.8400,0.000219
FILLER_17_140,VGND,li1,70.6100,59.8400,0.000193
FILLER_17_122,VGND,li1,61.8700,59.8400,0.000178
FILLER_17_119,VGND,li1,60.9500,59.8400,0.000173
FILLER_17_116,VGND,li1,59.5700,59.8400,0.000173
FILLER_17_113,VGND,li1,58.1900,59.8400,0.000166
FILLER_17_109,VGND,li1,56.3500,59.8400,0.000162
FILLER_17_106,VGND,li1,54.9700,59.8400,0.000162
FILLER_17_103,VGND,li1,53.5900,59.8400,0.000156
FILLER_17_72,VGND,li1,39.1000,59.8400,0.000117
FILLER_17_60,VGND,li1,33.8100,59.8400,0.000103
FILLER_17_57,VGND,li1,32.4300,59.8400,0.000093
FILLER_17_46,VGND,li1,26.9100,59.8400,0.000073
FILLER_17_43,VGND,li1,25.9900,59.8400,0.000062
FILLER_17_40,VGND,li1,24.6100,59.8400,0.000062
FILLER_17_9,VGND,li1,10.1200,59.8400,0.000074
FILLER_17_6,VGND,li1,8.9700,59.8400,0.000074
FILLER_17_3,VGND,li1,7.5900,59.8400,0.000074
FILLER_16_667,VGND,li1,312.5700,54.4000,0.000842
FILLER_16_645,VGND,li1,302.4500,54.4000,0.000839
FILLER_16_643,VGND,li1,301.5300,54.4000,0.000837
FILLER_16_640,VGND,li1,300.6100,54.4000,0.000837
FILLER_16_586,VGND,li1,275.5400,54.4000,0.000778
FILLER_16_583,VGND,li1,274.3900,54.4000,0.000778
FILLER_16_574,VGND,li1,269.7900,54.4000,0.000762
FILLER_16_565,VGND,li1,265.6500,54.4000,0.000740
FILLER_16_562,VGND,li1,264.7300,54.4000,0.000740
FILLER_16_539,VGND,li1,253.6900,54.4000,0.000688
FILLER_16_536,VGND,li1,252.7700,54.4000,0.000688
FILLER_16_533,VGND,li1,251.3900,54.4000,0.000677
FILLER_16_510,VGND,li1,240.3500,54.4000,0.000616
FILLER_16_507,VGND,li1,239.4300,54.4000,0.000616
FILLER_16_504,VGND,li1,238.0500,54.4000,0.000605
FILLER_16_501,VGND,li1,236.6700,54.4000,0.000592
FILLER_16_498,VGND,li1,235.2900,54.4000,0.000592
FILLER_16_495,VGND,li1,233.9100,54.4000,0.000576
FILLER_16_492,VGND,li1,232.5300,54.4000,0.000576
FILLER_16_473,VGND,li1,223.7900,54.4000,0.000516
FILLER_16_462,VGND,li1,218.2700,54.4000,0.000469
FILLER_16_459,VGND,li1,217.3500,54.4000,0.000469
FILLER_16_456,VGND,li1,215.9700,54.4000,0.000452
FILLER_16_453,VGND,li1,214.5900,54.4000,0.000438
FILLER_16_450,VGND,li1,213.2100,54.4000,0.000438
FILLER_16_447,VGND,li1,211.8300,54.4000,0.000424
FILLER_16_444,VGND,li1,210.4500,54.4000,0.000406
FILLER_16_441,VGND,li1,209.0700,54.4000,0.000406
FILLER_16_438,VGND,li1,207.6900,54.4000,0.000385
FILLER_16_419,VGND,li1,198.4900,54.4000,0.000318
FILLER_16_416,VGND,li1,197.5700,54.4000,0.000318
FILLER_16_402,VGND,li1,190.6700,54.4000,0.000255
FILLER_16_399,VGND,li1,189.7500,54.4000,0.000255
FILLER_16_396,VGND,li1,188.3700,54.4000,0.000232
FILLER_16_393,VGND,li1,186.9900,54.4000,0.000232
FILLER_16_390,VGND,li1,185.6100,54.4000,0.000216
FILLER_16_365,VGND,li1,174.1100,54.4000,0.000195
FILLER_16_363,VGND,li1,172.7300,54.4000,0.000195
FILLER_16_360,VGND,li1,171.8100,54.4000,0.000209
FILLER_16_357,VGND,li1,170.4300,54.4000,0.000209
FILLER_16_354,VGND,li1,169.0500,54.4000,0.000220
FILLER_16_309,VGND,li1,147.8900,54.4000,0.000319
FILLER_16_307,VGND,li1,146.9700,54.4000,0.000326
FILLER_16_304,VGND,li1,146.0500,54.4000,0.000326
FILLER_16_256,VGND,li1,123.5100,54.4000,0.000394
FILLER_16_253,VGND,li1,122.5900,54.4000,0.000399
FILLER_16_251,VGND,li1,121.2100,54.4000,0.000399
FILLER_16_248,VGND,li1,120.2900,54.4000,0.000402
FILLER_16_224,VGND,li1,109.2500,54.4000,0.000415
FILLER_16_221,VGND,li1,107.8700,54.4000,0.000415
FILLER_16_218,VGND,li1,106.4900,54.4000,0.000417
FILLER_16_197,VGND,li1,96.6000,54.4000,0.000420
FILLER_16_174,VGND,li1,85.7900,54.4000,0.000406
FILLER_16_141,VGND,li1,71.0700,54.4000,0.000343
FILLER_16_138,VGND,li1,69.4600,54.4000,0.000343
FILLER_16_135,VGND,li1,68.3100,54.4000,0.000331
FILLER_16_132,VGND,li1,66.9300,54.4000,0.000331
FILLER_16_129,VGND,li1,65.5500,54.4000,0.000317
FILLER_16_126,VGND,li1,64.1700,54.4000,0.000317
FILLER_16_123,VGND,li1,62.7900,54.4000,0.000303
FILLER_16_120,VGND,li1,61.4100,54.4000,0.000303
FILLER_16_117,VGND,li1,60.0300,54.4000,0.000292
FILLER_16_114,VGND,li1,58.6500,54.4000,0.000281
FILLER_16_111,VGND,li1,57.2700,54.4000,0.000281
FILLER_16_85,VGND,li1,44.8500,54.4000,0.000211
FILLER_16_73,VGND,li1,39.5600,54.4000,0.000177
FILLER_16_35,VGND,li1,22.0800,54.4000,0.000090
FILLER_16_32,VGND,li1,20.9300,54.4000,0.000090
FILLER_16_29,VGND,li1,19.5500,54.4000,0.000092
FILLER_16_6,VGND,li1,8.5100,54.4000,0.000095
FILLER_16_3,VGND,li1,7.5900,54.4000,0.000095
FILLER_15_594,VGND,li1,278.9900,54.4000,0.000794
FILLER_15_564,VGND,li1,265.1900,54.4000,0.000740
FILLER_15_561,VGND,li1,264.2700,54.4000,0.000740
FILLER_15_546,VGND,li1,256.9100,54.4000,0.000700
FILLER_15_543,VGND,li1,255.9900,54.4000,0.000700
FILLER_15_521,VGND,li1,245.4100,54.4000,0.000646
FILLER_15_518,VGND,li1,244.4900,54.4000,0.000646
FILLER_15_505,VGND,li1,238.5100,54.4000,0.000605
FILLER_15_502,VGND,li1,236.9000,54.4000,0.000592
FILLER_15_487,VGND,li1,230.0000,54.4000,0.000558
FILLER_15_457,VGND,li1,216.4300,54.4000,0.000452
FILLER_15_454,VGND,li1,215.0500,54.4000,0.000452
FILLER_15_447,VGND,li1,211.3700,54.4000,0.000424
FILLER_15_444,VGND,li1,210.4500,54.4000,0.000406
FILLER_15_441,VGND,li1,209.0700,54.4000,0.000406
FILLER_15_438,VGND,li1,207.6900,54.4000,0.000385
FILLER_15_435,VGND,li1,206.3100,54.4000,0.000385
FILLER_15_432,VGND,li1,204.9300,54.4000,0.000364
FILLER_15_429,VGND,li1,203.5500,54.4000,0.000364
FILLER_15_405,VGND,li1,192.5100,54.4000,0.000278
FILLER_15_402,VGND,li1,191.1300,54.4000,0.000255
FILLER_15_399,VGND,li1,189.7500,54.4000,0.000255
FILLER_15_396,VGND,li1,188.3700,54.4000,0.000232
FILLER_15_393,VGND,li1,186.9900,54.4000,0.000232
FILLER_15_389,VGND,li1,185.1500,54.4000,0.000216
FILLER_15_378,VGND,li1,180.0900,54.4000,0.000159
FILLER_15_375,VGND,li1,178.7100,54.4000,0.000159
FILLER_15_365,VGND,li1,173.8800,54.4000,0.000195
FILLER_15_362,VGND,li1,172.7300,54.4000,0.000195
FILLER_15_359,VGND,li1,171.3500,54.4000,0.000209
FILLER_15_356,VGND,li1,169.9700,54.4000,0.000220
FILLER_15_353,VGND,li1,168.5900,54.4000,0.000220
FILLER_15_350,VGND,li1,167.2100,54.4000,0.000233
FILLER_15_318,VGND,li1,152.0300,54.4000,0.000300
FILLER_15_315,VGND,li1,151.1100,54.4000,0.000310
FILLER_15_284,VGND,li1,136.6200,54.4000,0.000358
FILLER_15_281,VGND,li1,135.4700,54.4000,0.000365
FILLER_15_258,VGND,li1,124.4300,54.4000,0.000394
FILLER_15_234,VGND,li1,113.8500,54.4000,0.000411
FILLER_15_231,VGND,li1,112.4700,54.4000,0.000411
FILLER_15_228,VGND,li1,111.0900,54.4000,0.000413
FILLER_15_225,VGND,li1,109.7100,54.4000,0.000413
FILLER_15_222,VGND,li1,108.1000,54.4000,0.000415
FILLER_15_219,VGND,li1,106.9500,54.4000,0.000417
FILLER_15_216,VGND,li1,105.5700,54.4000,0.000417
FILLER_15_213,VGND,li1,104.1900,54.4000,0.000419
FILLER_15_210,VGND,li1,102.8100,54.4000,0.000419
FILLER_15_188,VGND,li1,92.2300,54.4000,0.000417
FILLER_15_185,VGND,li1,91.3100,54.4000,0.000417
FILLER_15_172,VGND,li1,85.1000,54.4000,0.000406
FILLER_15_169,VGND,li1,83.9500,54.4000,0.000401
FILLER_15_124,VGND,li1,63.0200,54.4000,0.000303
FILLER_15_121,VGND,li1,61.8700,54.4000,0.000303
FILLER_15_101,VGND,li1,52.4400,54.4000,0.000248
FILLER_15_98,VGND,li1,51.2900,54.4000,0.000248
FILLER_15_74,VGND,li1,40.2500,54.4000,0.000177
FILLER_15_71,VGND,li1,38.8700,54.4000,0.000177
FILLER_15_68,VGND,li1,37.4900,54.4000,0.000160
FILLER_15_65,VGND,li1,36.1100,54.4000,0.000160
FILLER_15_15,VGND,li1,13.1100,54.4000,0.000095
FILLER_15_12,VGND,li1,11.7300,54.4000,0.000095
FILLER_15_9,VGND,li1,10.3500,54.4000,0.000095
FILLER_15_6,VGND,li1,8.9700,54.4000,0.000095
FILLER_15_3,VGND,li1,7.5900,54.4000,0.000095
FILLER_14_667,VGND,li1,312.5700,48.9600,0.000978
FILLER_14_645,VGND,li1,302.4500,48.9600,0.000975
FILLER_14_643,VGND,li1,301.5300,48.9600,0.000973
FILLER_14_640,VGND,li1,300.6100,48.9600,0.000973
FILLER_14_628,VGND,li1,295.0900,48.9600,0.000966
FILLER_14_625,VGND,li1,293.7100,48.9600,0.000966
FILLER_14_614,VGND,li1,288.4200,48.9600,0.000956
FILLER_14_603,VGND,li1,283.3600,48.9600,0.000947
FILLER_14_600,VGND,li1,282.2100,48.9600,0.000943
FILLER_14_597,VGND,li1,280.8300,48.9600,0.000943
FILLER_14_547,VGND,li1,257.8300,48.9600,0.000871
FILLER_14_544,VGND,li1,256.4500,48.9600,0.000858
FILLER_14_541,VGND,li1,255.0700,48.9600,0.000858
FILLER_14_500,VGND,li1,235.9800,48.9600,0.000743
FILLER_14_477,VGND,li1,225.6300,48.9600,0.000658
FILLER_14_475,VGND,li1,224.2500,48.9600,0.000658
FILLER_14_467,VGND,li1,220.8000,48.9600,0.000619
FILLER_14_459,VGND,li1,217.3500,48.9600,0.000596
FILLER_14_436,VGND,li1,206.7700,48.9600,0.000500
FILLER_14_433,VGND,li1,205.3900,48.9600,0.000478
FILLER_14_430,VGND,li1,204.0100,48.9600,0.000452
FILLER_14_427,VGND,li1,202.6300,48.9600,0.000452
FILLER_14_424,VGND,li1,201.2500,48.9600,0.000419
FILLER_14_421,VGND,li1,199.8700,48.9600,0.000419
FILLER_14_419,VGND,li1,198.4900,48.9600,0.000396
FILLER_14_416,VGND,li1,197.5700,48.9600,0.000374
FILLER_14_413,VGND,li1,196.1900,48.9600,0.000374
FILLER_14_410,VGND,li1,194.8100,48.9600,0.000347
FILLER_14_407,VGND,li1,193.4300,48.9600,0.000325
FILLER_14_404,VGND,li1,192.0500,48.9600,0.000325
FILLER_14_401,VGND,li1,190.6700,48.9600,0.000297
FILLER_14_398,VGND,li1,189.2900,48.9600,0.000275
FILLER_14_395,VGND,li1,187.9100,48.9600,0.000275
FILLER_14_392,VGND,li1,186.5300,48.9600,0.000253
FILLER_14_389,VGND,li1,185.1500,48.9600,0.000231
FILLER_14_386,VGND,li1,183.7700,48.9600,0.000208
FILLER_14_383,VGND,li1,182.3900,48.9600,0.000208
FILLER_14_380,VGND,li1,181.0100,48.9600,0.000181
FILLER_14_377,VGND,li1,179.6300,48.9600,0.000159
FILLER_14_374,VGND,li1,178.2500,48.9600,0.000159
FILLER_14_371,VGND,li1,176.8700,48.9600,0.000169
FILLER_14_368,VGND,li1,175.4900,48.9600,0.000169
FILLER_14_365,VGND,li1,174.1100,48.9600,0.000178
FILLER_14_362,VGND,li1,172.5000,48.9600,0.000185
FILLER_14_359,VGND,li1,171.3500,48.9600,0.000185
FILLER_14_356,VGND,li1,169.9700,48.9600,0.000191
FILLER_14_353,VGND,li1,168.5900,48.9600,0.000199
FILLER_14_350,VGND,li1,167.2100,48.9600,0.000199
FILLER_14_326,VGND,li1,156.1700,48.9600,0.000243
FILLER_14_323,VGND,li1,154.7900,48.9600,0.000243
FILLER_14_296,VGND,li1,142.3700,48.9600,0.000285
FILLER_14_293,VGND,li1,140.9900,48.9600,0.000285
FILLER_14_287,VGND,li1,137.7700,48.9600,0.000296
FILLER_14_284,VGND,li1,136.8500,48.9600,0.000296
FILLER_14_281,VGND,li1,135.4700,48.9600,0.000304
FILLER_14_278,VGND,li1,134.0900,48.9600,0.000304
FILLER_14_275,VGND,li1,132.7100,48.9600,0.000312
FILLER_14_272,VGND,li1,131.3300,48.9600,0.000312
FILLER_14_262,VGND,li1,126.5000,48.9600,0.000324
FILLER_14_259,VGND,li1,125.3500,48.9600,0.000328
FILLER_14_256,VGND,li1,123.9700,48.9600,0.000332
FILLER_14_253,VGND,li1,122.5900,48.9600,0.000332
FILLER_14_251,VGND,li1,121.2100,48.9600,0.000337
FILLER_14_248,VGND,li1,120.2900,48.9600,0.000337
FILLER_14_224,VGND,li1,109.2500,48.9600,0.000356
FILLER_14_221,VGND,li1,107.8700,48.9600,0.000359
FILLER_14_218,VGND,li1,106.4900,48.9600,0.000359
FILLER_14_215,VGND,li1,105.1100,48.9600,0.000362
FILLER_14_212,VGND,li1,103.7300,48.9600,0.000362
FILLER_14_209,VGND,li1,102.3500,48.9600,0.000357
FILLER_14_206,VGND,li1,100.9700,48.9600,0.000357
FILLER_14_203,VGND,li1,99.5900,48.9600,0.000352
FILLER_14_200,VGND,li1,98.2100,48.9600,0.000352
FILLER_14_197,VGND,li1,96.8300,48.9600,0.000348
FILLER_14_186,VGND,li1,91.3100,48.9600,0.000339
FILLER_14_147,VGND,li1,73.3700,48.9600,0.000289
FILLER_14_144,VGND,li1,72.4500,48.9600,0.000283
FILLER_14_141,VGND,li1,71.0700,48.9600,0.000283
FILLER_14_137,VGND,li1,69.2300,48.9600,0.000277
FILLER_14_134,VGND,li1,67.8500,48.9600,0.000271
FILLER_14_131,VGND,li1,66.4700,48.9600,0.000263
FILLER_14_128,VGND,li1,65.0900,48.9600,0.000263
FILLER_14_125,VGND,li1,63.7100,48.9600,0.000257
FILLER_14_122,VGND,li1,62.3300,48.9600,0.000248
FILLER_14_85,VGND,li1,45.3100,48.9600,0.000183
FILLER_14_81,VGND,li1,43.4700,48.9600,0.000174
FILLER_14_78,VGND,li1,42.0900,48.9600,0.000163
FILLER_14_75,VGND,li1,40.7100,48.9600,0.000151
FILLER_14_72,VGND,li1,39.3300,48.9600,0.000151
FILLER_14_69,VGND,li1,37.9500,48.9600,0.000135
FILLER_14_66,VGND,li1,36.5700,48.9600,0.000135
FILLER_14_63,VGND,li1,35.1900,48.9600,0.000119
FILLER_14_60,VGND,li1,33.8100,48.9600,0.000119
FILLER_14_57,VGND,li1,32.4300,48.9600,0.000106
FILLER_14_54,VGND,li1,31.0500,48.9600,0.000094
FILLER_14_51,VGND,li1,29.6700,48.9600,0.000094
FILLER_14_48,VGND,li1,28.2900,48.9600,0.000079
FILLER_14_45,VGND,li1,26.9100,48.9600,0.000079
FILLER_14_35,VGND,li1,22.0800,48.9600,0.000065
FILLER_14_32,VGND,li1,20.9300,48.9600,0.000065
FILLER_14_29,VGND,li1,19.5500,48.9600,0.000066
FILLER_14_18,VGND,li1,14.0300,48.9600,0.000067
FILLER_14_15,VGND,li1,13.1100,48.9600,0.000067
FILLER_14_12,VGND,li1,11.7300,48.9600,0.000067
FILLER_14_9,VGND,li1,10.3500,48.9600,0.000067
FILLER_14_6,VGND,li1,8.9700,48.9600,0.000067
FILLER_14_3,VGND,li1,7.5900,48.9600,0.000067
FILLER_13_665,VGND,li1,312.1100,48.9600,0.000978
FILLER_13_631,VGND,li1,296.2400,48.9600,0.000969
FILLER_13_628,VGND,li1,295.0900,48.9600,0.000966
FILLER_13_625,VGND,li1,293.7100,48.9600,0.000966
FILLER_13_607,VGND,li1,284.9700,48.9600,0.000952
FILLER_13_604,VGND,li1,284.0500,48.9600,0.000947
FILLER_13_601,VGND,li1,282.6700,48.9600,0.000947
FILLER_13_598,VGND,li1,281.2900,48.9600,0.000943
FILLER_13_595,VGND,li1,279.9100,48.9600,0.000938
FILLER_13_592,VGND,li1,278.5300,48.9600,0.000938
FILLER_13_589,VGND,li1,277.1500,48.9600,0.000932
FILLER_13_586,VGND,li1,275.7700,48.9600,0.000932
FILLER_13_583,VGND,li1,274.3900,48.9600,0.000925
FILLER_13_580,VGND,li1,273.0100,48.9600,0.000925
FILLER_13_577,VGND,li1,271.6300,48.9600,0.000918
FILLER_13_574,VGND,li1,270.2500,48.9600,0.000918
FILLER_13_547,VGND,li1,257.6000,48.9600,0.000871
FILLER_13_544,VGND,li1,256.4500,48.9600,0.000858
FILLER_13_541,VGND,li1,255.0700,48.9600,0.000858
FILLER_13_538,VGND,li1,253.6900,48.9600,0.000843
FILLER_13_535,VGND,li1,252.3100,48.9600,0.000843
FILLER_13_532,VGND,li1,250.9300,48.9600,0.000827
FILLER_13_529,VGND,li1,249.5500,48.9600,0.000827
FILLER_13_521,VGND,li1,245.8700,48.9600,0.000798
FILLER_13_518,VGND,li1,244.4900,48.9600,0.000798
FILLER_13_505,VGND,li1,238.5100,48.9600,0.000757
FILLER_13_491,VGND,li1,231.8400,48.9600,0.000714
FILLER_13_488,VGND,li1,230.6900,48.9600,0.000696
FILLER_13_469,VGND,li1,221.4900,48.9600,0.000637
FILLER_13_455,VGND,li1,215.0500,48.9600,0.000577
FILLER_13_452,VGND,li1,214.1300,48.9600,0.000577
FILLER_13_449,VGND,li1,212.7500,48.9600,0.000558
FILLER_13_446,VGND,li1,211.1400,48.9600,0.000532
FILLER_13_432,VGND,li1,204.9300,48.9600,0.000478
FILLER_13_420,VGND,li1,198.9500,48.9600,0.000396
FILLER_13_417,VGND,li1,198.0300,48.9600,0.000396
FILLER_13_414,VGND,li1,196.6500,48.9600,0.000374
FILLER_13_411,VGND,li1,195.2700,48.9600,0.000347
FILLER_13_408,VGND,li1,193.8900,48.9600,0.000347
FILLER_13_405,VGND,li1,192.5100,48.9600,0.000325
FILLER_13_402,VGND,li1,191.1300,48.9600,0.000297
FILLER_13_399,VGND,li1,189.7500,48.9600,0.000297
FILLER_13_396,VGND,li1,188.3700,48.9600,0.000275
FILLER_13_393,VGND,li1,186.9900,48.9600,0.000253
FILLER_13_390,VGND,li1,185.3800,48.9600,0.000231
FILLER_13_387,VGND,li1,184.2300,48.9600,0.000231
FILLER_13_384,VGND,li1,182.8500,48.9600,0.000208
FILLER_13_381,VGND,li1,181.4700,48.9600,0.000181
FILLER_13_378,VGND,li1,180.0900,48.9600,0.000181
FILLER_13_375,VGND,li1,178.7100,48.9600,0.000159
FILLER_13_361,VGND,li1,172.0400,48.9600,0.000185
FILLER_13_358,VGND,li1,170.8900,48.9600,0.000191
FILLER_13_355,VGND,li1,169.5100,48.9600,0.000191
FILLER_13_352,VGND,li1,168.1300,48.9600,0.000199
FILLER_13_349,VGND,li1,166.7500,48.9600,0.000206
FILLER_13_346,VGND,li1,165.3700,48.9600,0.000206
FILLER_13_343,VGND,li1,163.9900,48.9600,0.000216
FILLER_13_340,VGND,li1,162.6100,48.9600,0.000216
FILLER_13_337,VGND,li1,161.2300,48.9600,0.000224
FILLER_13_334,VGND,li1,159.6200,48.9600,0.000230
FILLER_13_331,VGND,li1,158.4700,48.9600,0.000230
FILLER_13_320,VGND,li1,153.4100,48.9600,0.000251
FILLER_13_317,VGND,li1,152.0300,48.9600,0.000251
FILLER_13_306,VGND,li1,146.9700,48.9600,0.000267
FILLER_13_296,VGND,li1,142.1400,48.9600,0.000285
FILLER_13_293,VGND,li1,140.9900,48.9600,0.000285
FILLER_13_290,VGND,li1,139.6100,48.9600,0.000290
FILLER_13_287,VGND,li1,138.2300,48.9600,0.000296
FILLER_13_284,VGND,li1,136.8500,48.9600,0.000296
FILLER_13_281,VGND,li1,135.4700,48.9600,0.000304
FILLER_13_269,VGND,li1,129.9500,48.9600,0.000319
FILLER_13_266,VGND,li1,128.5700,48.9600,0.000319
FILLER_13_263,VGND,li1,127.1900,48.9600,0.000324
FILLER_13_260,VGND,li1,125.8100,48.9600,0.000328
FILLER_13_257,VGND,li1,124.4300,48.9600,0.000328
FILLER_13_254,VGND,li1,123.0500,48.9600,0.000332
FILLER_13_244,VGND,li1,118.2200,48.9600,0.000341
FILLER_13_234,VGND,li1,113.6200,48.9600,0.000350
FILLER_13_231,VGND,li1,112.4700,48.9600,0.000353
FILLER_13_228,VGND,li1,111.0900,48.9600,0.000353
FILLER_13_225,VGND,li1,109.7100,48.9600,0.000356
FILLER_13_201,VGND,li1,98.6700,48.9600,0.000352
FILLER_13_198,VGND,li1,97.2900,48.9600,0.000348
FILLER_13_195,VGND,li1,95.9100,48.9600,0.000348
FILLER_13_192,VGND,li1,94.5300,48.9600,0.000343
FILLER_13_189,VGND,li1,93.1500,48.9600,0.000343
FILLER_13_169,VGND,li1,83.9500,48.9600,0.000320
FILLER_13_166,VGND,li1,82.3400,48.9600,0.000315
FILLER_13_163,VGND,li1,81.1900,48.9600,0.000315
FILLER_13_151,VGND,li1,75.6700,48.9600,0.000298
FILLER_13_139,VGND,li1,70.1500,48.9600,0.000277
FILLER_13_136,VGND,li1,68.7700,48.9600,0.000271
FILLER_13_133,VGND,li1,67.3900,48.9600,0.000271
FILLER_13_130,VGND,li1,66.0100,48.9600,0.000263
FILLER_13_119,VGND,li1,60.7200,48.9600,0.000248
FILLER_13_116,VGND,li1,59.5700,48.9600,0.000239
FILLER_13_113,VGND,li1,58.1900,48.9600,0.000239
FILLER_13_109,VGND,li1,56.3500,48.9600,0.000232
FILLER_13_82,VGND,li1,43.4700,48.9600,0.000174
FILLER_13_63,VGND,li1,35.1900,48.9600,0.000119
FILLER_13_60,VGND,li1,33.8100,48.9600,0.000119
FILLER_13_57,VGND,li1,32.4300,48.9600,0.000106
FILLER_13_55,VGND,li1,31.0500,48.9600,0.000094
FILLER_13_48,VGND,li1,27.8300,48.9600,0.000079
FILLER_13_45,VGND,li1,26.9100,48.9600,0.000079
FILLER_13_34,VGND,li1,21.8500,48.9600,0.000065
FILLER_13_15,VGND,li1,13.1100,48.9600,0.000067
FILLER_13_12,VGND,li1,11.7300,48.9600,0.000067
FILLER_13_9,VGND,li1,10.3500,48.9600,0.000067
FILLER_13_6,VGND,li1,8.9700,48.9600,0.000067
FILLER_13_3,VGND,li1,7.5900,48.9600,0.000067
FILLER_12_651,VGND,li1,305.2100,43.5200,0.000735
FILLER_12_648,VGND,li1,304.2900,43.5200,0.000735
FILLER_12_645,VGND,li1,302.9100,43.5200,0.000733
FILLER_12_641,VGND,li1,301.0700,43.5200,0.000731
FILLER_12_638,VGND,li1,299.6900,43.5200,0.000731
FILLER_12_629,VGND,li1,295.0900,43.5200,0.000725
FILLER_12_626,VGND,li1,294.1700,43.5200,0.000725
FILLER_12_616,VGND,li1,289.3400,43.5200,0.000717
FILLER_12_607,VGND,li1,284.9700,43.5200,0.000710
FILLER_12_604,VGND,li1,284.0500,43.5200,0.000705
FILLER_12_601,VGND,li1,282.6700,43.5200,0.000705
FILLER_12_598,VGND,li1,281.2900,43.5200,0.000700
FILLER_12_595,VGND,li1,279.9100,43.5200,0.000700
FILLER_12_592,VGND,li1,278.5300,43.5200,0.000694
FILLER_12_589,VGND,li1,277.1500,43.5200,0.000694
FILLER_12_585,VGND,li1,275.3100,43.5200,0.000688
FILLER_12_551,VGND,li1,259.4400,43.5200,0.000635
FILLER_12_548,VGND,li1,258.2900,43.5200,0.000624
FILLER_12_545,VGND,li1,256.9100,43.5200,0.000624
FILLER_12_542,VGND,li1,255.5300,43.5200,0.000610
FILLER_12_539,VGND,li1,254.1500,43.5200,0.000610
FILLER_12_536,VGND,li1,252.7700,43.5200,0.000596
FILLER_12_533,VGND,li1,251.3900,43.5200,0.000596
FILLER_12_531,VGND,li1,250.0100,43.5200,0.000584
FILLER_12_528,VGND,li1,249.0900,43.5200,0.000584
FILLER_12_525,VGND,li1,247.7100,43.5200,0.000570
FILLER_12_522,VGND,li1,246.3300,43.5200,0.000570
FILLER_12_519,VGND,li1,244.9500,43.5200,0.000555
FILLER_12_516,VGND,li1,243.5700,43.5200,0.000555
FILLER_12_513,VGND,li1,242.1900,43.5200,0.000543
FILLER_12_510,VGND,li1,240.8100,43.5200,0.000533
FILLER_12_507,VGND,li1,239.4300,43.5200,0.000533
FILLER_12_504,VGND,li1,238.0500,43.5200,0.000524
FILLER_12_501,VGND,li1,236.6700,43.5200,0.000512
FILLER_12_498,VGND,li1,235.2900,43.5200,0.000512
FILLER_12_495,VGND,li1,233.9100,43.5200,0.000497
FILLER_12_492,VGND,li1,232.5300,43.5200,0.000497
FILLER_12_489,VGND,li1,231.1500,43.5200,0.000483
FILLER_12_486,VGND,li1,229.7700,43.5200,0.000483
FILLER_12_483,VGND,li1,228.3900,43.5200,0.000468
FILLER_12_480,VGND,li1,227.0100,43.5200,0.000468
FILLER_12_477,VGND,li1,225.6300,43.5200,0.000454
FILLER_12_475,VGND,li1,224.2500,43.5200,0.000454
FILLER_12_472,VGND,li1,223.3300,43.5200,0.000444
FILLER_12_469,VGND,li1,221.9500,43.5200,0.000434
FILLER_12_466,VGND,li1,220.5700,43.5200,0.000434
FILLER_12_463,VGND,li1,219.1900,43.5200,0.000422
FILLER_12_454,VGND,li1,214.5900,43.5200,0.000398
FILLER_12_451,VGND,li1,213.6700,43.5200,0.000398
FILLER_12_436,VGND,li1,206.5400,43.5200,0.000347
FILLER_12_433,VGND,li1,205.3900,43.5200,0.000347
FILLER_12_417,VGND,li1,198.0300,43.5200,0.000292
FILLER_12_414,VGND,li1,196.6500,43.5200,0.000292
FILLER_12_411,VGND,li1,195.2700,43.5200,0.000271
FILLER_12_408,VGND,li1,193.8900,43.5200,0.000271
FILLER_12_405,VGND,li1,192.5100,43.5200,0.000250
FILLER_12_402,VGND,li1,191.1300,43.5200,0.000250
FILLER_12_399,VGND,li1,189.7500,43.5200,0.000228
FILLER_12_396,VGND,li1,188.3700,43.5200,0.000228
FILLER_12_386,VGND,li1,183.3100,43.5200,0.000189
FILLER_12_383,VGND,li1,182.3900,43.5200,0.000168
FILLER_12_380,VGND,li1,181.0100,43.5200,0.000168
FILLER_12_365,VGND,li1,173.8800,43.5200,0.000181
FILLER_12_362,VGND,li1,172.5000,43.5200,0.000193
FILLER_12_345,VGND,li1,164.9100,43.5200,0.000231
FILLER_12_342,VGND,li1,163.5300,43.5200,0.000241
FILLER_12_312,VGND,li1,149.5000,43.5200,0.000288
FILLER_12_309,VGND,li1,148.3500,43.5200,0.000294
FILLER_12_299,VGND,li1,143.2900,43.5200,0.000305
FILLER_12_296,VGND,li1,142.3700,43.5200,0.000310
FILLER_12_293,VGND,li1,140.9900,43.5200,0.000315
FILLER_12_290,VGND,li1,139.6100,43.5200,0.000315
FILLER_12_287,VGND,li1,138.2300,43.5200,0.000321
FILLER_12_284,VGND,li1,136.8500,43.5200,0.000321
FILLER_12_264,VGND,li1,127.4200,43.5200,0.000344
FILLER_12_261,VGND,li1,126.2700,43.5200,0.000344
FILLER_12_256,VGND,li1,123.5100,43.5200,0.000348
FILLER_12_253,VGND,li1,122.5900,43.5200,0.000351
FILLER_12_251,VGND,li1,121.2100,43.5200,0.000351
FILLER_12_248,VGND,li1,120.2900,43.5200,0.000353
FILLER_12_245,VGND,li1,118.9100,43.5200,0.000353
FILLER_12_233,VGND,li1,113.3900,43.5200,0.000357
FILLER_12_230,VGND,li1,112.0100,43.5200,0.000358
FILLER_12_227,VGND,li1,110.6300,43.5200,0.000358
FILLER_12_224,VGND,li1,109.2500,43.5200,0.000359
FILLER_12_221,VGND,li1,107.8700,43.5200,0.000359
FILLER_12_218,VGND,li1,106.4900,43.5200,0.000360
FILLER_12_215,VGND,li1,105.1100,43.5200,0.000360
FILLER_12_212,VGND,li1,103.7300,43.5200,0.000360
FILLER_12_209,VGND,li1,102.3500,43.5200,0.000361
FILLER_12_206,VGND,li1,100.9700,43.5200,0.000361
FILLER_12_203,VGND,li1,99.5900,43.5200,0.000362
FILLER_12_200,VGND,li1,98.2100,43.5200,0.000362
FILLER_12_197,VGND,li1,96.8300,43.5200,0.000361
FILLER_12_186,VGND,li1,91.3100,43.5200,0.000360
FILLER_12_183,VGND,li1,90.3900,43.5200,0.000360
FILLER_12_171,VGND,li1,84.4100,43.5200,0.000351
FILLER_12_153,VGND,li1,76.3600,43.5200,0.000326
FILLER_12_150,VGND,li1,75.2100,43.5200,0.000326
FILLER_12_147,VGND,li1,73.8300,43.5200,0.000320
FILLER_12_144,VGND,li1,72.4500,43.5200,0.000320
FILLER_12_141,VGND,li1,71.0700,43.5200,0.000314
FILLER_12_110,VGND,li1,56.8100,43.5200,0.000260
FILLER_12_83,VGND,li1,43.9300,43.5200,0.000196
FILLER_12_80,VGND,li1,43.0100,43.5200,0.000182
FILLER_12_77,VGND,li1,41.6300,43.5200,0.000182
FILLER_12_41,VGND,li1,25.0700,43.5200,0.000070
FILLER_12_38,VGND,li1,23.6900,43.5200,0.000070
FILLER_12_25,VGND,li1,17.7100,43.5200,0.000074
FILLER_12_22,VGND,li1,16.3300,43.5200,0.000074
FILLER_12_3,VGND,li1,7.3600,43.5200,0.000076
FILLER_11_667,VGND,li1,312.5700,43.5200,0.000738
FILLER_11_645,VGND,li1,302.4500,43.5200,0.000733
FILLER_11_617,VGND,li1,290.0300,43.5200,0.000717
FILLER_11_615,VGND,li1,288.6500,43.5200,0.000714
FILLER_11_612,VGND,li1,287.7300,43.5200,0.000714
FILLER_11_609,VGND,li1,286.3500,43.5200,0.000710
FILLER_11_587,VGND,li1,275.7700,43.5200,0.000688
FILLER_11_584,VGND,li1,274.8500,43.5200,0.000688
FILLER_11_581,VGND,li1,273.4700,43.5200,0.000683
FILLER_11_561,VGND,li1,264.0400,43.5200,0.000659
FILLER_11_553,VGND,li1,260.1300,43.5200,0.000635
FILLER_11_550,VGND,li1,259.2100,43.5200,0.000635
FILLER_11_547,VGND,li1,257.8300,43.5200,0.000624
FILLER_11_536,VGND,li1,252.7700,43.5200,0.000596
FILLER_11_525,VGND,li1,247.4800,43.5200,0.000570
FILLER_11_522,VGND,li1,246.3300,43.5200,0.000570
FILLER_11_519,VGND,li1,244.9500,43.5200,0.000555
FILLER_11_516,VGND,li1,243.5700,43.5200,0.000555
FILLER_11_508,VGND,li1,239.4300,43.5200,0.000533
FILLER_11_505,VGND,li1,238.5100,43.5200,0.000524
FILLER_11_501,VGND,li1,236.6700,43.5200,0.000512
FILLER_11_498,VGND,li1,235.2900,43.5200,0.000512
FILLER_11_495,VGND,li1,233.9100,43.5200,0.000497
FILLER_11_492,VGND,li1,232.5300,43.5200,0.000497
FILLER_11_489,VGND,li1,231.1500,43.5200,0.000483
FILLER_11_486,VGND,li1,229.7700,43.5200,0.000483
FILLER_11_483,VGND,li1,228.3900,43.5200,0.000468
FILLER_11_480,VGND,li1,227.0100,43.5200,0.000468
FILLER_11_477,VGND,li1,225.6300,43.5200,0.000454
FILLER_11_474,VGND,li1,224.2500,43.5200,0.000454
FILLER_11_467,VGND,li1,220.8000,43.5200,0.000434
FILLER_11_464,VGND,li1,219.6500,43.5200,0.000422
FILLER_11_461,VGND,li1,218.2700,43.5200,0.000422
FILLER_11_458,VGND,li1,216.8900,43.5200,0.000408
FILLER_11_455,VGND,li1,215.5100,43.5200,0.000408
FILLER_11_452,VGND,li1,214.1300,43.5200,0.000398
FILLER_11_449,VGND,li1,212.7500,43.5200,0.000385
FILLER_11_447,VGND,li1,211.3700,43.5200,0.000385
FILLER_11_435,VGND,li1,206.0800,43.5200,0.000347
FILLER_11_432,VGND,li1,204.9300,43.5200,0.000347
FILLER_11_411,VGND,li1,195.2700,43.5200,0.000271
FILLER_11_408,VGND,li1,193.8900,43.5200,0.000271
FILLER_11_405,VGND,li1,192.5100,43.5200,0.000250
FILLER_11_402,VGND,li1,191.1300,43.5200,0.000250
FILLER_11_393,VGND,li1,186.5300,43.5200,0.000207
FILLER_11_380,VGND,li1,180.7800,43.5200,0.000168
FILLER_11_368,VGND,li1,175.2600,43.5200,0.000181
FILLER_11_345,VGND,li1,164.4500,43.5200,0.000231
FILLER_11_335,VGND,li1,159.8500,43.5200,0.000253
FILLER_11_332,VGND,li1,158.9300,43.5200,0.000265
FILLER_11_329,VGND,li1,157.5500,43.5200,0.000265
FILLER_11_297,VGND,li1,142.6000,43.5200,0.000310
FILLER_11_294,VGND,li1,141.4500,43.5200,0.000310
FILLER_11_287,VGND,li1,138.0000,43.5200,0.000321
FILLER_11_284,VGND,li1,136.8500,43.5200,0.000321
FILLER_11_281,VGND,li1,135.4700,43.5200,0.000328
FILLER_11_256,VGND,li1,123.9700,43.5200,0.000348
FILLER_11_225,VGND,li1,109.2500,43.5200,0.000359
FILLER_11_223,VGND,li1,108.3300,43.5200,0.000359
FILLER_11_220,VGND,li1,107.4100,43.5200,0.000360
FILLER_11_217,VGND,li1,106.0300,43.5200,0.000360
FILLER_11_196,VGND,li1,96.1400,43.5200,0.000361
FILLER_11_172,VGND,li1,85.3300,43.5200,0.000351
FILLER_11_169,VGND,li1,83.9500,43.5200,0.000346
FILLER_11_167,VGND,li1,82.5700,43.5200,0.000346
FILLER_11_164,VGND,li1,81.6500,43.5200,0.000341
FILLER_11_161,VGND,li1,80.2700,43.5200,0.000341
FILLER_11_158,VGND,li1,78.8900,43.5200,0.000334
FILLER_11_155,VGND,li1,77.5100,43.5200,0.000334
FILLER_11_152,VGND,li1,76.1300,43.5200,0.000326
FILLER_11_149,VGND,li1,74.7500,43.5200,0.000326
FILLER_11_146,VGND,li1,73.3700,43.5200,0.000320
FILLER_11_113,VGND,li1,57.9600,43.5200,0.000260
FILLER_11_109,VGND,li1,56.3500,43.5200,0.000260
FILLER_11_106,VGND,li1,54.9700,43.5200,0.000248
FILLER_11_103,VGND,li1,53.5900,43.5200,0.000248
FILLER_11_81,VGND,li1,43.0100,43.5200,0.000182
FILLER_11_78,VGND,li1,42.0900,43.5200,0.000182
FILLER_11_57,VGND,li1,32.4300,43.5200,0.000114
FILLER_11_54,VGND,li1,30.8200,43.5200,0.000114
FILLER_11_44,VGND,li1,25.9900,43.5200,0.000084
FILLER_11_41,VGND,li1,25.0700,43.5200,0.000070
FILLER_10_667,VGND,li1,312.5700,38.0800,0.000837
FILLER_10_648,VGND,li1,304.0600,38.0800,0.000835
FILLER_10_645,VGND,li1,302.9100,38.0800,0.000834
FILLER_10_643,VGND,li1,301.5300,38.0800,0.000834
FILLER_10_599,VGND,li1,281.5200,38.0800,0.000804
FILLER_10_589,VGND,li1,276.6900,38.0800,0.000794
FILLER_10_587,VGND,li1,275.7700,38.0800,0.000790
FILLER_10_584,VGND,li1,274.8500,38.0800,0.000790
FILLER_10_545,VGND,li1,256.6800,38.0800,0.000732
FILLER_10_542,VGND,li1,255.5300,38.0800,0.000722
FILLER_10_539,VGND,li1,254.1500,38.0800,0.000722
FILLER_10_536,VGND,li1,252.7700,38.0800,0.000711
FILLER_10_533,VGND,li1,251.3900,38.0800,0.000711
FILLER_10_531,VGND,li1,250.0100,38.0800,0.000700
FILLER_10_528,VGND,li1,249.0900,38.0800,0.000700
FILLER_10_525,VGND,li1,247.7100,38.0800,0.000691
FILLER_10_509,VGND,li1,240.3500,38.0800,0.000658
FILLER_10_506,VGND,li1,238.9700,38.0800,0.000647
FILLER_10_492,VGND,li1,232.0700,38.0800,0.000602
FILLER_10_489,VGND,li1,231.1500,38.0800,0.000602
FILLER_10_486,VGND,li1,229.7700,38.0800,0.000590
FILLER_10_483,VGND,li1,228.3900,38.0800,0.000575
FILLER_10_480,VGND,li1,227.0100,38.0800,0.000575
FILLER_10_477,VGND,li1,225.6300,38.0800,0.000559
FILLER_10_469,VGND,li1,221.4900,38.0800,0.000537
FILLER_10_462,VGND,li1,218.5000,38.0800,0.000504
FILLER_10_438,VGND,li1,207.2300,38.0800,0.000417
FILLER_10_435,VGND,li1,206.3100,38.0800,0.000417
FILLER_10_432,VGND,li1,204.9300,38.0800,0.000398
FILLER_10_429,VGND,li1,203.5500,38.0800,0.000398
FILLER_10_411,VGND,li1,194.8100,38.0800,0.000311
FILLER_10_390,VGND,li1,185.1500,38.0800,0.000222
FILLER_10_387,VGND,li1,184.2300,38.0800,0.000222
FILLER_10_362,VGND,li1,172.5000,38.0800,0.000204
FILLER_10_359,VGND,li1,171.3500,38.0800,0.000204
FILLER_10_344,VGND,li1,164.2200,38.0800,0.000227
FILLER_10_341,VGND,li1,163.0700,38.0800,0.000227
FILLER_10_338,VGND,li1,161.6900,38.0800,0.000232
FILLER_10_335,VGND,li1,160.3100,38.0800,0.000238
FILLER_10_332,VGND,li1,158.9300,38.0800,0.000238
FILLER_10_309,VGND,li1,148.1200,38.0800,0.000265
FILLER_10_219,VGND,li1,106.9500,38.0800,0.000300
FILLER_10_197,VGND,li1,96.3700,38.0800,0.000291
FILLER_10_173,VGND,li1,85.5600,38.0800,0.000269
FILLER_10_170,VGND,li1,84.4100,38.0800,0.000269
FILLER_10_150,VGND,li1,75.2100,38.0800,0.000244
FILLER_10_147,VGND,li1,73.8300,38.0800,0.000244
FILLER_10_144,VGND,li1,72.4500,38.0800,0.000236
FILLER_10_141,VGND,li1,71.0700,38.0800,0.000236
FILLER_10_138,VGND,li1,69.4600,38.0800,0.000230
FILLER_10_116,VGND,li1,59.1100,38.0800,0.000199
FILLER_10_113,VGND,li1,58.1900,38.0800,0.000191
FILLER_10_110,VGND,li1,56.8100,38.0800,0.000191
FILLER_10_107,VGND,li1,55.4300,38.0800,0.000184
FILLER_10_104,VGND,li1,54.0500,38.0800,0.000176
FILLER_10_101,VGND,li1,52.6700,38.0800,0.000176
FILLER_10_98,VGND,li1,51.2900,38.0800,0.000168
FILLER_10_88,VGND,li1,46.2300,38.0800,0.000149
FILLER_10_85,VGND,li1,45.3100,38.0800,0.000149
FILLER_10_29,VGND,li1,19.5500,38.0800,0.000067
FILLER_10_6,VGND,li1,8.5100,38.0800,0.000071
FILLER_10_3,VGND,li1,7.5900,38.0800,0.000071
FILLER_9_650,VGND,li1,304.7500,38.0800,0.000835
FILLER_9_626,VGND,li1,294.1700,38.0800,0.000827
FILLER_9_613,VGND,li1,288.1900,38.0800,0.000818
FILLER_9_603,VGND,li1,283.1300,38.0800,0.000809
FILLER_9_600,VGND,li1,282.2100,38.0800,0.000804
FILLER_9_597,VGND,li1,280.8300,38.0800,0.000804
FILLER_9_594,VGND,li1,279.4500,38.0800,0.000800
FILLER_9_591,VGND,li1,278.0700,38.0800,0.000794
FILLER_9_588,VGND,li1,276.6900,38.0800,0.000794
FILLER_9_566,VGND,li1,266.1100,38.0800,0.000766
FILLER_9_550,VGND,li1,258.9800,38.0800,0.000741
FILLER_9_547,VGND,li1,257.8300,38.0800,0.000732
FILLER_9_524,VGND,li1,247.0200,38.0800,0.000691
FILLER_9_508,VGND,li1,239.8900,38.0800,0.000647
FILLER_9_505,VGND,li1,238.5100,38.0800,0.000647
FILLER_9_501,VGND,li1,236.6700,38.0800,0.000637
FILLER_9_488,VGND,li1,230.6900,38.0800,0.000590
FILLER_9_485,VGND,li1,229.3100,38.0800,0.000590
FILLER_9_457,VGND,li1,216.2000,38.0800,0.000490
FILLER_9_454,VGND,li1,215.0500,38.0800,0.000490
FILLER_9_446,VGND,li1,211.1400,38.0800,0.000460
FILLER_9_443,VGND,li1,209.9900,38.0800,0.000440
FILLER_9_440,VGND,li1,208.6100,38.0800,0.000440
FILLER_9_437,VGND,li1,207.2300,38.0800,0.000417
FILLER_9_434,VGND,li1,205.8500,38.0800,0.000417
FILLER_9_431,VGND,li1,204.4700,38.0800,0.000398
FILLER_9_409,VGND,li1,194.1200,38.0800,0.000311
FILLER_9_393,VGND,li1,186.5300,38.0800,0.000240
FILLER_9_384,VGND,li1,182.3900,38.0800,0.000203
FILLER_9_381,VGND,li1,181.4700,38.0800,0.000184
FILLER_9_378,VGND,li1,180.0900,38.0800,0.000165
FILLER_9_375,VGND,li1,178.7100,38.0800,0.000165
FILLER_9_337,VGND,li1,161.2300,38.0800,0.000232
FILLER_9_335,VGND,li1,159.8500,38.0800,0.000238
FILLER_9_332,VGND,li1,158.9300,38.0800,0.000238
FILLER_9_329,VGND,li1,157.5500,38.0800,0.000245
FILLER_9_324,VGND,li1,155.0200,38.0800,0.000252
FILLER_9_292,VGND,li1,140.3000,38.0800,0.000279
FILLER_9_281,VGND,li1,135.4700,38.0800,0.000288
FILLER_9_277,VGND,li1,133.6300,38.0800,0.000291
FILLER_9_274,VGND,li1,132.2500,38.0800,0.000291
FILLER_9_264,VGND,li1,127.1900,38.0800,0.000297
FILLER_9_253,VGND,li1,122.3600,38.0800,0.000301
FILLER_9_250,VGND,li1,121.2100,38.0800,0.000301
FILLER_9_228,VGND,li1,110.6300,38.0800,0.000302
FILLER_9_225,VGND,li1,109.7100,38.0800,0.000301
FILLER_9_222,VGND,li1,108.1000,38.0800,0.000301
FILLER_9_203,VGND,li1,99.3600,38.0800,0.000295
FILLER_9_172,VGND,li1,84.8700,38.0800,0.000269
FILLER_9_169,VGND,li1,83.9500,38.0800,0.000269
FILLER_9_145,VGND,li1,72.6800,38.0800,0.000236
FILLER_9_142,VGND,li1,71.5300,38.0800,0.000236
FILLER_9_139,VGND,li1,70.1500,38.0800,0.000230
FILLER_9_136,VGND,li1,68.7700,38.0800,0.000230
FILLER_9_127,VGND,li1,64.1700,38.0800,0.000216
FILLER_9_124,VGND,li1,63.2500,38.0800,0.000209
FILLER_9_121,VGND,li1,61.8700,38.0800,0.000209
FILLER_9_102,VGND,li1,52.6700,38.0800,0.000176
FILLER_9_99,VGND,li1,51.7500,38.0800,0.000168
FILLER_9_96,VGND,li1,50.3700,38.0800,0.000168
FILLER_9_86,VGND,li1,45.5400,38.0800,0.000149
FILLER_9_53,VGND,li1,30.5900,38.0800,0.000088
FILLER_9_43,VGND,li1,25.7600,38.0800,0.000060
FILLER_9_40,VGND,li1,24.6100,38.0800,0.000060
FILLER_9_29,VGND,li1,19.0900,38.0800,0.000067
FILLER_9_26,VGND,li1,18.1700,38.0800,0.000067
FILLER_9_3,VGND,li1,7.3600,38.0800,0.000071
FILLER_8_667,VGND,li1,312.5700,32.6400,0.000733
FILLER_8_645,VGND,li1,302.4500,32.6400,0.000727
FILLER_8_642,VGND,li1,301.3000,32.6400,0.000727
FILLER_8_616,VGND,li1,289.1100,32.6400,0.000707
FILLER_8_613,VGND,li1,288.1900,32.6400,0.000702
FILLER_8_610,VGND,li1,286.8100,32.6400,0.000702
FILLER_8_607,VGND,li1,285.4300,32.6400,0.000696
FILLER_8_604,VGND,li1,284.0500,32.6400,0.000696
FILLER_8_601,VGND,li1,282.6700,32.6400,0.000690
FILLER_8_598,VGND,li1,281.2900,32.6400,0.000690
FILLER_8_595,VGND,li1,279.9100,32.6400,0.000682
FILLER_8_592,VGND,li1,278.5300,32.6400,0.000682
FILLER_8_589,VGND,li1,277.1500,32.6400,0.000675
FILLER_8_560,VGND,li1,263.5800,32.6400,0.000633
FILLER_8_550,VGND,li1,258.9800,32.6400,0.000613
FILLER_8_547,VGND,li1,257.8300,32.6400,0.000613
FILLER_8_544,VGND,li1,256.4500,32.6400,0.000604
FILLER_8_541,VGND,li1,255.0700,32.6400,0.000604
FILLER_8_520,VGND,li1,245.4100,32.6400,0.000564
FILLER_8_517,VGND,li1,244.0300,32.6400,0.000551
FILLER_8_514,VGND,li1,242.6500,32.6400,0.000551
FILLER_8_499,VGND,li1,235.2900,32.6400,0.000515
FILLER_8_496,VGND,li1,234.3700,32.6400,0.000502
FILLER_8_493,VGND,li1,232.9900,32.6400,0.000502
FILLER_8_490,VGND,li1,231.6100,32.6400,0.000486
FILLER_8_459,VGND,li1,217.3500,32.6400,0.000401
FILLER_8_456,VGND,li1,215.9700,32.6400,0.000388
FILLER_8_453,VGND,li1,214.5900,32.6400,0.000372
FILLER_8_450,VGND,li1,213.2100,32.6400,0.000372
FILLER_8_447,VGND,li1,211.8300,32.6400,0.000359
FILLER_8_444,VGND,li1,210.4500,32.6400,0.000343
FILLER_8_441,VGND,li1,209.0700,32.6400,0.000343
FILLER_8_433,VGND,li1,205.3900,32.6400,0.000314
FILLER_8_430,VGND,li1,204.0100,32.6400,0.000298
FILLER_8_427,VGND,li1,202.6300,32.6400,0.000298
FILLER_8_424,VGND,li1,201.2500,32.6400,0.000284
FILLER_8_421,VGND,li1,199.8700,32.6400,0.000271
FILLER_8_417,VGND,li1,198.0300,32.6400,0.000255
FILLER_8_414,VGND,li1,196.6500,32.6400,0.000255
FILLER_8_411,VGND,li1,195.2700,32.6400,0.000235
FILLER_8_408,VGND,li1,193.8900,32.6400,0.000235
FILLER_8_405,VGND,li1,192.5100,32.6400,0.000215
FILLER_8_402,VGND,li1,191.1300,32.6400,0.000215
FILLER_8_399,VGND,li1,189.7500,32.6400,0.000195
FILLER_8_385,VGND,li1,182.8500,32.6400,0.000147
FILLER_8_382,VGND,li1,181.9300,32.6400,0.000147
FILLER_8_379,VGND,li1,180.5500,32.6400,0.000130
FILLER_8_376,VGND,li1,179.1700,32.6400,0.000116
FILLER_8_373,VGND,li1,177.7900,32.6400,0.000116
FILLER_8_363,VGND,li1,172.7300,32.6400,0.000134
FILLER_8_355,VGND,li1,169.5100,32.6400,0.000150
FILLER_8_352,VGND,li1,168.1300,32.6400,0.000150
FILLER_8_349,VGND,li1,166.7500,32.6400,0.000156
FILLER_8_346,VGND,li1,165.3700,32.6400,0.000164
FILLER_8_343,VGND,li1,163.9900,32.6400,0.000164
FILLER_8_340,VGND,li1,162.6100,32.6400,0.000173
FILLER_8_337,VGND,li1,161.2300,32.6400,0.000173
FILLER_8_334,VGND,li1,159.8500,32.6400,0.000179
FILLER_8_331,VGND,li1,158.4700,32.6400,0.000188
FILLER_8_328,VGND,li1,157.0900,32.6400,0.000188
FILLER_8_325,VGND,li1,155.7100,32.6400,0.000195
FILLER_8_307,VGND,li1,146.9700,32.6400,0.000219
FILLER_8_304,VGND,li1,146.0500,32.6400,0.000226
FILLER_8_273,VGND,li1,131.5600,32.6400,0.000242
FILLER_8_270,VGND,li1,130.4100,32.6400,0.000242
FILLER_8_267,VGND,li1,129.0300,32.6400,0.000243
FILLER_8_264,VGND,li1,127.6500,32.6400,0.000243
FILLER_8_261,VGND,li1,126.2700,32.6400,0.000243
FILLER_8_251,VGND,li1,121.2100,32.6400,0.000243
FILLER_8_248,VGND,li1,120.2900,32.6400,0.000243
FILLER_8_238,VGND,li1,115.2300,32.6400,0.000242
FILLER_8_235,VGND,li1,114.3100,32.6400,0.000240
FILLER_8_232,VGND,li1,112.9300,32.6400,0.000240
FILLER_8_229,VGND,li1,111.5500,32.6400,0.000238
FILLER_8_226,VGND,li1,110.1700,32.6400,0.000238
FILLER_8_223,VGND,li1,108.7900,32.6400,0.000237
FILLER_8_220,VGND,li1,107.4100,32.6400,0.000236
FILLER_8_217,VGND,li1,106.0300,32.6400,0.000236
FILLER_8_214,VGND,li1,104.6500,32.6400,0.000234
FILLER_8_211,VGND,li1,103.2700,32.6400,0.000234
FILLER_8_208,VGND,li1,101.8900,32.6400,0.000232
FILLER_8_205,VGND,li1,100.5100,32.6400,0.000232
FILLER_8_186,VGND,li1,91.3100,32.6400,0.000223
FILLER_8_183,VGND,li1,90.3900,32.6400,0.000221
FILLER_8_180,VGND,li1,89.0100,32.6400,0.000221
FILLER_8_177,VGND,li1,87.6300,32.6400,0.000219
FILLER_8_174,VGND,li1,86.2500,32.6400,0.000217
FILLER_8_171,VGND,li1,84.8700,32.6400,0.000217
FILLER_8_168,VGND,li1,83.4900,32.6400,0.000214
FILLER_8_144,VGND,li1,72.4500,32.6400,0.000199
FILLER_8_141,VGND,li1,71.0700,32.6400,0.000192
FILLER_8_138,VGND,li1,69.4600,32.6400,0.000192
FILLER_8_135,VGND,li1,68.3100,32.6400,0.000187
FILLER_8_132,VGND,li1,66.9300,32.6400,0.000187
FILLER_8_129,VGND,li1,65.5500,32.6400,0.000181
FILLER_8_126,VGND,li1,64.1700,32.6400,0.000181
FILLER_8_94,VGND,li1,49.2200,32.6400,0.000143
FILLER_8_91,VGND,li1,48.0700,32.6400,0.000137
FILLER_8_88,VGND,li1,46.6900,32.6400,0.000131
FILLER_8_85,VGND,li1,45.3100,32.6400,0.000131
FILLER_8_82,VGND,li1,43.7000,32.6400,0.000125
FILLER_8_69,VGND,li1,37.9500,32.6400,0.000108
FILLER_8_66,VGND,li1,36.5700,32.6400,0.000099
FILLER_8_56,VGND,li1,31.5100,32.6400,0.000083
FILLER_8_53,VGND,li1,30.5900,32.6400,0.000083
FILLER_8_50,VGND,li1,29.2100,32.6400,0.000075
FILLER_8_26,VGND,li1,17.9400,32.6400,0.000071
FILLER_8_3,VGND,li1,7.3600,32.6400,0.000074
FILLER_7_658,VGND,li1,308.6600,32.6400,0.000732
FILLER_7_655,VGND,li1,307.5100,32.6400,0.000732
FILLER_7_625,VGND,li1,293.2500,32.6400,0.000716
FILLER_7_613,VGND,li1,288.1900,32.6400,0.000702
FILLER_7_589,VGND,li1,277.1500,32.6400,0.000675
FILLER_7_586,VGND,li1,275.7700,32.6400,0.000675
FILLER_7_583,VGND,li1,274.3900,32.6400,0.000667
FILLER_7_580,VGND,li1,273.0100,32.6400,0.000667
FILLER_7_564,VGND,li1,265.6500,32.6400,0.000642
FILLER_7_561,VGND,li1,264.2700,32.6400,0.000633
FILLER_7_558,VGND,li1,262.6600,32.6400,0.000633
FILLER_7_555,VGND,li1,261.5100,32.6400,0.000623
FILLER_7_552,VGND,li1,260.1300,32.6400,0.000623
FILLER_7_549,VGND,li1,258.7500,32.6400,0.000613
FILLER_7_546,VGND,li1,257.3700,32.6400,0.000613
FILLER_7_523,VGND,li1,246.5600,32.6400,0.000564
FILLER_7_520,VGND,li1,245.4100,32.6400,0.000564
FILLER_7_517,VGND,li1,244.0300,32.6400,0.000551
FILLER_7_514,VGND,li1,242.6500,32.6400,0.000551
FILLER_7_511,VGND,li1,241.2700,32.6400,0.000538
FILLER_7_508,VGND,li1,239.8900,32.6400,0.000538
FILLER_7_505,VGND,li1,238.5100,32.6400,0.000527
FILLER_7_496,VGND,li1,234.1400,32.6400,0.000502
FILLER_7_493,VGND,li1,232.9900,32.6400,0.000502
FILLER_7_490,VGND,li1,231.6100,32.6400,0.000486
FILLER_7_487,VGND,li1,230.2300,32.6400,0.000486
FILLER_7_484,VGND,li1,228.8500,32.6400,0.000472
FILLER_7_470,VGND,li1,221.9500,32.6400,0.000433
FILLER_7_467,VGND,li1,221.0300,32.6400,0.000417
FILLER_7_464,VGND,li1,219.6500,32.6400,0.000417
FILLER_7_461,VGND,li1,218.2700,32.6400,0.000401
FILLER_7_458,VGND,li1,216.8900,32.6400,0.000388
FILLER_7_455,VGND,li1,215.5100,32.6400,0.000388
FILLER_7_452,VGND,li1,214.1300,32.6400,0.000372
FILLER_7_449,VGND,li1,212.7500,32.6400,0.000359
FILLER_7_447,VGND,li1,211.3700,32.6400,0.000359
FILLER_7_444,VGND,li1,210.4500,32.6400,0.000343
FILLER_7_441,VGND,li1,209.0700,32.6400,0.000343
FILLER_7_438,VGND,li1,207.6900,32.6400,0.000330
FILLER_7_435,VGND,li1,206.3100,32.6400,0.000314
FILLER_7_432,VGND,li1,204.9300,32.6400,0.000314
FILLER_7_429,VGND,li1,203.5500,32.6400,0.000298
FILLER_7_426,VGND,li1,202.1700,32.6400,0.000284
FILLER_7_423,VGND,li1,200.7900,32.6400,0.000284
FILLER_7_420,VGND,li1,199.4100,32.6400,0.000271
FILLER_7_417,VGND,li1,198.0300,32.6400,0.000255
FILLER_7_414,VGND,li1,196.6500,32.6400,0.000255
FILLER_7_411,VGND,li1,195.2700,32.6400,0.000235
FILLER_7_408,VGND,li1,193.8900,32.6400,0.000235
FILLER_7_405,VGND,li1,192.5100,32.6400,0.000215
FILLER_7_402,VGND,li1,191.1300,32.6400,0.000215
FILLER_7_399,VGND,li1,189.7500,32.6400,0.000195
FILLER_7_396,VGND,li1,188.3700,32.6400,0.000195
FILLER_7_393,VGND,li1,186.9900,32.6400,0.000179
FILLER_7_389,VGND,li1,185.1500,32.6400,0.000161
FILLER_7_386,VGND,li1,183.7700,32.6400,0.000161
FILLER_7_383,VGND,li1,182.3900,32.6400,0.000147
FILLER_7_380,VGND,li1,181.0100,32.6400,0.000130
FILLER_7_377,VGND,li1,179.6300,32.6400,0.000130
FILLER_7_369,VGND,li1,175.9500,32.6400,0.000128
FILLER_7_366,VGND,li1,174.5700,32.6400,0.000128
FILLER_7_363,VGND,li1,173.1900,32.6400,0.000134
FILLER_7_360,VGND,li1,171.8100,32.6400,0.000142
FILLER_7_357,VGND,li1,170.4300,32.6400,0.000142
FILLER_7_354,VGND,li1,169.0500,32.6400,0.000150
FILLER_7_351,VGND,li1,167.6700,32.6400,0.000156
FILLER_7_348,VGND,li1,166.2900,32.6400,0.000156
FILLER_7_345,VGND,li1,164.9100,32.6400,0.000164
FILLER_7_337,VGND,li1,161.0000,32.6400,0.000179
FILLER_7_333,VGND,li1,159.3900,32.6400,0.000179
FILLER_7_323,VGND,li1,154.5600,32.6400,0.000195
FILLER_7_284,VGND,li1,136.6200,32.6400,0.000240
FILLER_7_281,VGND,li1,135.4700,32.6400,0.000241
FILLER_7_269,VGND,li1,129.7200,32.6400,0.000243
FILLER_7_266,VGND,li1,128.5700,32.6400,0.000243
FILLER_7_228,VGND,li1,110.8600,32.6400,0.000238
FILLER_7_225,VGND,li1,109.7100,32.6400,0.000237
FILLER_7_223,VGND,li1,108.3300,32.6400,0.000237
FILLER_7_220,VGND,li1,107.4100,32.6400,0.000236
FILLER_7_217,VGND,li1,106.0300,32.6400,0.000236
FILLER_7_214,VGND,li1,104.6500,32.6400,0.000234
FILLER_7_211,VGND,li1,103.2700,32.6400,0.000234
FILLER_7_208,VGND,li1,101.8900,32.6400,0.000232
FILLER_7_205,VGND,li1,100.5100,32.6400,0.000232
FILLER_7_196,VGND,li1,95.9100,32.6400,0.000228
FILLER_7_193,VGND,li1,94.9900,32.6400,0.000226
FILLER_7_190,VGND,li1,93.6100,32.6400,0.000226
FILLER_7_187,VGND,li1,92.2300,32.6400,0.000223
FILLER_7_184,VGND,li1,90.8500,32.6400,0.000223
FILLER_7_181,VGND,li1,89.4700,32.6400,0.000221
FILLER_7_178,VGND,li1,88.0900,32.6400,0.000219
FILLER_7_175,VGND,li1,86.7100,32.6400,0.000219
FILLER_7_172,VGND,li1,85.3300,32.6400,0.000217
FILLER_7_169,VGND,li1,83.9500,32.6400,0.000214
FILLER_7_167,VGND,li1,82.5700,32.6400,0.000214
FILLER_7_164,VGND,li1,81.6500,32.6400,0.000212
FILLER_7_161,VGND,li1,80.2700,32.6400,0.000212
FILLER_7_150,VGND,li1,74.7500,32.6400,0.000203
FILLER_7_147,VGND,li1,73.8300,32.6400,0.000199
FILLER_7_144,VGND,li1,72.4500,32.6400,0.000199
FILLER_7_141,VGND,li1,71.0700,32.6400,0.000192
FILLER_7_138,VGND,li1,69.6900,32.6400,0.000192
FILLER_7_135,VGND,li1,68.3100,32.6400,0.000187
FILLER_7_132,VGND,li1,66.9300,32.6400,0.000187
FILLER_7_113,VGND,li1,57.7300,32.6400,0.000163
FILLER_7_110,VGND,li1,56.5800,32.6400,0.000163
FILLER_7_107,VGND,li1,55.4300,32.6400,0.000156
FILLER_7_104,VGND,li1,54.0500,32.6400,0.000156
FILLER_7_101,VGND,li1,52.6700,32.6400,0.000148
FILLER_7_98,VGND,li1,51.2900,32.6400,0.000148
FILLER_7_95,VGND,li1,49.9100,32.6400,0.000143
FILLER_7_92,VGND,li1,48.5300,32.6400,0.000137
FILLER_7_89,VGND,li1,47.1500,32.6400,0.000137
FILLER_7_86,VGND,li1,45.7700,32.6400,0.000131
FILLER_7_75,VGND,li1,40.7100,32.6400,0.000118
FILLER_7_72,VGND,li1,39.3300,32.6400,0.000108
FILLER_7_69,VGND,li1,37.9500,32.6400,0.000108
FILLER_7_66,VGND,li1,36.5700,32.6400,0.000099
FILLER_7_63,VGND,li1,35.1900,32.6400,0.000099
FILLER_7_60,VGND,li1,33.8100,32.6400,0.000089
FILLER_7_57,VGND,li1,32.4300,32.6400,0.000089
FILLER_7_54,VGND,li1,30.8200,32.6400,0.000083
FILLER_7_51,VGND,li1,29.6700,32.6400,0.000075
FILLER_7_48,VGND,li1,28.2900,32.6400,0.000075
FILLER_7_33,VGND,li1,20.9300,32.6400,0.000069
FILLER_7_30,VGND,li1,20.0100,32.6400,0.000069
FILLER_7_12,VGND,li1,11.2700,32.6400,0.000074
FILLER_7_9,VGND,li1,10.3500,32.6400,0.000074
FILLER_7_6,VGND,li1,8.9700,32.6400,0.000074
FILLER_7_3,VGND,li1,7.5900,32.6400,0.000074
FILLER_6_656,VGND,li1,307.5100,27.2000,0.000998
FILLER_6_653,VGND,li1,306.5900,27.2000,0.000998
FILLER_6_643,VGND,li1,301.5300,27.2000,0.000995
FILLER_6_634,VGND,li1,297.3900,27.2000,0.000991
FILLER_6_602,VGND,li1,282.9000,27.2000,0.000955
FILLER_6_592,VGND,li1,278.0700,27.2000,0.000933
FILLER_6_589,VGND,li1,277.1500,27.2000,0.000933
FILLER_6_585,VGND,li1,275.3100,27.2000,0.000925
FILLER_6_575,VGND,li1,270.4800,27.2000,0.000901
FILLER_6_560,VGND,li1,263.8100,27.2000,0.000856
FILLER_6_557,VGND,li1,262.4300,27.2000,0.000856
FILLER_6_547,VGND,li1,257.6000,27.2000,0.000828
FILLER_6_544,VGND,li1,256.4500,27.2000,0.000813
FILLER_6_541,VGND,li1,255.0700,27.2000,0.000813
FILLER_6_513,VGND,li1,242.1900,27.2000,0.000715
FILLER_6_510,VGND,li1,240.8100,27.2000,0.000715
FILLER_6_507,VGND,li1,239.4300,27.2000,0.000697
FILLER_6_504,VGND,li1,238.0500,27.2000,0.000683
FILLER_6_497,VGND,li1,234.6000,27.2000,0.000667
FILLER_6_494,VGND,li1,233.4500,27.2000,0.000652
FILLER_6_480,VGND,li1,226.5500,27.2000,0.000605
FILLER_6_477,VGND,li1,225.6300,27.2000,0.000590
FILLER_6_473,VGND,li1,223.7900,27.2000,0.000569
FILLER_6_470,VGND,li1,222.4100,27.2000,0.000569
FILLER_6_467,VGND,li1,221.0300,27.2000,0.000543
FILLER_6_464,VGND,li1,219.6500,27.2000,0.000543
FILLER_6_461,VGND,li1,218.2700,27.2000,0.000522
FILLER_6_458,VGND,li1,216.8900,27.2000,0.000505
FILLER_6_455,VGND,li1,215.5100,27.2000,0.000505
FILLER_6_452,VGND,li1,214.1300,27.2000,0.000488
FILLER_6_445,VGND,li1,210.6800,27.2000,0.000450
FILLER_6_442,VGND,li1,209.5300,27.2000,0.000450
FILLER_6_439,VGND,li1,208.1500,27.2000,0.000425
FILLER_6_436,VGND,li1,206.7700,27.2000,0.000425
FILLER_6_433,VGND,li1,205.3900,27.2000,0.000399
FILLER_6_430,VGND,li1,204.0100,27.2000,0.000399
FILLER_6_424,VGND,li1,200.7900,27.2000,0.000369
FILLER_6_421,VGND,li1,199.8700,27.2000,0.000351
FILLER_6_419,VGND,li1,198.4900,27.2000,0.000333
FILLER_6_411,VGND,li1,195.2700,27.2000,0.000314
FILLER_6_408,VGND,li1,193.8900,27.2000,0.000287
FILLER_6_405,VGND,li1,192.5100,27.2000,0.000287
FILLER_6_391,VGND,li1,185.6100,27.2000,0.000206
FILLER_6_388,VGND,li1,184.6900,27.2000,0.000206
FILLER_6_374,VGND,li1,178.0200,27.2000,0.000136
FILLER_6_371,VGND,li1,176.8700,27.2000,0.000143
FILLER_6_368,VGND,li1,175.4900,27.2000,0.000143
FILLER_6_365,VGND,li1,174.1100,27.2000,0.000150
FILLER_6_361,VGND,li1,172.2700,27.2000,0.000156
FILLER_6_358,VGND,li1,170.8900,27.2000,0.000156
FILLER_6_348,VGND,li1,165.8300,27.2000,0.000170
FILLER_6_345,VGND,li1,164.9100,27.2000,0.000170
FILLER_6_334,VGND,li1,159.8500,27.2000,0.000181
FILLER_6_309,VGND,li1,148.3500,27.2000,0.000203
FILLER_6_306,VGND,li1,146.7400,27.2000,0.000203
FILLER_6_303,VGND,li1,145.5900,27.2000,0.000206
FILLER_6_270,VGND,li1,130.4100,27.2000,0.000224
FILLER_6_267,VGND,li1,129.0300,27.2000,0.000224
FILLER_6_264,VGND,li1,127.6500,27.2000,0.000226
FILLER_6_261,VGND,li1,126.2700,27.2000,0.000226
FILLER_6_228,VGND,li1,111.0900,27.2000,0.000229
FILLER_6_225,VGND,li1,109.7100,27.2000,0.000228
FILLER_6_222,VGND,li1,108.3300,27.2000,0.000227
FILLER_6_219,VGND,li1,106.9500,27.2000,0.000227
FILLER_6_216,VGND,li1,105.5700,27.2000,0.000226
FILLER_6_213,VGND,li1,104.1900,27.2000,0.000226
FILLER_6_210,VGND,li1,102.8100,27.2000,0.000224
FILLER_6_200,VGND,li1,97.7500,27.2000,0.000220
FILLER_6_197,VGND,li1,96.8300,27.2000,0.000220
FILLER_6_195,VGND,li1,95.4500,27.2000,0.000218
FILLER_6_192,VGND,li1,94.5300,27.2000,0.000216
FILLER_6_189,VGND,li1,93.1500,27.2000,0.000216
FILLER_6_186,VGND,li1,91.7700,27.2000,0.000213
FILLER_6_183,VGND,li1,90.3900,27.2000,0.000213
FILLER_6_180,VGND,li1,89.0100,27.2000,0.000210
FILLER_6_177,VGND,li1,87.6300,27.2000,0.000210
FILLER_6_174,VGND,li1,86.2500,27.2000,0.000207
FILLER_6_171,VGND,li1,84.8700,27.2000,0.000207
FILLER_6_153,VGND,li1,76.1300,27.2000,0.000192
FILLER_6_150,VGND,li1,75.2100,27.2000,0.000192
FILLER_6_147,VGND,li1,73.8300,27.2000,0.000187
FILLER_6_144,VGND,li1,72.4500,27.2000,0.000187
FILLER_6_141,VGND,li1,71.0700,27.2000,0.000182
FILLER_6_139,VGND,li1,69.6900,27.2000,0.000182
FILLER_6_100,VGND,li1,51.9800,27.2000,0.000135
FILLER_6_97,VGND,li1,50.8300,27.2000,0.000128
FILLER_6_94,VGND,li1,49.4500,27.2000,0.000128
FILLER_6_91,VGND,li1,48.0700,27.2000,0.000120
FILLER_6_88,VGND,li1,46.6900,27.2000,0.000120
FILLER_6_85,VGND,li1,45.3100,27.2000,0.000113
FILLER_6_68,VGND,li1,37.2600,27.2000,0.000085
FILLER_6_65,VGND,li1,36.1100,27.2000,0.000085
FILLER_6_55,VGND,li1,31.2800,27.2000,0.000068
FILLER_6_32,VGND,li1,20.4700,27.2000,0.000049
FILLER_6_29,VGND,li1,19.5500,27.2000,0.000049
FILLER_6_25,VGND,li1,17.7100,27.2000,0.000050
FILLER_6_22,VGND,li1,16.3300,27.2000,0.000052
FILLER_6_19,VGND,li1,14.9500,27.2000,0.000052
FILLER_6_9,VGND,li1,10.1200,27.2000,0.000052
FILLER_6_6,VGND,li1,8.9700,27.2000,0.000052
FILLER_6_3,VGND,li1,7.5900,27.2000,0.000052
FILLER_5_667,VGND,li1,312.5700,27.2000,0.000999
FILLER_5_645,VGND,li1,302.4500,27.2000,0.000995
FILLER_5_617,VGND,li1,289.5700,27.2000,0.000976
FILLER_5_615,VGND,li1,288.6500,27.2000,0.000976
FILLER_5_596,VGND,li1,280.1400,27.2000,0.000941
FILLER_5_593,VGND,li1,278.9900,27.2000,0.000941
FILLER_5_590,VGND,li1,277.6100,27.2000,0.000933
FILLER_5_558,VGND,li1,262.6600,27.2000,0.000856
FILLER_5_555,VGND,li1,261.5100,27.2000,0.000842
FILLER_5_508,VGND,li1,239.6600,27.2000,0.000697
FILLER_5_505,VGND,li1,238.5100,27.2000,0.000697
FILLER_5_501,VGND,li1,236.6700,27.2000,0.000683
FILLER_5_498,VGND,li1,235.2900,27.2000,0.000667
FILLER_5_495,VGND,li1,233.9100,27.2000,0.000652
FILLER_5_492,VGND,li1,232.5300,27.2000,0.000652
FILLER_5_484,VGND,li1,228.3900,27.2000,0.000620
FILLER_5_465,VGND,li1,219.6500,27.2000,0.000543
FILLER_5_462,VGND,li1,218.7300,27.2000,0.000522
FILLER_5_459,VGND,li1,217.3500,27.2000,0.000522
FILLER_5_456,VGND,li1,215.9700,27.2000,0.000505
FILLER_5_438,VGND,li1,207.6900,27.2000,0.000425
FILLER_5_423,VGND,li1,200.5600,27.2000,0.000351
FILLER_5_420,VGND,li1,199.4100,27.2000,0.000351
FILLER_5_389,VGND,li1,185.1500,27.2000,0.000206
FILLER_5_386,VGND,li1,183.7700,27.2000,0.000182
FILLER_5_383,VGND,li1,182.3900,27.2000,0.000182
FILLER_5_380,VGND,li1,181.0100,27.2000,0.000158
FILLER_5_377,VGND,li1,179.6300,27.2000,0.000136
FILLER_5_374,VGND,li1,178.2500,27.2000,0.000136
FILLER_5_371,VGND,li1,176.8700,27.2000,0.000143
FILLER_5_368,VGND,li1,175.4900,27.2000,0.000143
FILLER_5_365,VGND,li1,174.1100,27.2000,0.000150
FILLER_5_362,VGND,li1,172.7300,27.2000,0.000150
FILLER_5_348,VGND,li1,165.8300,27.2000,0.000170
FILLER_5_345,VGND,li1,164.9100,27.2000,0.000170
FILLER_5_333,VGND,li1,159.3900,27.2000,0.000181
FILLER_5_322,VGND,li1,154.1000,27.2000,0.000192
FILLER_5_312,VGND,li1,149.2700,27.2000,0.000199
FILLER_5_309,VGND,li1,148.3500,27.2000,0.000203
FILLER_5_306,VGND,li1,146.9700,27.2000,0.000203
FILLER_5_297,VGND,li1,142.3700,27.2000,0.000209
FILLER_5_287,VGND,li1,137.7700,27.2000,0.000217
FILLER_5_284,VGND,li1,136.8500,27.2000,0.000217
FILLER_5_281,VGND,li1,135.4700,27.2000,0.000220
FILLER_5_271,VGND,li1,130.4100,27.2000,0.000224
FILLER_5_268,VGND,li1,129.4900,27.2000,0.000224
FILLER_5_259,VGND,li1,124.8900,27.2000,0.000228
FILLER_5_225,VGND,li1,109.7100,27.2000,0.000228
FILLER_5_222,VGND,li1,108.1000,27.2000,0.000227
FILLER_5_219,VGND,li1,106.9500,27.2000,0.000227
FILLER_5_209,VGND,li1,102.1200,27.2000,0.000224
FILLER_5_180,VGND,li1,88.5500,27.2000,0.000210
FILLER_5_177,VGND,li1,87.6300,27.2000,0.000210
FILLER_5_134,VGND,li1,67.6200,27.2000,0.000177
FILLER_5_116,VGND,li1,59.1100,27.2000,0.000157
FILLER_5_113,VGND,li1,58.1900,27.2000,0.000150
FILLER_5_111,VGND,li1,56.8100,27.2000,0.000150
FILLER_5_108,VGND,li1,55.8900,27.2000,0.000143
FILLER_5_105,VGND,li1,54.5100,27.2000,0.000143
FILLER_5_102,VGND,li1,53.1300,27.2000,0.000135
FILLER_5_99,VGND,li1,51.7500,27.2000,0.000135
FILLER_5_96,VGND,li1,50.3700,27.2000,0.000128
FILLER_5_66,VGND,li1,36.1100,27.2000,0.000085
FILLER_5_53,VGND,li1,30.5900,27.2000,0.000061
FILLER_5_15,VGND,li1,12.6500,27.2000,0.000052
FILLER_5_12,VGND,li1,11.7300,27.2000,0.000052
FILLER_5_9,VGND,li1,10.3500,27.2000,0.000052
FILLER_5_6,VGND,li1,8.9700,27.2000,0.000052
FILLER_5_3,VGND,li1,7.5900,27.2000,0.000052
FILLER_4_659,VGND,li1,308.8900,21.7600,0.001182
FILLER_4_645,VGND,li1,302.6800,21.7600,0.001173
FILLER_4_641,VGND,li1,301.0700,21.7600,0.001170
FILLER_4_638,VGND,li1,299.6900,21.7600,0.001170
FILLER_4_619,VGND,li1,290.7200,21.7600,0.001146
FILLER_4_616,VGND,li1,289.5700,21.7600,0.001146
FILLER_4_606,VGND,li1,284.5100,21.7600,0.001130
FILLER_4_603,VGND,li1,283.5900,21.7600,0.001130
FILLER_4_600,VGND,li1,282.2100,21.7600,0.001122
FILLER_4_597,VGND,li1,280.8300,21.7600,0.001122
FILLER_4_585,VGND,li1,275.3100,21.7600,0.001104
FILLER_4_545,VGND,li1,256.9100,21.7600,0.001017
FILLER_4_542,VGND,li1,255.5300,21.7600,0.001017
FILLER_4_509,VGND,li1,240.1200,21.7600,0.000923
FILLER_4_499,VGND,li1,235.2900,21.7600,0.000888
FILLER_4_496,VGND,li1,234.3700,21.7600,0.000871
FILLER_4_493,VGND,li1,232.9900,21.7600,0.000871
FILLER_4_477,VGND,li1,225.1700,21.7600,0.000801
FILLER_4_468,VGND,li1,221.0300,21.7600,0.000754
FILLER_4_465,VGND,li1,220.1100,21.7600,0.000754
FILLER_4_436,VGND,li1,206.7700,21.7600,0.000575
FILLER_4_433,VGND,li1,205.3900,21.7600,0.000575
FILLER_4_430,VGND,li1,204.0100,21.7600,0.000542
FILLER_4_427,VGND,li1,202.6300,21.7600,0.000542
FILLER_4_419,VGND,li1,198.4900,21.7600,0.000489
FILLER_4_408,VGND,li1,193.8900,21.7600,0.000428
FILLER_4_394,VGND,li1,186.9900,21.7600,0.000309
FILLER_4_391,VGND,li1,186.0700,21.7600,0.000309
FILLER_4_388,VGND,li1,184.6900,21.7600,0.000274
FILLER_4_385,VGND,li1,183.3100,21.7600,0.000274
FILLER_4_382,VGND,li1,181.9300,21.7600,0.000232
FILLER_4_379,VGND,li1,180.5500,21.7600,0.000232
FILLER_4_368,VGND,li1,175.4900,21.7600,0.000209
FILLER_4_365,VGND,li1,174.1100,21.7600,0.000209
FILLER_4_361,VGND,li1,172.2700,21.7600,0.000216
FILLER_4_349,VGND,li1,166.5200,21.7600,0.000243
FILLER_4_346,VGND,li1,165.3700,21.7600,0.000243
FILLER_4_336,VGND,li1,160.5400,21.7600,0.000264
FILLER_4_333,VGND,li1,159.3900,21.7600,0.000264
FILLER_4_309,VGND,li1,148.3500,21.7600,0.000299
FILLER_4_270,VGND,li1,129.9500,21.7600,0.000343
FILLER_4_267,VGND,li1,129.0300,21.7600,0.000347
FILLER_4_264,VGND,li1,127.6500,21.7600,0.000347
FILLER_4_253,VGND,li1,122.5900,21.7600,0.000356
FILLER_4_249,VGND,li1,120.7500,21.7600,0.000360
FILLER_4_227,VGND,li1,110.1700,21.7600,0.000371
FILLER_4_224,VGND,li1,109.2500,21.7600,0.000371
FILLER_4_221,VGND,li1,107.8700,21.7600,0.000372
FILLER_4_218,VGND,li1,106.4900,21.7600,0.000372
FILLER_4_144,VGND,li1,72.4500,21.7600,0.000303
FILLER_4_141,VGND,li1,71.0700,21.7600,0.000295
FILLER_4_128,VGND,li1,65.0900,21.7600,0.000277
FILLER_4_104,VGND,li1,54.0500,21.7600,0.000230
FILLER_4_101,VGND,li1,52.6700,21.7600,0.000217
FILLER_4_60,VGND,li1,33.8100,21.7600,0.000128
FILLER_4_25,VGND,li1,17.7100,21.7600,0.000075
FILLER_4_22,VGND,li1,16.3300,21.7600,0.000076
FILLER_4_12,VGND,li1,11.2700,21.7600,0.000076
FILLER_4_9,VGND,li1,10.3500,21.7600,0.000076
FILLER_4_6,VGND,li1,8.9700,21.7600,0.000076
FILLER_4_3,VGND,li1,7.5900,21.7600,0.000076
FILLER_3_659,VGND,li1,308.8900,21.7600,0.001182
FILLER_3_627,VGND,li1,294.6300,21.7600,0.001159
FILLER_3_617,VGND,li1,289.5700,21.7600,0.001146
FILLER_3_606,VGND,li1,284.7400,21.7600,0.001130
FILLER_3_603,VGND,li1,283.5900,21.7600,0.001130
FILLER_3_593,VGND,li1,278.5300,21.7600,0.001114
FILLER_3_570,VGND,li1,268.1800,21.7600,0.001078
FILLER_3_489,VGND,li1,230.9200,21.7600,0.000845
FILLER_3_486,VGND,li1,229.7700,21.7600,0.000845
FILLER_3_440,VGND,li1,208.6100,21.7600,0.000601
FILLER_3_437,VGND,li1,207.2300,21.7600,0.000601
FILLER_3_396,VGND,li1,188.1400,21.7600,0.000348
FILLER_3_393,VGND,li1,186.9900,21.7600,0.000309
FILLER_3_391,VGND,li1,185.6100,21.7600,0.000309
FILLER_3_388,VGND,li1,184.6900,21.7600,0.000274
FILLER_3_352,VGND,li1,167.6700,21.7600,0.000234
FILLER_3_349,VGND,li1,166.7500,21.7600,0.000243
FILLER_3_346,VGND,li1,165.3700,21.7600,0.000243
FILLER_3_305,VGND,li1,146.0500,21.7600,0.000305
FILLER_3_302,VGND,li1,145.1300,21.7600,0.000312
FILLER_3_299,VGND,li1,143.7500,21.7600,0.000312
FILLER_3_271,VGND,li1,130.4100,21.7600,0.000343
FILLER_3_231,VGND,li1,112.2400,21.7600,0.000369
FILLER_3_228,VGND,li1,111.0900,21.7600,0.000369
FILLER_3_225,VGND,li1,109.7100,21.7600,0.000371
FILLER_3_181,VGND,li1,89.0100,21.7600,0.000350
FILLER_3_178,VGND,li1,88.0900,21.7600,0.000350
FILLER_3_116,VGND,li1,59.1100,21.7600,0.000253
FILLER_3_113,VGND,li1,58.1900,21.7600,0.000245
FILLER_3_101,VGND,li1,52.6700,21.7600,0.000217
FILLER_3_98,VGND,li1,51.2900,21.7600,0.000217
FILLER_3_57,VGND,li1,32.2000,21.7600,0.000110
FILLER_3_53,VGND,li1,30.5900,21.7600,0.000110
FILLER_3_9,VGND,li1,10.1200,21.7600,0.000076
FILLER_3_6,VGND,li1,8.9700,21.7600,0.000076
FILLER_2_658,VGND,li1,308.6600,16.3200,0.001112
FILLER_2_645,VGND,li1,302.6800,16.3200,0.001109
FILLER_2_642,VGND,li1,301.3000,16.3200,0.001108
FILLER_2_589,VGND,li1,277.1500,16.3200,0.001057
FILLER_2_520,VGND,li1,245.4100,16.3200,0.000926
FILLER_2_517,VGND,li1,244.0300,16.3200,0.000911
FILLER_2_480,VGND,li1,227.0100,16.3200,0.000812
FILLER_2_477,VGND,li1,225.6300,16.3200,0.000794
FILLER_2_473,VGND,li1,223.7900,16.3200,0.000780
FILLER_2_459,VGND,li1,217.3500,16.3200,0.000716
FILLER_2_445,VGND,li1,210.4500,16.3200,0.000650
FILLER_2_437,VGND,li1,206.7700,16.3200,0.000604
FILLER_2_434,VGND,li1,205.8500,16.3200,0.000574
FILLER_2_431,VGND,li1,204.4700,16.3200,0.000574
FILLER_2_428,VGND,li1,203.0900,16.3200,0.000550
FILLER_2_418,VGND,li1,198.2600,16.3200,0.000483
FILLER_2_404,VGND,li1,191.5900,16.3200,0.000394
FILLER_2_401,VGND,li1,190.6700,16.3200,0.000367
FILLER_2_398,VGND,li1,189.2900,16.3200,0.000339
FILLER_2_395,VGND,li1,187.9100,16.3200,0.000339
FILLER_2_392,VGND,li1,186.5300,16.3200,0.000312
FILLER_2_389,VGND,li1,185.1500,16.3200,0.000278
FILLER_2_386,VGND,li1,183.7700,16.3200,0.000278
FILLER_2_342,VGND,li1,163.0700,16.3200,0.000254
FILLER_2_312,VGND,li1,149.7300,16.3200,0.000300
FILLER_2_309,VGND,li1,148.3500,16.3200,0.000300
FILLER_2_306,VGND,li1,146.7400,16.3200,0.000305
FILLER_2_295,VGND,li1,141.9100,16.3200,0.000315
FILLER_2_262,VGND,li1,126.7300,16.3200,0.000335
FILLER_2_251,VGND,li1,121.2100,16.3200,0.000338
FILLER_2_227,VGND,li1,110.6300,16.3200,0.000335
FILLER_2_224,VGND,li1,109.2500,16.3200,0.000333
FILLER_2_221,VGND,li1,107.8700,16.3200,0.000332
FILLER_2_218,VGND,li1,106.4900,16.3200,0.000332
FILLER_2_186,VGND,li1,91.3100,16.3200,0.000313
FILLER_2_183,VGND,li1,90.3900,16.3200,0.000310
FILLER_2_180,VGND,li1,89.0100,16.3200,0.000310
FILLER_2_150,VGND,li1,74.7500,16.3200,0.000280
FILLER_2_147,VGND,li1,73.8300,16.3200,0.000280
FILLER_2_144,VGND,li1,72.4500,16.3200,0.000276
FILLER_2_141,VGND,li1,71.0700,16.3200,0.000270
FILLER_2_139,VGND,li1,69.6900,16.3200,0.000270
FILLER_2_136,VGND,li1,68.7700,16.3200,0.000265
FILLER_2_133,VGND,li1,67.3900,16.3200,0.000265
FILLER_2_111,VGND,li1,56.8100,16.3200,0.000234
FILLER_2_108,VGND,li1,55.8900,16.3200,0.000226
FILLER_2_85,VGND,li1,45.0800,16.3200,0.000185
FILLER_2_61,VGND,li1,34.0400,16.3200,0.000123
FILLER_2_58,VGND,li1,32.8900,16.3200,0.000123
FILLER_2_26,VGND,li1,17.9400,16.3200,0.000076
FILLER_2_3,VGND,li1,7.3600,16.3200,0.000079
FILLER_1_604,VGND,li1,284.0500,16.3200,0.001078
FILLER_1_601,VGND,li1,282.6700,16.3200,0.001072
FILLER_1_598,VGND,li1,281.2900,16.3200,0.001072
FILLER_1_595,VGND,li1,279.9100,16.3200,0.001064
FILLER_1_592,VGND,li1,278.5300,16.3200,0.001064
FILLER_1_589,VGND,li1,277.1500,16.3200,0.001057
FILLER_1_586,VGND,li1,275.7700,16.3200,0.001052
FILLER_1_583,VGND,li1,274.3900,16.3200,0.001052
FILLER_1_559,VGND,li1,262.8900,16.3200,0.001011
FILLER_1_556,VGND,li1,261.9700,16.3200,0.001001
FILLER_1_553,VGND,li1,260.5900,16.3200,0.001001
FILLER_1_541,VGND,li1,255.0700,16.3200,0.000969
FILLER_1_538,VGND,li1,253.6900,16.3200,0.000969
FILLER_1_523,VGND,li1,246.5600,16.3200,0.000926
FILLER_1_520,VGND,li1,245.4100,16.3200,0.000926
FILLER_1_517,VGND,li1,244.0300,16.3200,0.000911
FILLER_1_514,VGND,li1,242.6500,16.3200,0.000911
FILLER_1_501,VGND,li1,236.6700,16.3200,0.000869
FILLER_1_498,VGND,li1,235.2900,16.3200,0.000869
FILLER_1_495,VGND,li1,233.9100,16.3200,0.000852
FILLER_1_492,VGND,li1,232.5300,16.3200,0.000852
FILLER_1_483,VGND,li1,228.1600,16.3200,0.000812
FILLER_1_480,VGND,li1,227.0100,16.3200,0.000812
FILLER_1_477,VGND,li1,225.6300,16.3200,0.000794
FILLER_1_474,VGND,li1,224.2500,16.3200,0.000780
FILLER_1_471,VGND,li1,222.8700,16.3200,0.000780
FILLER_1_457,VGND,li1,216.2000,16.3200,0.000716
FILLER_1_446,VGND,li1,211.1400,16.3200,0.000650
FILLER_1_439,VGND,li1,207.6900,16.3200,0.000604
FILLER_1_436,VGND,li1,206.7700,16.3200,0.000604
FILLER_1_433,VGND,li1,205.3900,16.3200,0.000574
FILLER_1_430,VGND,li1,204.0100,16.3200,0.000550
FILLER_1_427,VGND,li1,202.6300,16.3200,0.000550
FILLER_1_424,VGND,li1,201.2500,16.3200,0.000527
FILLER_1_408,VGND,li1,193.8900,16.3200,0.000429
FILLER_1_405,VGND,li1,192.5100,16.3200,0.000394
FILLER_1_402,VGND,li1,191.1300,16.3200,0.000367
FILLER_1_399,VGND,li1,189.7500,16.3200,0.000367
FILLER_1_396,VGND,li1,188.3700,16.3200,0.000339
FILLER_1_393,VGND,li1,186.9900,16.3200,0.000312
FILLER_1_389,VGND,li1,185.1500,16.3200,0.000278
FILLER_1_386,VGND,li1,183.7700,16.3200,0.000278
FILLER_1_356,VGND,li1,169.5100,16.3200,0.000230
FILLER_1_337,VGND,li1,161.0000,16.3200,0.000264
FILLER_1_305,VGND,li1,146.2800,16.3200,0.000305
FILLER_1_302,VGND,li1,145.1300,16.3200,0.000310
FILLER_1_228,VGND,li1,110.8600,16.3200,0.000335
FILLER_1_225,VGND,li1,109.7100,16.3200,0.000333
FILLER_1_222,VGND,li1,108.1000,16.3200,0.000332
FILLER_1_219,VGND,li1,106.9500,16.3200,0.000332
FILLER_1_210,VGND,li1,102.3500,16.3200,0.000328
FILLER_1_192,VGND,li1,94.0700,16.3200,0.000316
FILLER_1_189,VGND,li1,93.1500,16.3200,0.000316
FILLER_1_186,VGND,li1,91.7700,16.3200,0.000313
FILLER_1_183,VGND,li1,90.3900,16.3200,0.000310
FILLER_1_180,VGND,li1,89.0100,16.3200,0.000310
FILLER_1_169,VGND,li1,83.9500,16.3200,0.000298
FILLER_1_166,VGND,li1,82.3400,16.3200,0.000298
FILLER_1_155,VGND,li1,77.2800,16.3200,0.000285
FILLER_1_152,VGND,li1,76.1300,16.3200,0.000285
FILLER_1_149,VGND,li1,74.7500,16.3200,0.000280
FILLER_1_146,VGND,li1,73.3700,16.3200,0.000276
FILLER_1_143,VGND,li1,71.9900,16.3200,0.000276
FILLER_1_113,VGND,li1,57.7300,16.3200,0.000234
FILLER_1_111,VGND,li1,56.8100,16.3200,0.000234
FILLER_1_108,VGND,li1,55.8900,16.3200,0.000226
FILLER_1_105,VGND,li1,54.5100,16.3200,0.000226
FILLER_1_66,VGND,li1,36.3400,16.3200,0.000139
FILLER_1_63,VGND,li1,35.1900,16.3200,0.000139
FILLER_1_60,VGND,li1,33.8100,16.3200,0.000123
FILLER_1_57,VGND,li1,32.4300,16.3200,0.000123
FILLER_1_54,VGND,li1,30.8200,16.3200,0.000111
FILLER_1_18,VGND,li1,14.2600,16.3200,0.000078
FILLER_1_15,VGND,li1,13.1100,16.3200,0.000079
FILLER_1_12,VGND,li1,11.7300,16.3200,0.000079
FILLER_1_9,VGND,li1,10.3500,16.3200,0.000079
FILLER_1_6,VGND,li1,8.9700,16.3200,0.000079
FILLER_1_3,VGND,li1,7.5900,16.3200,0.000079
FILLER_0_645,VGND,li1,302.4500,10.8800,0.000218
FILLER_0_625,VGND,li1,293.7100,10.8800,0.000216
FILLER_0_613,VGND,li1,288.1900,10.8800,0.000212
FILLER_0_610,VGND,li1,286.8100,10.8800,0.000212
FILLER_0_607,VGND,li1,285.4300,10.8800,0.000210
FILLER_0_604,VGND,li1,284.0500,10.8800,0.000210
FILLER_0_601,VGND,li1,282.6700,10.8800,0.000208
FILLER_0_598,VGND,li1,281.2900,10.8800,0.000208
FILLER_0_595,VGND,li1,279.9100,10.8800,0.000206
FILLER_0_592,VGND,li1,278.5300,10.8800,0.000206
FILLER_0_589,VGND,li1,277.1500,10.8800,0.000205
FILLER_0_586,VGND,li1,275.5400,10.8800,0.000204
FILLER_0_583,VGND,li1,274.3900,10.8800,0.000204
FILLER_0_580,VGND,li1,273.0100,10.8800,0.000202
FILLER_0_577,VGND,li1,271.6300,10.8800,0.000202
FILLER_0_569,VGND,li1,267.7200,10.8800,0.000199
FILLER_0_557,VGND,li1,262.4300,10.8800,0.000193
FILLER_0_529,VGND,li1,249.5500,10.8800,0.000169
FILLER_0_526,VGND,li1,248.1700,10.8800,0.000169
FILLER_0_523,VGND,li1,246.7900,10.8800,0.000163
FILLER_0_520,VGND,li1,245.4100,10.8800,0.000163
FILLER_0_517,VGND,li1,244.0300,10.8800,0.000158
FILLER_0_514,VGND,li1,242.6500,10.8800,0.000158
FILLER_0_511,VGND,li1,241.2700,10.8800,0.000152
FILLER_0_508,VGND,li1,239.8900,10.8800,0.000152
FILLER_0_505,VGND,li1,238.5100,10.8800,0.000147
FILLER_0_501,VGND,li1,236.6700,10.8800,0.000143
FILLER_0_498,VGND,li1,235.2900,10.8800,0.000143
FILLER_0_495,VGND,li1,233.9100,10.8800,0.000137
FILLER_0_492,VGND,li1,232.5300,10.8800,0.000137
FILLER_0_489,VGND,li1,231.1500,10.8800,0.000132
FILLER_0_486,VGND,li1,229.7700,10.8800,0.000132
FILLER_0_483,VGND,li1,228.3900,10.8800,0.000126
FILLER_0_480,VGND,li1,227.0100,10.8800,0.000126
FILLER_0_477,VGND,li1,225.6300,10.8800,0.000120
FILLER_0_475,VGND,li1,224.2500,10.8800,0.000120
FILLER_0_472,VGND,li1,223.3300,10.8800,0.000116
FILLER_0_469,VGND,li1,221.9500,10.8800,0.000116
FILLER_0_466,VGND,li1,220.5700,10.8800,0.000110
FILLER_0_463,VGND,li1,219.1900,10.8800,0.000110
FILLER_0_455,VGND,li1,215.2800,10.8800,0.000100
FILLER_0_452,VGND,li1,214.1300,10.8800,0.000100
FILLER_0_449,VGND,li1,212.7500,10.8800,0.000095
FILLER_0_445,VGND,li1,210.9100,10.8800,0.000091
FILLER_0_442,VGND,li1,209.5300,10.8800,0.000091
FILLER_0_439,VGND,li1,208.1500,10.8800,0.000085
FILLER_0_436,VGND,li1,206.7700,10.8800,0.000085
FILLER_0_433,VGND,li1,205.3900,10.8800,0.000080
FILLER_0_430,VGND,li1,204.0100,10.8800,0.000080
FILLER_0_427,VGND,li1,202.6300,10.8800,0.000074
FILLER_0_424,VGND,li1,201.2500,10.8800,0.000074
FILLER_0_421,VGND,li1,199.8700,10.8800,0.000069
FILLER_0_417,VGND,li1,198.0300,10.8800,0.000065
FILLER_0_414,VGND,li1,196.6500,10.8800,0.000065
FILLER_0_411,VGND,li1,195.2700,10.8800,0.000059
FILLER_0_408,VGND,li1,193.8900,10.8800,0.000059
FILLER_0_405,VGND,li1,192.5100,10.8800,0.000054
FILLER_0_402,VGND,li1,191.1300,10.8800,0.000054
FILLER_0_399,VGND,li1,189.7500,10.8800,0.000048
FILLER_0_396,VGND,li1,188.3700,10.8800,0.000048
FILLER_0_393,VGND,li1,186.9900,10.8800,0.000042
FILLER_0_391,VGND,li1,185.6100,10.8800,0.000042
FILLER_0_388,VGND,li1,184.6900,10.8800,0.000038
FILLER_0_385,VGND,li1,183.3100,10.8800,0.000038
FILLER_0_374,VGND,li1,178.2500,10.8800,0.000028
FILLER_0_361,VGND,li1,172.2700,10.8800,0.000032
FILLER_0_358,VGND,li1,170.8900,10.8800,0.000034
FILLER_0_355,VGND,li1,169.5100,10.8800,0.000034
FILLER_0_346,VGND,li1,164.9100,10.8800,0.000037
FILLER_0_343,VGND,li1,163.9900,10.8800,0.000039
FILLER_0_340,VGND,li1,162.6100,10.8800,0.000039
FILLER_0_337,VGND,li1,161.2300,10.8800,0.000040
FILLER_0_318,VGND,li1,152.2600,10.8800,0.000047
FILLER_0_315,VGND,li1,151.1100,10.8800,0.000047
FILLER_0_312,VGND,li1,149.7300,10.8800,0.000048
FILLER_0_309,VGND,li1,148.3500,10.8800,0.000048
FILLER_0_305,VGND,li1,146.5100,10.8800,0.000049
FILLER_0_302,VGND,li1,145.1300,10.8800,0.000051
FILLER_0_299,VGND,li1,143.7500,10.8800,0.000051
FILLER_0_290,VGND,li1,139.1500,10.8800,0.000054
FILLER_0_270,VGND,li1,130.1800,10.8800,0.000057
FILLER_0_267,VGND,li1,129.0300,10.8800,0.000057
FILLER_0_264,VGND,li1,127.6500,10.8800,0.000057
FILLER_0_261,VGND,li1,126.2700,10.8800,0.000057
FILLER_0_251,VGND,li1,121.2100,10.8800,0.000057
FILLER_0_248,VGND,li1,120.2900,10.8800,0.000058
FILLER_0_245,VGND,li1,118.9100,10.8800,0.000058
FILLER_0_225,VGND,li1,109.7100,10.8800,0.000057
FILLER_0_221,VGND,li1,107.8700,10.8800,0.000057
FILLER_0_218,VGND,li1,106.4900,10.8800,0.000057
FILLER_0_215,VGND,li1,105.1100,10.8800,0.000057
FILLER_0_212,VGND,li1,103.7300,10.8800,0.000057
FILLER_0_209,VGND,li1,102.3500,10.8800,0.000057
FILLER_0_206,VGND,li1,100.9700,10.8800,0.000056
FILLER_0_203,VGND,li1,99.5900,10.8800,0.000056
FILLER_0_194,VGND,li1,95.2200,10.8800,0.000055
FILLER_0_191,VGND,li1,94.0700,10.8800,0.000055
FILLER_0_180,VGND,li1,89.0100,10.8800,0.000052
FILLER_0_177,VGND,li1,87.6300,10.8800,0.000052
FILLER_0_165,VGND,li1,82.1100,10.8800,0.000049
FILLER_0_162,VGND,li1,80.7300,10.8800,0.000049
FILLER_0_159,VGND,li1,79.3500,10.8800,0.000048
FILLER_0_156,VGND,li1,77.9700,10.8800,0.000048
FILLER_0_153,VGND,li1,76.5900,10.8800,0.000046
FILLER_0_150,VGND,li1,75.2100,10.8800,0.000046
FILLER_0_147,VGND,li1,73.8300,10.8800,0.000045
FILLER_0_144,VGND,li1,72.4500,10.8800,0.000045
FILLER_0_141,VGND,li1,71.0700,10.8800,0.000043
FILLER_0_138,VGND,li1,69.4600,10.8800,0.000043
FILLER_0_119,VGND,li1,60.7200,10.8800,0.000037
FILLER_0_116,VGND,li1,59.5700,10.8800,0.000037
FILLER_0_113,VGND,li1,58.1900,10.8800,0.000036
FILLER_0_109,VGND,li1,56.3500,10.8800,0.000034
FILLER_0_106,VGND,li1,54.9700,10.8800,0.000034
FILLER_0_103,VGND,li1,53.5900,10.8800,0.000032
FILLER_0_100,VGND,li1,52.2100,10.8800,0.000032
FILLER_0_97,VGND,li1,50.8300,10.8800,0.000030
FILLER_0_94,VGND,li1,49.4500,10.8800,0.000030
FILLER_0_91,VGND,li1,48.0700,10.8800,0.000028
FILLER_0_88,VGND,li1,46.6900,10.8800,0.000028
FILLER_0_85,VGND,li1,45.3100,10.8800,0.000027
FILLER_0_75,VGND,li1,40.4800,10.8800,0.000024
FILLER_0_72,VGND,li1,39.3300,10.8800,0.000021
FILLER_0_69,VGND,li1,37.9500,10.8800,0.000021
FILLER_0_60,VGND,li1,33.3500,10.8800,0.000016
FILLER_0_57,VGND,li1,32.4300,10.8800,0.000016
FILLER_0_55,VGND,li1,31.0500,10.8800,0.000014
FILLER_0_52,VGND,li1,30.1300,10.8800,0.000014
FILLER_0_49,VGND,li1,28.7500,10.8800,0.000012
FILLER_0_46,VGND,li1,27.3700,10.8800,0.000012
FILLER_0_43,VGND,li1,25.9900,10.8800,0.000010
FILLER_0_32,VGND,li1,20.7000,10.8800,0.000010
FILLER_0_29,VGND,li1,19.5500,10.8800,0.000010
FILLER_0_27,VGND,li1,18.1700,10.8800,0.000010
FILLER_0_24,VGND,li1,17.2500,10.8800,0.000010
FILLER_0_21,VGND,li1,15.8700,10.8800,0.000010
FILLER_0_18,VGND,li1,14.4900,10.8800,0.000010
FILLER_0_15,VGND,li1,13.1100,10.8800,0.000010
FILLER_0_12,VGND,li1,11.7300,10.8800,0.000010
FILLER_0_9,VGND,li1,10.3500,10.8800,0.000010
FILLER_0_6,VGND,li1,8.9700,10.8800,0.000010
FILLER_0_3,VGND,li1,7.5900,10.8800,0.000010
hold370,VGND,li1,240.5800,70.7200,0.000755
hold369,VGND,li1,236.9000,59.8400,0.000520
hold368,VGND,li1,262.2000,54.4000,0.000731
hold367,VGND,li1,241.9600,27.2000,0.000715
hold366,VGND,li1,123.2800,59.8400,0.000231
hold365,VGND,li1,252.5400,32.6400,0.000595
hold364,VGND,li1,255.3000,43.5200,0.000610
hold363,VGND,li1,20.7000,65.2800,0.000062
hold362,VGND,li1,274.1600,48.9600,0.000925
hold361,VGND,li1,291.1800,48.9600,0.000962
hold360,VGND,li1,284.7400,65.2800,0.000580
hold359,VGND,li1,279.6800,81.6000,0.000959
hold358,VGND,li1,252.5400,48.9600,0.000843
hold357,VGND,li1,256.6800,70.7200,0.000839
hold356,VGND,li1,272.7800,27.2000,0.000913
hold355,VGND,li1,278.3000,21.7600,0.001114
hold354,VGND,li1,261.2800,38.0800,0.000750
hold353,VGND,li1,268.6400,38.0800,0.000773
hold352,VGND,li1,291.1800,32.6400,0.000712
hold351,VGND,li1,278.3000,48.9600,0.000938
hold350,VGND,li1,271.8600,59.8400,0.000695
hold349,VGND,li1,123.7400,81.6000,0.000304
hold348,VGND,li1,16.5600,16.3200,0.000076
hold347,VGND,li1,28.5200,16.3200,0.000100
hold346,VGND,li1,259.9000,76.1600,0.000951
hold345,VGND,li1,132.4800,27.2000,0.000221
hold344,VGND,li1,132.4800,21.7600,0.000338
hold343,VGND,li1,30.3600,16.3200,0.000111
hold342,VGND,li1,8.7400,43.5200,0.000076
hold341,VGND,li1,15.6400,48.9600,0.000067
hold340,VGND,li1,145.3600,43.5200,0.000300
hold339,VGND,li1,9.6600,43.5200,0.000076
hold338,VGND,li1,17.4800,32.6400,0.000071
hold337,VGND,li1,178.0200,21.7600,0.000193
hold336,VGND,li1,166.5200,59.8400,0.000157
hold335,VGND,li1,97.9800,32.6400,0.000230
hold334,VGND,li1,108.1000,59.8400,0.000234
hold333,VGND,li1,138.9200,54.4000,0.000350
hold332,VGND,li1,139.3800,54.4000,0.000350
hold331,VGND,li1,144.4400,27.2000,0.000206
hold330,VGND,li1,252.5400,27.2000,0.000797
hold329,VGND,li1,81.8800,38.0800,0.000265
hold328,VGND,li1,149.0400,32.6400,0.000212
hold327,VGND,li1,149.5000,32.6400,0.000212
hold326,VGND,li1,47.8400,16.3200,0.000203
hold325,VGND,li1,55.2000,21.7600,0.000230
hold324,VGND,li1,179.4000,87.0400,0.000021
hold323,VGND,li1,46.4600,21.7600,0.000194
hold322,VGND,li1,42.3200,27.2000,0.000106
hold321,VGND,li1,171.5800,16.3200,0.000222
hold320,VGND,li1,180.7800,10.8800,0.000033
hold319,VGND,li1,11.9600,65.2800,0.000066
hold318,VGND,li1,19.3200,70.7200,0.000059
hold317,VGND,li1,154.1000,59.8400,0.000188
hold316,VGND,li1,201.0200,87.0400,0.000040
hold315,VGND,li1,37.7200,48.9600,0.000135
hold314,VGND,li1,153.1800,32.6400,0.000202
hold313,VGND,li1,162.3800,43.5200,0.000241
hold312,VGND,li1,169.2800,81.6000,0.000201
hold311,VGND,li1,34.9600,43.5200,0.000140
hold310,VGND,li1,43.2400,38.0800,0.000141
hold309,VGND,li1,176.6400,54.4000,0.000175
hold308,VGND,li1,181.7000,59.8400,0.000152
hold307,VGND,li1,33.5800,81.6000,0.000094
hold306,VGND,li1,25.7600,81.6000,0.000053
hold305,VGND,li1,28.5200,87.0400,0.000011
hold304,VGND,li1,201.4800,65.2800,0.000272
hold303,VGND,li1,133.8600,32.6400,0.000242
hold302,VGND,li1,138.0000,38.0800,0.000284
hold301,VGND,li1,73.1400,59.8400,0.000197
hold300,VGND,li1,144.4400,48.9600,0.000275
hold299,VGND,li1,149.5000,48.9600,0.000259
hold298,VGND,li1,150.4200,59.8400,0.000199
hold297,VGND,li1,164.6800,59.8400,0.000162
hold296,VGND,li1,89.2400,48.9600,0.000335
hold295,VGND,li1,19.3200,48.9600,0.000066
hold294,VGND,li1,24.3800,48.9600,0.000064
hold293,VGND,li1,28.0600,38.0800,0.000076
hold292,VGND,li1,31.2800,43.5200,0.000114
hold291,VGND,li1,188.1400,81.6000,0.000265
hold290,VGND,li1,38.1800,27.2000,0.000092
hold289,VGND,li1,33.5800,27.2000,0.000076
hold288,VGND,li1,100.2800,65.2800,0.000229
hold287,VGND,li1,123.7400,32.6400,0.000243
hold286,VGND,li1,59.3400,70.7200,0.000199
hold285,VGND,li1,80.9600,59.8400,0.000211
hold284,VGND,li1,210.2200,81.6000,0.000525
hold283,VGND,li1,205.6200,81.6000,0.000476
hold282,VGND,li1,306.3600,16.3200,0.001111
hold281,VGND,li1,307.2800,16.3200,0.001112
hold280,VGND,li1,252.5400,10.8800,0.000178
hold279,VGND,li1,256.2200,10.8800,0.000184
hold278,VGND,li1,309.5800,48.9600,0.000978
hold277,VGND,li1,310.9600,43.5200,0.000738
hold276,VGND,li1,54.2800,27.2000,0.000143
hold275,VGND,li1,308.2000,65.2800,0.000606
hold274,VGND,li1,310.9600,65.2800,0.000607
hold273,VGND,li1,42.3200,81.6000,0.000135
hold272,VGND,li1,18.4000,27.2000,0.000050
hold271,VGND,li1,24.3800,48.9600,0.000064
hold270,VGND,li1,189.0600,65.2800,0.000200
hold269,VGND,li1,193.2000,70.7200,0.000314
hold268,VGND,li1,305.9000,65.2800,0.000605
hold267,VGND,li1,310.9600,76.1600,0.001073
hold266,VGND,li1,153.6400,27.2000,0.000192
hold265,VGND,li1,115.9200,48.9600,0.000345
hold264,VGND,li1,310.9600,38.0800,0.000837
hold263,VGND,li1,310.9600,27.2000,0.000999
hold262,VGND,li1,112.2400,27.2000,0.000229
hold261,VGND,li1,123.7400,38.0800,0.000300
hold260,VGND,li1,123.7400,27.2000,0.000228
hold259,VGND,li1,124.2000,70.7200,0.000254
hold258,VGND,li1,145.3600,21.7600,0.000312
hold257,VGND,li1,122.8200,32.6400,0.000243
hold256,VGND,li1,274.1600,81.6000,0.000941
hold255,VGND,li1,244.7200,27.2000,0.000744
hold254,VGND,li1,258.9800,27.2000,0.000828
hold253,VGND,li1,67.6200,27.2000,0.000177
hold252,VGND,li1,68.0800,59.8400,0.000190
hold251,VGND,li1,126.9600,27.2000,0.000226
hold250,VGND,li1,306.8200,21.7600,0.001179
hold249,VGND,li1,310.9600,16.3200,0.001113
hold248,VGND,li1,85.1000,27.2000,0.000207
hold247,VGND,li1,297.1600,43.5200,0.000728
hold246,VGND,li1,300.3800,43.5200,0.000731
hold245,VGND,li1,166.9800,10.8800,0.000036
hold244,VGND,li1,163.3000,16.3200,0.000254
hold243,VGND,li1,69.4600,16.3200,0.000270
hold242,VGND,li1,258.9800,81.6000,0.000881
hold241,VGND,li1,265.4200,65.2800,0.000548
hold240,VGND,li1,287.0400,48.9600,0.000956
hold239,VGND,li1,296.2400,10.8800,0.000217
hold238,VGND,li1,82.3400,27.2000,0.000202
hold237,VGND,li1,262.2000,76.1600,0.000962
hold236,VGND,li1,268.1800,32.6400,0.000652
hold235,VGND,li1,47.3800,87.0400,0.000026
hold234,VGND,li1,53.8200,81.6000,0.000180
hold233,VGND,li1,305.9000,81.6000,0.001002
hold232,VGND,li1,310.9600,81.6000,0.001006
hold231,VGND,li1,137.0800,38.0800,0.000284
hold230,VGND,li1,291.1800,32.6400,0.000712
hold229,VGND,li1,104.4200,27.2000,0.000226
hold228,VGND,li1,71.3000,70.7200,0.000233
hold227,VGND,li1,67.1600,10.8800,0.000042
hold226,VGND,li1,59.3400,54.4000,0.000292
hold225,VGND,li1,22.0800,81.6000,0.000054
hold224,VGND,li1,16.5600,76.1600,0.000084
hold223,VGND,li1,258.5200,54.4000,0.000715
hold222,VGND,li1,286.5800,81.6000,0.000976
hold221,VGND,li1,47.3800,59.8400,0.000143
hold220,VGND,li1,74.5200,81.6000,0.000247
hold219,VGND,li1,54.7400,54.4000,0.000268
hold218,VGND,li1,130.1800,76.1600,0.000395
hold217,VGND,li1,255.3000,27.2000,0.000813
hold216,VGND,li1,69.9200,27.2000,0.000182
hold215,VGND,li1,91.0800,81.6000,0.000286
hold214,VGND,li1,291.1800,76.1600,0.001058
hold213,VGND,li1,299.0000,16.3200,0.001106
hold212,VGND,li1,300.8400,16.3200,0.001108
hold211,VGND,li1,293.0200,21.7600,0.001153
hold210,VGND,li1,291.6400,43.5200,0.000722
hold209,VGND,li1,265.4200,27.2000,0.000873
hold208,VGND,li1,292.5600,87.0400,0.000090
hold207,VGND,li1,152.2600,76.1600,0.000322
hold206,VGND,li1,298.5400,48.9600,0.000972
hold205,VGND,li1,175.2600,76.1600,0.000205
hold204,VGND,li1,171.1200,76.1600,0.000229
hold203,VGND,li1,122.8200,16.3200,0.000338
hold202,VGND,li1,83.7200,65.2800,0.000215
hold201,VGND,li1,42.3200,65.2800,0.000128
hold200,VGND,li1,12.4200,27.2000,0.000052
hold199,VGND,li1,14.7200,27.2000,0.000052
hold198,VGND,li1,22.0800,59.8400,0.000066
hold197,VGND,li1,72.2200,87.0400,0.000043
hold196,VGND,li1,19.7800,54.4000,0.000092
hold195,VGND,li1,132.4800,10.8800,0.000056
hold194,VGND,li1,47.8400,38.0800,0.000158
hold193,VGND,li1,59.3400,38.0800,0.000199
hold192,VGND,li1,144.9000,81.6000,0.000272
hold191,VGND,li1,140.3000,87.0400,0.000045
hold190,VGND,li1,299.4600,27.2000,0.000993
hold189,VGND,li1,304.0600,27.2000,0.000997
hold188,VGND,li1,295.3200,76.1600,0.001063
hold187,VGND,li1,287.0400,43.5200,0.000714
hold186,VGND,li1,158.2400,16.3200,0.000271
hold185,VGND,li1,162.3800,27.2000,0.000175
hold184,VGND,li1,86.4800,16.3200,0.000306
hold183,VGND,li1,241.9600,76.1600,0.000852
hold182,VGND,li1,239.6600,81.6000,0.000771
hold181,VGND,li1,132.4800,48.9600,0.000312
hold180,VGND,li1,298.0800,81.6000,0.000995
hold179,VGND,li1,299.0000,76.1600,0.001067
hold178,VGND,li1,291.1800,10.8800,0.000215
hold177,VGND,li1,287.0400,21.7600,0.001140
hold176,VGND,li1,305.9000,48.9600,0.000977
hold175,VGND,li1,302.2200,48.9600,0.000973
hold174,VGND,li1,294.8600,32.6400,0.000716
hold173,VGND,li1,292.5600,43.5200,0.000722
hold172,VGND,li1,182.1600,65.2800,0.000148
hold171,VGND,li1,182.6200,70.7200,0.000190
hold170,VGND,li1,299.0000,76.1600,0.001067
hold169,VGND,li1,298.5400,65.2800,0.000599
hold168,VGND,li1,135.7000,54.4000,0.000365
hold167,VGND,li1,63.9400,81.6000,0.000216
hold166,VGND,li1,104.4200,16.3200,0.000330
hold165,VGND,li1,29.4400,70.7200,0.000076
hold164,VGND,li1,34.5000,70.7200,0.000100
hold163,VGND,li1,66.2400,38.0800,0.000223
hold162,VGND,li1,304.5200,65.2800,0.000603
hold161,VGND,li1,300.8400,65.2800,0.000601
hold160,VGND,li1,82.3400,43.5200,0.000346
hold159,VGND,li1,284.2800,59.8400,0.000734
hold158,VGND,li1,274.1600,59.8400,0.000704
hold157,VGND,li1,85.1000,76.1600,0.000375
hold156,VGND,li1,103.0400,87.0400,0.000056
hold155,VGND,li1,105.8000,38.0800,0.000300
hold154,VGND,li1,193.6600,81.6000,0.000344
hold153,VGND,li1,182.6200,81.6000,0.000213
hold152,VGND,li1,205.1600,54.4000,0.000364
hold151,VGND,li1,205.6200,59.8400,0.000337
hold150,VGND,li1,259.9000,10.8800,0.000190
hold149,VGND,li1,259.9000,27.2000,0.000842
hold148,VGND,li1,33.5800,54.4000,0.000145
hold147,VGND,li1,30.3600,59.8400,0.000084
hold146,VGND,li1,141.2200,10.8800,0.000053
hold145,VGND,li1,144.4400,16.3200,0.000310
hold144,VGND,li1,158.2400,76.1600,0.000296
hold143,VGND,li1,162.8400,70.7200,0.000187
hold142,VGND,li1,269.1000,21.7600,0.001078
hold141,VGND,li1,269.5600,16.3200,0.001036
hold140,VGND,li1,141.2200,65.2800,0.000214
hold139,VGND,li1,149.5000,70.7200,0.000215
clkload13,VGND,li1,144.6700,32.6400,0.000226
clkload12,VGND,li1,223.5600,21.7600,0.000785
clkload11,VGND,li1,281.9800,27.2000,0.000955
clkload10,VGND,li1,265.4200,43.5200,0.000659
clkload9,VGND,li1,280.1400,59.8400,0.000727
clkload8,VGND,li1,284.0500,81.6000,0.000971
clkload7,VGND,li1,162.8400,65.2800,0.000186
clkload6,VGND,li1,42.5500,10.8800,0.000025
clkload5,VGND,li1,97.5200,10.8800,0.000056
clkload4,VGND,li1,120.0600,81.6000,0.000305
clkload3,VGND,li1,55.2000,76.1600,0.000284
clkload2,VGND,li1,27.1400,59.8400,0.000073
clkload1,VGND,li1,87.1700,48.9600,0.000331
clkload0,VGND,li1,22.5400,32.6400,0.000067
clkbuf_1_1__f_clk,VGND,li1,212.0600,48.9600,0.000558
clkbuf_1_0__f_clk,VGND,li1,103.9600,48.9600,0.000363
clkbuf_0_clk,VGND,li1,158.2400,43.5200,0.000265
clkbuf_leaf_15_clk,VGND,li1,43.4700,16.3200,0.000185
clkbuf_leaf_14_clk,VGND,li1,101.4300,21.7600,0.000375
clkbuf_leaf_13_clk,VGND,li1,139.6100,32.6400,0.000239
clkbuf_leaf_12_clk,VGND,li1,220.5700,16.3200,0.000762
clkbuf_leaf_11_clk,VGND,li1,285.8900,27.2000,0.000970
clkbuf_leaf_10_clk,VGND,li1,260.5900,48.9600,0.000888
clkbuf_leaf_9_clk,VGND,li1,281.2900,59.8400,0.000727
clkbuf_leaf_8_clk,VGND,li1,285.4300,76.1600,0.001051
clkbuf_leaf_7_clk,VGND,li1,215.0500,81.6000,0.000576
clkbuf_leaf_6_clk,VGND,li1,164.4500,65.2800,0.000186
clkbuf_leaf_5_clk,VGND,li1,125.8100,76.1600,0.000402
clkbuf_leaf_4_clk,VGND,li1,54.5100,76.1600,0.000275
clkbuf_leaf_3_clk,VGND,li1,34.2700,65.2800,0.000105
clkbuf_leaf_2_clk,VGND,li1,88.0900,54.4000,0.000415
clkbuf_leaf_1_clk,VGND,li1,87.1700,43.5200,0.000358
clkbuf_leaf_0_clk,VGND,li1,25.9900,32.6400,0.000064
tt_um_flowguard_stress,VGND,li1,308.4300,87.0400,0.000095
fanout123,VGND,li1,310.9600,10.8800,0.000219
fanout122,VGND,li1,310.9600,16.3200,0.001113
load_slew121,VGND,li1,310.9600,59.8400,0.000758
fanout120,VGND,li1,310.9600,59.8400,0.000758
load_slew119,VGND,li1,311.4200,65.2800,0.000607
fanout118,VGND,li1,310.5000,38.0800,0.000837
fanout117,VGND,li1,307.2800,10.8800,0.000219
load_slew116,VGND,li1,300.8400,27.2000,0.000993
fanout115,VGND,li1,295.3200,32.6400,0.000719
fanout114,VGND,li1,267.2600,54.4000,0.000752
load_slew113,VGND,li1,277.8400,76.1600,0.001025
fanout112,VGND,li1,272.7800,70.7200,0.000894
load_slew111,VGND,li1,265.8800,27.2000,0.000873
fanout110,VGND,li1,272.7800,21.7600,0.001096
fanout109,VGND,li1,217.1200,65.2800,0.000376
fanout108,VGND,li1,182.1600,21.7600,0.000232
load_slew107,VGND,li1,193.6600,65.2800,0.000220
fanout106,VGND,li1,201.0200,59.8400,0.000305
fanout105,VGND,li1,162.3800,27.2000,0.000175
load_slew104,VGND,li1,152.7200,48.9600,0.000251
fanout103,VGND,li1,149.5000,48.9600,0.000259
fanout102,VGND,li1,158.2400,10.8800,0.000042
load_slew101,VGND,li1,161.4600,16.3200,0.000264
fanout100,VGND,li1,154.5600,10.8800,0.000044
fanout99,VGND,li1,125.1200,21.7600,0.000352
load_slew98,VGND,li1,119.1400,76.1600,0.000405
fanout97,VGND,li1,125.1200,65.2800,0.000225
fanout96,VGND,li1,128.3400,21.7600,0.000347
load_slew95,VGND,li1,123.2800,27.2000,0.000228
fanout94,VGND,li1,119.6000,27.2000,0.000229
fanout93,VGND,li1,84.1800,21.7600,0.000336
fanout92,VGND,li1,86.4800,16.3200,0.000306
fanout91,VGND,li1,85.1000,59.8400,0.000216
load_slew90,VGND,li1,84.1800,59.8400,0.000214
fanout89,VGND,li1,80.9600,59.8400,0.000211
load_slew88,VGND,li1,81.4200,27.2000,0.000202
fanout87,VGND,li1,85.1000,10.8800,0.000051
fanout86,VGND,li1,51.0600,54.4000,0.000248
load_slew85,VGND,li1,50.6000,59.8400,0.000151
fanout84,VGND,li1,51.0600,59.8400,0.000151
fanout83,VGND,li1,50.1400,21.7600,0.000204
load_slew82,VGND,li1,29.4400,27.2000,0.000061
fanout81,VGND,li1,26.2200,27.2000,0.000046
fanout80,VGND,li1,226.7800,76.1600,0.000742
fanout79,VGND,li1,221.2600,81.6000,0.000623
fanout78,VGND,li1,221.2600,70.7200,0.000616
fanout77,VGND,li1,106.7200,87.0400,0.000057
fanout76,VGND,li1,103.5000,81.6000,0.000305
fanout75,VGND,li1,46.4600,43.5200,0.000211
fanout74,VGND,li1,58.4200,70.7200,0.000199
fanout73,VGND,li1,217.5800,76.1600,0.000658
fanout72,VGND,li1,221.2600,76.1600,0.000693
fanout71,VGND,li1,217.5800,70.7200,0.000583
fanout70,VGND,li1,105.3400,81.6000,0.000307
fanout69,VGND,li1,102.1200,65.2800,0.000230
fanout68,VGND,li1,54.2800,43.5200,0.000248
fanout67,VGND,li1,61.1800,76.1600,0.000310
fanout66,VGND,li1,157.3200,65.2800,0.000197
fanout65,VGND,li1,219.8800,65.2800,0.000396
fanout64,VGND,li1,216.2000,65.2800,0.000376
fanout63,VGND,li1,105.3400,76.1600,0.000406
fanout62,VGND,li1,106.7200,76.1600,0.000406
fanout61,VGND,li1,45.5400,48.9600,0.000183
fanout60,VGND,li1,66.7000,70.7200,0.000224
fanout59,VGND,li1,228.6200,76.1600,0.000757
fanout58,VGND,li1,224.9400,76.1600,0.000718
load_slew57,VGND,li1,197.3400,87.0400,0.000037
fanout56,VGND,li1,205.1600,87.0400,0.000043
fanout55,VGND,li1,165.6000,81.6000,0.000216
load_slew54,VGND,li1,159.1600,81.6000,0.000238
fanout53,VGND,li1,159.6200,81.6000,0.000238
fanout52,VGND,li1,151.8000,43.5200,0.000282
load_slew51,VGND,li1,150.4200,27.2000,0.000199
fanout50,VGND,li1,157.3200,27.2000,0.000186
fanout49,VGND,li1,84.1800,81.6000,0.000271
load_slew48,VGND,li1,36.3400,81.6000,0.000108
fanout47,VGND,li1,33.5800,81.6000,0.000094
fanout46,VGND,li1,43.2400,32.6400,0.000125
load_slew45,VGND,li1,29.4400,48.9600,0.000094
fanout44,VGND,li1,27.6000,43.5200,0.000084
max_cap43,VGND,li1,179.4000,54.4000,0.000159
fanout42,VGND,li1,189.5200,65.2800,0.000200
max_cap41,VGND,li1,60.7200,48.9600,0.000248
max_cap40,VGND,li1,136.1600,59.8400,0.000224
max_cap39,VGND,li1,184.4600,59.8400,0.000172
fanout38,VGND,li1,187.2200,59.8400,0.000189
fanout37,VGND,li1,231.8400,65.2800,0.000447
fanout36,VGND,li1,128.8000,48.9600,0.000319
fanout35,VGND,li1,166.5200,54.4000,0.000233
max_cap34,VGND,li1,118.6800,87.0400,0.000053
max_cap33,VGND,li1,176.6400,38.0800,0.000177
max_cap32,VGND,li1,212.0600,43.5200,0.000385
wire31,VGND,li1,174.8000,38.0800,0.000194
max_cap30,VGND,li1,203.5500,48.9600,0.000452
wire29,VGND,li1,124.6600,43.5200,0.000348
wire28,VGND,li1,196.8800,43.5200,0.000292
wire27,VGND,li1,199.8700,43.5200,0.000309
max_cap26,VGND,li1,176.6400,43.5200,0.000165
wire25,VGND,li1,112.7000,27.2000,0.000229
fanout24,VGND,li1,226.7800,70.7200,0.000660
output23,VGND,li1,265.4200,10.8800,0.000197
output22,VGND,li1,310.9600,21.7600,0.001184
output21,VGND,li1,310.9600,21.7600,0.001184
output20,VGND,li1,307.2800,43.5200,0.000737
output19,VGND,li1,310.9600,32.6400,0.000733
output18,VGND,li1,310.9600,70.7200,0.000961
output17,VGND,li1,310.9600,87.0400,0.000095
output16,VGND,li1,310.9600,81.6000,0.001006
input15,VGND,li1,220.8000,87.0400,0.000053
input14,VGND,li1,111.3200,81.6000,0.000307
input13,VGND,li1,113.6200,87.0400,0.000055
input12,VGND,li1,226.7800,87.0400,0.000057
input11,VGND,li1,230.4600,87.0400,0.000059
input10,VGND,li1,112.2400,10.8800,0.000058
input9,VGND,li1,91.5400,10.8800,0.000054
input8,VGND,li1,80.9600,87.0400,0.000047
input7,VGND,li1,77.2800,87.0400,0.000045
input6,VGND,li1,35.4200,10.8800,0.000019
input5,VGND,li1,123.7400,10.8800,0.000057
input4,VGND,li1,136.6200,87.0400,0.000046
input3,VGND,li1,107.6400,81.6000,0.000307
input2,VGND,li1,299.9200,10.8800,0.000218
input1,VGND,li1,226.7800,81.6000,0.000671
tt_um_flowguard_stress_138,VGND,li1,303.8300,16.3200,0.001109
tt_um_flowguard_stress_137,VGND,li1,7.5900,81.6000,0.000054
tt_um_flowguard_stress_136,VGND,li1,303.3700,16.3200,0.001109
tt_um_flowguard_stress_135,VGND,li1,304.7500,10.8800,0.000218
tt_um_flowguard_stress_134,VGND,li1,307.0500,81.6000,0.001002
tt_um_flowguard_stress_133,VGND,li1,308.4300,81.6000,0.001004
tt_um_flowguard_stress_132,VGND,li1,304.7500,16.3200,0.001111
tt_um_flowguard_stress_131,VGND,li1,305.6700,87.0400,0.000094
tt_um_flowguard_stress_130,VGND,li1,7.5900,21.7600,0.000076
tt_um_flowguard_stress_129,VGND,li1,308.4300,27.2000,0.000998
tt_um_flowguard_stress_128,VGND,li1,303.8300,21.7600,0.001175
tt_um_flowguard_stress_127,VGND,li1,307.0500,87.0400,0.000094
tt_um_flowguard_stress_126,VGND,li1,308.4300,81.6000,0.001004
tt_um_flowguard_stress_125,VGND,li1,303.3700,10.8800,0.000218
tt_um_flowguard_stress_124,VGND,li1,8.9700,81.6000,0.000054
TAP_TAPCELL_ROW_27_400,VGND,li1,301.9900,86.7480,0.000092
TAP_TAPCELL_ROW_27_399,VGND,li1,289.1100,86.7480,0.000089
TAP_TAPCELL_ROW_27_398,VGND,li1,276.2300,86.7480,0.000083
TAP_TAPCELL_ROW_27_397,VGND,li1,263.3500,86.7480,0.000076
TAP_TAPCELL_ROW_27_396,VGND,li1,250.4700,86.7480,0.000069
TAP_TAPCELL_ROW_27_395,VGND,li1,237.5900,86.7480,0.000063
TAP_TAPCELL_ROW_27_394,VGND,li1,224.7100,86.7480,0.000055
TAP_TAPCELL_ROW_27_393,VGND,li1,211.8300,86.7480,0.000047
TAP_TAPCELL_ROW_27_392,VGND,li1,198.9500,86.7480,0.000037
TAP_TAPCELL_ROW_27_391,VGND,li1,186.0700,86.7480,0.000026
TAP_TAPCELL_ROW_27_390,VGND,li1,173.1900,86.7480,0.000022
TAP_TAPCELL_ROW_27_389,VGND,li1,160.3100,86.7480,0.000031
TAP_TAPCELL_ROW_27_388,VGND,li1,147.4300,86.7480,0.000040
TAP_TAPCELL_ROW_27_387,VGND,li1,134.5500,86.7480,0.000047
TAP_TAPCELL_ROW_27_386,VGND,li1,121.6700,86.7480,0.000052
TAP_TAPCELL_ROW_27_385,VGND,li1,108.7900,86.7480,0.000057
TAP_TAPCELL_ROW_27_384,VGND,li1,95.9100,86.7480,0.000053
TAP_TAPCELL_ROW_27_383,VGND,li1,83.0300,86.7480,0.000048
TAP_TAPCELL_ROW_27_382,VGND,li1,70.1500,86.7480,0.000041
TAP_TAPCELL_ROW_27_381,VGND,li1,57.2700,86.7480,0.000033
TAP_TAPCELL_ROW_27_380,VGND,li1,44.3900,86.7480,0.000024
TAP_TAPCELL_ROW_27_379,VGND,li1,31.5100,86.7480,0.000013
TAP_TAPCELL_ROW_27_378,VGND,li1,18.6300,86.7480,0.000008
TAP_TAPCELL_ROW_26_377,VGND,li1,301.9900,81.8910,0.000997
TAP_TAPCELL_ROW_26_376,VGND,li1,276.2300,81.8910,0.000947
TAP_TAPCELL_ROW_26_375,VGND,li1,250.4700,81.8910,0.000837
TAP_TAPCELL_ROW_26_374,VGND,li1,224.7100,81.8910,0.000650
TAP_TAPCELL_ROW_26_373,VGND,li1,198.9500,81.8910,0.000398
TAP_TAPCELL_ROW_26_372,VGND,li1,173.1900,81.8910,0.000193
TAP_TAPCELL_ROW_26_371,VGND,li1,147.4300,81.8910,0.000267
TAP_TAPCELL_ROW_26_370,VGND,li1,121.6700,81.8910,0.000305
TAP_TAPCELL_ROW_26_369,VGND,li1,95.9100,81.8910,0.000295
TAP_TAPCELL_ROW_26_368,VGND,li1,70.1500,81.8910,0.000235
TAP_TAPCELL_ROW_26_367,VGND,li1,44.3900,81.8910,0.000144
TAP_TAPCELL_ROW_26_366,VGND,li1,18.6300,81.8910,0.000054
TAP_TAPCELL_ROW_25_365,VGND,li1,289.1100,81.3080,0.000980
TAP_TAPCELL_ROW_25_364,VGND,li1,263.3500,81.3080,0.000901
TAP_TAPCELL_ROW_25_363,VGND,li1,237.5900,81.3080,0.000757
TAP_TAPCELL_ROW_25_362,VGND,li1,211.8300,81.3080,0.000525
TAP_TAPCELL_ROW_25_361,VGND,li1,186.0700,81.3080,0.000243
TAP_TAPCELL_ROW_25_360,VGND,li1,160.3100,81.3080,0.000232
TAP_TAPCELL_ROW_25_359,VGND,li1,134.5500,81.3080,0.000291
TAP_TAPCELL_ROW_25_358,VGND,li1,108.7900,81.3080,0.000307
TAP_TAPCELL_ROW_25_357,VGND,li1,83.0300,81.3080,0.000266
TAP_TAPCELL_ROW_25_356,VGND,li1,57.2700,81.3080,0.000189
TAP_TAPCELL_ROW_25_355,VGND,li1,31.5100,81.3080,0.000084
TAP_TAPCELL_ROW_24_354,VGND,li1,301.9900,76.4510,0.001069
TAP_TAPCELL_ROW_24_353,VGND,li1,276.2300,76.4510,0.001013
TAP_TAPCELL_ROW_24_352,VGND,li1,250.4700,76.4510,0.000903
TAP_TAPCELL_ROW_24_351,VGND,li1,224.7100,76.4510,0.000718
TAP_TAPCELL_ROW_24_350,VGND,li1,198.9500,76.4510,0.000441
TAP_TAPCELL_ROW_24_349,VGND,li1,173.1900,76.4510,0.000217
TAP_TAPCELL_ROW_24_348,VGND,li1,147.4300,76.4510,0.000340
TAP_TAPCELL_ROW_24_347,VGND,li1,121.6700,76.4510,0.000404
TAP_TAPCELL_ROW_24_346,VGND,li1,95.9100,76.4510,0.000394
TAP_TAPCELL_ROW_24_345,VGND,li1,70.1500,76.4510,0.000336
TAP_TAPCELL_ROW_24_344,VGND,li1,44.3900,76.4510,0.000217
TAP_TAPCELL_ROW_24_343,VGND,li1,18.6300,76.4510,0.000084
TAP_TAPCELL_ROW_23_342,VGND,li1,289.1100,75.8680,0.001055
TAP_TAPCELL_ROW_23_341,VGND,li1,263.3500,75.8680,0.000962
TAP_TAPCELL_ROW_23_340,VGND,li1,237.5900,75.8680,0.000820
TAP_TAPCELL_ROW_23_339,VGND,li1,211.8300,75.8680,0.000584
TAP_TAPCELL_ROW_23_338,VGND,li1,186.0700,75.8680,0.000278
TAP_TAPCELL_ROW_23_337,VGND,li1,160.3100,75.8680,0.000286
TAP_TAPCELL_ROW_23_336,VGND,li1,134.5500,75.8680,0.000381
TAP_TAPCELL_ROW_23_335,VGND,li1,108.7900,75.8680,0.000406
TAP_TAPCELL_ROW_23_334,VGND,li1,83.0300,75.8680,0.000371
TAP_TAPCELL_ROW_23_333,VGND,li1,57.2700,75.8680,0.000293
TAP_TAPCELL_ROW_23_332,VGND,li1,31.5100,75.8680,0.000127
TAP_TAPCELL_ROW_22_331,VGND,li1,301.9900,71.0110,0.000953
TAP_TAPCELL_ROW_22_330,VGND,li1,276.2300,71.0110,0.000899
TAP_TAPCELL_ROW_22_329,VGND,li1,250.4700,71.0110,0.000811
TAP_TAPCELL_ROW_22_328,VGND,li1,224.7100,71.0110,0.000633
TAP_TAPCELL_ROW_22_327,VGND,li1,198.9500,71.0110,0.000379
TAP_TAPCELL_ROW_22_326,VGND,li1,173.1900,71.0110,0.000162
TAP_TAPCELL_ROW_22_325,VGND,li1,147.4300,71.0110,0.000219
TAP_TAPCELL_ROW_22_324,VGND,li1,121.6700,71.0110,0.000256
TAP_TAPCELL_ROW_22_323,VGND,li1,95.9100,71.0110,0.000262
TAP_TAPCELL_ROW_22_322,VGND,li1,70.1500,71.0110,0.000229
TAP_TAPCELL_ROW_22_321,VGND,li1,44.3900,71.0110,0.000144
TAP_TAPCELL_ROW_22_320,VGND,li1,18.6300,71.0110,0.000059
TAP_TAPCELL_ROW_21_319,VGND,li1,289.1100,70.4280,0.000932
TAP_TAPCELL_ROW_21_318,VGND,li1,263.3500,70.4280,0.000863
TAP_TAPCELL_ROW_21_317,VGND,li1,237.5900,70.4280,0.000736
TAP_TAPCELL_ROW_21_316,VGND,li1,211.8300,70.4280,0.000523
TAP_TAPCELL_ROW_21_315,VGND,li1,186.0700,70.4280,0.000214
TAP_TAPCELL_ROW_21_314,VGND,li1,160.3100,70.4280,0.000193
TAP_TAPCELL_ROW_21_313,VGND,li1,134.5500,70.4280,0.000240
TAP_TAPCELL_ROW_21_312,VGND,li1,108.7900,70.4280,0.000261
TAP_TAPCELL_ROW_21_311,VGND,li1,83.0300,70.4280,0.000252
TAP_TAPCELL_ROW_21_310,VGND,li1,57.2700,70.4280,0.000189
TAP_TAPCELL_ROW_21_309,VGND,li1,31.5100,70.4280,0.000086
TAP_TAPCELL_ROW_20_308,VGND,li1,301.9900,65.5710,0.000601
TAP_TAPCELL_ROW_20_307,VGND,li1,276.2300,65.5710,0.000566
TAP_TAPCELL_ROW_20_306,VGND,li1,250.4700,65.5710,0.000511
TAP_TAPCELL_ROW_20_305,VGND,li1,224.7100,65.5710,0.000419
TAP_TAPCELL_ROW_20_304,VGND,li1,198.9500,65.5710,0.000256
TAP_TAPCELL_ROW_20_303,VGND,li1,173.1900,65.5710,0.000146
TAP_TAPCELL_ROW_20_302,VGND,li1,147.4300,65.5710,0.000209
TAP_TAPCELL_ROW_20_301,VGND,li1,121.6700,65.5710,0.000227
TAP_TAPCELL_ROW_20_300,VGND,li1,95.9100,65.5710,0.000225
TAP_TAPCELL_ROW_20_299,VGND,li1,70.1500,65.5710,0.000201
TAP_TAPCELL_ROW_20_298,VGND,li1,44.3900,65.5710,0.000136
TAP_TAPCELL_ROW_20_297,VGND,li1,18.6300,65.5710,0.000064
TAP_TAPCELL_ROW_19_296,VGND,li1,289.1100,64.9880,0.000588
TAP_TAPCELL_ROW_19_295,VGND,li1,263.3500,64.9880,0.000542
TAP_TAPCELL_ROW_19_294,VGND,li1,237.5900,64.9880,0.000472
TAP_TAPCELL_ROW_19_293,VGND,li1,211.8300,64.9880,0.000339
TAP_TAPCELL_ROW_19_292,VGND,li1,186.0700,64.9880,0.000166
TAP_TAPCELL_ROW_19_291,VGND,li1,160.3100,64.9880,0.000192
TAP_TAPCELL_ROW_19_290,VGND,li1,134.5500,64.9880,0.000219
TAP_TAPCELL_ROW_19_289,VGND,li1,108.7900,64.9880,0.000230
TAP_TAPCELL_ROW_19_288,VGND,li1,83.0300,64.9880,0.000215
TAP_TAPCELL_ROW_19_287,VGND,li1,57.2700,64.9880,0.000174
TAP_TAPCELL_ROW_19_286,VGND,li1,31.5100,64.9880,0.000091
TAP_TAPCELL_ROW_18_285,VGND,li1,301.9900,60.1310,0.000755
TAP_TAPCELL_ROW_18_284,VGND,li1,276.2300,60.1310,0.000713
TAP_TAPCELL_ROW_18_283,VGND,li1,250.4700,60.1310,0.000588
TAP_TAPCELL_ROW_18_282,VGND,li1,224.7100,60.1310,0.000446
TAP_TAPCELL_ROW_18_281,VGND,li1,198.9500,60.1310,0.000291
TAP_TAPCELL_ROW_18_280,VGND,li1,173.1900,60.1310,0.000141
TAP_TAPCELL_ROW_18_279,VGND,li1,147.4300,60.1310,0.000203
TAP_TAPCELL_ROW_18_278,VGND,li1,121.6700,60.1310,0.000232
TAP_TAPCELL_ROW_18_277,VGND,li1,95.9100,60.1310,0.000228
TAP_TAPCELL_ROW_18_276,VGND,li1,70.1500,60.1310,0.000193
TAP_TAPCELL_ROW_18_275,VGND,li1,44.3900,60.1310,0.000133
TAP_TAPCELL_ROW_18_274,VGND,li1,18.6300,60.1310,0.000070
TAP_TAPCELL_ROW_17_273,VGND,li1,289.1100,59.5480,0.000741
TAP_TAPCELL_ROW_17_272,VGND,li1,263.3500,59.5480,0.000651
TAP_TAPCELL_ROW_17_271,VGND,li1,237.5900,59.5480,0.000520
TAP_TAPCELL_ROW_17_270,VGND,li1,211.8300,59.5480,0.000372
TAP_TAPCELL_ROW_17_269,VGND,li1,186.0700,59.5480,0.000189
TAP_TAPCELL_ROW_17_268,VGND,li1,160.3100,59.5480,0.000175
TAP_TAPCELL_ROW_17_267,VGND,li1,134.5500,59.5480,0.000226
TAP_TAPCELL_ROW_17_266,VGND,li1,108.7900,59.5480,0.000234
TAP_TAPCELL_ROW_17_265,VGND,li1,83.0300,59.5480,0.000214
TAP_TAPCELL_ROW_17_264,VGND,li1,57.2700,59.5480,0.000166
TAP_TAPCELL_ROW_17_263,VGND,li1,31.5100,59.5480,0.000093
TAP_TAPCELL_ROW_16_262,VGND,li1,301.9900,54.6910,0.000837
TAP_TAPCELL_ROW_16_261,VGND,li1,276.2300,54.6910,0.000785
TAP_TAPCELL_ROW_16_260,VGND,li1,250.4700,54.6910,0.000677
TAP_TAPCELL_ROW_16_259,VGND,li1,224.7100,54.6910,0.000516
TAP_TAPCELL_ROW_16_258,VGND,li1,198.9500,54.6910,0.000318
TAP_TAPCELL_ROW_16_257,VGND,li1,173.1900,54.6910,0.000195
TAP_TAPCELL_ROW_16_256,VGND,li1,147.4300,54.6910,0.000319
TAP_TAPCELL_ROW_16_255,VGND,li1,121.6700,54.6910,0.000399
TAP_TAPCELL_ROW_16_254,VGND,li1,95.9100,54.6910,0.000420
TAP_TAPCELL_ROW_16_253,VGND,li1,70.1500,54.6910,0.000343
TAP_TAPCELL_ROW_16_252,VGND,li1,44.3900,54.6910,0.000211
TAP_TAPCELL_ROW_16_251,VGND,li1,18.6300,54.6910,0.000092
TAP_TAPCELL_ROW_15_250,VGND,li1,289.1100,54.1080,0.000819
TAP_TAPCELL_ROW_15_249,VGND,li1,263.3500,54.1080,0.000731
TAP_TAPCELL_ROW_15_248,VGND,li1,237.5900,54.1080,0.000605
TAP_TAPCELL_ROW_15_247,VGND,li1,211.8300,54.1080,0.000424
TAP_TAPCELL_ROW_15_246,VGND,li1,186.0700,54.1080,0.000216
TAP_TAPCELL_ROW_15_245,VGND,li1,160.3100,54.1080,0.000267
TAP_TAPCELL_ROW_15_244,VGND,li1,134.5500,54.1080,0.000365
TAP_TAPCELL_ROW_15_243,VGND,li1,108.7900,54.1080,0.000415
TAP_TAPCELL_ROW_15_242,VGND,li1,83.0300,54.1080,0.000401
TAP_TAPCELL_ROW_15_241,VGND,li1,57.2700,54.1080,0.000281
TAP_TAPCELL_ROW_15_240,VGND,li1,31.5100,54.1080,0.000131
TAP_TAPCELL_ROW_14_239,VGND,li1,301.9900,49.2510,0.000973
TAP_TAPCELL_ROW_14_238,VGND,li1,276.2300,49.2510,0.000932
TAP_TAPCELL_ROW_14_237,VGND,li1,250.4700,49.2510,0.000827
TAP_TAPCELL_ROW_14_236,VGND,li1,224.7100,49.2510,0.000658
TAP_TAPCELL_ROW_14_235,VGND,li1,198.9500,49.2510,0.000396
TAP_TAPCELL_ROW_14_234,VGND,li1,173.1900,49.2510,0.000178
TAP_TAPCELL_ROW_14_233,VGND,li1,147.4300,49.2510,0.000267
TAP_TAPCELL_ROW_14_232,VGND,li1,121.6700,49.2510,0.000337
TAP_TAPCELL_ROW_14_231,VGND,li1,95.9100,49.2510,0.000348
TAP_TAPCELL_ROW_14_230,VGND,li1,70.1500,49.2510,0.000277
TAP_TAPCELL_ROW_14_229,VGND,li1,44.3900,49.2510,0.000174
TAP_TAPCELL_ROW_14_228,VGND,li1,18.6300,49.2510,0.000066
TAP_TAPCELL_ROW_13_227,VGND,li1,289.1100,48.6680,0.000959
TAP_TAPCELL_ROW_13_226,VGND,li1,263.3500,48.6680,0.000898
TAP_TAPCELL_ROW_13_225,VGND,li1,237.5900,48.6680,0.000743
TAP_TAPCELL_ROW_13_224,VGND,li1,211.8300,48.6680,0.000558
TAP_TAPCELL_ROW_13_223,VGND,li1,186.0700,48.6680,0.000253
TAP_TAPCELL_ROW_13_222,VGND,li1,160.3100,48.6680,0.000224
TAP_TAPCELL_ROW_13_221,VGND,li1,134.5500,48.6680,0.000304
TAP_TAPCELL_ROW_13_220,VGND,li1,108.7900,48.6680,0.000356
TAP_TAPCELL_ROW_13_219,VGND,li1,83.0300,48.6680,0.000320
TAP_TAPCELL_ROW_13_218,VGND,li1,57.2700,48.6680,0.000232
TAP_TAPCELL_ROW_13_217,VGND,li1,31.5100,48.6680,0.000106
TAP_TAPCELL_ROW_12_216,VGND,li1,301.9900,43.8110,0.000733
TAP_TAPCELL_ROW_12_215,VGND,li1,276.2300,43.8110,0.000688
TAP_TAPCELL_ROW_12_214,VGND,li1,250.4700,43.8110,0.000584
TAP_TAPCELL_ROW_12_213,VGND,li1,224.7100,43.8110,0.000454
TAP_TAPCELL_ROW_12_212,VGND,li1,198.9500,43.8110,0.000309
TAP_TAPCELL_ROW_12_211,VGND,li1,173.1900,43.8110,0.000193
TAP_TAPCELL_ROW_12_210,VGND,li1,147.4300,43.8110,0.000294
TAP_TAPCELL_ROW_12_209,VGND,li1,121.6700,43.8110,0.000351
TAP_TAPCELL_ROW_12_208,VGND,li1,95.9100,43.8110,0.000361
TAP_TAPCELL_ROW_12_207,VGND,li1,70.1500,43.8110,0.000314
TAP_TAPCELL_ROW_12_206,VGND,li1,44.3900,43.8110,0.000196
TAP_TAPCELL_ROW_12_205,VGND,li1,18.6300,43.8110,0.000073
TAP_TAPCELL_ROW_11_204,VGND,li1,289.1100,43.2280,0.000717
TAP_TAPCELL_ROW_11_203,VGND,li1,263.3500,43.2280,0.000648
TAP_TAPCELL_ROW_11_202,VGND,li1,237.5900,43.2280,0.000524
TAP_TAPCELL_ROW_11_201,VGND,li1,211.8300,43.2280,0.000385
TAP_TAPCELL_ROW_11_200,VGND,li1,186.0700,43.2280,0.000207
TAP_TAPCELL_ROW_11_199,VGND,li1,160.3100,43.2280,0.000253
TAP_TAPCELL_ROW_11_198,VGND,li1,134.5500,43.2280,0.000328
TAP_TAPCELL_ROW_11_197,VGND,li1,108.7900,43.2280,0.000359
TAP_TAPCELL_ROW_11_196,VGND,li1,83.0300,43.2280,0.000346
TAP_TAPCELL_ROW_11_195,VGND,li1,57.2700,43.2280,0.000260
TAP_TAPCELL_ROW_11_194,VGND,li1,31.5100,43.2280,0.000114
TAP_TAPCELL_ROW_10_193,VGND,li1,301.9900,38.3710,0.000834
TAP_TAPCELL_ROW_10_192,VGND,li1,276.2300,38.3710,0.000790
TAP_TAPCELL_ROW_10_191,VGND,li1,250.4700,38.3710,0.000700
TAP_TAPCELL_ROW_10_190,VGND,li1,224.7100,38.3710,0.000559
TAP_TAPCELL_ROW_10_189,VGND,li1,198.9500,38.3710,0.000360
TAP_TAPCELL_ROW_10_188,VGND,li1,173.1900,38.3710,0.000194
TAP_TAPCELL_ROW_10_187,VGND,li1,147.4300,38.3710,0.000265
TAP_TAPCELL_ROW_10_186,VGND,li1,121.6700,38.3710,0.000301
TAP_TAPCELL_ROW_10_185,VGND,li1,95.9100,38.3710,0.000291
TAP_TAPCELL_ROW_10_184,VGND,li1,70.1500,38.3710,0.000230
TAP_TAPCELL_ROW_10_183,VGND,li1,44.3900,38.3710,0.000141
TAP_TAPCELL_ROW_10_182,VGND,li1,18.6300,38.3710,0.000067
TAP_TAPCELL_ROW_9_181,VGND,li1,289.1100,37.7880,0.000818
TAP_TAPCELL_ROW_9_180,VGND,li1,263.3500,37.7880,0.000757
TAP_TAPCELL_ROW_9_179,VGND,li1,237.5900,37.7880,0.000637
TAP_TAPCELL_ROW_9_178,VGND,li1,211.8300,37.7880,0.000460
TAP_TAPCELL_ROW_9_177,VGND,li1,186.0700,37.7880,0.000240
TAP_TAPCELL_ROW_9_176,VGND,li1,160.3100,37.7880,0.000238
TAP_TAPCELL_ROW_9_175,VGND,li1,134.5500,37.7880,0.000288
TAP_TAPCELL_ROW_9_174,VGND,li1,108.7900,37.7880,0.000301
TAP_TAPCELL_ROW_9_173,VGND,li1,83.0300,37.7880,0.000265
TAP_TAPCELL_ROW_9_172,VGND,li1,57.2700,37.7880,0.000191
TAP_TAPCELL_ROW_9_171,VGND,li1,31.5100,37.7880,0.000088
TAP_TAPCELL_ROW_8_170,VGND,li1,301.9900,32.9310,0.000727
TAP_TAPCELL_ROW_8_169,VGND,li1,276.2300,32.9310,0.000675
TAP_TAPCELL_ROW_8_168,VGND,li1,250.4700,32.9310,0.000587
TAP_TAPCELL_ROW_8_167,VGND,li1,224.7100,32.9310,0.000451
TAP_TAPCELL_ROW_8_166,VGND,li1,198.9500,32.9310,0.000271
TAP_TAPCELL_ROW_8_165,VGND,li1,173.1900,32.9310,0.000134
TAP_TAPCELL_ROW_8_164,VGND,li1,147.4300,32.9310,0.000219
TAP_TAPCELL_ROW_8_163,VGND,li1,121.6700,32.9310,0.000243
TAP_TAPCELL_ROW_8_162,VGND,li1,95.9100,32.9310,0.000228
TAP_TAPCELL_ROW_8_161,VGND,li1,70.1500,32.9310,0.000192
TAP_TAPCELL_ROW_8_160,VGND,li1,44.3900,32.9310,0.000125
TAP_TAPCELL_ROW_8_159,VGND,li1,18.6300,32.9310,0.000071
TAP_TAPCELL_ROW_7_158,VGND,li1,289.1100,32.3480,0.000707
TAP_TAPCELL_ROW_7_157,VGND,li1,263.3500,32.3480,0.000633
TAP_TAPCELL_ROW_7_156,VGND,li1,237.5900,32.3480,0.000527
TAP_TAPCELL_ROW_7_155,VGND,li1,211.8300,32.3480,0.000359
TAP_TAPCELL_ROW_7_154,VGND,li1,186.0700,32.3480,0.000179
TAP_TAPCELL_ROW_7_153,VGND,li1,160.3100,32.3480,0.000179
TAP_TAPCELL_ROW_7_152,VGND,li1,134.5500,32.3480,0.000241
TAP_TAPCELL_ROW_7_151,VGND,li1,108.7900,32.3480,0.000237
TAP_TAPCELL_ROW_7_150,VGND,li1,83.0300,32.3480,0.000214
TAP_TAPCELL_ROW_7_149,VGND,li1,57.2700,32.3480,0.000163
TAP_TAPCELL_ROW_7_148,VGND,li1,31.5100,32.3480,0.000083
TAP_TAPCELL_ROW_6_147,VGND,li1,301.9900,27.4910,0.000995
TAP_TAPCELL_ROW_6_146,VGND,li1,276.2300,27.4910,0.000925
TAP_TAPCELL_ROW_6_145,VGND,li1,250.4700,27.4910,0.000784
TAP_TAPCELL_ROW_6_144,VGND,li1,224.7100,27.4910,0.000590
TAP_TAPCELL_ROW_6_143,VGND,li1,198.9500,27.4910,0.000351
TAP_TAPCELL_ROW_6_142,VGND,li1,173.1900,27.4910,0.000150
TAP_TAPCELL_ROW_6_141,VGND,li1,147.4300,27.4910,0.000203
TAP_TAPCELL_ROW_6_140,VGND,li1,121.6700,27.4910,0.000228
TAP_TAPCELL_ROW_6_139,VGND,li1,95.9100,27.4910,0.000218
TAP_TAPCELL_ROW_6_138,VGND,li1,70.1500,27.4910,0.000182
TAP_TAPCELL_ROW_6_137,VGND,li1,44.3900,27.4910,0.000113
TAP_TAPCELL_ROW_6_136,VGND,li1,18.6300,27.4910,0.000050
TAP_TAPCELL_ROW_5_135,VGND,li1,289.1100,26.9080,0.000976
TAP_TAPCELL_ROW_5_134,VGND,li1,263.3500,26.9080,0.000856
TAP_TAPCELL_ROW_5_133,VGND,li1,237.5900,26.9080,0.000683
TAP_TAPCELL_ROW_5_132,VGND,li1,211.8300,26.9080,0.000471
TAP_TAPCELL_ROW_5_131,VGND,li1,186.0700,26.9080,0.000206
TAP_TAPCELL_ROW_5_130,VGND,li1,160.3100,26.9080,0.000181
TAP_TAPCELL_ROW_5_129,VGND,li1,134.5500,26.9080,0.000220
TAP_TAPCELL_ROW_5_128,VGND,li1,108.7900,26.9080,0.000228
TAP_TAPCELL_ROW_5_127,VGND,li1,83.0300,26.9080,0.000202
TAP_TAPCELL_ROW_5_126,VGND,li1,57.2700,26.9080,0.000150
TAP_TAPCELL_ROW_5_125,VGND,li1,31.5100,26.9080,0.000068
TAP_TAPCELL_ROW_4_124,VGND,li1,301.9900,22.0510,0.001173
TAP_TAPCELL_ROW_4_123,VGND,li1,276.2300,22.0510,0.001104
TAP_TAPCELL_ROW_4_122,VGND,li1,250.4700,22.0510,0.000989
TAP_TAPCELL_ROW_4_121,VGND,li1,224.7100,22.0510,0.000801
TAP_TAPCELL_ROW_4_120,VGND,li1,198.9500,22.0510,0.000489
TAP_TAPCELL_ROW_4_119,VGND,li1,173.1900,22.0510,0.000216
TAP_TAPCELL_ROW_4_118,VGND,li1,147.4300,22.0510,0.000305
TAP_TAPCELL_ROW_4_117,VGND,li1,121.6700,22.0510,0.000360
TAP_TAPCELL_ROW_4_116,VGND,li1,95.9100,22.0510,0.000367
TAP_TAPCELL_ROW_4_115,VGND,li1,70.1500,22.0510,0.000295
TAP_TAPCELL_ROW_4_114,VGND,li1,44.3900,22.0510,0.000184
TAP_TAPCELL_ROW_4_113,VGND,li1,18.6300,22.0510,0.000075
TAP_TAPCELL_ROW_3_112,VGND,li1,289.1100,21.4680,0.001146
TAP_TAPCELL_ROW_3_111,VGND,li1,263.3500,21.4680,0.001053
TAP_TAPCELL_ROW_3_110,VGND,li1,237.5900,21.4680,0.000905
TAP_TAPCELL_ROW_3_109,VGND,li1,211.8300,21.4680,0.000642
TAP_TAPCELL_ROW_3_108,VGND,li1,186.0700,21.4680,0.000309
TAP_TAPCELL_ROW_3_107,VGND,li1,160.3100,21.4680,0.000264
TAP_TAPCELL_ROW_3_106,VGND,li1,134.5500,21.4680,0.000334
TAP_TAPCELL_ROW_3_105,VGND,li1,108.7900,21.4680,0.000371
TAP_TAPCELL_ROW_3_104,VGND,li1,83.0300,21.4680,0.000336
TAP_TAPCELL_ROW_3_103,VGND,li1,57.2700,21.4680,0.000245
TAP_TAPCELL_ROW_3_102,VGND,li1,31.5100,21.4680,0.000110
TAP_TAPCELL_ROW_2_101,VGND,li1,301.9900,16.6110,0.001108
TAP_TAPCELL_ROW_2_100,VGND,li1,276.2300,16.6110,0.001057
TAP_TAPCELL_ROW_2_99,VGND,li1,250.4700,16.6110,0.000951
TAP_TAPCELL_ROW_2_98,VGND,li1,224.7100,16.6110,0.000794
TAP_TAPCELL_ROW_2_97,VGND,li1,198.9500,16.6110,0.000483
TAP_TAPCELL_ROW_2_96,VGND,li1,173.1900,16.6110,0.000222
TAP_TAPCELL_ROW_2_95,VGND,li1,147.4300,16.6110,0.000305
TAP_TAPCELL_ROW_2_94,VGND,li1,121.6700,16.6110,0.000338
TAP_TAPCELL_ROW_2_93,VGND,li1,95.9100,16.6110,0.000320
TAP_TAPCELL_ROW_2_92,VGND,li1,70.1500,16.6110,0.000270
TAP_TAPCELL_ROW_2_91,VGND,li1,44.3900,16.6110,0.000185
TAP_TAPCELL_ROW_2_90,VGND,li1,18.6300,16.6110,0.000075
TAP_TAPCELL_ROW_1_89,VGND,li1,289.1100,16.0280,0.001090
TAP_TAPCELL_ROW_1_88,VGND,li1,263.3500,16.0280,0.001011
TAP_TAPCELL_ROW_1_87,VGND,li1,237.5900,16.0280,0.000883
TAP_TAPCELL_ROW_1_86,VGND,li1,211.8300,16.0280,0.000650
TAP_TAPCELL_ROW_1_85,VGND,li1,186.0700,16.0280,0.000312
TAP_TAPCELL_ROW_1_84,VGND,li1,160.3100,16.0280,0.000264
TAP_TAPCELL_ROW_1_83,VGND,li1,134.5500,16.0280,0.000328
TAP_TAPCELL_ROW_1_82,VGND,li1,108.7900,16.0280,0.000333
TAP_TAPCELL_ROW_1_81,VGND,li1,83.0300,16.0280,0.000298
TAP_TAPCELL_ROW_1_80,VGND,li1,57.2700,16.0280,0.000234
TAP_TAPCELL_ROW_1_79,VGND,li1,31.5100,16.0280,0.000111
TAP_TAPCELL_ROW_0_78,VGND,li1,301.9900,11.1710,0.000218
TAP_TAPCELL_ROW_0_77,VGND,li1,289.1100,11.1710,0.000214
TAP_TAPCELL_ROW_0_76,VGND,li1,276.2300,11.1710,0.000205
TAP_TAPCELL_ROW_0_75,VGND,li1,263.3500,11.1710,0.000193
TAP_TAPCELL_ROW_0_74,VGND,li1,250.4700,11.1710,0.000173
TAP_TAPCELL_ROW_0_73,VGND,li1,237.5900,11.1710,0.000147
TAP_TAPCELL_ROW_0_72,VGND,li1,224.7100,11.1710,0.000120
TAP_TAPCELL_ROW_0_71,VGND,li1,211.8300,11.1710,0.000095
TAP_TAPCELL_ROW_0_70,VGND,li1,198.9500,11.1710,0.000069
TAP_TAPCELL_ROW_0_69,VGND,li1,186.0700,11.1710,0.000042
TAP_TAPCELL_ROW_0_68,VGND,li1,173.1900,11.1710,0.000032
TAP_TAPCELL_ROW_0_67,VGND,li1,160.3100,11.1710,0.000040
TAP_TAPCELL_ROW_0_66,VGND,li1,147.4300,11.1710,0.000049
TAP_TAPCELL_ROW_0_65,VGND,li1,134.5500,11.1710,0.000056
TAP_TAPCELL_ROW_0_64,VGND,li1,121.6700,11.1710,0.000057
TAP_TAPCELL_ROW_0_63,VGND,li1,108.7900,11.1710,0.000057
TAP_TAPCELL_ROW_0_62,VGND,li1,95.9100,11.1710,0.000056
TAP_TAPCELL_ROW_0_61,VGND,li1,83.0300,11.1710,0.000050
TAP_TAPCELL_ROW_0_60,VGND,li1,70.1500,11.1710,0.000043
TAP_TAPCELL_ROW_0_59,VGND,li1,57.2700,11.1710,0.000036
TAP_TAPCELL_ROW_0_58,VGND,li1,44.3900,11.1710,0.000027
TAP_TAPCELL_ROW_0_57,VGND,li1,31.5100,11.1710,0.000014
TAP_TAPCELL_ROW_0_56,VGND,li1,18.6300,11.1710,0.000010
PHY_EDGE_ROW_27_Left_55,VGND,li1,6.2100,87.0400,0.000008
PHY_EDGE_ROW_26_Left_54,VGND,li1,6.2100,81.6000,0.000054
PHY_EDGE_ROW_25_Left_53,VGND,li1,6.2100,81.6000,0.000054
PHY_EDGE_ROW_24_Left_52,VGND,li1,6.2100,76.1600,0.000084
PHY_EDGE_ROW_23_Left_51,VGND,li1,6.2100,76.1600,0.000084
PHY_EDGE_ROW_22_Left_50,VGND,li1,6.2100,70.7200,0.000061
PHY_EDGE_ROW_21_Left_49,VGND,li1,6.2100,70.7200,0.000061
PHY_EDGE_ROW_20_Left_48,VGND,li1,6.2100,65.2800,0.000066
PHY_EDGE_ROW_19_Left_47,VGND,li1,6.2100,65.2800,0.000066
PHY_EDGE_ROW_18_Left_46,VGND,li1,6.2100,59.8400,0.000074
PHY_EDGE_ROW_17_Left_45,VGND,li1,6.2100,59.8400,0.000074
PHY_EDGE_ROW_16_Left_44,VGND,li1,6.2100,54.4000,0.000095
PHY_EDGE_ROW_15_Left_43,VGND,li1,6.2100,54.4000,0.000095
PHY_EDGE_ROW_14_Left_42,VGND,li1,6.2100,48.9600,0.000067
PHY_EDGE_ROW_13_Left_41,VGND,li1,6.2100,48.9600,0.000067
PHY_EDGE_ROW_12_Left_40,VGND,li1,6.2100,43.5200,0.000076
PHY_EDGE_ROW_11_Left_39,VGND,li1,6.2100,43.5200,0.000076
PHY_EDGE_ROW_10_Left_38,VGND,li1,6.2100,38.0800,0.000071
PHY_EDGE_ROW_9_Left_37,VGND,li1,6.2100,38.0800,0.000071
PHY_EDGE_ROW_8_Left_36,VGND,li1,6.2100,32.6400,0.000074
PHY_EDGE_ROW_7_Left_35,VGND,li1,6.2100,32.6400,0.000074
PHY_EDGE_ROW_6_Left_34,VGND,li1,6.2100,27.2000,0.000052
PHY_EDGE_ROW_5_Left_33,VGND,li1,6.2100,27.2000,0.000052
PHY_EDGE_ROW_4_Left_32,VGND,li1,6.2100,21.7600,0.000076
PHY_EDGE_ROW_3_Left_31,VGND,li1,6.2100,21.7600,0.000076
PHY_EDGE_ROW_2_Left_30,VGND,li1,6.2100,16.3200,0.000079
PHY_EDGE_ROW_1_Left_29,VGND,li1,6.2100,16.3200,0.000079
PHY_EDGE_ROW_0_Left_28,VGND,li1,6.2100,10.8800,0.000010
PHY_EDGE_ROW_27_Right_27,VGND,li1,313.4900,87.0400,0.000095
PHY_EDGE_ROW_26_Right_26,VGND,li1,313.4900,81.6000,0.001006
PHY_EDGE_ROW_25_Right_25,VGND,li1,313.4900,81.6000,0.001006
PHY_EDGE_ROW_24_Right_24,VGND,li1,313.4900,76.1600,0.001073
PHY_EDGE_ROW_23_Right_23,VGND,li1,313.4900,76.1600,0.001073
PHY_EDGE_ROW_22_Right_22,VGND,li1,313.4900,70.7200,0.000961
PHY_EDGE_ROW_21_Right_21,VGND,li1,313.4900,70.7200,0.000961
PHY_EDGE_ROW_20_Right_20,VGND,li1,313.4900,65.2800,0.000607
PHY_EDGE_ROW_19_Right_19,VGND,li1,313.4900,65.2800,0.000607
PHY_EDGE_ROW_18_Right_18,VGND,li1,313.4900,59.8400,0.000758
PHY_EDGE_ROW_17_Right_17,VGND,li1,313.4900,59.8400,0.000758
PHY_EDGE_ROW_16_Right_16,VGND,li1,313.4900,54.4000,0.000842
PHY_EDGE_ROW_15_Right_15,VGND,li1,313.4900,54.4000,0.000842
PHY_EDGE_ROW_14_Right_14,VGND,li1,313.4900,48.9600,0.000978
PHY_EDGE_ROW_13_Right_13,VGND,li1,313.4900,48.9600,0.000978
PHY_EDGE_ROW_12_Right_12,VGND,li1,313.4900,43.5200,0.000738
PHY_EDGE_ROW_11_Right_11,VGND,li1,313.4900,43.5200,0.000738
PHY_EDGE_ROW_10_Right_10,VGND,li1,313.4900,38.0800,0.000837
PHY_EDGE_ROW_9_Right_9,VGND,li1,313.4900,38.0800,0.000837
PHY_EDGE_ROW_8_Right_8,VGND,li1,313.4900,32.6400,0.000733
PHY_EDGE_ROW_7_Right_7,VGND,li1,313.4900,32.6400,0.000733
PHY_EDGE_ROW_6_Right_6,VGND,li1,313.4900,27.2000,0.000999
PHY_EDGE_ROW_5_Right_5,VGND,li1,313.4900,27.2000,0.000999
PHY_EDGE_ROW_4_Right_4,VGND,li1,313.4900,21.7600,0.001184
PHY_EDGE_ROW_3_Right_3,VGND,li1,313.4900,21.7600,0.001184
PHY_EDGE_ROW_2_Right_2,VGND,li1,313.4900,16.3200,0.001113
PHY_EDGE_ROW_1_Right_1,VGND,li1,313.4900,16.3200,0.001113
PHY_EDGE_ROW_0_Right_0,VGND,li1,313.4900,10.8800,0.000219
_1251_,VGND,li1,34.2700,54.4000,0.000145
_1250_,VGND,li1,83.4900,76.1600,0.000371
_1249_,VGND,li1,13.5700,54.4000,0.000095
_1248_,VGND,li1,116.1500,16.3200,0.000339
_1247_,VGND,li1,141.9100,81.6000,0.000278
_1246_,VGND,li1,136.8500,76.1600,0.000375
_1245_,VGND,li1,237.5900,81.6000,0.000757
_1244_,VGND,li1,253.2300,76.1600,0.000919
_1243_,VGND,li1,232.5300,81.6000,0.000716
_1242_,VGND,li1,250.0100,70.7200,0.000801
_1241_,VGND,li1,255.5300,76.1600,0.000931
_1240_,VGND,li1,253.2300,81.6000,0.000852
_1239_,VGND,li1,235.2900,76.1600,0.000806
_1238_,VGND,li1,214.1300,59.8400,0.000384
_1237_,VGND,li1,217.8100,70.7200,0.000583
_1236_,VGND,li1,218.7300,76.1600,0.000658
_1235_,VGND,li1,252.3100,21.7600,0.001000
_1234_,VGND,li1,307.5100,27.2000,0.000998
_1233_,VGND,li1,307.5100,32.6400,0.000732
_1232_,VGND,li1,307.5100,43.5200,0.000737
_1231_,VGND,li1,307.5100,48.9600,0.000977
_1230_,VGND,li1,307.5100,54.4000,0.000842
_1229_,VGND,li1,307.5100,70.7200,0.000958
_1228_,VGND,li1,307.5100,76.1600,0.001072
_1227_,VGND,li1,245.4100,21.7600,0.000959
_1226_,VGND,li1,300.1500,21.7600,0.001170
_1225_,VGND,li1,301.9900,32.6400,0.000727
_1224_,VGND,li1,299.6900,38.0800,0.000834
_1223_,VGND,li1,303.8300,54.4000,0.000839
_1222_,VGND,li1,304.7500,59.8400,0.000757
_1221_,VGND,li1,299.2300,70.7200,0.000950
_1220_,VGND,li1,298.3100,81.6000,0.000995
_1219_,VGND,li1,255.5300,16.3200,0.000978
_1218_,VGND,li1,294.1700,16.3200,0.001101
_1217_,VGND,li1,294.6300,27.2000,0.000987
_1216_,VGND,li1,296.4700,38.0800,0.000831
_1215_,VGND,li1,294.1700,54.4000,0.000829
_1214_,VGND,li1,295.0900,59.8400,0.000747
_1213_,VGND,li1,291.4100,65.2800,0.000591
_1212_,VGND,li1,291.4100,81.6000,0.000986
_1211_,VGND,li1,262.4300,21.7600,0.001053
_1210_,VGND,li1,292.3300,16.3200,0.001097
_1209_,VGND,li1,288.1900,27.2000,0.000976
_1208_,VGND,li1,286.8100,38.0800,0.000814
_1207_,VGND,li1,284.0500,54.4000,0.000808
_1206_,VGND,li1,290.9500,54.4000,0.000823
_1205_,VGND,li1,290.9500,70.7200,0.000938
_1204_,VGND,li1,285.4300,76.1600,0.001051
_1203_,VGND,li1,265.1900,16.3200,0.001020
_1202_,VGND,li1,282.6700,16.3200,0.001072
_1201_,VGND,li1,282.6700,32.6400,0.000690
_1200_,VGND,li1,280.8300,43.5200,0.000700
_1199_,VGND,li1,257.3700,59.8400,0.000627
_1198_,VGND,li1,281.2900,54.4000,0.000801
_1197_,VGND,li1,281.2900,70.7200,0.000916
_1196_,VGND,li1,279.9100,81.6000,0.000959
_1195_,VGND,li1,248.6300,27.2000,0.000771
_1194_,VGND,li1,273.4700,21.7600,0.001096
_1193_,VGND,li1,271.1700,38.0800,0.000781
_1192_,VGND,li1,261.9700,38.0800,0.000750
_1191_,VGND,li1,267.4900,48.9600,0.000911
_1190_,VGND,li1,273.9300,54.4000,0.000778
_1189_,VGND,li1,269.3300,70.7200,0.000882
_1188_,VGND,li1,270.2500,81.6000,0.000926
_1187_,VGND,li1,238.5100,16.3200,0.000883
_1186_,VGND,li1,242.6500,21.7600,0.000941
_1185_,VGND,li1,251.8500,32.6400,0.000587
_1184_,VGND,li1,252.3100,38.0800,0.000711
_1183_,VGND,li1,250.4700,54.4000,0.000677
_1182_,VGND,li1,245.4100,54.4000,0.000646
_1181_,VGND,li1,238.9700,65.2800,0.000472
_1180_,VGND,li1,238.5100,70.7200,0.000736
_1179_,VGND,li1,153.4100,38.0800,0.000252
_1178_,VGND,li1,39.3300,38.0800,0.000126
_1177_,VGND,li1,41.6300,21.7600,0.000170
_1176_,VGND,li1,178.2500,59.8400,0.000130
_1175_,VGND,li1,31.5100,65.2800,0.000091
_1174_,VGND,li1,178.2500,16.3200,0.000195
_1173_,VGND,li1,198.0300,54.4000,0.000318
_1172_,VGND,li1,161.6900,48.9600,0.000224
_1171_,VGND,li1,149.7300,38.0800,0.000260
_1170_,VGND,li1,36.5700,38.0800,0.000114
_1169_,VGND,li1,39.3300,21.7600,0.000158
_1168_,VGND,li1,177.3300,65.2800,0.000132
_1167_,VGND,li1,29.6700,76.1600,0.000110
_1166_,VGND,li1,178.2500,16.3200,0.000195
_1165_,VGND,li1,198.9500,59.8400,0.000291
_1164_,VGND,li1,159.8500,54.4000,0.000267
_1163_,VGND,li1,147.8900,43.5200,0.000294
_1162_,VGND,li1,29.6700,38.0800,0.000076
_1161_,VGND,li1,39.3300,16.3200,0.000160
_1160_,VGND,li1,181.9300,76.1600,0.000238
_1159_,VGND,li1,26.4500,81.6000,0.000053
_1158_,VGND,li1,168.1300,16.3200,0.000239
_1157_,VGND,li1,193.8900,59.8400,0.000254
_1156_,VGND,li1,158.0100,59.8400,0.000179
_1155_,VGND,li1,140.5300,32.6400,0.000239
_1154_,VGND,li1,19.5500,43.5200,0.000073
_1153_,VGND,li1,25.0700,21.7600,0.000071
_1152_,VGND,li1,180.0900,81.6000,0.000165
_1151_,VGND,li1,18.6300,76.1600,0.000084
_1150_,VGND,li1,155.2500,21.7600,0.000284
_1149_,VGND,li1,193.4300,76.1600,0.000380
_1148_,VGND,li1,145.5900,54.4000,0.000326
_1147_,VGND,li1,135.9300,27.2000,0.000220
_1146_,VGND,li1,13.5700,38.0800,0.000071
_1145_,VGND,li1,15.4100,21.7600,0.000076
_1144_,VGND,li1,171.8100,81.6000,0.000193
_1143_,VGND,li1,13.5700,70.7200,0.000061
_1142_,VGND,li1,155.2500,16.3200,0.000282
_1141_,VGND,li1,200.7900,76.1600,0.000469
_1140_,VGND,li1,141.9100,59.8400,0.000215
_1139_,VGND,li1,135.0100,21.7600,0.000334
_1138_,VGND,li1,12.6500,38.0800,0.000071
_1137_,VGND,li1,23.6900,16.3200,0.000072
_1136_,VGND,li1,164.4500,76.1600,0.000266
_1135_,VGND,li1,14.4900,65.2800,0.000066
_1134_,VGND,li1,153.8700,21.7600,0.000284
_1133_,VGND,li1,204.9300,81.6000,0.000454
_1132_,VGND,li1,142.3700,59.8400,0.000215
_1131_,VGND,li1,136.3900,16.3200,0.000326
_1130_,VGND,li1,12.6500,32.6400,0.000074
_1129_,VGND,li1,23.6900,21.7600,0.000071
_1128_,VGND,li1,165.3700,76.1600,0.000266
_1127_,VGND,li1,13.5700,59.8400,0.000074
_1126_,VGND,li1,151.5700,16.3200,0.000292
_1125_,VGND,li1,195.2700,81.6000,0.000344
_1124_,VGND,li1,146.0500,70.7200,0.000224
_1123_,VGND,li1,139.6100,16.3200,0.000320
_1122_,VGND,li1,12.6500,16.3200,0.000079
_1121_,VGND,li1,26.4500,54.4000,0.000087
_1120_,VGND,li1,154.7900,76.1600,0.000312
_1119_,VGND,li1,15.4100,59.8400,0.000073
_1118_,VGND,li1,121.6700,21.7600,0.000360
_1117_,VGND,li1,152.9500,81.6000,0.000254
_1116_,VGND,li1,145.5900,76.1600,0.000347
_1115_,VGND,li1,116.6100,38.0800,0.000304
_1114_,VGND,li1,77.9700,38.0800,0.000256
_1113_,VGND,li1,63.2500,59.8400,0.000178
_1112_,VGND,li1,77.9700,54.4000,0.000377
_1111_,VGND,li1,62.3300,43.5200,0.000287
_1110_,VGND,li1,94.0700,38.0800,0.000289
_1109_,VGND,li1,119.3700,54.4000,0.000402
_1108_,VGND,li1,103.7300,59.8400,0.000233
_1107_,VGND,li1,114.3100,43.5200,0.000357
_1106_,VGND,li1,54.5100,32.6400,0.000156
_1105_,VGND,li1,44.3900,76.1600,0.000217
_1104_,VGND,li1,77.9700,70.7200,0.000246
_1103_,VGND,li1,48.0700,43.5200,0.000211
_1102_,VGND,li1,90.8500,38.0800,0.000284
_1101_,VGND,li1,114.7700,48.9600,0.000350
_1100_,VGND,li1,90.8500,54.4000,0.000417
_1099_,VGND,li1,116.1500,32.6400,0.000242
_1098_,VGND,li1,60.9500,27.2000,0.000162
_1097_,VGND,li1,43.4700,70.7200,0.000135
_1096_,VGND,li1,76.5900,54.4000,0.000377
_1095_,VGND,li1,44.3900,59.8400,0.000133
_1094_,VGND,li1,90.8500,21.7600,0.000357
_1093_,VGND,li1,114.7700,54.4000,0.000409
_1092_,VGND,li1,94.0700,59.8400,0.000227
_1091_,VGND,li1,115.2300,21.7600,0.000367
_1090_,VGND,li1,77.9700,21.7600,0.000322
_1089_,VGND,li1,62.3300,65.2800,0.000188
_1088_,VGND,li1,68.3100,54.4000,0.000331
_1087_,VGND,li1,61.8700,16.3200,0.000251
_1086_,VGND,li1,90.8500,43.5200,0.000360
_1085_,VGND,li1,122.1300,70.7200,0.000256
_1084_,VGND,li1,101.8900,70.7200,0.000264
_1083_,VGND,li1,129.4900,43.5200,0.000338
_1082_,VGND,li1,68.3100,21.7600,0.000287
_1081_,VGND,li1,40.2500,81.6000,0.000122
_1080_,VGND,li1,68.3100,81.6000,0.000229
_1079_,VGND,li1,45.7700,54.4000,0.000211
_1078_,VGND,li1,94.0700,21.7600,0.000364
_1077_,VGND,li1,129.4900,76.1600,0.000395
_1076_,VGND,li1,89.0100,81.6000,0.000282
_1075_,VGND,li1,116.1500,16.3200,0.000339
_1074_,VGND,li1,79.8100,16.3200,0.000294
_1073_,VGND,li1,61.8700,76.1600,0.000310
_1072_,VGND,li1,81.1900,70.7200,0.000250
_1071_,VGND,li1,62.7900,16.3200,0.000251
_1070_,VGND,li1,100.9700,16.3200,0.000326
_1069_,VGND,li1,116.6100,65.2800,0.000230
_1068_,VGND,li1,97.2900,70.7200,0.000262
_1067_,VGND,li1,115.6900,38.0800,0.000304
_1066_,VGND,li1,59.5700,21.7600,0.000253
_1065_,VGND,li1,49.9100,81.6000,0.000165
_1064_,VGND,li1,78.4300,48.9600,0.000307
_1063_,VGND,li1,54.9700,48.9600,0.000221
_1062_,VGND,li1,100.9700,21.7600,0.000375
_1061_,VGND,li1,125.3500,81.6000,0.000304
_1060_,VGND,li1,98.6700,81.6000,0.000300
_1059_,VGND,li1,130.4100,38.0800,0.000295
_1058_,VGND,li1,77.9700,32.6400,0.000209
_1057_,VGND,li1,62.3300,65.2800,0.000188
_1056_,VGND,li1,67.8500,76.1600,0.000330
_1055_,VGND,li1,64.1700,38.0800,0.000216
_1054_,VGND,li1,101.4300,38.0800,0.000297
_1053_,VGND,li1,129.4900,54.4000,0.000384
_1052_,VGND,li1,97.2900,54.4000,0.000420
_1051_,VGND,li1,129.4900,16.3200,0.000334
_1050_,VGND,li1,50.3700,16.3200,0.000213
_1049_,VGND,li1,36.5700,59.8400,0.000111
_1048_,VGND,li1,80.7300,81.6000,0.000261
_1047_,VGND,li1,16.3300,48.9600,0.000067
_1046_,VGND,li1,116.1500,10.8800,0.000058
_1045_,VGND,li1,139.6100,81.6000,0.000282
_1044_,VGND,li1,135.4700,81.6000,0.000288
_1043_,VGND,li1,213.2100,65.2800,0.000358
_1042_,VGND,li1,213.6700,65.2800,0.000358
_1041_,VGND,li1,213.9000,70.7200,0.000545
_1040_,VGND,li1,220.5700,65.2800,0.000396
_1039_,VGND,li1,213.9000,76.1600,0.000613
_1038_,VGND,li1,210.2200,76.1600,0.000558
_1037_,VGND,li1,224.7100,70.7200,0.000633
_1036_,VGND,li1,248.1700,16.3200,0.000941
_1035_,VGND,li1,306.5900,21.7600,0.001179
_1034_,VGND,li1,307.0500,38.0800,0.000836
_1033_,VGND,li1,306.5900,38.0800,0.000836
_1032_,VGND,li1,310.7300,54.4000,0.000842
_1031_,VGND,li1,307.0500,59.8400,0.000757
_1030_,VGND,li1,306.1300,70.7200,0.000958
_1029_,VGND,li1,306.1300,76.1600,0.001072
_1028_,VGND,li1,252.7700,21.7600,0.001000
_1027_,VGND,li1,296.9300,21.7600,0.001164
_1026_,VGND,li1,298.7700,32.6400,0.000724
_1025_,VGND,li1,296.4700,43.5200,0.000728
_1024_,VGND,li1,297.8500,48.9600,0.000969
_1023_,VGND,li1,299.2300,59.8400,0.000753
_1022_,VGND,li1,297.8500,70.7200,0.000950
_1021_,VGND,li1,295.0900,76.1600,0.001063
_1020_,VGND,li1,257.8300,16.3200,0.000989
_1019_,VGND,li1,291.8700,21.7600,0.001153
_1018_,VGND,li1,295.0900,27.2000,0.000987
_1017_,VGND,li1,291.4100,38.0800,0.000823
_1016_,VGND,li1,290.9500,48.9600,0.000962
_1015_,VGND,li1,297.8500,54.4000,0.000834
_1014_,VGND,li1,291.4100,70.7200,0.000938
_1013_,VGND,li1,291.4100,81.6000,0.000986
_1012_,VGND,li1,265.6500,21.7600,0.001067
_1011_,VGND,li1,286.8100,16.3200,0.001085
_1010_,VGND,li1,286.8100,21.7600,0.001140
_1009_,VGND,li1,285.4300,38.0800,0.000814
_1008_,VGND,li1,285.8900,59.8400,0.000734
_1007_,VGND,li1,285.8900,48.9600,0.000952
_1006_,VGND,li1,285.4300,70.7200,0.000926
_1005_,VGND,li1,284.0500,87.0400,0.000087
_1004_,VGND,li1,265.6500,16.3200,0.001020
_1003_,VGND,li1,260.1300,21.7600,0.001042
_1002_,VGND,li1,250.0100,16.3200,0.000951
_1001_,VGND,li1,269.1000,27.2000,0.000891
_1000_,VGND,li1,280.8300,21.7600,0.001122
_0999_,VGND,li1,273.0100,16.3200,0.001047
_0998_,VGND,li1,268.1800,32.6400,0.000652
_0997_,VGND,li1,275.7700,27.2000,0.000925
_0996_,VGND,li1,272.5500,16.3200,0.001047
_0995_,VGND,li1,269.5600,10.8800,0.000200
_0994_,VGND,li1,280.3700,27.2000,0.000941
_0993_,VGND,li1,273.0100,32.6400,0.000667
_0992_,VGND,li1,272.3200,38.0800,0.000781
_0991_,VGND,li1,271.1700,32.6400,0.000662
_0990_,VGND,li1,265.1900,32.6400,0.000642
_0989_,VGND,li1,268.6400,27.2000,0.000891
_0988_,VGND,li1,278.9900,38.0800,0.000800
_0987_,VGND,li1,269.7900,43.5200,0.000675
_0986_,VGND,li1,260.5900,48.9600,0.000888
_0985_,VGND,li1,265.6500,43.5200,0.000659
_0984_,VGND,li1,264.7300,38.0800,0.000757
_0983_,VGND,li1,261.7400,43.5200,0.000648
_0982_,VGND,li1,256.9100,59.8400,0.000627
_0981_,VGND,li1,261.9700,59.8400,0.000651
_0980_,VGND,li1,264.9600,59.8400,0.000661
_0979_,VGND,li1,260.1300,54.4000,0.000715
_0978_,VGND,li1,255.3000,54.4000,0.000700
_0977_,VGND,li1,276.6900,59.8400,0.000713
_0976_,VGND,li1,270.7100,59.8400,0.000684
_0975_,VGND,li1,266.8000,59.8400,0.000673
_0974_,VGND,li1,267.7200,54.4000,0.000752
_0973_,VGND,li1,264.7300,48.9600,0.000898
_0972_,VGND,li1,267.7200,59.8400,0.000673
_0971_,VGND,li1,274.6200,76.1600,0.001013
_0970_,VGND,li1,263.3500,70.7200,0.000863
_0969_,VGND,li1,268.8700,76.1600,0.000991
_0968_,VGND,li1,268.6400,70.7200,0.000882
_0967_,VGND,li1,268.4100,65.2800,0.000554
_0966_,VGND,li1,266.1100,65.2800,0.000548
_0965_,VGND,li1,264.9600,70.7200,0.000870
_0964_,VGND,li1,278.5300,76.1600,0.001025
_0963_,VGND,li1,271.6300,76.1600,0.001002
_0962_,VGND,li1,248.4000,27.2000,0.000771
_0961_,VGND,li1,272.7800,27.2000,0.000913
_0960_,VGND,li1,272.7800,43.5200,0.000683
_0959_,VGND,li1,261.2800,32.6400,0.000623
_0958_,VGND,li1,267.7200,48.9600,0.000911
_0957_,VGND,li1,271.8600,54.4000,0.000770
_0956_,VGND,li1,269.1000,65.2800,0.000554
_0955_,VGND,li1,266.8000,76.1600,0.000981
_0954_,VGND,li1,211.8300,70.7200,0.000523
_0953_,VGND,li1,237.5900,21.7600,0.000905
_0952_,VGND,li1,230.6900,16.3200,0.000837
_0951_,VGND,li1,213.6700,16.3200,0.000689
_0950_,VGND,li1,197.5700,16.3200,0.000483
_0949_,VGND,li1,194.8100,16.3200,0.000429
_0948_,VGND,li1,197.1100,27.2000,0.000333
_0947_,VGND,li1,193.8900,27.2000,0.000287
_0946_,VGND,li1,190.2100,21.7600,0.000379
_0945_,VGND,li1,188.8300,27.2000,0.000250
_0944_,VGND,li1,189.2900,27.2000,0.000250
_0943_,VGND,li1,186.0700,32.6400,0.000179
_0942_,VGND,li1,180.5500,38.0800,0.000184
_0941_,VGND,li1,177.3300,43.5200,0.000165
_0940_,VGND,li1,176.8700,48.9600,0.000169
_0939_,VGND,li1,176.8700,38.0800,0.000177
_0938_,VGND,li1,193.4300,38.0800,0.000311
_0937_,VGND,li1,170.8900,38.0800,0.000204
_0936_,VGND,li1,167.6700,38.0800,0.000214
_0935_,VGND,li1,164.9100,38.0800,0.000222
_0934_,VGND,li1,171.8100,43.5200,0.000193
_0933_,VGND,li1,166.7500,43.5200,0.000219
_0932_,VGND,li1,166.7500,43.5200,0.000219
_0931_,VGND,li1,124.8900,38.0800,0.000300
_0930_,VGND,li1,126.2700,32.6400,0.000243
_0929_,VGND,li1,120.0600,27.2000,0.000229
_0928_,VGND,li1,121.2100,43.5200,0.000351
_0927_,VGND,li1,134.0900,43.5200,0.000328
_0926_,VGND,li1,155.9400,48.9600,0.000243
_0925_,VGND,li1,152.4900,32.6400,0.000202
_0924_,VGND,li1,140.9900,38.0800,0.000279
_0923_,VGND,li1,142.8300,27.2000,0.000209
_0922_,VGND,li1,141.6800,21.7600,0.000319
_0921_,VGND,li1,139.6100,43.5200,0.000315
_0920_,VGND,li1,213.9000,16.3200,0.000689
_0919_,VGND,li1,230.2300,27.2000,0.000634
_0918_,VGND,li1,239.8900,16.3200,0.000896
_0917_,VGND,li1,234.3700,21.7600,0.000871
_0916_,VGND,li1,230.2300,16.3200,0.000837
_0915_,VGND,li1,227.2400,21.7600,0.000824
_0914_,VGND,li1,222.8700,21.7600,0.000785
_0913_,VGND,li1,221.0300,16.3200,0.000762
_0912_,VGND,li1,218.2700,16.3200,0.000738
_0911_,VGND,li1,217.1200,10.8800,0.000106
_0910_,VGND,li1,208.6100,16.3200,0.000627
_0909_,VGND,li1,209.3000,16.3200,0.000627
_0908_,VGND,li1,200.7900,16.3200,0.000527
_0907_,VGND,li1,205.1600,21.7600,0.000575
_0906_,VGND,li1,190.2100,21.7600,0.000379
_0905_,VGND,li1,196.4200,21.7600,0.000461
_0904_,VGND,li1,192.0500,38.0800,0.000286
_0903_,VGND,li1,188.6000,38.0800,0.000266
_0902_,VGND,li1,184.2300,38.0800,0.000222
_0901_,VGND,li1,185.6100,43.5200,0.000207
_0900_,VGND,li1,174.5700,38.0800,0.000194
_0899_,VGND,li1,184.6900,43.5200,0.000189
_0898_,VGND,li1,77.2800,32.6400,0.000209
_0897_,VGND,li1,77.7400,27.2000,0.000197
_0896_,VGND,li1,75.4400,21.7600,0.000313
_0895_,VGND,li1,73.6000,27.2000,0.000187
_0894_,VGND,li1,80.0400,21.7600,0.000328
_0893_,VGND,li1,64.1700,32.6400,0.000181
_0892_,VGND,li1,61.4100,32.6400,0.000171
_0891_,VGND,li1,190.6700,38.0800,0.000286
_0890_,VGND,li1,187.2200,38.0800,0.000240
_0889_,VGND,li1,169.9700,43.5200,0.000203
_0888_,VGND,li1,188.6000,43.5200,0.000228
_0887_,VGND,li1,174.1100,48.9600,0.000178
_0886_,VGND,li1,182.3900,43.5200,0.000168
_0885_,VGND,li1,200.7900,21.7600,0.000516
_0884_,VGND,li1,200.5600,21.7600,0.000516
_0883_,VGND,li1,194.8100,21.7600,0.000428
_0882_,VGND,li1,180.0900,27.2000,0.000158
_0881_,VGND,li1,175.2600,32.6400,0.000128
_0880_,VGND,li1,182.8500,27.2000,0.000182
_0879_,VGND,li1,171.3500,32.6400,0.000142
_0878_,VGND,li1,40.9400,32.6400,0.000118
_0877_,VGND,li1,21.6200,38.0800,0.000063
_0876_,VGND,li1,25.7600,32.6400,0.000064
_0875_,VGND,li1,22.5400,38.0800,0.000063
_0874_,VGND,li1,21.1600,32.6400,0.000069
_0873_,VGND,li1,38.8700,43.5200,0.000164
_0872_,VGND,li1,33.8100,32.6400,0.000089
_0871_,VGND,li1,196.8800,38.0800,0.000336
_0870_,VGND,li1,213.6700,27.2000,0.000488
_0869_,VGND,li1,237.5900,32.6400,0.000527
_0868_,VGND,li1,248.1700,32.6400,0.000576
_0867_,VGND,li1,243.5700,38.0800,0.000676
_0866_,VGND,li1,240.8100,32.6400,0.000538
_0865_,VGND,li1,235.9800,32.6400,0.000515
_0864_,VGND,li1,236.2100,27.2000,0.000667
_0863_,VGND,li1,229.7700,27.2000,0.000620
_0862_,VGND,li1,230.6900,21.7600,0.000845
_0861_,VGND,li1,225.1700,27.2000,0.000590
_0860_,VGND,li1,221.0300,27.2000,0.000543
_0859_,VGND,li1,215.0500,21.7600,0.000699
_0858_,VGND,li1,210.4500,21.7600,0.000642
_0857_,VGND,li1,202.1700,27.2000,0.000369
_0856_,VGND,li1,196.1900,38.0800,0.000336
_0855_,VGND,li1,202.4000,38.0800,0.000377
_0854_,VGND,li1,199.4100,38.0800,0.000360
_0853_,VGND,li1,201.0200,38.0800,0.000377
_0852_,VGND,li1,202.1700,43.5200,0.000330
_0851_,VGND,li1,201.0200,48.9600,0.000419
_0850_,VGND,li1,198.9500,43.5200,0.000309
_0849_,VGND,li1,178.9400,43.5200,0.000151
_0848_,VGND,li1,69.0000,65.2800,0.000199
_0847_,VGND,li1,49.6800,70.7200,0.000163
_0846_,VGND,li1,46.6900,65.2800,0.000143
_0845_,VGND,li1,42.0900,70.7200,0.000135
_0844_,VGND,li1,51.0600,76.1600,0.000253
_0843_,VGND,li1,63.2500,70.7200,0.000212
_0842_,VGND,li1,62.5600,70.7200,0.000212
_0841_,VGND,li1,216.4300,21.7600,0.000699
_0840_,VGND,li1,210.4500,21.7600,0.000642
_0839_,VGND,li1,209.9900,27.2000,0.000450
_0838_,VGND,li1,204.0100,27.2000,0.000399
_0837_,VGND,li1,197.1100,27.2000,0.000333
_0836_,VGND,li1,177.7900,32.6400,0.000116
_0835_,VGND,li1,43.0100,27.2000,0.000106
_0834_,VGND,li1,30.8200,21.7600,0.000110
_0833_,VGND,li1,22.5400,27.2000,0.000048
_0832_,VGND,li1,27.1400,27.2000,0.000053
_0831_,VGND,li1,33.8100,27.2000,0.000076
_0830_,VGND,li1,47.8400,27.2000,0.000120
_0829_,VGND,li1,39.1000,27.2000,0.000092
_0828_,VGND,li1,208.8400,43.5200,0.000371
_0827_,VGND,li1,222.8700,32.6400,0.000433
_0826_,VGND,li1,250.0100,43.5200,0.000584
_0825_,VGND,li1,244.0300,38.0800,0.000676
_0824_,VGND,li1,241.2700,43.5200,0.000543
_0823_,VGND,li1,235.2900,38.0800,0.000624
_0822_,VGND,li1,232.0700,38.0800,0.000602
_0821_,VGND,li1,234.3700,38.0800,0.000624
_0820_,VGND,li1,227.2400,54.4000,0.000535
_0819_,VGND,li1,227.9300,32.6400,0.000472
_0818_,VGND,li1,219.6500,32.6400,0.000417
_0817_,VGND,li1,225.1700,32.6400,0.000451
_0816_,VGND,li1,223.1000,38.0800,0.000537
_0815_,VGND,li1,225.6300,38.0800,0.000559
_0814_,VGND,li1,219.6500,38.0800,0.000524
_0813_,VGND,li1,212.2900,27.2000,0.000471
_0812_,VGND,li1,213.2100,38.0800,0.000476
_0811_,VGND,li1,207.2300,32.6400,0.000330
_0810_,VGND,li1,176.6400,65.2800,0.000132
_0809_,VGND,li1,178.0200,76.1600,0.000188
_0808_,VGND,li1,178.7100,70.7200,0.000144
_0807_,VGND,li1,175.2600,87.0400,0.000020
_0806_,VGND,li1,172.5000,76.1600,0.000229
_0805_,VGND,li1,168.1300,70.7200,0.000173
_0804_,VGND,li1,170.8900,65.2800,0.000156
_0803_,VGND,li1,212.7500,38.0800,0.000460
_0802_,VGND,li1,209.0700,43.5200,0.000371
_0801_,VGND,li1,202.6300,43.5200,0.000330
_0800_,VGND,li1,207.0000,48.9600,0.000500
_0799_,VGND,li1,83.4900,54.4000,0.000401
_0798_,VGND,li1,74.5200,70.7200,0.000240
_0797_,VGND,li1,85.3300,70.7200,0.000254
_0796_,VGND,li1,80.5000,76.1600,0.000365
_0795_,VGND,li1,74.9800,81.6000,0.000247
_0794_,VGND,li1,76.3600,76.1600,0.000354
_0793_,VGND,li1,78.6600,43.5200,0.000334
_0792_,VGND,li1,91.0800,48.9600,0.000339
_0791_,VGND,li1,208.6100,38.0800,0.000440
_0790_,VGND,li1,238.0500,48.9600,0.000757
_0789_,VGND,li1,248.1700,48.9600,0.000817
_0788_,VGND,li1,244.4900,48.9600,0.000798
_0787_,VGND,li1,241.2700,48.9600,0.000773
_0786_,VGND,li1,240.3500,48.9600,0.000773
_0785_,VGND,li1,242.6500,48.9600,0.000787
_0784_,VGND,li1,233.4500,54.4000,0.000576
_0783_,VGND,li1,233.9100,48.9600,0.000729
_0782_,VGND,li1,229.3100,48.9600,0.000696
_0781_,VGND,li1,226.5500,54.4000,0.000535
_0780_,VGND,li1,222.4100,43.5200,0.000444
_0779_,VGND,li1,213.2100,54.4000,0.000438
_0778_,VGND,li1,216.8900,38.0800,0.000504
_0777_,VGND,li1,34.2700,59.8400,0.000103
_0776_,VGND,li1,31.7400,70.7200,0.000086
_0775_,VGND,li1,29.2100,76.1600,0.000110
_0774_,VGND,li1,25.3000,76.1600,0.000080
_0773_,VGND,li1,29.6700,81.6000,0.000075
_0772_,VGND,li1,23.0000,59.8400,0.000066
_0771_,VGND,li1,21.6200,65.2800,0.000062
_0770_,VGND,li1,222.8700,48.9600,0.000637
_0769_,VGND,li1,216.6600,43.5200,0.000408
_0768_,VGND,li1,219.4200,48.9600,0.000619
_0767_,VGND,li1,209.5300,48.9600,0.000532
_0766_,VGND,li1,67.6200,43.5200,0.000307
_0765_,VGND,li1,53.3600,48.9600,0.000221
_0764_,VGND,li1,65.3200,27.2000,0.000172
_0763_,VGND,li1,50.3700,43.5200,0.000232
_0762_,VGND,li1,48.0700,48.9600,0.000196
_0761_,VGND,li1,49.2200,48.9600,0.000196
_0760_,VGND,li1,68.5400,43.5200,0.000307
_0759_,VGND,li1,241.5000,54.4000,0.000629
_0758_,VGND,li1,247.7100,48.9600,0.000817
_0757_,VGND,li1,233.4500,48.9600,0.000714
_0756_,VGND,li1,235.9800,48.9600,0.000743
_0755_,VGND,li1,227.0100,48.9600,0.000679
_0754_,VGND,li1,219.1900,54.4000,0.000483
_0753_,VGND,li1,230.6900,54.4000,0.000558
_0752_,VGND,li1,222.4100,54.4000,0.000503
_0751_,VGND,li1,222.6400,48.9600,0.000637
_0750_,VGND,li1,220.1100,38.0800,0.000524
_0749_,VGND,li1,169.0500,27.2000,0.000163
_0748_,VGND,li1,168.1300,27.2000,0.000163
_0747_,VGND,li1,169.2800,21.7600,0.000234
_0746_,VGND,li1,156.8600,32.6400,0.000188
_0745_,VGND,li1,162.8400,21.7600,0.000253
_0744_,VGND,li1,162.8400,32.6400,0.000173
_0743_,VGND,li1,174.1100,21.7600,0.000209
_0742_,VGND,li1,169.9700,21.7600,0.000225
_0741_,VGND,li1,216.4300,48.9600,0.000596
_0740_,VGND,li1,99.5900,43.5200,0.000362
_0739_,VGND,li1,99.3600,27.2000,0.000222
_0738_,VGND,li1,94.9900,27.2000,0.000218
_0737_,VGND,li1,106.2600,21.7600,0.000372
_0736_,VGND,li1,96.1400,16.3200,0.000320
_0735_,VGND,li1,97.9800,32.6400,0.000230
_0734_,VGND,li1,103.9600,43.5200,0.000360
_0733_,VGND,li1,235.2900,65.2800,0.000464
_0732_,VGND,li1,227.0100,59.8400,0.000458
_0731_,VGND,li1,221.9500,54.4000,0.000503
_0730_,VGND,li1,193.8900,54.4000,0.000278
_0729_,VGND,li1,192.0500,59.8400,0.000240
_0728_,VGND,li1,197.1100,70.7200,0.000343
_0727_,VGND,li1,196.6500,65.2800,0.000241
_0726_,VGND,li1,202.4000,76.1600,0.000469
_0725_,VGND,li1,199.1800,70.7200,0.000379
_0724_,VGND,li1,201.4800,70.7200,0.000408
_0723_,VGND,li1,188.1400,59.8400,0.000209
_0722_,VGND,li1,184.4600,65.2800,0.000166
_0721_,VGND,li1,219.1900,48.9600,0.000619
_0720_,VGND,li1,128.8000,54.4000,0.000384
_0719_,VGND,li1,129.2600,70.7200,0.000250
_0718_,VGND,li1,125.5800,65.2800,0.000225
_0717_,VGND,li1,118.6800,76.1600,0.000405
_0716_,VGND,li1,128.3400,70.7200,0.000250
_0715_,VGND,li1,120.5200,48.9600,0.000337
_0714_,VGND,li1,132.9400,59.8400,0.000226
_0713_,VGND,li1,235.2900,70.7200,0.000720
_0712_,VGND,li1,219.6500,54.4000,0.000483
_0711_,VGND,li1,163.5300,54.4000,0.000249
_0710_,VGND,li1,158.0100,54.4000,0.000275
_0709_,VGND,li1,150.8800,65.2800,0.000207
_0708_,VGND,li1,154.1000,54.4000,0.000291
_0707_,VGND,li1,155.7100,65.2800,0.000200
_0706_,VGND,li1,149.9600,65.2800,0.000207
_0705_,VGND,li1,149.5000,59.8400,0.000199
_0704_,VGND,li1,149.5000,54.4000,0.000310
_0703_,VGND,li1,103.5000,54.4000,0.000419
_0702_,VGND,li1,97.9800,76.1600,0.000397
_0701_,VGND,li1,102.5800,76.1600,0.000403
_0700_,VGND,li1,182.6200,54.4000,0.000195
_0699_,VGND,li1,133.6300,59.8400,0.000226
_0698_,VGND,li1,93.8400,76.1600,0.000390
_0697_,VGND,li1,100.7400,76.1600,0.000401
_0696_,VGND,li1,25.9900,54.4000,0.000087
_0695_,VGND,li1,99.1300,54.4000,0.000420
_0694_,VGND,li1,182.6200,54.4000,0.000195
_0693_,VGND,li1,176.1800,54.4000,0.000175
_0692_,VGND,li1,210.4500,70.7200,0.000502
_0691_,VGND,li1,93.6100,48.9600,0.000343
_0690_,VGND,li1,41.4000,48.9600,0.000163
_0689_,VGND,li1,154.7900,43.5200,0.000273
_0688_,VGND,li1,39.3300,43.5200,0.000164
_0687_,VGND,li1,38.8700,16.3200,0.000160
_0686_,VGND,li1,176.8700,59.8400,0.000130
_0685_,VGND,li1,29.2100,65.2800,0.000080
_0684_,VGND,li1,178.2500,21.7600,0.000193
_0683_,VGND,li1,201.2500,54.4000,0.000346
_0682_,VGND,li1,162.6100,59.8400,0.000167
_0681_,VGND,li1,145.1300,38.0800,0.000269
_0680_,VGND,li1,35.1900,43.5200,0.000140
_0679_,VGND,li1,48.5300,21.7600,0.000204
_0678_,VGND,li1,177.7900,70.7200,0.000151
_0677_,VGND,li1,33.8100,76.1600,0.000143
_0676_,VGND,li1,175.4900,10.8800,0.000030
_0675_,VGND,li1,197.5700,65.2800,0.000256
_0674_,VGND,li1,158.0100,59.8400,0.000179
_0673_,VGND,li1,142.8300,38.0800,0.000274
_0672_,VGND,li1,28.2900,43.5200,0.000099
_0671_,VGND,li1,34.7300,21.7600,0.000128
_0670_,VGND,li1,182.3900,76.1600,0.000238
_0669_,VGND,li1,22.7700,76.1600,0.000082
_0668_,VGND,li1,167.2100,16.3200,0.000239
_0667_,VGND,li1,192.9700,65.2800,0.000220
_0666_,VGND,li1,152.9500,54.4000,0.000300
_0665_,VGND,li1,140.0700,27.2000,0.000212
_0664_,VGND,li1,20.9300,43.5200,0.000072
_0663_,VGND,li1,24.6100,16.3200,0.000072
_0662_,VGND,li1,178.7100,81.6000,0.000165
_0661_,VGND,li1,19.0900,81.6000,0.000054
_0660_,VGND,li1,156.6300,27.2000,0.000186
_0659_,VGND,li1,193.8900,76.1600,0.000380
_0658_,VGND,li1,145.1300,48.9600,0.000275
_0657_,VGND,li1,132.2500,32.6400,0.000242
_0656_,VGND,li1,12.6500,43.5200,0.000075
_0655_,VGND,li1,20.4700,16.3200,0.000074
_0654_,VGND,li1,170.4300,70.7200,0.000167
_0653_,VGND,li1,20.9300,70.7200,0.000057
_0652_,VGND,li1,162.6100,21.7600,0.000253
_0651_,VGND,li1,201.2500,81.6000,0.000428
_0650_,VGND,li1,143.2900,54.4000,0.000335
_0649_,VGND,li1,136.8500,21.7600,0.000329
_0648_,VGND,li1,13.5700,43.5200,0.000075
_0647_,VGND,li1,23.2300,10.8800,0.000010
_0646_,VGND,li1,164.9100,81.6000,0.000216
_0645_,VGND,li1,15.4100,70.7200,0.000060
_0644_,VGND,li1,148.3500,21.7600,0.000299
_0643_,VGND,li1,206.7700,76.1600,0.000532
_0642_,VGND,li1,145.1300,65.2800,0.000211
_0641_,VGND,li1,140.9900,21.7600,0.000319
_0640_,VGND,li1,13.5700,32.6400,0.000073
_0639_,VGND,li1,22.3100,27.2000,0.000048
_0638_,VGND,li1,162.6100,70.7200,0.000187
_0637_,VGND,li1,15.8700,65.2800,0.000066
_0636_,VGND,li1,151.5700,27.2000,0.000195
_0635_,VGND,li1,193.4300,70.7200,0.000314
_0634_,VGND,li1,145.1300,65.2800,0.000211
_0633_,VGND,li1,136.8500,10.8800,0.000055
_0632_,VGND,li1,13.5700,21.7600,0.000076
_0631_,VGND,li1,29.2100,59.8400,0.000084
_0630_,VGND,li1,155.7100,81.6000,0.000245
_0629_,VGND,li1,15.8700,54.4000,0.000094
_0628_,VGND,li1,123.9700,16.3200,0.000337
_0627_,VGND,li1,151.1100,81.6000,0.000258
_0626_,VGND,li1,143.7500,76.1600,0.000353
_0625_,VGND,li1,117.5300,32.6400,0.000243
_0624_,VGND,li1,77.9700,38.0800,0.000256
_0623_,VGND,li1,64.1700,59.8400,0.000183
_0622_,VGND,li1,85.3300,48.9600,0.000326
_0621_,VGND,li1,63.2500,48.9600,0.000257
_0620_,VGND,li1,93.6100,32.6400,0.000226
_0619_,VGND,li1,118.9100,59.8400,0.000232
_0618_,VGND,li1,104.1900,59.8400,0.000233
_0617_,VGND,li1,111.0900,70.7200,0.000261
_0616_,VGND,li1,109.7100,38.0800,0.000301
_0615_,VGND,li1,54.9700,38.0800,0.000184
_0614_,VGND,li1,42.0900,76.1600,0.000201
_0613_,VGND,li1,79.8100,65.2800,0.000210
_0612_,VGND,li1,48.5300,38.0800,0.000158
_0611_,VGND,li1,93.6100,43.5200,0.000361
_0610_,VGND,li1,115.6900,59.8400,0.000233
_0609_,VGND,li1,93.6100,59.8400,0.000227
_0608_,VGND,li1,113.8500,70.7200,0.000259
_0607_,VGND,li1,115.6900,27.2000,0.000229
_0606_,VGND,li1,61.4100,27.2000,0.000162
_0605_,VGND,li1,37.9500,70.7200,0.000111
_0604_,VGND,li1,77.0500,59.8400,0.000205
_0603_,VGND,li1,42.0900,54.4000,0.000197
_0602_,VGND,li1,90.8500,27.2000,0.000213
_0601_,VGND,li1,114.7700,59.8400,0.000233
_0600_,VGND,li1,96.3700,65.2800,0.000225
_0599_,VGND,li1,113.8500,76.1600,0.000406
_0598_,VGND,li1,114.7700,21.7600,0.000367
_0597_,VGND,li1,79.8100,16.3200,0.000294
_0596_,VGND,li1,55.4300,65.2800,0.000168
_0595_,VGND,li1,72.9100,48.9600,0.000289
_0594_,VGND,li1,61.4100,21.7600,0.000262
_0593_,VGND,li1,87.1700,38.0800,0.000276
_0592_,VGND,li1,119.3700,70.7200,0.000257
_0591_,VGND,li1,104.1900,70.7200,0.000263
_0590_,VGND,li1,110.8600,76.1600,0.000406
_0589_,VGND,li1,216.2000,81.6000,0.000576
_0588_,VGND,li1,129.9500,43.5200,0.000338
_0587_,VGND,li1,67.8500,21.7600,0.000287
_0586_,VGND,li1,46.6900,81.6000,0.000153
_0585_,VGND,li1,72.4500,76.1600,0.000344
_0584_,VGND,li1,47.1500,54.4000,0.000226
_0583_,VGND,li1,93.6100,16.3200,0.000316
_0582_,VGND,li1,132.7100,70.7200,0.000244
_0581_,VGND,li1,93.6100,76.1600,0.000390
_0580_,VGND,li1,110.8600,81.6000,0.000307
_0579_,VGND,li1,111.5500,76.1600,0.000406
_0578_,VGND,li1,116.1500,27.2000,0.000229
_0577_,VGND,li1,85.3300,21.7600,0.000342
_0576_,VGND,li1,61.4100,81.6000,0.000204
_0575_,VGND,li1,76.1300,76.1600,0.000354
_0574_,VGND,li1,63.2500,10.8800,0.000040
_0573_,VGND,li1,100.0500,16.3200,0.000326
_0572_,VGND,li1,118.4500,65.2800,0.000229
_0571_,VGND,li1,93.6100,70.7200,0.000260
_0570_,VGND,li1,114.5400,76.1600,0.000406
_0569_,VGND,li1,116.1500,43.5200,0.000355
_0568_,VGND,li1,60.0300,32.6400,0.000171
_0567_,VGND,li1,49.9100,76.1600,0.000253
_0566_,VGND,li1,78.4300,48.9600,0.000307
_0565_,VGND,li1,54.9700,54.4000,0.000268
_0564_,VGND,li1,100.0500,27.2000,0.000222
_0563_,VGND,li1,122.5900,76.1600,0.000404
_0562_,VGND,li1,99.1300,81.6000,0.000300
_0561_,VGND,li1,115.0000,81.6000,0.000306
_0560_,VGND,li1,129.4900,38.0800,0.000295
_0559_,VGND,li1,78.4300,27.2000,0.000197
_0558_,VGND,li1,67.3900,70.7200,0.000224
_0557_,VGND,li1,67.8500,81.6000,0.000229
_0556_,VGND,li1,60.4900,43.5200,0.000279
_0555_,VGND,li1,101.8900,38.0800,0.000297
_0554_,VGND,li1,129.4900,59.8400,0.000229
_0553_,VGND,li1,98.2100,59.8400,0.000230
_0552_,VGND,li1,115.6900,81.6000,0.000306
_0551_,VGND,li1,216.8900,87.0400,0.000051
_0550_,VGND,li1,129.4900,16.3200,0.000334
_0549_,VGND,li1,51.7500,16.3200,0.000213
_0548_,VGND,li1,223.7900,81.6000,0.000650
_0547_,VGND,li1,235.0600,76.1600,0.000806
_0546_,VGND,li1,253.0000,81.6000,0.000852
_0545_,VGND,li1,259.2100,70.7200,0.000850
_0544_,VGND,li1,248.4000,76.1600,0.000890
_0543_,VGND,li1,255.0700,65.2800,0.000524
_0542_,VGND,li1,248.4000,70.7200,0.000801
_0541_,VGND,li1,243.5700,70.7200,0.000774
_0540_,VGND,li1,243.3400,81.6000,0.000792
_0539_,VGND,li1,255.9900,81.6000,0.000868
_0538_,VGND,li1,253.0000,70.7200,0.000823
_0537_,VGND,li1,261.5100,81.6000,0.000894
_0536_,VGND,li1,231.8400,76.1600,0.000782
_0535_,VGND,li1,228.8500,65.2800,0.000439
_0534_,VGND,li1,139.1500,48.9600,0.000290
_0533_,VGND,li1,210.2200,65.2800,0.000339
_0532_,VGND,li1,207.9200,59.8400,0.000353
_0531_,VGND,li1,239.6600,76.1600,0.000837
_0530_,VGND,li1,256.4500,70.7200,0.000839
_0529_,VGND,li1,244.4900,76.1600,0.000867
_0528_,VGND,li1,226.3200,81.6000,0.000671
_0527_,VGND,li1,220.5700,81.6000,0.000623
_0526_,VGND,li1,156.1700,38.0800,0.000245
_0525_,VGND,li1,229.7700,76.1600,0.000757
