Instance,Terminal,Layer,X location,Y location,Voltage
FILLER_27_648,VPWR,li1,304.2900,84.3200,1.799445
FILLER_27_645,VPWR,li1,302.9100,84.3200,1.799445
FILLER_27_643,VPWR,li1,301.5300,84.3200,1.799447
FILLER_27_640,VPWR,li1,300.6100,84.3200,1.799447
FILLER_27_637,VPWR,li1,299.2300,84.3200,1.799449
FILLER_27_634,VPWR,li1,297.8500,84.3200,1.799449
FILLER_27_631,VPWR,li1,296.4700,84.3200,1.799452
FILLER_27_628,VPWR,li1,295.0900,84.3200,1.799452
FILLER_27_617,VPWR,li1,290.0300,84.3200,1.799458
FILLER_27_613,VPWR,li1,288.1900,84.3200,1.799461
FILLER_27_610,VPWR,li1,286.8100,84.3200,1.799461
FILLER_27_598,VPWR,li1,281.2900,84.3200,1.799471
FILLER_27_595,VPWR,li1,279.9100,84.3200,1.799477
FILLER_27_592,VPWR,li1,278.5300,84.3200,1.799477
FILLER_27_589,VPWR,li1,277.1500,84.3200,1.799483
FILLER_27_585,VPWR,li1,275.3100,84.3200,1.799488
FILLER_27_582,VPWR,li1,273.9300,84.3200,1.799488
FILLER_27_579,VPWR,li1,272.5500,84.3200,1.799494
FILLER_27_576,VPWR,li1,271.1700,84.3200,1.799494
FILLER_27_573,VPWR,li1,269.7900,84.3200,1.799501
FILLER_27_570,VPWR,li1,268.4100,84.3200,1.799501
FILLER_27_567,VPWR,li1,267.0300,84.3200,1.799507
FILLER_27_564,VPWR,li1,265.6500,84.3200,1.799507
FILLER_27_561,VPWR,li1,264.2700,84.3200,1.799514
FILLER_27_557,VPWR,li1,262.4300,84.3200,1.799518
FILLER_27_554,VPWR,li1,261.0500,84.3200,1.799518
FILLER_27_551,VPWR,li1,259.6700,84.3200,1.799525
FILLER_27_548,VPWR,li1,258.2900,84.3200,1.799525
FILLER_27_545,VPWR,li1,256.9100,84.3200,1.799532
FILLER_27_542,VPWR,li1,255.5300,84.3200,1.799532
FILLER_27_539,VPWR,li1,254.1500,84.3200,1.799541
FILLER_27_536,VPWR,li1,252.7700,84.3200,1.799541
FILLER_27_533,VPWR,li1,251.3900,84.3200,1.799548
FILLER_27_529,VPWR,li1,249.5500,84.3200,1.799554
FILLER_27_526,VPWR,li1,248.1700,84.3200,1.799561
FILLER_27_523,VPWR,li1,246.7900,84.3200,1.799561
FILLER_27_520,VPWR,li1,245.4100,84.3200,1.799568
FILLER_27_517,VPWR,li1,244.0300,84.3200,1.799575
FILLER_27_514,VPWR,li1,242.6500,84.3200,1.799575
FILLER_27_511,VPWR,li1,241.2700,84.3200,1.799584
FILLER_27_508,VPWR,li1,239.8900,84.3200,1.799584
FILLER_27_505,VPWR,li1,238.5100,84.3200,1.799594
FILLER_27_502,VPWR,li1,236.9000,84.3200,1.799594
FILLER_27_499,VPWR,li1,235.7500,84.3200,1.799605
FILLER_27_496,VPWR,li1,234.3700,84.3200,1.799605
FILLER_27_493,VPWR,li1,232.9900,84.3200,1.799615
FILLER_27_475,VPWR,li1,224.2500,84.3200,1.799653
FILLER_27_472,VPWR,li1,223.3300,84.3200,1.799653
FILLER_27_452,VPWR,li1,214.1300,84.3200,1.799703
FILLER_27_449,VPWR,li1,212.7500,84.3200,1.799703
FILLER_27_447,VPWR,li1,211.3700,84.3200,1.799716
FILLER_27_444,VPWR,li1,210.4500,84.3200,1.799716
FILLER_27_441,VPWR,li1,209.0700,84.3200,1.799728
FILLER_27_438,VPWR,li1,207.6900,84.3200,1.799728
FILLER_27_429,VPWR,li1,203.0900,84.3200,1.799752
FILLER_27_411,VPWR,li1,195.2700,84.3200,1.799793
FILLER_27_408,VPWR,li1,193.8900,84.3200,1.799809
FILLER_27_405,VPWR,li1,192.5100,84.3200,1.799809
FILLER_27_402,VPWR,li1,191.1300,84.3200,1.799824
FILLER_27_399,VPWR,li1,189.7500,84.3200,1.799824
FILLER_27_396,VPWR,li1,188.3700,84.3200,1.799839
FILLER_27_393,VPWR,li1,186.9900,84.3200,1.799839
FILLER_27_391,VPWR,li1,185.6100,84.3200,1.799852
FILLER_27_388,VPWR,li1,184.6900,84.3200,1.799852
FILLER_27_385,VPWR,li1,183.3100,84.3200,1.799868
FILLER_27_382,VPWR,li1,181.9300,84.3200,1.799868
FILLER_27_373,VPWR,li1,177.3300,84.3200,1.799895
FILLER_27_361,VPWR,li1,172.2700,84.3200,1.799909
FILLER_27_358,VPWR,li1,170.8900,84.3200,1.799903
FILLER_27_355,VPWR,li1,169.5100,84.3200,1.799903
FILLER_27_352,VPWR,li1,168.1300,84.3200,1.799897
FILLER_27_349,VPWR,li1,166.7500,84.3200,1.799897
FILLER_27_346,VPWR,li1,165.3700,84.3200,1.799891
FILLER_27_343,VPWR,li1,163.9900,84.3200,1.799891
FILLER_27_340,VPWR,li1,162.6100,84.3200,1.799887
FILLER_27_337,VPWR,li1,161.2300,84.3200,1.799882
FILLER_27_333,VPWR,li1,159.3900,84.3200,1.799878
FILLER_27_330,VPWR,li1,158.0100,84.3200,1.799878
FILLER_27_327,VPWR,li1,156.6300,84.3200,1.799872
FILLER_27_324,VPWR,li1,155.2500,84.3200,1.799872
FILLER_27_321,VPWR,li1,153.8700,84.3200,1.799867
FILLER_27_318,VPWR,li1,152.4900,84.3200,1.799867
FILLER_27_315,VPWR,li1,151.1100,84.3200,1.799861
FILLER_27_312,VPWR,li1,149.7300,84.3200,1.799861
FILLER_27_309,VPWR,li1,148.3500,84.3200,1.799856
FILLER_27_306,VPWR,li1,146.7400,84.3200,1.799856
FILLER_27_303,VPWR,li1,145.5900,84.3200,1.799851
FILLER_27_300,VPWR,li1,144.2100,84.3200,1.799851
FILLER_27_297,VPWR,li1,142.8300,84.3200,1.799848
FILLER_27_277,VPWR,li1,133.6300,84.3200,1.799836
FILLER_27_274,VPWR,li1,132.2500,84.3200,1.799834
FILLER_27_271,VPWR,li1,130.8700,84.3200,1.799831
FILLER_27_268,VPWR,li1,129.4900,84.3200,1.799831
FILLER_27_265,VPWR,li1,128.1100,84.3200,1.799829
FILLER_27_262,VPWR,li1,126.7300,84.3200,1.799827
FILLER_27_259,VPWR,li1,125.3500,84.3200,1.799827
FILLER_27_256,VPWR,li1,123.9700,84.3200,1.799824
FILLER_27_253,VPWR,li1,122.5900,84.3200,1.799824
FILLER_27_249,VPWR,li1,120.7500,84.3200,1.799823
FILLER_27_242,VPWR,li1,117.0700,84.3200,1.799820
FILLER_27_239,VPWR,li1,116.1500,84.3200,1.799820
FILLER_27_228,VPWR,li1,111.0900,84.3200,1.799818
FILLER_27_225,VPWR,li1,109.7100,84.3200,1.799818
FILLER_27_206,VPWR,li1,100.7400,84.3200,1.799820
FILLER_27_203,VPWR,li1,99.5900,84.3200,1.799823
FILLER_27_200,VPWR,li1,98.2100,84.3200,1.799823
FILLER_27_197,VPWR,li1,96.8300,84.3200,1.799826
FILLER_27_193,VPWR,li1,94.9900,84.3200,1.799828
FILLER_27_190,VPWR,li1,93.6100,84.3200,1.799828
FILLER_27_187,VPWR,li1,92.2300,84.3200,1.799832
FILLER_27_184,VPWR,li1,90.8500,84.3200,1.799832
FILLER_27_181,VPWR,li1,89.4700,84.3200,1.799834
FILLER_27_178,VPWR,li1,88.0900,84.3200,1.799837
FILLER_27_175,VPWR,li1,86.7100,84.3200,1.799837
FILLER_27_172,VPWR,li1,85.3300,84.3200,1.799841
FILLER_27_169,VPWR,li1,83.9500,84.3200,1.799841
FILLER_27_149,VPWR,li1,74.7500,84.3200,1.799855
FILLER_27_137,VPWR,li1,69.2300,84.3200,1.799866
FILLER_27_134,VPWR,li1,67.8500,84.3200,1.799866
FILLER_27_131,VPWR,li1,66.4700,84.3200,1.799872
FILLER_27_128,VPWR,li1,65.0900,84.3200,1.799872
FILLER_27_125,VPWR,li1,63.7100,84.3200,1.799877
FILLER_27_122,VPWR,li1,62.3300,84.3200,1.799877
FILLER_27_119,VPWR,li1,60.9500,84.3200,1.799881
FILLER_27_116,VPWR,li1,59.5700,84.3200,1.799885
FILLER_27_113,VPWR,li1,58.1900,84.3200,1.799885
FILLER_27_110,VPWR,li1,56.5800,84.3200,1.799889
FILLER_27_107,VPWR,li1,55.4300,84.3200,1.799894
FILLER_27_104,VPWR,li1,54.0500,84.3200,1.799894
FILLER_27_101,VPWR,li1,52.6700,84.3200,1.799899
FILLER_27_98,VPWR,li1,51.2900,84.3200,1.799899
FILLER_27_95,VPWR,li1,49.9100,84.3200,1.799903
FILLER_27_85,VPWR,li1,45.0800,84.3200,1.799915
FILLER_27_81,VPWR,li1,43.4700,84.3200,1.799920
FILLER_27_78,VPWR,li1,42.0900,84.3200,1.799920
FILLER_27_75,VPWR,li1,40.7100,84.3200,1.799927
FILLER_27_72,VPWR,li1,39.3300,84.3200,1.799927
FILLER_27_69,VPWR,li1,37.9500,84.3200,1.799935
FILLER_27_66,VPWR,li1,36.5700,84.3200,1.799935
FILLER_27_63,VPWR,li1,35.1900,84.3200,1.799942
FILLER_27_60,VPWR,li1,33.8100,84.3200,1.799942
FILLER_27_57,VPWR,li1,32.4300,84.3200,1.799949
FILLER_27_54,VPWR,li1,30.8200,84.3200,1.799949
FILLER_27_44,VPWR,li1,26.2200,84.3200,1.799962
FILLER_27_41,VPWR,li1,25.0700,84.3200,1.799968
FILLER_27_38,VPWR,li1,23.6900,84.3200,1.799968
FILLER_27_35,VPWR,li1,22.3100,84.3200,1.799973
FILLER_27_32,VPWR,li1,20.9300,84.3200,1.799973
FILLER_27_29,VPWR,li1,19.5500,84.3200,1.799973
FILLER_27_27,VPWR,li1,18.1700,84.3200,1.799973
FILLER_27_24,VPWR,li1,17.2500,84.3200,1.799973
FILLER_27_21,VPWR,li1,15.8700,84.3200,1.799973
FILLER_27_18,VPWR,li1,14.4900,84.3200,1.799973
FILLER_27_15,VPWR,li1,13.1100,84.3200,1.799973
FILLER_27_12,VPWR,li1,11.7300,84.3200,1.799973
FILLER_27_9,VPWR,li1,10.3500,84.3200,1.799973
FILLER_27_6,VPWR,li1,8.9700,84.3200,1.799973
FILLER_27_3,VPWR,li1,7.5900,84.3200,1.799973
FILLER_26_651,VPWR,li1,305.6700,84.3200,1.799443
FILLER_26_648,VPWR,li1,304.2900,84.3200,1.799445
FILLER_26_645,VPWR,li1,302.9100,84.3200,1.799445
FILLER_26_643,VPWR,li1,301.5300,84.3200,1.799447
FILLER_26_640,VPWR,li1,300.6100,84.3200,1.799447
FILLER_26_589,VPWR,li1,277.1500,84.3200,1.799483
FILLER_26_579,VPWR,li1,272.0900,84.3200,1.799494
FILLER_26_576,VPWR,li1,271.1700,84.3200,1.799494
FILLER_26_573,VPWR,li1,269.7900,84.3200,1.799501
FILLER_26_570,VPWR,li1,268.4100,84.3200,1.799501
FILLER_26_567,VPWR,li1,267.0300,84.3200,1.799507
FILLER_26_564,VPWR,li1,265.6500,84.3200,1.799507
FILLER_26_561,VPWR,li1,264.2700,84.3200,1.799514
FILLER_26_558,VPWR,li1,262.8900,84.3200,1.799514
FILLER_26_555,VPWR,li1,261.5100,84.3200,1.799518
FILLER_26_533,VPWR,li1,250.9300,84.3200,1.799548
FILLER_26_530,VPWR,li1,249.7800,84.3200,1.799554
FILLER_26_527,VPWR,li1,248.6300,84.3200,1.799554
FILLER_26_524,VPWR,li1,247.2500,84.3200,1.799561
FILLER_26_521,VPWR,li1,245.8700,84.3200,1.799568
FILLER_26_518,VPWR,li1,244.4900,84.3200,1.799568
FILLER_26_515,VPWR,li1,243.1100,84.3200,1.799575
FILLER_26_491,VPWR,li1,232.0700,84.3200,1.799615
FILLER_26_488,VPWR,li1,230.6900,84.3200,1.799627
FILLER_26_485,VPWR,li1,229.3100,84.3200,1.799627
FILLER_26_473,VPWR,li1,223.7900,84.3200,1.799653
FILLER_26_463,VPWR,li1,218.9600,84.3200,1.799673
FILLER_26_452,VPWR,li1,213.6700,84.3200,1.799703
FILLER_26_449,VPWR,li1,212.7500,84.3200,1.799703
FILLER_26_439,VPWR,li1,207.9200,84.3200,1.799728
FILLER_26_430,VPWR,li1,203.5500,84.3200,1.799752
FILLER_26_419,VPWR,li1,198.4900,84.3200,1.799782
FILLER_26_416,VPWR,li1,197.5700,84.3200,1.799782
FILLER_26_413,VPWR,li1,196.1900,84.3200,1.799793
FILLER_26_402,VPWR,li1,191.1300,84.3200,1.799824
FILLER_26_399,VPWR,li1,189.7500,84.3200,1.799824
FILLER_26_396,VPWR,li1,188.3700,84.3200,1.799839
FILLER_26_393,VPWR,li1,186.9900,84.3200,1.799839
FILLER_26_390,VPWR,li1,185.6100,84.3200,1.799852
FILLER_26_368,VPWR,li1,175.0300,84.3200,1.799914
FILLER_26_365,VPWR,li1,174.1100,84.3200,1.799914
FILLER_26_363,VPWR,li1,172.7300,84.3200,1.799909
FILLER_26_360,VPWR,li1,171.8100,84.3200,1.799909
FILLER_26_342,VPWR,li1,163.3000,84.3200,1.799887
FILLER_26_339,VPWR,li1,162.1500,84.3200,1.799887
FILLER_26_321,VPWR,li1,153.4100,84.3200,1.799867
FILLER_26_309,VPWR,li1,148.3500,84.3200,1.799856
FILLER_26_307,VPWR,li1,146.9700,84.3200,1.799856
FILLER_26_296,VPWR,li1,142.3700,84.3200,1.799848
FILLER_26_276,VPWR,li1,132.9400,84.3200,1.799834
FILLER_26_273,VPWR,li1,131.7900,84.3200,1.799834
FILLER_26_270,VPWR,li1,130.4100,84.3200,1.799831
FILLER_26_267,VPWR,li1,129.0300,84.3200,1.799829
FILLER_26_264,VPWR,li1,127.6500,84.3200,1.799829
FILLER_26_261,VPWR,li1,126.2700,84.3200,1.799827
FILLER_26_245,VPWR,li1,118.4500,84.3200,1.799821
FILLER_26_242,VPWR,li1,117.5300,84.3200,1.799820
FILLER_26_217,VPWR,li1,105.5700,84.3200,1.799817
FILLER_26_208,VPWR,li1,101.4300,84.3200,1.799820
FILLER_26_197,VPWR,li1,96.6000,84.3200,1.799826
FILLER_26_193,VPWR,li1,94.9900,84.3200,1.799828
FILLER_26_190,VPWR,li1,93.6100,84.3200,1.799828
FILLER_26_181,VPWR,li1,89.0100,84.3200,1.799834
FILLER_26_178,VPWR,li1,88.0900,84.3200,1.799837
FILLER_26_175,VPWR,li1,86.7100,84.3200,1.799837
FILLER_26_166,VPWR,li1,82.1100,84.3200,1.799844
FILLER_26_163,VPWR,li1,81.1900,84.3200,1.799847
FILLER_26_160,VPWR,li1,79.8100,84.3200,1.799847
FILLER_26_157,VPWR,li1,78.4300,84.3200,1.799851
FILLER_26_154,VPWR,li1,77.0500,84.3200,1.799851
FILLER_26_144,VPWR,li1,72.2200,84.3200,1.799859
FILLER_26_141,VPWR,li1,71.0700,84.3200,1.799862
FILLER_26_121,VPWR,li1,61.6400,84.3200,1.799881
FILLER_26_118,VPWR,li1,60.4900,84.3200,1.799881
FILLER_26_115,VPWR,li1,59.1100,84.3200,1.799885
FILLER_26_112,VPWR,li1,57.7300,84.3200,1.799889
FILLER_26_109,VPWR,li1,56.3500,84.3200,1.799889
FILLER_26_100,VPWR,li1,51.7500,84.3200,1.799899
FILLER_26_97,VPWR,li1,50.8300,84.3200,1.799903
FILLER_26_94,VPWR,li1,49.4500,84.3200,1.799903
FILLER_26_75,VPWR,li1,40.2500,84.3200,1.799927
FILLER_26_72,VPWR,li1,39.3300,84.3200,1.799927
FILLER_26_69,VPWR,li1,37.9500,84.3200,1.799935
FILLER_26_29,VPWR,li1,19.5500,84.3200,1.799973
FILLER_26_27,VPWR,li1,18.1700,84.3200,1.799973
FILLER_26_24,VPWR,li1,17.2500,84.3200,1.799973
FILLER_26_21,VPWR,li1,15.8700,84.3200,1.799973
FILLER_26_18,VPWR,li1,14.4900,84.3200,1.799973
FILLER_26_15,VPWR,li1,13.1100,84.3200,1.799973
FILLER_26_12,VPWR,li1,11.7300,84.3200,1.799973
FILLER_26_9,VPWR,li1,10.3500,84.3200,1.799973
FILLER_25_647,VPWR,li1,303.6000,78.8800,1.798929
FILLER_25_615,VPWR,li1,288.6500,78.8800,1.798943
FILLER_25_564,VPWR,li1,265.1900,78.8800,1.798998
FILLER_25_561,VPWR,li1,264.2700,78.8800,1.799004
FILLER_25_559,VPWR,li1,262.8900,78.8800,1.799010
FILLER_25_552,VPWR,li1,259.9000,78.8800,1.799021
FILLER_25_549,VPWR,li1,258.7500,78.8800,1.799021
FILLER_25_527,VPWR,li1,248.1700,78.8800,1.799076
FILLER_25_524,VPWR,li1,247.2500,78.8800,1.799076
FILLER_25_521,VPWR,li1,245.8700,78.8800,1.799090
FILLER_25_461,VPWR,li1,218.0400,78.8800,1.799282
FILLER_25_449,VPWR,li1,212.2900,78.8800,1.799351
FILLER_25_447,VPWR,li1,211.3700,78.8800,1.799351
FILLER_25_444,VPWR,li1,210.4500,78.8800,1.799372
FILLER_25_401,VPWR,li1,190.2100,78.8800,1.799605
FILLER_25_389,VPWR,li1,185.1500,78.8800,1.799670
FILLER_25_340,VPWR,li1,162.3800,78.8800,1.799731
FILLER_25_337,VPWR,li1,161.2300,78.8800,1.799719
FILLER_25_331,VPWR,li1,158.0100,78.8800,1.799710
FILLER_25_307,VPWR,li1,147.4300,78.8800,1.799661
FILLER_25_284,VPWR,li1,136.6200,78.8800,1.799627
FILLER_25_281,VPWR,li1,135.4700,78.8800,1.799622
FILLER_25_277,VPWR,li1,133.6300,78.8800,1.799616
FILLER_25_274,VPWR,li1,132.2500,78.8800,1.799616
FILLER_25_271,VPWR,li1,130.8700,78.8800,1.799610
FILLER_25_247,VPWR,li1,119.8300,78.8800,1.799595
FILLER_25_225,VPWR,li1,109.2500,78.8800,1.799591
FILLER_25_221,VPWR,li1,107.8700,78.8800,1.799591
FILLER_25_169,VPWR,li1,83.7200,78.8800,1.799621
FILLER_25_158,VPWR,li1,78.4300,78.8800,1.799635
FILLER_25_155,VPWR,li1,77.5100,78.8800,1.799635
FILLER_25_116,VPWR,li1,59.1100,78.8800,1.799692
FILLER_25_113,VPWR,li1,58.1900,78.8800,1.799701
FILLER_25_110,VPWR,li1,56.5800,78.8800,1.799701
FILLER_25_107,VPWR,li1,55.4300,78.8800,1.799709
FILLER_25_34,VPWR,li1,21.3900,78.8800,1.799927
FILLER_25_24,VPWR,li1,16.7900,78.8800,1.799926
FILLER_25_21,VPWR,li1,15.8700,78.8800,1.799926
FILLER_25_18,VPWR,li1,14.4900,78.8800,1.799926
FILLER_25_15,VPWR,li1,13.1100,78.8800,1.799926
FILLER_25_12,VPWR,li1,11.7300,78.8800,1.799926
FILLER_25_9,VPWR,li1,10.3500,78.8800,1.799926
FILLER_25_6,VPWR,li1,8.9700,78.8800,1.799926
FILLER_25_3,VPWR,li1,7.5900,78.8800,1.799926
FILLER_24_658,VPWR,li1,308.6600,78.8800,1.798927
FILLER_24_648,VPWR,li1,303.8300,78.8800,1.798929
FILLER_24_645,VPWR,li1,302.9100,78.8800,1.798930
FILLER_24_642,VPWR,li1,301.3000,78.8800,1.798930
FILLER_24_622,VPWR,li1,292.3300,78.8800,1.798940
FILLER_24_619,VPWR,li1,290.9500,78.8800,1.798940
FILLER_24_585,VPWR,li1,275.3100,78.8800,1.798969
FILLER_24_562,VPWR,li1,264.5000,78.8800,1.799004
FILLER_24_521,VPWR,li1,245.8700,78.8800,1.799090
FILLER_24_485,VPWR,li1,228.8500,78.8800,1.799191
FILLER_24_474,VPWR,li1,224.0200,78.8800,1.799232
FILLER_24_451,VPWR,li1,213.4400,78.8800,1.799327
FILLER_24_448,VPWR,li1,212.2900,78.8800,1.799351
FILLER_24_445,VPWR,li1,210.9100,78.8800,1.799372
FILLER_24_442,VPWR,li1,209.5300,78.8800,1.799372
FILLER_24_421,VPWR,li1,199.6400,78.8800,1.799502
FILLER_24_419,VPWR,li1,198.4900,78.8800,1.799502
FILLER_24_397,VPWR,li1,188.3700,78.8800,1.799641
FILLER_24_394,VPWR,li1,187.4500,78.8800,1.799641
FILLER_24_312,VPWR,li1,149.5000,78.8800,1.799668
FILLER_24_309,VPWR,li1,148.3500,78.8800,1.799668
FILLER_24_305,VPWR,li1,146.5100,78.8800,1.799661
FILLER_24_253,VPWR,li1,122.5900,78.8800,1.799596
FILLER_24_250,VPWR,li1,120.9800,78.8800,1.799596
FILLER_24_241,VPWR,li1,117.0700,78.8800,1.799594
FILLER_24_227,VPWR,li1,110.1700,78.8800,1.799592
FILLER_24_224,VPWR,li1,109.2500,78.8800,1.799591
FILLER_24_221,VPWR,li1,107.8700,78.8800,1.799591
FILLER_24_212,VPWR,li1,103.2700,78.8800,1.799592
FILLER_24_200,VPWR,li1,97.9800,78.8800,1.799597
FILLER_24_197,VPWR,li1,96.8300,78.8800,1.799600
FILLER_24_186,VPWR,li1,91.3100,78.8800,1.799607
FILLER_24_183,VPWR,li1,90.3900,78.8800,1.799610
FILLER_24_180,VPWR,li1,89.0100,78.8800,1.799610
FILLER_24_158,VPWR,li1,78.4300,78.8800,1.799635
FILLER_24_139,VPWR,li1,69.6900,78.8800,1.799657
FILLER_24_136,VPWR,li1,68.7700,78.8800,1.799663
FILLER_24_133,VPWR,li1,67.3900,78.8800,1.799663
FILLER_24_91,VPWR,li1,47.6100,78.8800,1.799754
FILLER_24_88,VPWR,li1,46.6900,78.8800,1.799754
FILLER_24_85,VPWR,li1,45.3100,78.8800,1.799768
FILLER_24_72,VPWR,li1,39.3300,78.8800,1.799798
FILLER_24_69,VPWR,li1,37.9500,78.8800,1.799816
FILLER_24_66,VPWR,li1,36.5700,78.8800,1.799816
FILLER_24_63,VPWR,li1,35.1900,78.8800,1.799836
FILLER_24_32,VPWR,li1,20.4700,78.8800,1.799927
FILLER_24_29,VPWR,li1,19.5500,78.8800,1.799926
FILLER_24_18,VPWR,li1,14.2600,78.8800,1.799926
FILLER_24_15,VPWR,li1,13.1100,78.8800,1.799926
FILLER_24_12,VPWR,li1,11.7300,78.8800,1.799926
FILLER_24_9,VPWR,li1,10.3500,78.8800,1.799926
FILLER_24_6,VPWR,li1,8.9700,78.8800,1.799926
FILLER_24_3,VPWR,li1,7.5900,78.8800,1.799926
FILLER_23_667,VPWR,li1,312.5700,73.4400,1.798833
FILLER_23_645,VPWR,li1,302.4500,73.4400,1.798838
FILLER_23_642,VPWR,li1,301.5300,73.4400,1.798839
FILLER_23_625,VPWR,li1,293.2500,73.4400,1.798848
FILLER_23_614,VPWR,li1,288.4200,73.4400,1.798856
FILLER_23_601,VPWR,li1,282.4400,73.4400,1.798872
FILLER_23_598,VPWR,li1,281.2900,73.4400,1.798881
FILLER_23_595,VPWR,li1,279.9100,73.4400,1.798881
FILLER_23_580,VPWR,li1,272.5500,73.4400,1.798914
FILLER_23_577,VPWR,li1,271.6300,73.4400,1.798914
FILLER_23_567,VPWR,li1,266.5700,73.4400,1.798942
FILLER_23_564,VPWR,li1,265.6500,73.4400,1.798942
FILLER_23_561,VPWR,li1,264.2700,73.4400,1.798954
FILLER_23_557,VPWR,li1,262.4300,73.4400,1.798965
FILLER_23_525,VPWR,li1,247.7100,73.4400,1.799060
FILLER_23_522,VPWR,li1,246.3300,73.4400,1.799060
FILLER_23_519,VPWR,li1,244.9500,73.4400,1.799076
FILLER_23_516,VPWR,li1,243.5700,73.4400,1.799089
FILLER_23_513,VPWR,li1,242.1900,73.4400,1.799089
FILLER_23_503,VPWR,li1,237.1300,73.4400,1.799126
FILLER_23_441,VPWR,li1,208.6100,73.4400,1.799404
FILLER_23_438,VPWR,li1,207.6900,73.4400,1.799432
FILLER_23_435,VPWR,li1,206.3100,73.4400,1.799432
FILLER_23_402,VPWR,li1,191.1300,73.4400,1.799623
FILLER_23_399,VPWR,li1,189.7500,73.4400,1.799646
FILLER_23_396,VPWR,li1,188.3700,73.4400,1.799676
FILLER_23_393,VPWR,li1,186.9900,73.4400,1.799676
FILLER_23_389,VPWR,li1,185.1500,73.4400,1.799700
FILLER_23_368,VPWR,li1,175.2600,73.4400,1.799829
FILLER_23_326,VPWR,li1,155.9400,73.4400,1.799759
FILLER_23_323,VPWR,li1,154.7900,73.4400,1.799759
FILLER_23_293,VPWR,li1,140.5300,73.4400,1.799721
FILLER_23_290,VPWR,li1,139.6100,73.4400,1.799721
FILLER_23_287,VPWR,li1,138.2300,73.4400,1.799716
FILLER_23_284,VPWR,li1,136.8500,73.4400,1.799716
FILLER_23_281,VPWR,li1,135.4700,73.4400,1.799711
FILLER_23_239,VPWR,li1,116.1500,73.4400,1.799684
FILLER_23_225,VPWR,li1,109.2500,73.4400,1.799677
FILLER_23_186,VPWR,li1,91.5400,73.4400,1.799680
FILLER_23_183,VPWR,li1,90.3900,73.4400,1.799681
FILLER_23_180,VPWR,li1,89.0100,73.4400,1.799683
FILLER_23_177,VPWR,li1,87.6300,73.4400,1.799683
FILLER_23_146,VPWR,li1,73.3700,73.4400,1.799700
FILLER_23_116,VPWR,li1,59.1100,73.4400,1.799736
FILLER_23_113,VPWR,li1,58.1900,73.4400,1.799742
FILLER_23_111,VPWR,li1,56.8100,73.4400,1.799751
FILLER_23_103,VPWR,li1,53.3600,73.4400,1.799763
FILLER_23_72,VPWR,li1,39.1000,73.4400,1.799831
FILLER_23_69,VPWR,li1,37.9500,73.4400,1.799845
FILLER_23_66,VPWR,li1,36.5700,73.4400,1.799845
FILLER_23_15,VPWR,li1,13.1100,73.4400,1.799929
FILLER_23_12,VPWR,li1,11.7300,73.4400,1.799929
FILLER_23_9,VPWR,li1,10.3500,73.4400,1.799929
FILLER_23_6,VPWR,li1,8.9700,73.4400,1.799929
FILLER_23_3,VPWR,li1,7.5900,73.4400,1.799929
FILLER_22_667,VPWR,li1,312.5700,73.4400,1.798833
FILLER_22_645,VPWR,li1,302.4500,73.4400,1.798838
FILLER_22_643,VPWR,li1,301.5300,73.4400,1.798839
FILLER_22_640,VPWR,li1,300.6100,73.4400,1.798839
FILLER_22_587,VPWR,li1,275.7700,73.4400,1.798902
FILLER_22_584,VPWR,li1,274.8500,73.4400,1.798902
FILLER_22_557,VPWR,li1,261.9700,73.4400,1.798965
FILLER_22_554,VPWR,li1,261.0500,73.4400,1.798965
FILLER_22_533,VPWR,li1,250.9300,73.4400,1.799030
FILLER_22_523,VPWR,li1,246.3300,73.4400,1.799060
FILLER_22_520,VPWR,li1,245.4100,73.4400,1.799076
FILLER_22_517,VPWR,li1,244.0300,73.4400,1.799076
FILLER_22_494,VPWR,li1,233.2200,73.4400,1.799158
FILLER_22_491,VPWR,li1,232.0700,73.4400,1.799179
FILLER_22_488,VPWR,li1,230.6900,73.4400,1.799179
FILLER_22_485,VPWR,li1,229.3100,73.4400,1.799196
FILLER_22_475,VPWR,li1,224.2500,73.4400,1.799244
FILLER_22_472,VPWR,li1,223.3300,73.4400,1.799244
FILLER_22_443,VPWR,li1,209.9900,73.4400,1.799404
FILLER_22_440,VPWR,li1,208.6100,73.4400,1.799404
FILLER_22_437,VPWR,li1,207.2300,73.4400,1.799432
FILLER_22_434,VPWR,li1,205.8500,73.4400,1.799454
FILLER_22_431,VPWR,li1,204.4700,73.4400,1.799454
FILLER_22_401,VPWR,li1,190.6700,73.4400,1.799646
FILLER_22_398,VPWR,li1,189.2900,73.4400,1.799646
FILLER_22_395,VPWR,li1,187.9100,73.4400,1.799676
FILLER_22_392,VPWR,li1,186.5300,73.4400,1.799700
FILLER_22_389,VPWR,li1,185.1500,73.4400,1.799700
FILLER_22_371,VPWR,li1,176.4100,73.4400,1.799829
FILLER_22_368,VPWR,li1,175.4900,73.4400,1.799829
FILLER_22_365,VPWR,li1,174.1100,73.4400,1.799818
FILLER_22_363,VPWR,li1,172.7300,73.4400,1.799818
FILLER_22_352,VPWR,li1,167.9000,73.4400,1.799801
FILLER_22_349,VPWR,li1,166.7500,73.4400,1.799792
FILLER_22_346,VPWR,li1,165.3700,73.4400,1.799792
FILLER_22_335,VPWR,li1,160.0800,73.4400,1.799774
FILLER_22_332,VPWR,li1,158.9300,73.4400,1.799767
FILLER_22_329,VPWR,li1,157.5500,73.4400,1.799767
FILLER_22_326,VPWR,li1,156.1700,73.4400,1.799759
FILLER_22_323,VPWR,li1,154.7900,73.4400,1.799759
FILLER_22_320,VPWR,li1,153.4100,73.4400,1.799750
FILLER_22_317,VPWR,li1,152.0300,73.4400,1.799750
FILLER_22_305,VPWR,li1,146.5100,73.4400,1.799732
FILLER_22_302,VPWR,li1,145.1300,73.4400,1.799732
FILLER_22_299,VPWR,li1,143.7500,73.4400,1.799727
FILLER_22_296,VPWR,li1,142.3700,73.4400,1.799727
FILLER_22_293,VPWR,li1,140.9900,73.4400,1.799721
FILLER_22_290,VPWR,li1,139.6100,73.4400,1.799721
FILLER_22_287,VPWR,li1,138.2300,73.4400,1.799716
FILLER_22_284,VPWR,li1,136.8500,73.4400,1.799716
FILLER_22_281,VPWR,li1,135.4700,73.4400,1.799711
FILLER_22_253,VPWR,li1,122.1300,73.4400,1.799690
FILLER_22_242,VPWR,li1,117.0700,73.4400,1.799684
FILLER_22_239,VPWR,li1,116.1500,73.4400,1.799684
FILLER_22_226,VPWR,li1,109.7100,73.4400,1.799677
FILLER_22_223,VPWR,li1,108.7900,73.4400,1.799677
FILLER_22_220,VPWR,li1,107.4100,73.4400,1.799675
FILLER_22_197,VPWR,li1,96.6000,73.4400,1.799677
FILLER_22_184,VPWR,li1,90.8500,73.4400,1.799681
FILLER_22_181,VPWR,li1,89.4700,73.4400,1.799681
FILLER_22_178,VPWR,li1,88.0900,73.4400,1.799683
FILLER_22_175,VPWR,li1,86.7100,73.4400,1.799685
FILLER_22_144,VPWR,li1,72.2200,73.4400,1.799704
FILLER_22_141,VPWR,li1,71.0700,73.4400,1.799704
FILLER_22_137,VPWR,li1,69.2300,73.4400,1.799708
FILLER_22_110,VPWR,li1,56.3500,73.4400,1.799751
FILLER_22_107,VPWR,li1,55.4300,73.4400,1.799751
FILLER_22_104,VPWR,li1,54.0500,73.4400,1.799763
FILLER_22_101,VPWR,li1,52.6700,73.4400,1.799763
FILLER_22_88,VPWR,li1,46.6900,73.4400,1.799791
FILLER_22_85,VPWR,li1,45.3100,73.4400,1.799802
FILLER_22_63,VPWR,li1,35.1900,73.4400,1.799860
FILLER_22_50,VPWR,li1,28.7500,73.4400,1.799888
FILLER_22_47,VPWR,li1,27.8300,73.4400,1.799901
FILLER_22_44,VPWR,li1,26.4500,73.4400,1.799901
FILLER_22_41,VPWR,li1,25.0700,73.4400,1.799917
FILLER_22_38,VPWR,li1,23.6900,73.4400,1.799917
FILLER_22_6,VPWR,li1,8.5100,73.4400,1.799929
FILLER_22_3,VPWR,li1,7.5900,73.4400,1.799929
FILLER_21_658,VPWR,li1,308.6600,68.0000,1.799134
FILLER_21_626,VPWR,li1,293.9400,68.0000,1.799150
FILLER_21_613,VPWR,li1,288.1900,68.0000,1.799161
FILLER_21_603,VPWR,li1,283.1300,68.0000,1.799174
FILLER_21_600,VPWR,li1,282.2100,68.0000,1.799174
FILLER_21_597,VPWR,li1,280.8300,68.0000,1.799179
FILLER_21_594,VPWR,li1,279.4500,68.0000,1.799184
FILLER_21_591,VPWR,li1,278.0700,68.0000,1.799184
FILLER_21_588,VPWR,li1,276.6900,68.0000,1.799188
FILLER_21_585,VPWR,li1,275.3100,68.0000,1.799192
FILLER_21_559,VPWR,li1,262.8900,68.0000,1.799222
FILLER_21_556,VPWR,li1,261.9700,68.0000,1.799227
FILLER_21_553,VPWR,li1,260.5900,68.0000,1.799232
FILLER_21_550,VPWR,li1,259.2100,68.0000,1.799232
FILLER_21_520,VPWR,li1,244.9500,68.0000,1.799290
FILLER_21_505,VPWR,li1,238.2800,68.0000,1.799321
FILLER_21_492,VPWR,li1,232.5300,68.0000,1.799358
FILLER_21_489,VPWR,li1,231.1500,68.0000,1.799358
FILLER_21_486,VPWR,li1,229.7700,68.0000,1.799373
FILLER_21_483,VPWR,li1,228.3900,68.0000,1.799386
FILLER_21_480,VPWR,li1,227.0100,68.0000,1.799386
FILLER_21_440,VPWR,li1,208.6100,68.0000,1.799548
FILLER_21_437,VPWR,li1,207.2300,68.0000,1.799548
FILLER_21_434,VPWR,li1,205.8500,68.0000,1.799565
FILLER_21_431,VPWR,li1,204.4700,68.0000,1.799586
FILLER_21_428,VPWR,li1,203.0900,68.0000,1.799586
FILLER_21_425,VPWR,li1,201.7100,68.0000,1.799603
FILLER_21_415,VPWR,li1,196.8800,68.0000,1.799654
FILLER_21_412,VPWR,li1,195.7300,68.0000,1.799654
FILLER_21_402,VPWR,li1,190.9000,68.0000,1.799712
FILLER_21_399,VPWR,li1,189.7500,68.0000,1.799712
FILLER_21_396,VPWR,li1,188.3700,68.0000,1.799738
FILLER_21_393,VPWR,li1,186.9900,68.0000,1.799738
FILLER_21_391,VPWR,li1,185.6100,68.0000,1.799762
FILLER_21_388,VPWR,li1,184.6900,68.0000,1.799762
FILLER_21_385,VPWR,li1,183.3100,68.0000,1.799790
FILLER_21_382,VPWR,li1,181.9300,68.0000,1.799790
FILLER_21_379,VPWR,li1,180.5500,68.0000,1.799814
FILLER_21_367,VPWR,li1,175.0300,68.0000,1.799861
FILLER_21_364,VPWR,li1,173.6500,68.0000,1.799855
FILLER_21_361,VPWR,li1,172.2700,68.0000,1.799848
FILLER_21_358,VPWR,li1,170.8900,68.0000,1.799848
FILLER_21_346,VPWR,li1,165.3700,68.0000,1.799830
FILLER_21_337,VPWR,li1,160.7700,68.0000,1.799814
FILLER_21_334,VPWR,li1,159.6200,68.0000,1.799814
FILLER_21_331,VPWR,li1,158.4700,68.0000,1.799807
FILLER_21_328,VPWR,li1,157.0900,68.0000,1.799807
FILLER_21_325,VPWR,li1,155.7100,68.0000,1.799804
FILLER_21_322,VPWR,li1,154.3300,68.0000,1.799799
FILLER_21_319,VPWR,li1,152.9500,68.0000,1.799799
FILLER_21_316,VPWR,li1,151.5700,68.0000,1.799793
FILLER_21_293,VPWR,li1,140.7600,68.0000,1.799778
FILLER_21_290,VPWR,li1,139.6100,68.0000,1.799775
FILLER_21_287,VPWR,li1,138.2300,68.0000,1.799775
FILLER_21_284,VPWR,li1,136.8500,68.0000,1.799771
FILLER_21_281,VPWR,li1,135.4700,68.0000,1.799771
FILLER_21_277,VPWR,li1,133.6300,68.0000,1.799769
FILLER_21_274,VPWR,li1,132.2500,68.0000,1.799766
FILLER_21_240,VPWR,li1,116.6100,68.0000,1.799753
FILLER_21_237,VPWR,li1,115.2300,68.0000,1.799753
FILLER_21_234,VPWR,li1,113.8500,68.0000,1.799753
FILLER_21_231,VPWR,li1,112.4700,68.0000,1.799753
FILLER_21_228,VPWR,li1,111.0900,68.0000,1.799753
FILLER_21_225,VPWR,li1,109.7100,68.0000,1.799753
FILLER_21_222,VPWR,li1,108.1000,68.0000,1.799753
FILLER_21_219,VPWR,li1,106.9500,68.0000,1.799753
FILLER_21_187,VPWR,li1,92.0000,68.0000,1.799763
FILLER_21_184,VPWR,li1,90.8500,68.0000,1.799766
FILLER_21_181,VPWR,li1,89.4700,68.0000,1.799766
FILLER_21_178,VPWR,li1,88.0900,68.0000,1.799769
FILLER_21_111,VPWR,li1,56.8100,68.0000,1.799834
FILLER_21_108,VPWR,li1,55.8900,68.0000,1.799834
FILLER_21_105,VPWR,li1,54.5100,68.0000,1.799841
FILLER_21_102,VPWR,li1,53.1300,68.0000,1.799841
FILLER_21_99,VPWR,li1,51.7500,68.0000,1.799847
FILLER_21_96,VPWR,li1,50.3700,68.0000,1.799853
FILLER_21_93,VPWR,li1,48.9900,68.0000,1.799853
FILLER_21_70,VPWR,li1,38.1800,68.0000,1.799893
FILLER_21_67,VPWR,li1,37.0300,68.0000,1.799893
FILLER_21_57,VPWR,li1,32.2000,68.0000,1.799913
FILLER_21_46,VPWR,li1,27.1400,68.0000,1.799935
FILLER_21_43,VPWR,li1,25.9900,68.0000,1.799935
FILLER_21_40,VPWR,li1,24.6100,68.0000,1.799946
FILLER_21_37,VPWR,li1,23.2300,68.0000,1.799946
FILLER_21_34,VPWR,li1,21.8500,68.0000,1.799956
FILLER_21_15,VPWR,li1,12.8800,68.0000,1.799954
FILLER_21_12,VPWR,li1,11.7300,68.0000,1.799954
FILLER_21_9,VPWR,li1,10.3500,68.0000,1.799954
FILLER_21_6,VPWR,li1,8.9700,68.0000,1.799954
FILLER_21_3,VPWR,li1,7.5900,68.0000,1.799954
FILLER_20_657,VPWR,li1,308.4300,68.0000,1.799134
FILLER_20_648,VPWR,li1,303.8300,68.0000,1.799139
FILLER_20_645,VPWR,li1,302.9100,68.0000,1.799139
FILLER_20_641,VPWR,li1,301.0700,68.0000,1.799140
FILLER_20_632,VPWR,li1,296.4700,68.0000,1.799146
FILLER_20_601,VPWR,li1,282.4400,68.0000,1.799174
FILLER_20_598,VPWR,li1,281.2900,68.0000,1.799179
FILLER_20_595,VPWR,li1,279.9100,68.0000,1.799179
FILLER_20_592,VPWR,li1,278.5300,68.0000,1.799184
FILLER_20_589,VPWR,li1,277.1500,68.0000,1.799188
FILLER_20_586,VPWR,li1,275.5400,68.0000,1.799192
FILLER_20_583,VPWR,li1,274.3900,68.0000,1.799192
FILLER_20_580,VPWR,li1,273.0100,68.0000,1.799199
FILLER_20_577,VPWR,li1,271.6300,68.0000,1.799199
FILLER_20_560,VPWR,li1,263.3500,68.0000,1.799222
FILLER_20_557,VPWR,li1,262.4300,68.0000,1.799227
FILLER_20_554,VPWR,li1,261.0500,68.0000,1.799227
FILLER_20_551,VPWR,li1,259.6700,68.0000,1.799232
FILLER_20_548,VPWR,li1,258.2900,68.0000,1.799239
FILLER_20_545,VPWR,li1,256.9100,68.0000,1.799239
FILLER_20_539,VPWR,li1,253.6900,68.0000,1.799253
FILLER_20_536,VPWR,li1,252.7700,68.0000,1.799253
FILLER_20_533,VPWR,li1,251.3900,68.0000,1.799262
FILLER_20_530,VPWR,li1,249.7800,68.0000,1.799268
FILLER_20_527,VPWR,li1,248.6300,68.0000,1.799268
FILLER_20_524,VPWR,li1,247.2500,68.0000,1.799280
FILLER_20_521,VPWR,li1,245.8700,68.0000,1.799280
FILLER_20_518,VPWR,li1,244.4900,68.0000,1.799290
FILLER_20_496,VPWR,li1,233.9100,68.0000,1.799342
FILLER_20_480,VPWR,li1,227.0100,68.0000,1.799386
FILLER_20_477,VPWR,li1,225.6300,68.0000,1.799402
FILLER_20_474,VPWR,li1,224.0200,68.0000,1.799415
FILLER_20_471,VPWR,li1,222.8700,68.0000,1.799415
FILLER_20_448,VPWR,li1,211.8300,68.0000,1.799505
FILLER_20_445,VPWR,li1,210.9100,68.0000,1.799526
FILLER_20_442,VPWR,li1,209.5300,68.0000,1.799526
FILLER_20_439,VPWR,li1,208.1500,68.0000,1.799548
FILLER_20_436,VPWR,li1,206.7700,68.0000,1.799565
FILLER_20_433,VPWR,li1,205.3900,68.0000,1.799565
FILLER_20_430,VPWR,li1,204.0100,68.0000,1.799586
FILLER_20_427,VPWR,li1,202.6300,68.0000,1.799603
FILLER_20_424,VPWR,li1,201.2500,68.0000,1.799603
FILLER_20_421,VPWR,li1,199.8700,68.0000,1.799624
FILLER_20_404,VPWR,li1,192.0500,68.0000,1.799688
FILLER_20_394,VPWR,li1,187.2200,68.0000,1.799738
FILLER_20_391,VPWR,li1,186.0700,68.0000,1.799762
FILLER_20_388,VPWR,li1,184.6900,68.0000,1.799762
FILLER_20_377,VPWR,li1,179.6300,68.0000,1.799814
FILLER_20_365,VPWR,li1,173.8800,68.0000,1.799855
FILLER_20_353,VPWR,li1,168.3600,68.0000,1.799836
FILLER_20_350,VPWR,li1,167.2100,68.0000,1.799836
FILLER_20_347,VPWR,li1,165.8300,68.0000,1.799830
FILLER_20_344,VPWR,li1,164.4500,68.0000,1.799823
FILLER_20_337,VPWR,li1,161.2300,68.0000,1.799814
FILLER_20_334,VPWR,li1,159.8500,68.0000,1.799814
FILLER_20_325,VPWR,li1,155.2500,68.0000,1.799804
FILLER_20_322,VPWR,li1,154.3300,68.0000,1.799799
FILLER_20_319,VPWR,li1,152.9500,68.0000,1.799799
FILLER_20_296,VPWR,li1,142.3700,68.0000,1.799778
FILLER_20_293,VPWR,li1,140.9900,68.0000,1.799778
FILLER_20_290,VPWR,li1,139.6100,68.0000,1.799775
FILLER_20_287,VPWR,li1,138.2300,68.0000,1.799775
FILLER_20_284,VPWR,li1,136.8500,68.0000,1.799771
FILLER_20_281,VPWR,li1,135.4700,68.0000,1.799771
FILLER_20_278,VPWR,li1,134.0900,68.0000,1.799769
FILLER_20_275,VPWR,li1,132.7100,68.0000,1.799766
FILLER_20_272,VPWR,li1,131.3300,68.0000,1.799766
FILLER_20_269,VPWR,li1,129.9500,68.0000,1.799762
FILLER_20_266,VPWR,li1,128.5700,68.0000,1.799762
FILLER_20_253,VPWR,li1,122.5900,68.0000,1.799756
FILLER_20_229,VPWR,li1,111.3200,68.0000,1.799753
FILLER_20_226,VPWR,li1,110.1700,68.0000,1.799753
FILLER_20_223,VPWR,li1,108.7900,68.0000,1.799753
FILLER_20_220,VPWR,li1,107.4100,68.0000,1.799753
FILLER_20_217,VPWR,li1,106.0300,68.0000,1.799753
FILLER_20_214,VPWR,li1,104.6500,68.0000,1.799753
FILLER_20_203,VPWR,li1,99.5900,68.0000,1.799755
FILLER_20_200,VPWR,li1,98.2100,68.0000,1.799757
FILLER_20_197,VPWR,li1,96.8300,68.0000,1.799757
FILLER_20_195,VPWR,li1,95.4500,68.0000,1.799760
FILLER_20_192,VPWR,li1,94.5300,68.0000,1.799760
FILLER_20_189,VPWR,li1,93.1500,68.0000,1.799763
FILLER_20_186,VPWR,li1,91.7700,68.0000,1.799763
FILLER_20_183,VPWR,li1,90.3900,68.0000,1.799766
FILLER_20_180,VPWR,li1,89.0100,68.0000,1.799769
FILLER_20_177,VPWR,li1,87.6300,68.0000,1.799769
FILLER_20_174,VPWR,li1,86.2500,68.0000,1.799771
FILLER_20_156,VPWR,li1,77.5100,68.0000,1.799784
FILLER_20_153,VPWR,li1,76.5900,68.0000,1.799784
FILLER_20_150,VPWR,li1,75.2100,68.0000,1.799790
FILLER_20_147,VPWR,li1,73.8300,68.0000,1.799790
FILLER_20_144,VPWR,li1,72.4500,68.0000,1.799795
FILLER_20_141,VPWR,li1,71.0700,68.0000,1.799795
FILLER_20_137,VPWR,li1,69.2300,68.0000,1.799799
FILLER_20_134,VPWR,li1,67.8500,68.0000,1.799803
FILLER_20_103,VPWR,li1,53.1300,68.0000,1.799841
FILLER_20_100,VPWR,li1,52.2100,68.0000,1.799847
FILLER_20_97,VPWR,li1,50.8300,68.0000,1.799847
FILLER_20_94,VPWR,li1,49.4500,68.0000,1.799853
FILLER_20_73,VPWR,li1,39.7900,68.0000,1.799883
FILLER_20_70,VPWR,li1,38.4100,68.0000,1.799893
FILLER_20_67,VPWR,li1,37.0300,68.0000,1.799893
FILLER_20_43,VPWR,li1,25.9900,68.0000,1.799935
FILLER_20_40,VPWR,li1,24.6100,68.0000,1.799946
FILLER_20_37,VPWR,li1,23.2300,68.0000,1.799946
FILLER_20_27,VPWR,li1,18.1700,68.0000,1.799955
FILLER_20_9,VPWR,li1,9.8900,68.0000,1.799954
FILLER_20_6,VPWR,li1,8.9700,68.0000,1.799954
FILLER_20_3,VPWR,li1,7.5900,68.0000,1.799954
FILLER_19_635,VPWR,li1,298.3100,62.5600,1.799482
FILLER_19_632,VPWR,li1,296.9300,62.5600,1.799482
FILLER_19_629,VPWR,li1,295.5500,62.5600,1.799483
FILLER_19_626,VPWR,li1,294.1700,62.5600,1.799486
FILLER_19_623,VPWR,li1,292.7900,62.5600,1.799486
FILLER_19_620,VPWR,li1,291.4100,62.5600,1.799487
FILLER_19_617,VPWR,li1,290.0300,62.5600,1.799489
FILLER_19_613,VPWR,li1,288.1900,62.5600,1.799491
FILLER_19_610,VPWR,li1,286.8100,62.5600,1.799491
FILLER_19_607,VPWR,li1,285.4300,62.5600,1.799494
FILLER_19_604,VPWR,li1,284.0500,62.5600,1.799494
FILLER_19_601,VPWR,li1,282.6700,62.5600,1.799496
FILLER_19_598,VPWR,li1,281.2900,62.5600,1.799499
FILLER_19_595,VPWR,li1,279.9100,62.5600,1.799501
FILLER_19_592,VPWR,li1,278.5300,62.5600,1.799501
FILLER_19_589,VPWR,li1,277.1500,62.5600,1.799504
FILLER_19_586,VPWR,li1,275.7700,62.5600,1.799507
FILLER_19_583,VPWR,li1,274.3900,62.5600,1.799507
FILLER_19_580,VPWR,li1,273.0100,62.5600,1.799511
FILLER_19_577,VPWR,li1,271.6300,62.5600,1.799514
FILLER_19_574,VPWR,li1,270.2500,62.5600,1.799514
FILLER_19_561,VPWR,li1,264.2700,62.5600,1.799525
FILLER_19_559,VPWR,li1,262.8900,62.5600,1.799530
FILLER_19_556,VPWR,li1,261.9700,62.5600,1.799530
FILLER_19_553,VPWR,li1,260.5900,62.5600,1.799537
FILLER_19_550,VPWR,li1,259.2100,62.5600,1.799537
FILLER_19_547,VPWR,li1,257.8300,62.5600,1.799543
FILLER_19_544,VPWR,li1,256.4500,62.5600,1.799543
FILLER_19_541,VPWR,li1,255.0700,62.5600,1.799550
FILLER_19_538,VPWR,li1,253.6900,62.5600,1.799550
FILLER_19_535,VPWR,li1,252.3100,62.5600,1.799555
FILLER_19_532,VPWR,li1,250.9300,62.5600,1.799560
FILLER_19_529,VPWR,li1,249.5500,62.5600,1.799560
FILLER_19_526,VPWR,li1,248.1700,62.5600,1.799564
FILLER_19_523,VPWR,li1,246.7900,62.5600,1.799570
FILLER_19_520,VPWR,li1,245.4100,62.5600,1.799570
FILLER_19_517,VPWR,li1,244.0300,62.5600,1.799574
FILLER_19_514,VPWR,li1,242.6500,62.5600,1.799580
FILLER_19_511,VPWR,li1,241.2700,62.5600,1.799580
FILLER_19_508,VPWR,li1,239.8900,62.5600,1.799585
FILLER_19_505,VPWR,li1,238.5100,62.5600,1.799591
FILLER_19_494,VPWR,li1,232.9900,62.5600,1.799603
FILLER_19_491,VPWR,li1,232.0700,62.5600,1.799608
FILLER_19_488,VPWR,li1,230.6900,62.5600,1.799608
FILLER_19_485,VPWR,li1,229.3100,62.5600,1.799614
FILLER_19_482,VPWR,li1,227.9300,62.5600,1.799619
FILLER_19_479,VPWR,li1,226.5500,62.5600,1.799619
FILLER_19_476,VPWR,li1,225.1700,62.5600,1.799624
FILLER_19_473,VPWR,li1,223.7900,62.5600,1.799630
FILLER_19_470,VPWR,li1,222.4100,62.5600,1.799630
FILLER_19_439,VPWR,li1,208.1500,62.5600,1.799686
FILLER_19_436,VPWR,li1,206.7700,62.5600,1.799700
FILLER_19_433,VPWR,li1,205.3900,62.5600,1.799700
FILLER_19_430,VPWR,li1,204.0100,62.5600,1.799710
FILLER_19_412,VPWR,li1,195.2700,62.5600,1.799755
FILLER_19_393,VPWR,li1,186.7600,62.5600,1.799804
FILLER_19_384,VPWR,li1,182.6200,62.5600,1.799833
FILLER_19_360,VPWR,li1,171.8100,62.5600,1.799868
FILLER_19_357,VPWR,li1,170.4300,62.5600,1.799859
FILLER_19_354,VPWR,li1,169.0500,62.5600,1.799859
FILLER_19_351,VPWR,li1,167.6700,62.5600,1.799852
FILLER_19_337,VPWR,li1,161.2300,62.5600,1.799831
FILLER_19_334,VPWR,li1,159.6200,62.5600,1.799827
FILLER_19_331,VPWR,li1,158.4700,62.5600,1.799827
FILLER_19_321,VPWR,li1,153.4100,62.5600,1.799816
FILLER_19_308,VPWR,li1,147.8900,62.5600,1.799808
FILLER_19_290,VPWR,li1,139.1500,62.5600,1.799798
FILLER_19_287,VPWR,li1,138.2300,62.5600,1.799796
FILLER_19_284,VPWR,li1,136.8500,62.5600,1.799794
FILLER_19_281,VPWR,li1,135.4700,62.5600,1.799794
FILLER_19_279,VPWR,li1,134.0900,62.5600,1.799793
FILLER_19_276,VPWR,li1,133.1700,62.5600,1.799792
FILLER_19_273,VPWR,li1,131.7900,62.5600,1.799792
FILLER_19_270,VPWR,li1,130.4100,62.5600,1.799790
FILLER_19_267,VPWR,li1,129.0300,62.5600,1.799790
FILLER_19_264,VPWR,li1,127.6500,62.5600,1.799789
FILLER_19_253,VPWR,li1,122.5900,62.5600,1.799786
FILLER_19_250,VPWR,li1,121.2100,62.5600,1.799786
FILLER_19_240,VPWR,li1,116.1500,62.5600,1.799784
FILLER_19_237,VPWR,li1,115.2300,62.5600,1.799784
FILLER_19_234,VPWR,li1,113.8500,62.5600,1.799783
FILLER_19_231,VPWR,li1,112.4700,62.5600,1.799783
FILLER_19_228,VPWR,li1,111.0900,62.5600,1.799782
FILLER_19_225,VPWR,li1,109.7100,62.5600,1.799782
FILLER_19_222,VPWR,li1,108.1000,62.5600,1.799782
FILLER_19_219,VPWR,li1,106.9500,62.5600,1.799781
FILLER_19_216,VPWR,li1,105.5700,62.5600,1.799781
FILLER_19_213,VPWR,li1,104.1900,62.5600,1.799781
FILLER_19_210,VPWR,li1,102.8100,62.5600,1.799781
FILLER_19_190,VPWR,li1,93.6100,62.5600,1.799781
FILLER_19_187,VPWR,li1,92.2300,62.5600,1.799782
FILLER_19_184,VPWR,li1,90.8500,62.5600,1.799782
FILLER_19_181,VPWR,li1,89.4700,62.5600,1.799782
FILLER_19_178,VPWR,li1,88.0900,62.5600,1.799783
FILLER_19_175,VPWR,li1,86.7100,62.5600,1.799783
FILLER_19_172,VPWR,li1,85.3300,62.5600,1.799783
FILLER_19_169,VPWR,li1,83.9500,62.5600,1.799784
FILLER_19_166,VPWR,li1,82.3400,62.5600,1.799785
FILLER_19_163,VPWR,li1,81.1900,62.5600,1.799785
FILLER_19_160,VPWR,li1,79.8100,62.5600,1.799786
FILLER_19_157,VPWR,li1,78.4300,62.5600,1.799786
FILLER_19_154,VPWR,li1,77.0500,62.5600,1.799786
FILLER_19_151,VPWR,li1,75.6700,62.5600,1.799787
FILLER_19_148,VPWR,li1,74.2900,62.5600,1.799788
FILLER_19_145,VPWR,li1,72.9100,62.5600,1.799788
FILLER_19_142,VPWR,li1,71.5300,62.5600,1.799789
FILLER_19_110,VPWR,li1,56.5800,62.5600,1.799815
FILLER_19_107,VPWR,li1,55.4300,62.5600,1.799815
FILLER_19_104,VPWR,li1,54.0500,62.5600,1.799821
FILLER_19_101,VPWR,li1,52.6700,62.5600,1.799821
FILLER_19_98,VPWR,li1,51.2900,62.5600,1.799827
FILLER_19_95,VPWR,li1,49.9100,62.5600,1.799827
FILLER_19_92,VPWR,li1,48.5300,62.5600,1.799834
FILLER_19_89,VPWR,li1,47.1500,62.5600,1.799834
FILLER_19_86,VPWR,li1,45.7700,62.5600,1.799839
FILLER_19_83,VPWR,li1,44.3900,62.5600,1.799844
FILLER_19_80,VPWR,li1,43.0100,62.5600,1.799844
FILLER_19_77,VPWR,li1,41.6300,62.5600,1.799848
FILLER_19_74,VPWR,li1,40.2500,62.5600,1.799854
FILLER_19_71,VPWR,li1,38.8700,62.5600,1.799854
FILLER_19_68,VPWR,li1,37.4900,62.5600,1.799858
FILLER_19_46,VPWR,li1,26.9100,62.5600,1.799903
FILLER_19_43,VPWR,li1,25.9900,62.5600,1.799916
FILLER_19_40,VPWR,li1,24.6100,62.5600,1.799916
FILLER_19_6,VPWR,li1,8.9700,62.5600,1.799926
FILLER_19_3,VPWR,li1,7.5900,62.5600,1.799926
FILLER_18_648,VPWR,li1,304.2900,62.5600,1.799476
FILLER_18_645,VPWR,li1,302.9100,62.5600,1.799478
FILLER_18_643,VPWR,li1,301.5300,62.5600,1.799478
FILLER_18_631,VPWR,li1,296.4700,62.5600,1.799483
FILLER_18_628,VPWR,li1,295.0900,62.5600,1.799483
FILLER_18_625,VPWR,li1,293.7100,62.5600,1.799486
FILLER_18_622,VPWR,li1,292.3300,62.5600,1.799487
FILLER_18_619,VPWR,li1,290.9500,62.5600,1.799487
FILLER_18_616,VPWR,li1,289.5700,62.5600,1.799489
FILLER_18_613,VPWR,li1,288.1900,62.5600,1.799491
FILLER_18_610,VPWR,li1,286.8100,62.5600,1.799491
FILLER_18_600,VPWR,li1,281.9800,62.5600,1.799496
FILLER_18_592,VPWR,li1,278.3000,62.5600,1.799501
FILLER_18_589,VPWR,li1,277.1500,62.5600,1.799504
FILLER_18_579,VPWR,li1,272.0900,62.5600,1.799511
FILLER_18_573,VPWR,li1,269.3300,62.5600,1.799517
FILLER_18_551,VPWR,li1,259.6700,62.5600,1.799537
FILLER_18_539,VPWR,li1,254.1500,62.5600,1.799550
FILLER_18_536,VPWR,li1,252.7700,62.5600,1.799555
FILLER_18_533,VPWR,li1,251.3900,62.5600,1.799555
FILLER_18_531,VPWR,li1,250.0100,62.5600,1.799560
FILLER_18_528,VPWR,li1,249.0900,62.5600,1.799564
FILLER_18_525,VPWR,li1,247.7100,62.5600,1.799564
FILLER_18_522,VPWR,li1,246.3300,62.5600,1.799570
FILLER_18_519,VPWR,li1,244.9500,62.5600,1.799574
FILLER_18_516,VPWR,li1,243.5700,62.5600,1.799574
FILLER_18_513,VPWR,li1,242.1900,62.5600,1.799580
FILLER_18_510,VPWR,li1,240.8100,62.5600,1.799585
FILLER_18_507,VPWR,li1,239.4300,62.5600,1.799585
FILLER_18_498,VPWR,li1,234.8300,62.5600,1.799596
FILLER_18_495,VPWR,li1,233.9100,62.5600,1.799603
FILLER_18_492,VPWR,li1,232.5300,62.5600,1.799603
FILLER_18_489,VPWR,li1,231.1500,62.5600,1.799608
FILLER_18_486,VPWR,li1,229.7700,62.5600,1.799614
FILLER_18_483,VPWR,li1,228.3900,62.5600,1.799614
FILLER_18_480,VPWR,li1,227.0100,62.5600,1.799619
FILLER_18_477,VPWR,li1,225.6300,62.5600,1.799624
FILLER_18_473,VPWR,li1,223.7900,62.5600,1.799630
FILLER_18_470,VPWR,li1,222.4100,62.5600,1.799630
FILLER_18_467,VPWR,li1,221.0300,62.5600,1.799638
FILLER_18_464,VPWR,li1,219.6500,62.5600,1.799638
FILLER_18_435,VPWR,li1,206.0800,62.5600,1.799700
FILLER_18_432,VPWR,li1,204.9300,62.5600,1.799710
FILLER_18_429,VPWR,li1,203.5500,62.5600,1.799710
FILLER_18_389,VPWR,li1,184.9200,62.5600,1.799820
FILLER_18_386,VPWR,li1,183.7700,62.5600,1.799833
FILLER_18_362,VPWR,li1,172.5000,62.5600,1.799868
FILLER_18_359,VPWR,li1,171.3500,62.5600,1.799868
FILLER_18_356,VPWR,li1,169.9700,62.5600,1.799859
FILLER_18_353,VPWR,li1,168.5900,62.5600,1.799852
FILLER_18_350,VPWR,li1,167.2100,62.5600,1.799852
FILLER_18_320,VPWR,li1,152.9500,62.5600,1.799816
FILLER_18_317,VPWR,li1,152.0300,62.5600,1.799816
FILLER_18_286,VPWR,li1,137.3100,62.5600,1.799796
FILLER_18_268,VPWR,li1,129.4900,62.5600,1.799790
FILLER_18_265,VPWR,li1,128.1100,62.5600,1.799789
FILLER_18_262,VPWR,li1,126.7300,62.5600,1.799789
FILLER_18_259,VPWR,li1,125.3500,62.5600,1.799788
FILLER_18_256,VPWR,li1,123.9700,62.5600,1.799788
FILLER_18_253,VPWR,li1,122.5900,62.5600,1.799786
FILLER_18_250,VPWR,li1,120.9800,62.5600,1.799786
FILLER_18_247,VPWR,li1,119.8300,62.5600,1.799785
FILLER_18_244,VPWR,li1,118.4500,62.5600,1.799785
FILLER_18_233,VPWR,li1,113.1600,62.5600,1.799783
FILLER_18_230,VPWR,li1,112.0100,62.5600,1.799782
FILLER_18_227,VPWR,li1,110.6300,62.5600,1.799782
FILLER_18_209,VPWR,li1,101.8900,62.5600,1.799780
FILLER_18_206,VPWR,li1,100.9700,62.5600,1.799780
FILLER_18_186,VPWR,li1,91.3100,62.5600,1.799782
FILLER_18_183,VPWR,li1,90.3900,62.5600,1.799782
FILLER_18_180,VPWR,li1,89.0100,62.5600,1.799783
FILLER_18_177,VPWR,li1,87.6300,62.5600,1.799783
FILLER_18_174,VPWR,li1,86.2500,62.5600,1.799783
FILLER_18_159,VPWR,li1,78.8900,62.5600,1.799786
FILLER_18_156,VPWR,li1,77.9700,62.5600,1.799786
FILLER_18_153,VPWR,li1,76.5900,62.5600,1.799787
FILLER_18_150,VPWR,li1,75.2100,62.5600,1.799787
FILLER_18_147,VPWR,li1,73.8300,62.5600,1.799788
FILLER_18_144,VPWR,li1,72.4500,62.5600,1.799789
FILLER_18_141,VPWR,li1,71.0700,62.5600,1.799789
FILLER_18_139,VPWR,li1,69.6900,62.5600,1.799790
FILLER_18_136,VPWR,li1,68.7700,62.5600,1.799790
FILLER_18_113,VPWR,li1,57.9600,62.5600,1.799811
FILLER_18_110,VPWR,li1,56.8100,62.5600,1.799815
FILLER_18_107,VPWR,li1,55.4300,62.5600,1.799815
FILLER_18_104,VPWR,li1,54.0500,62.5600,1.799821
FILLER_18_101,VPWR,li1,52.6700,62.5600,1.799821
FILLER_18_85,VPWR,li1,45.0800,62.5600,1.799839
FILLER_18_82,VPWR,li1,43.7000,62.5600,1.799844
FILLER_18_79,VPWR,li1,42.5500,62.5600,1.799848
FILLER_18_76,VPWR,li1,41.1700,62.5600,1.799848
FILLER_18_73,VPWR,li1,39.7900,62.5600,1.799854
FILLER_18_70,VPWR,li1,38.4100,62.5600,1.799858
FILLER_18_67,VPWR,li1,37.0300,62.5600,1.799858
FILLER_18_29,VPWR,li1,19.5500,62.5600,1.799930
FILLER_18_6,VPWR,li1,8.5100,62.5600,1.799926
FILLER_18_3,VPWR,li1,7.5900,62.5600,1.799926
FILLER_17_667,VPWR,li1,312.5700,57.1200,1.799076
FILLER_17_617,VPWR,li1,289.8000,57.1200,1.799103
FILLER_17_614,VPWR,li1,288.4200,57.1200,1.799103
FILLER_17_583,VPWR,li1,274.1600,57.1200,1.799153
FILLER_17_573,VPWR,li1,269.5600,57.1200,1.799176
FILLER_17_561,VPWR,li1,264.0400,57.1200,1.799205
FILLER_17_558,VPWR,li1,262.6600,57.1200,1.799215
FILLER_17_535,VPWR,li1,252.0800,57.1200,1.799286
FILLER_17_532,VPWR,li1,250.9300,57.1200,1.799286
FILLER_17_529,VPWR,li1,249.5500,57.1200,1.799300
FILLER_17_526,VPWR,li1,248.1700,57.1200,1.799300
FILLER_17_523,VPWR,li1,246.7900,57.1200,1.799317
FILLER_17_520,VPWR,li1,245.4100,57.1200,1.799317
FILLER_17_517,VPWR,li1,244.0300,57.1200,1.799336
FILLER_17_514,VPWR,li1,242.6500,57.1200,1.799336
FILLER_17_511,VPWR,li1,241.2700,57.1200,1.799352
FILLER_17_508,VPWR,li1,239.8900,57.1200,1.799364
FILLER_17_505,VPWR,li1,238.5100,57.1200,1.799364
FILLER_17_503,VPWR,li1,237.1300,57.1200,1.799377
FILLER_17_500,VPWR,li1,236.2100,57.1200,1.799389
FILLER_17_497,VPWR,li1,234.8300,57.1200,1.799389
FILLER_17_494,VPWR,li1,233.4500,57.1200,1.799405
FILLER_17_491,VPWR,li1,232.0700,57.1200,1.799417
FILLER_17_488,VPWR,li1,230.6900,57.1200,1.799417
FILLER_17_473,VPWR,li1,223.5600,57.1200,1.799467
FILLER_17_470,VPWR,li1,222.4100,57.1200,1.799485
FILLER_17_467,VPWR,li1,221.0300,57.1200,1.799485
FILLER_17_464,VPWR,li1,219.6500,57.1200,1.799505
FILLER_17_461,VPWR,li1,218.2700,57.1200,1.799505
FILLER_17_458,VPWR,li1,216.8900,57.1200,1.799522
FILLER_17_455,VPWR,li1,215.5100,57.1200,1.799535
FILLER_17_452,VPWR,li1,214.1300,57.1200,1.799535
FILLER_17_449,VPWR,li1,212.7500,57.1200,1.799552
FILLER_17_445,VPWR,li1,210.9100,57.1200,1.799569
FILLER_17_442,VPWR,li1,209.5300,57.1200,1.799569
FILLER_17_439,VPWR,li1,208.1500,57.1200,1.799583
FILLER_17_391,VPWR,li1,185.6100,57.1200,1.799764
FILLER_17_377,VPWR,li1,179.4000,57.1200,1.799809
FILLER_17_366,VPWR,li1,174.3400,57.1200,1.799859
FILLER_17_363,VPWR,li1,173.1900,57.1200,1.799848
FILLER_17_360,VPWR,li1,171.8100,57.1200,1.799848
FILLER_17_357,VPWR,li1,170.4300,57.1200,1.799834
FILLER_17_354,VPWR,li1,169.0500,57.1200,1.799834
FILLER_17_310,VPWR,li1,148.3500,57.1200,1.799751
FILLER_17_307,VPWR,li1,147.4300,57.1200,1.799744
FILLER_17_281,VPWR,li1,135.0100,57.1200,1.799707
FILLER_17_263,VPWR,li1,126.9600,57.1200,1.799687
FILLER_17_260,VPWR,li1,125.8100,57.1200,1.799687
FILLER_17_251,VPWR,li1,121.2100,57.1200,1.799680
FILLER_17_231,VPWR,li1,112.2400,57.1200,1.799669
FILLER_17_228,VPWR,li1,111.0900,57.1200,1.799669
FILLER_17_225,VPWR,li1,109.7100,57.1200,1.799667
FILLER_17_180,VPWR,li1,88.7800,57.1200,1.799678
FILLER_17_177,VPWR,li1,87.6300,57.1200,1.799678
FILLER_17_140,VPWR,li1,70.6100,57.1200,1.799726
FILLER_17_122,VPWR,li1,61.8700,57.1200,1.799753
FILLER_17_119,VPWR,li1,60.9500,57.1200,1.799760
FILLER_17_116,VPWR,li1,59.5700,57.1200,1.799766
FILLER_17_113,VPWR,li1,58.1900,57.1200,1.799766
FILLER_17_109,VPWR,li1,56.3500,57.1200,1.799773
FILLER_17_106,VPWR,li1,54.9700,57.1200,1.799783
FILLER_17_103,VPWR,li1,53.5900,57.1200,1.799783
FILLER_17_72,VPWR,li1,39.1000,57.1200,1.799841
FILLER_17_60,VPWR,li1,33.8100,57.1200,1.799865
FILLER_17_57,VPWR,li1,32.4300,57.1200,1.799876
FILLER_17_46,VPWR,li1,26.9100,57.1200,1.799899
FILLER_17_43,VPWR,li1,25.9900,57.1200,1.799911
FILLER_17_40,VPWR,li1,24.6100,57.1200,1.799911
FILLER_17_9,VPWR,li1,10.1200,57.1200,1.799925
FILLER_17_6,VPWR,li1,8.9700,57.1200,1.799925
FILLER_17_3,VPWR,li1,7.5900,57.1200,1.799925
FILLER_16_667,VPWR,li1,312.5700,57.1200,1.799076
FILLER_16_645,VPWR,li1,302.4500,57.1200,1.799081
FILLER_16_643,VPWR,li1,301.5300,57.1200,1.799083
FILLER_16_640,VPWR,li1,300.6100,57.1200,1.799083
FILLER_16_586,VPWR,li1,275.5400,57.1200,1.799153
FILLER_16_583,VPWR,li1,274.3900,57.1200,1.799153
FILLER_16_574,VPWR,li1,269.7900,57.1200,1.799176
FILLER_16_565,VPWR,li1,265.6500,57.1200,1.799205
FILLER_16_562,VPWR,li1,264.7300,57.1200,1.799205
FILLER_16_539,VPWR,li1,253.6900,57.1200,1.799271
FILLER_16_536,VPWR,li1,252.7700,57.1200,1.799271
FILLER_16_533,VPWR,li1,251.3900,57.1200,1.799286
FILLER_16_510,VPWR,li1,240.3500,57.1200,1.799352
FILLER_16_507,VPWR,li1,239.4300,57.1200,1.799364
FILLER_16_504,VPWR,li1,238.0500,57.1200,1.799377
FILLER_16_501,VPWR,li1,236.6700,57.1200,1.799377
FILLER_16_498,VPWR,li1,235.2900,57.1200,1.799389
FILLER_16_495,VPWR,li1,233.9100,57.1200,1.799405
FILLER_16_492,VPWR,li1,232.5300,57.1200,1.799405
FILLER_16_473,VPWR,li1,223.7900,57.1200,1.799467
FILLER_16_462,VPWR,li1,218.2700,57.1200,1.799505
FILLER_16_459,VPWR,li1,217.3500,57.1200,1.799522
FILLER_16_456,VPWR,li1,215.9700,57.1200,1.799522
FILLER_16_453,VPWR,li1,214.5900,57.1200,1.799535
FILLER_16_450,VPWR,li1,213.2100,57.1200,1.799552
FILLER_16_447,VPWR,li1,211.8300,57.1200,1.799552
FILLER_16_444,VPWR,li1,210.4500,57.1200,1.799569
FILLER_16_441,VPWR,li1,209.0700,57.1200,1.799583
FILLER_16_438,VPWR,li1,207.6900,57.1200,1.799583
FILLER_16_419,VPWR,li1,198.4900,57.1200,1.799657
FILLER_16_416,VPWR,li1,197.5700,57.1200,1.799657
FILLER_16_402,VPWR,li1,190.6700,57.1200,1.799719
FILLER_16_399,VPWR,li1,189.7500,57.1200,1.799719
FILLER_16_396,VPWR,li1,188.3700,57.1200,1.799742
FILLER_16_393,VPWR,li1,186.9900,57.1200,1.799742
FILLER_16_390,VPWR,li1,185.6100,57.1200,1.799764
FILLER_16_365,VPWR,li1,174.1100,57.1200,1.799859
FILLER_16_363,VPWR,li1,172.7300,57.1200,1.799848
FILLER_16_360,VPWR,li1,171.8100,57.1200,1.799848
FILLER_16_357,VPWR,li1,170.4300,57.1200,1.799834
FILLER_16_354,VPWR,li1,169.0500,57.1200,1.799834
FILLER_16_309,VPWR,li1,147.8900,57.1200,1.799751
FILLER_16_307,VPWR,li1,146.9700,57.1200,1.799744
FILLER_16_304,VPWR,li1,146.0500,57.1200,1.799744
FILLER_16_256,VPWR,li1,123.5100,57.1200,1.799683
FILLER_16_253,VPWR,li1,122.5900,57.1200,1.799680
FILLER_16_251,VPWR,li1,121.2100,57.1200,1.799680
FILLER_16_248,VPWR,li1,120.2900,57.1200,1.799677
FILLER_16_224,VPWR,li1,109.2500,57.1200,1.799667
FILLER_16_221,VPWR,li1,107.8700,57.1200,1.799666
FILLER_16_218,VPWR,li1,106.4900,57.1200,1.799666
FILLER_16_197,VPWR,li1,96.6000,57.1200,1.799668
FILLER_16_174,VPWR,li1,85.7900,57.1200,1.799682
FILLER_16_141,VPWR,li1,71.0700,57.1200,1.799726
FILLER_16_138,VPWR,li1,69.4600,57.1200,1.799726
FILLER_16_135,VPWR,li1,68.3100,57.1200,1.799735
FILLER_16_132,VPWR,li1,66.9300,57.1200,1.799735
FILLER_16_129,VPWR,li1,65.5500,57.1200,1.799745
FILLER_16_126,VPWR,li1,64.1700,57.1200,1.799745
FILLER_16_123,VPWR,li1,62.7900,57.1200,1.799753
FILLER_16_120,VPWR,li1,61.4100,57.1200,1.799760
FILLER_16_117,VPWR,li1,60.0300,57.1200,1.799760
FILLER_16_114,VPWR,li1,58.6500,57.1200,1.799766
FILLER_16_111,VPWR,li1,57.2700,57.1200,1.799773
FILLER_16_85,VPWR,li1,44.8500,57.1200,1.799818
FILLER_16_73,VPWR,li1,39.5600,57.1200,1.799841
FILLER_16_35,VPWR,li1,22.0800,57.1200,1.799932
FILLER_16_32,VPWR,li1,20.9300,57.1200,1.799932
FILLER_16_29,VPWR,li1,19.5500,57.1200,1.799929
FILLER_16_6,VPWR,li1,8.5100,57.1200,1.799925
FILLER_16_3,VPWR,li1,7.5900,57.1200,1.799925
FILLER_15_594,VPWR,li1,278.9900,51.6800,1.799070
FILLER_15_564,VPWR,li1,265.1900,51.6800,1.799112
FILLER_15_561,VPWR,li1,264.2700,51.6800,1.799119
FILLER_15_546,VPWR,li1,256.9100,51.6800,1.799146
FILLER_15_543,VPWR,li1,255.9900,51.6800,1.799153
FILLER_15_521,VPWR,li1,245.4100,51.6800,1.799203
FILLER_15_518,VPWR,li1,244.4900,51.6800,1.799203
FILLER_15_505,VPWR,li1,238.5100,51.6800,1.799239
FILLER_15_502,VPWR,li1,236.9000,51.6800,1.799251
FILLER_15_487,VPWR,li1,230.0000,51.6800,1.799293
FILLER_15_457,VPWR,li1,216.4300,51.6800,1.799398
FILLER_15_454,VPWR,li1,215.0500,51.6800,1.799398
FILLER_15_447,VPWR,li1,211.3700,51.6800,1.799426
FILLER_15_444,VPWR,li1,210.4500,51.6800,1.799452
FILLER_15_441,VPWR,li1,209.0700,51.6800,1.799452
FILLER_15_438,VPWR,li1,207.6900,51.6800,1.799477
FILLER_15_435,VPWR,li1,206.3100,51.6800,1.799497
FILLER_15_432,VPWR,li1,204.9300,51.6800,1.799497
FILLER_15_429,VPWR,li1,203.5500,51.6800,1.799523
FILLER_15_405,VPWR,li1,192.5100,51.6800,1.799652
FILLER_15_402,VPWR,li1,191.1300,51.6800,1.799652
FILLER_15_399,VPWR,li1,189.7500,51.6800,1.799673
FILLER_15_396,VPWR,li1,188.3700,51.6800,1.799699
FILLER_15_393,VPWR,li1,186.9900,51.6800,1.799699
FILLER_15_389,VPWR,li1,185.1500,51.6800,1.799719
FILLER_15_378,VPWR,li1,180.0900,51.6800,1.799778
FILLER_15_375,VPWR,li1,178.7100,51.6800,1.799800
FILLER_15_365,VPWR,li1,173.8800,51.6800,1.799822
FILLER_15_362,VPWR,li1,172.7300,51.6800,1.799822
FILLER_15_359,VPWR,li1,171.3500,51.6800,1.799811
FILLER_15_356,VPWR,li1,169.9700,51.6800,1.799811
FILLER_15_353,VPWR,li1,168.5900,51.6800,1.799799
FILLER_15_350,VPWR,li1,167.2100,51.6800,1.799799
FILLER_15_318,VPWR,li1,152.0300,51.6800,1.799744
FILLER_15_315,VPWR,li1,151.1100,51.6800,1.799736
FILLER_15_284,VPWR,li1,136.6200,51.6800,1.799702
FILLER_15_281,VPWR,li1,135.4700,51.6800,1.799696
FILLER_15_258,VPWR,li1,124.4300,51.6800,1.799677
FILLER_15_234,VPWR,li1,113.8500,51.6800,1.799666
FILLER_15_231,VPWR,li1,112.4700,51.6800,1.799665
FILLER_15_228,VPWR,li1,111.0900,51.6800,1.799665
FILLER_15_225,VPWR,li1,109.7100,51.6800,1.799664
FILLER_15_222,VPWR,li1,108.1000,51.6800,1.799663
FILLER_15_219,VPWR,li1,106.9500,51.6800,1.799663
FILLER_15_216,VPWR,li1,105.5700,51.6800,1.799663
FILLER_15_213,VPWR,li1,104.1900,51.6800,1.799662
FILLER_15_210,VPWR,li1,102.8100,51.6800,1.799662
FILLER_15_188,VPWR,li1,92.2300,51.6800,1.799660
FILLER_15_185,VPWR,li1,91.3100,51.6800,1.799660
FILLER_15_172,VPWR,li1,85.1000,51.6800,1.799667
FILLER_15_169,VPWR,li1,83.9500,51.6800,1.799672
FILLER_15_124,VPWR,li1,63.0200,51.6800,1.799735
FILLER_15_121,VPWR,li1,61.8700,51.6800,1.799735
FILLER_15_101,VPWR,li1,52.4400,51.6800,1.799777
FILLER_15_98,VPWR,li1,51.2900,51.6800,1.799777
FILLER_15_74,VPWR,li1,40.2500,51.6800,1.799830
FILLER_15_71,VPWR,li1,38.8700,51.6800,1.799841
FILLER_15_68,VPWR,li1,37.4900,51.6800,1.799851
FILLER_15_65,VPWR,li1,36.1100,51.6800,1.799851
FILLER_15_15,VPWR,li1,13.1100,51.6800,1.799932
FILLER_15_12,VPWR,li1,11.7300,51.6800,1.799932
FILLER_15_9,VPWR,li1,10.3500,51.6800,1.799932
FILLER_15_6,VPWR,li1,8.9700,51.6800,1.799932
FILLER_15_3,VPWR,li1,7.5900,51.6800,1.799932
FILLER_14_667,VPWR,li1,312.5700,51.6800,1.799029
FILLER_14_645,VPWR,li1,302.4500,51.6800,1.799031
FILLER_14_643,VPWR,li1,301.5300,51.6800,1.799033
FILLER_14_640,VPWR,li1,300.6100,51.6800,1.799033
FILLER_14_628,VPWR,li1,295.0900,51.6800,1.799041
FILLER_14_625,VPWR,li1,293.7100,51.6800,1.799041
FILLER_14_614,VPWR,li1,288.4200,51.6800,1.799049
FILLER_14_603,VPWR,li1,283.3600,51.6800,1.799058
FILLER_14_600,VPWR,li1,282.2100,51.6800,1.799064
FILLER_14_597,VPWR,li1,280.8300,51.6800,1.799064
FILLER_14_547,VPWR,li1,257.8300,51.6800,1.799146
FILLER_14_544,VPWR,li1,256.4500,51.6800,1.799153
FILLER_14_541,VPWR,li1,255.0700,51.6800,1.799153
FILLER_14_500,VPWR,li1,235.9800,51.6800,1.799251
FILLER_14_477,VPWR,li1,225.6300,51.6800,1.799329
FILLER_14_475,VPWR,li1,224.2500,51.6800,1.799329
FILLER_14_467,VPWR,li1,220.8000,51.6800,1.799366
FILLER_14_459,VPWR,li1,217.3500,51.6800,1.799380
FILLER_14_436,VPWR,li1,206.7700,51.6800,1.799477
FILLER_14_433,VPWR,li1,205.3900,51.6800,1.799497
FILLER_14_430,VPWR,li1,204.0100,51.6800,1.799523
FILLER_14_427,VPWR,li1,202.6300,51.6800,1.799523
FILLER_14_424,VPWR,li1,201.2500,51.6800,1.799553
FILLER_14_421,VPWR,li1,199.8700,51.6800,1.799553
FILLER_14_419,VPWR,li1,198.4900,51.6800,1.799574
FILLER_14_416,VPWR,li1,197.5700,51.6800,1.799594
FILLER_14_413,VPWR,li1,196.1900,51.6800,1.799594
FILLER_14_410,VPWR,li1,194.8100,51.6800,1.799626
FILLER_14_407,VPWR,li1,193.4300,51.6800,1.799626
FILLER_14_404,VPWR,li1,192.0500,51.6800,1.799652
FILLER_14_401,VPWR,li1,190.6700,51.6800,1.799673
FILLER_14_398,VPWR,li1,189.2900,51.6800,1.799673
FILLER_14_395,VPWR,li1,187.9100,51.6800,1.799699
FILLER_14_392,VPWR,li1,186.5300,51.6800,1.799719
FILLER_14_389,VPWR,li1,185.1500,51.6800,1.799719
FILLER_14_386,VPWR,li1,183.7700,51.6800,1.799751
FILLER_14_383,VPWR,li1,182.3900,51.6800,1.799751
FILLER_14_380,VPWR,li1,181.0100,51.6800,1.799778
FILLER_14_377,VPWR,li1,179.6300,51.6800,1.799800
FILLER_14_374,VPWR,li1,178.2500,51.6800,1.799800
FILLER_14_371,VPWR,li1,176.8700,51.6800,1.799834
FILLER_14_368,VPWR,li1,175.4900,51.6800,1.799834
FILLER_14_365,VPWR,li1,174.1100,51.6800,1.799822
FILLER_14_362,VPWR,li1,172.5000,51.6800,1.799822
FILLER_14_359,VPWR,li1,171.3500,51.6800,1.799811
FILLER_14_356,VPWR,li1,169.9700,51.6800,1.799811
FILLER_14_353,VPWR,li1,168.5900,51.6800,1.799799
FILLER_14_350,VPWR,li1,167.2100,51.6800,1.799799
FILLER_14_326,VPWR,li1,156.1700,51.6800,1.799757
FILLER_14_323,VPWR,li1,154.7900,51.6800,1.799750
FILLER_14_296,VPWR,li1,142.3700,51.6800,1.799713
FILLER_14_293,VPWR,li1,140.9900,51.6800,1.799713
FILLER_14_287,VPWR,li1,137.7700,51.6800,1.799702
FILLER_14_284,VPWR,li1,136.8500,51.6800,1.799702
FILLER_14_281,VPWR,li1,135.4700,51.6800,1.799696
FILLER_14_278,VPWR,li1,134.0900,51.6800,1.799696
FILLER_14_275,VPWR,li1,132.7100,51.6800,1.799690
FILLER_14_272,VPWR,li1,131.3300,51.6800,1.799690
FILLER_14_262,VPWR,li1,126.5000,51.6800,1.799680
FILLER_14_259,VPWR,li1,125.3500,51.6800,1.799677
FILLER_14_256,VPWR,li1,123.9700,51.6800,1.799677
FILLER_14_253,VPWR,li1,122.5900,51.6800,1.799673
FILLER_14_251,VPWR,li1,121.2100,51.6800,1.799673
FILLER_14_248,VPWR,li1,120.2900,51.6800,1.799671
FILLER_14_224,VPWR,li1,109.2500,51.6800,1.799664
FILLER_14_221,VPWR,li1,107.8700,51.6800,1.799663
FILLER_14_218,VPWR,li1,106.4900,51.6800,1.799663
FILLER_14_215,VPWR,li1,105.1100,51.6800,1.799663
FILLER_14_212,VPWR,li1,103.7300,51.6800,1.799662
FILLER_14_209,VPWR,li1,102.3500,51.6800,1.799661
FILLER_14_206,VPWR,li1,100.9700,51.6800,1.799661
FILLER_14_203,VPWR,li1,99.5900,51.6800,1.799660
FILLER_14_200,VPWR,li1,98.2100,51.6800,1.799660
FILLER_14_197,VPWR,li1,96.8300,51.6800,1.799659
FILLER_14_186,VPWR,li1,91.3100,51.6800,1.799660
FILLER_14_147,VPWR,li1,73.3700,51.6800,1.799699
FILLER_14_144,VPWR,li1,72.4500,51.6800,1.799699
FILLER_14_141,VPWR,li1,71.0700,51.6800,1.799706
FILLER_14_137,VPWR,li1,69.2300,51.6800,1.799712
FILLER_14_134,VPWR,li1,67.8500,51.6800,1.799718
FILLER_14_131,VPWR,li1,66.4700,51.6800,1.799718
FILLER_14_128,VPWR,li1,65.0900,51.6800,1.799728
FILLER_14_125,VPWR,li1,63.7100,51.6800,1.799728
FILLER_14_122,VPWR,li1,62.3300,51.6800,1.799735
FILLER_14_85,VPWR,li1,45.3100,51.6800,1.799809
FILLER_14_81,VPWR,li1,43.4700,51.6800,1.799820
FILLER_14_78,VPWR,li1,42.0900,51.6800,1.799820
FILLER_14_75,VPWR,li1,40.7100,51.6800,1.799830
FILLER_14_72,VPWR,li1,39.3300,51.6800,1.799841
FILLER_14_69,VPWR,li1,37.9500,51.6800,1.799841
FILLER_14_66,VPWR,li1,36.5700,51.6800,1.799851
FILLER_14_63,VPWR,li1,35.1900,51.6800,1.799863
FILLER_14_60,VPWR,li1,33.8100,51.6800,1.799863
FILLER_14_57,VPWR,li1,32.4300,51.6800,1.799877
FILLER_14_54,VPWR,li1,31.0500,51.6800,1.799877
FILLER_14_51,VPWR,li1,29.6700,51.6800,1.799891
FILLER_14_48,VPWR,li1,28.2900,51.6800,1.799891
FILLER_14_45,VPWR,li1,26.9100,51.6800,1.799901
FILLER_14_35,VPWR,li1,22.0800,51.6800,1.799934
FILLER_14_32,VPWR,li1,20.9300,51.6800,1.799934
FILLER_14_29,VPWR,li1,19.5500,51.6800,1.799933
FILLER_14_18,VPWR,li1,14.0300,51.6800,1.799932
FILLER_14_15,VPWR,li1,13.1100,51.6800,1.799932
FILLER_14_12,VPWR,li1,11.7300,51.6800,1.799932
FILLER_14_9,VPWR,li1,10.3500,51.6800,1.799932
FILLER_14_6,VPWR,li1,8.9700,51.6800,1.799932
FILLER_14_3,VPWR,li1,7.5900,51.6800,1.799932
FILLER_13_665,VPWR,li1,312.1100,46.2400,1.799024
FILLER_13_631,VPWR,li1,296.2400,46.2400,1.799033
FILLER_13_628,VPWR,li1,295.0900,46.2400,1.799036
FILLER_13_625,VPWR,li1,293.7100,46.2400,1.799036
FILLER_13_607,VPWR,li1,284.9700,46.2400,1.799052
FILLER_13_604,VPWR,li1,284.0500,46.2400,1.799057
FILLER_13_601,VPWR,li1,282.6700,46.2400,1.799057
FILLER_13_598,VPWR,li1,281.2900,46.2400,1.799063
FILLER_13_595,VPWR,li1,279.9100,46.2400,1.799063
FILLER_13_592,VPWR,li1,278.5300,46.2400,1.799069
FILLER_13_589,VPWR,li1,277.1500,46.2400,1.799069
FILLER_13_586,VPWR,li1,275.7700,46.2400,1.799073
FILLER_13_583,VPWR,li1,274.3900,46.2400,1.799079
FILLER_13_580,VPWR,li1,273.0100,46.2400,1.799079
FILLER_13_577,VPWR,li1,271.6300,46.2400,1.799085
FILLER_13_574,VPWR,li1,270.2500,46.2400,1.799085
FILLER_13_547,VPWR,li1,257.6000,46.2400,1.799142
FILLER_13_544,VPWR,li1,256.4500,46.2400,1.799155
FILLER_13_541,VPWR,li1,255.0700,46.2400,1.799155
FILLER_13_538,VPWR,li1,253.6900,46.2400,1.799170
FILLER_13_535,VPWR,li1,252.3100,46.2400,1.799182
FILLER_13_532,VPWR,li1,250.9300,46.2400,1.799182
FILLER_13_529,VPWR,li1,249.5500,46.2400,1.799194
FILLER_13_521,VPWR,li1,245.8700,46.2400,1.799225
FILLER_13_518,VPWR,li1,244.4900,46.2400,1.799225
FILLER_13_505,VPWR,li1,238.5100,46.2400,1.799271
FILLER_13_491,VPWR,li1,231.8400,46.2400,1.799321
FILLER_13_488,VPWR,li1,230.6900,46.2400,1.799321
FILLER_13_469,VPWR,li1,221.4900,46.2400,1.799389
FILLER_13_455,VPWR,li1,215.0500,46.2400,1.799450
FILLER_13_452,VPWR,li1,214.1300,46.2400,1.799450
FILLER_13_449,VPWR,li1,212.7500,46.2400,1.799471
FILLER_13_446,VPWR,li1,211.1400,46.2400,1.799471
FILLER_13_432,VPWR,li1,204.9300,46.2400,1.799536
FILLER_13_420,VPWR,li1,198.9500,46.2400,1.799579
FILLER_13_417,VPWR,li1,198.0300,46.2400,1.799602
FILLER_13_414,VPWR,li1,196.6500,46.2400,1.799602
FILLER_13_411,VPWR,li1,195.2700,46.2400,1.799629
FILLER_13_408,VPWR,li1,193.8900,46.2400,1.799629
FILLER_13_405,VPWR,li1,192.5100,46.2400,1.799657
FILLER_13_402,VPWR,li1,191.1300,46.2400,1.799657
FILLER_13_399,VPWR,li1,189.7500,46.2400,1.799684
FILLER_13_396,VPWR,li1,188.3700,46.2400,1.799684
FILLER_13_393,VPWR,li1,186.9900,46.2400,1.799713
FILLER_13_390,VPWR,li1,185.3800,46.2400,1.799713
FILLER_13_387,VPWR,li1,184.2300,46.2400,1.799739
FILLER_13_384,VPWR,li1,182.8500,46.2400,1.799739
FILLER_13_381,VPWR,li1,181.4700,46.2400,1.799757
FILLER_13_378,VPWR,li1,180.0900,46.2400,1.799781
FILLER_13_375,VPWR,li1,178.7100,46.2400,1.799781
FILLER_13_361,VPWR,li1,172.0400,46.2400,1.799819
FILLER_13_358,VPWR,li1,170.8900,46.2400,1.799803
FILLER_13_355,VPWR,li1,169.5100,46.2400,1.799803
FILLER_13_352,VPWR,li1,168.1300,46.2400,1.799786
FILLER_13_349,VPWR,li1,166.7500,46.2400,1.799786
FILLER_13_346,VPWR,li1,165.3700,46.2400,1.799775
FILLER_13_343,VPWR,li1,163.9900,46.2400,1.799761
FILLER_13_340,VPWR,li1,162.6100,46.2400,1.799761
FILLER_13_337,VPWR,li1,161.2300,46.2400,1.799748
FILLER_13_334,VPWR,li1,159.6200,46.2400,1.799735
FILLER_13_331,VPWR,li1,158.4700,46.2400,1.799735
FILLER_13_320,VPWR,li1,153.4100,46.2400,1.799710
FILLER_13_317,VPWR,li1,152.0300,46.2400,1.799710
FILLER_13_306,VPWR,li1,146.9700,46.2400,1.799692
FILLER_13_296,VPWR,li1,142.1400,46.2400,1.799675
FILLER_13_293,VPWR,li1,140.9900,46.2400,1.799665
FILLER_13_290,VPWR,li1,139.6100,46.2400,1.799665
FILLER_13_287,VPWR,li1,138.2300,46.2400,1.799655
FILLER_13_284,VPWR,li1,136.8500,46.2400,1.799655
FILLER_13_281,VPWR,li1,135.4700,46.2400,1.799647
FILLER_13_269,VPWR,li1,129.9500,46.2400,1.799626
FILLER_13_266,VPWR,li1,128.5700,46.2400,1.799626
FILLER_13_263,VPWR,li1,127.1900,46.2400,1.799619
FILLER_13_260,VPWR,li1,125.8100,46.2400,1.799613
FILLER_13_257,VPWR,li1,124.4300,46.2400,1.799613
FILLER_13_254,VPWR,li1,123.0500,46.2400,1.799608
FILLER_13_244,VPWR,li1,118.2200,46.2400,1.799597
FILLER_13_234,VPWR,li1,113.6200,46.2400,1.799584
FILLER_13_231,VPWR,li1,112.4700,46.2400,1.799584
FILLER_13_228,VPWR,li1,111.0900,46.2400,1.799580
FILLER_13_225,VPWR,li1,109.7100,46.2400,1.799575
FILLER_13_201,VPWR,li1,98.6700,46.2400,1.799569
FILLER_13_198,VPWR,li1,97.2900,46.2400,1.799571
FILLER_13_195,VPWR,li1,95.9100,46.2400,1.799571
FILLER_13_192,VPWR,li1,94.5300,46.2400,1.799574
FILLER_13_189,VPWR,li1,93.1500,46.2400,1.799574
FILLER_13_169,VPWR,li1,83.9500,46.2400,1.799594
FILLER_13_166,VPWR,li1,82.3400,46.2400,1.799600
FILLER_13_163,VPWR,li1,81.1900,46.2400,1.799600
FILLER_13_151,VPWR,li1,75.6700,46.2400,1.799621
FILLER_13_139,VPWR,li1,70.1500,46.2400,1.799645
FILLER_13_136,VPWR,li1,68.7700,46.2400,1.799645
FILLER_13_133,VPWR,li1,67.3900,46.2400,1.799655
FILLER_13_130,VPWR,li1,66.0100,46.2400,1.799655
FILLER_13_119,VPWR,li1,60.7200,46.2400,1.799675
FILLER_13_116,VPWR,li1,59.5700,46.2400,1.799686
FILLER_13_113,VPWR,li1,58.1900,46.2400,1.799686
FILLER_13_109,VPWR,li1,56.3500,46.2400,1.799694
FILLER_13_82,VPWR,li1,43.4700,46.2400,1.799763
FILLER_13_63,VPWR,li1,35.1900,46.2400,1.799831
FILLER_13_60,VPWR,li1,33.8100,46.2400,1.799831
FILLER_13_57,VPWR,li1,32.4300,46.2400,1.799849
FILLER_13_55,VPWR,li1,31.0500,46.2400,1.799862
FILLER_13_48,VPWR,li1,27.8300,46.2400,1.799880
FILLER_13_45,VPWR,li1,26.9100,46.2400,1.799880
FILLER_13_34,VPWR,li1,21.8500,46.2400,1.799924
FILLER_13_15,VPWR,li1,13.1100,46.2400,1.799922
FILLER_13_12,VPWR,li1,11.7300,46.2400,1.799922
FILLER_13_9,VPWR,li1,10.3500,46.2400,1.799921
FILLER_13_6,VPWR,li1,8.9700,46.2400,1.799921
FILLER_13_3,VPWR,li1,7.5900,46.2400,1.799921
FILLER_12_651,VPWR,li1,305.2100,46.2400,1.799025
FILLER_12_648,VPWR,li1,304.2900,46.2400,1.799027
FILLER_12_645,VPWR,li1,302.9100,46.2400,1.799027
FILLER_12_641,VPWR,li1,301.0700,46.2400,1.799028
FILLER_12_638,VPWR,li1,299.6900,46.2400,1.799030
FILLER_12_629,VPWR,li1,295.0900,46.2400,1.799036
FILLER_12_626,VPWR,li1,294.1700,46.2400,1.799036
FILLER_12_616,VPWR,li1,289.3400,46.2400,1.799044
FILLER_12_607,VPWR,li1,284.9700,46.2400,1.799052
FILLER_12_604,VPWR,li1,284.0500,46.2400,1.799057
FILLER_12_601,VPWR,li1,282.6700,46.2400,1.799057
FILLER_12_598,VPWR,li1,281.2900,46.2400,1.799063
FILLER_12_595,VPWR,li1,279.9100,46.2400,1.799063
FILLER_12_592,VPWR,li1,278.5300,46.2400,1.799069
FILLER_12_589,VPWR,li1,277.1500,46.2400,1.799069
FILLER_12_585,VPWR,li1,275.3100,46.2400,1.799073
FILLER_12_551,VPWR,li1,259.4400,46.2400,1.799126
FILLER_12_548,VPWR,li1,258.2900,46.2400,1.799142
FILLER_12_545,VPWR,li1,256.9100,46.2400,1.799142
FILLER_12_542,VPWR,li1,255.5300,46.2400,1.799155
FILLER_12_539,VPWR,li1,254.1500,46.2400,1.799170
FILLER_12_536,VPWR,li1,252.7700,46.2400,1.799170
FILLER_12_533,VPWR,li1,251.3900,46.2400,1.799182
FILLER_12_531,VPWR,li1,250.0100,46.2400,1.799194
FILLER_12_528,VPWR,li1,249.0900,46.2400,1.799194
FILLER_12_525,VPWR,li1,247.7100,46.2400,1.799212
FILLER_12_522,VPWR,li1,246.3300,46.2400,1.799212
FILLER_12_519,VPWR,li1,244.9500,46.2400,1.799225
FILLER_12_516,VPWR,li1,243.5700,46.2400,1.799240
FILLER_12_513,VPWR,li1,242.1900,46.2400,1.799240
FILLER_12_510,VPWR,li1,240.8100,46.2400,1.799258
FILLER_12_507,VPWR,li1,239.4300,46.2400,1.799258
FILLER_12_504,VPWR,li1,238.0500,46.2400,1.799271
FILLER_12_501,VPWR,li1,236.6700,46.2400,1.799287
FILLER_12_498,VPWR,li1,235.2900,46.2400,1.799287
FILLER_12_495,VPWR,li1,233.9100,46.2400,1.799307
FILLER_12_492,VPWR,li1,232.5300,46.2400,1.799307
FILLER_12_489,VPWR,li1,231.1500,46.2400,1.799321
FILLER_12_486,VPWR,li1,229.7700,46.2400,1.799338
FILLER_12_483,VPWR,li1,228.3900,46.2400,1.799338
FILLER_12_480,VPWR,li1,227.0100,46.2400,1.799358
FILLER_12_477,VPWR,li1,225.6300,46.2400,1.799358
FILLER_12_475,VPWR,li1,224.2500,46.2400,1.799375
FILLER_12_472,VPWR,li1,223.3300,46.2400,1.799375
FILLER_12_469,VPWR,li1,221.9500,46.2400,1.799389
FILLER_12_466,VPWR,li1,220.5700,46.2400,1.799407
FILLER_12_463,VPWR,li1,219.1900,46.2400,1.799407
FILLER_12_454,VPWR,li1,214.5900,46.2400,1.799450
FILLER_12_451,VPWR,li1,213.6700,46.2400,1.799450
FILLER_12_436,VPWR,li1,206.5400,46.2400,1.799520
FILLER_12_433,VPWR,li1,205.3900,46.2400,1.799520
FILLER_12_417,VPWR,li1,198.0300,46.2400,1.799602
FILLER_12_414,VPWR,li1,196.6500,46.2400,1.799602
FILLER_12_411,VPWR,li1,195.2700,46.2400,1.799629
FILLER_12_408,VPWR,li1,193.8900,46.2400,1.799629
FILLER_12_405,VPWR,li1,192.5100,46.2400,1.799657
FILLER_12_402,VPWR,li1,191.1300,46.2400,1.799657
FILLER_12_399,VPWR,li1,189.7500,46.2400,1.799684
FILLER_12_396,VPWR,li1,188.3700,46.2400,1.799684
FILLER_12_386,VPWR,li1,183.3100,46.2400,1.799739
FILLER_12_383,VPWR,li1,182.3900,46.2400,1.799757
FILLER_12_380,VPWR,li1,181.0100,46.2400,1.799757
FILLER_12_365,VPWR,li1,173.8800,46.2400,1.799830
FILLER_12_362,VPWR,li1,172.5000,46.2400,1.799819
FILLER_12_345,VPWR,li1,164.9100,46.2400,1.799775
FILLER_12_342,VPWR,li1,163.5300,46.2400,1.799761
FILLER_12_312,VPWR,li1,149.5000,46.2400,1.799702
FILLER_12_309,VPWR,li1,148.3500,46.2400,1.799692
FILLER_12_299,VPWR,li1,143.2900,46.2400,1.799675
FILLER_12_296,VPWR,li1,142.3700,46.2400,1.799675
FILLER_12_293,VPWR,li1,140.9900,46.2400,1.799665
FILLER_12_290,VPWR,li1,139.6100,46.2400,1.799665
FILLER_12_287,VPWR,li1,138.2300,46.2400,1.799655
FILLER_12_284,VPWR,li1,136.8500,46.2400,1.799655
FILLER_12_264,VPWR,li1,127.4200,46.2400,1.799619
FILLER_12_261,VPWR,li1,126.2700,46.2400,1.799619
FILLER_12_256,VPWR,li1,123.5100,46.2400,1.799608
FILLER_12_253,VPWR,li1,122.5900,46.2400,1.799608
FILLER_12_251,VPWR,li1,121.2100,46.2400,1.799602
FILLER_12_248,VPWR,li1,120.2900,46.2400,1.799602
FILLER_12_245,VPWR,li1,118.9100,46.2400,1.799597
FILLER_12_233,VPWR,li1,113.3900,46.2400,1.799584
FILLER_12_230,VPWR,li1,112.0100,46.2400,1.799580
FILLER_12_227,VPWR,li1,110.6300,46.2400,1.799580
FILLER_12_224,VPWR,li1,109.2500,46.2400,1.799575
FILLER_12_221,VPWR,li1,107.8700,46.2400,1.799570
FILLER_12_218,VPWR,li1,106.4900,46.2400,1.799570
FILLER_12_215,VPWR,li1,105.1100,46.2400,1.799564
FILLER_12_212,VPWR,li1,103.7300,46.2400,1.799564
FILLER_12_209,VPWR,li1,102.3500,46.2400,1.799567
FILLER_12_206,VPWR,li1,100.9700,46.2400,1.799567
FILLER_12_203,VPWR,li1,99.5900,46.2400,1.799569
FILLER_12_200,VPWR,li1,98.2100,46.2400,1.799569
FILLER_12_197,VPWR,li1,96.8300,46.2400,1.799571
FILLER_12_186,VPWR,li1,91.3100,46.2400,1.799577
FILLER_12_183,VPWR,li1,90.3900,46.2400,1.799577
FILLER_12_171,VPWR,li1,84.4100,46.2400,1.799594
FILLER_12_153,VPWR,li1,76.3600,46.2400,1.799621
FILLER_12_150,VPWR,li1,75.2100,46.2400,1.799621
FILLER_12_147,VPWR,li1,73.8300,46.2400,1.799629
FILLER_12_144,VPWR,li1,72.4500,46.2400,1.799636
FILLER_12_141,VPWR,li1,71.0700,46.2400,1.799636
FILLER_12_110,VPWR,li1,56.8100,46.2400,1.799694
FILLER_12_83,VPWR,li1,43.9300,46.2400,1.799763
FILLER_12_80,VPWR,li1,43.0100,46.2400,1.799777
FILLER_12_77,VPWR,li1,41.6300,46.2400,1.799777
FILLER_12_41,VPWR,li1,25.0700,46.2400,1.799903
FILLER_12_38,VPWR,li1,23.6900,46.2400,1.799903
FILLER_12_25,VPWR,li1,17.7100,46.2400,1.799923
FILLER_12_22,VPWR,li1,16.3300,46.2400,1.799922
FILLER_12_3,VPWR,li1,7.3600,46.2400,1.799921
FILLER_11_667,VPWR,li1,312.5700,40.8000,1.799255
FILLER_11_645,VPWR,li1,302.4500,40.8000,1.799257
FILLER_11_617,VPWR,li1,290.0300,40.8000,1.799272
FILLER_11_615,VPWR,li1,288.6500,40.8000,1.799272
FILLER_11_612,VPWR,li1,287.7300,40.8000,1.799276
FILLER_11_609,VPWR,li1,286.3500,40.8000,1.799276
FILLER_11_587,VPWR,li1,275.7700,40.8000,1.799302
FILLER_11_584,VPWR,li1,274.8500,40.8000,1.799302
FILLER_11_581,VPWR,li1,273.4700,40.8000,1.799309
FILLER_11_561,VPWR,li1,264.0400,40.8000,1.799333
FILLER_11_553,VPWR,li1,260.1300,40.8000,1.799350
FILLER_11_550,VPWR,li1,259.2100,40.8000,1.799350
FILLER_11_547,VPWR,li1,257.8300,40.8000,1.799360
FILLER_11_536,VPWR,li1,252.7700,40.8000,1.799380
FILLER_11_525,VPWR,li1,247.4800,40.8000,1.799400
FILLER_11_522,VPWR,li1,246.3300,40.8000,1.799400
FILLER_11_519,VPWR,li1,244.9500,40.8000,1.799411
FILLER_11_516,VPWR,li1,243.5700,40.8000,1.799411
FILLER_11_508,VPWR,li1,239.4300,40.8000,1.799435
FILLER_11_505,VPWR,li1,238.5100,40.8000,1.799435
FILLER_11_501,VPWR,li1,236.6700,40.8000,1.799443
FILLER_11_498,VPWR,li1,235.2900,40.8000,1.799456
FILLER_11_495,VPWR,li1,233.9100,40.8000,1.799456
FILLER_11_492,VPWR,li1,232.5300,40.8000,1.799466
FILLER_11_489,VPWR,li1,231.1500,40.8000,1.799479
FILLER_11_486,VPWR,li1,229.7700,40.8000,1.799479
FILLER_11_483,VPWR,li1,228.3900,40.8000,1.799495
FILLER_11_480,VPWR,li1,227.0100,40.8000,1.799495
FILLER_11_477,VPWR,li1,225.6300,40.8000,1.799510
FILLER_11_474,VPWR,li1,224.2500,40.8000,1.799510
FILLER_11_467,VPWR,li1,220.8000,40.8000,1.799536
FILLER_11_464,VPWR,li1,219.6500,40.8000,1.799536
FILLER_11_461,VPWR,li1,218.2700,40.8000,1.799552
FILLER_11_458,VPWR,li1,216.8900,40.8000,1.799552
FILLER_11_455,VPWR,li1,215.5100,40.8000,1.799568
FILLER_11_452,VPWR,li1,214.1300,40.8000,1.799568
FILLER_11_449,VPWR,li1,212.7500,40.8000,1.799584
FILLER_11_447,VPWR,li1,211.3700,40.8000,1.799584
FILLER_11_435,VPWR,li1,206.0800,40.8000,1.799618
FILLER_11_432,VPWR,li1,204.9300,40.8000,1.799635
FILLER_11_411,VPWR,li1,195.2700,40.8000,1.799696
FILLER_11_408,VPWR,li1,193.8900,40.8000,1.799713
FILLER_11_405,VPWR,li1,192.5100,40.8000,1.799713
FILLER_11_402,VPWR,li1,191.1300,40.8000,1.799727
FILLER_11_393,VPWR,li1,186.5300,40.8000,1.799763
FILLER_11_380,VPWR,li1,180.7800,40.8000,1.799806
FILLER_11_368,VPWR,li1,175.2600,40.8000,1.799854
FILLER_11_345,VPWR,li1,164.4500,40.8000,1.799810
FILLER_11_335,VPWR,li1,159.8500,40.8000,1.799795
FILLER_11_332,VPWR,li1,158.9300,40.8000,1.799787
FILLER_11_329,VPWR,li1,157.5500,40.8000,1.799787
FILLER_11_297,VPWR,li1,142.6000,40.8000,1.799737
FILLER_11_294,VPWR,li1,141.4500,40.8000,1.799737
FILLER_11_287,VPWR,li1,138.0000,40.8000,1.799725
FILLER_11_284,VPWR,li1,136.8500,40.8000,1.799725
FILLER_11_281,VPWR,li1,135.4700,40.8000,1.799720
FILLER_11_256,VPWR,li1,123.9700,40.8000,1.799701
FILLER_11_225,VPWR,li1,109.2500,40.8000,1.799691
FILLER_11_223,VPWR,li1,108.3300,40.8000,1.799691
FILLER_11_220,VPWR,li1,107.4100,40.8000,1.799691
FILLER_11_217,VPWR,li1,106.0300,40.8000,1.799691
FILLER_11_196,VPWR,li1,96.1400,40.8000,1.799696
FILLER_11_172,VPWR,li1,85.3300,40.8000,1.799713
FILLER_11_169,VPWR,li1,83.9500,40.8000,1.799716
FILLER_11_167,VPWR,li1,82.5700,40.8000,1.799716
FILLER_11_164,VPWR,li1,81.6500,40.8000,1.799721
FILLER_11_161,VPWR,li1,80.2700,40.8000,1.799721
FILLER_11_158,VPWR,li1,78.8900,40.8000,1.799727
FILLER_11_155,VPWR,li1,77.5100,40.8000,1.799727
FILLER_11_152,VPWR,li1,76.1300,40.8000,1.799733
FILLER_11_149,VPWR,li1,74.7500,40.8000,1.799733
FILLER_11_146,VPWR,li1,73.3700,40.8000,1.799738
FILLER_11_113,VPWR,li1,57.9600,40.8000,1.799785
FILLER_11_109,VPWR,li1,56.3500,40.8000,1.799792
FILLER_11_106,VPWR,li1,54.9700,40.8000,1.799799
FILLER_11_103,VPWR,li1,53.5900,40.8000,1.799799
FILLER_11_81,VPWR,li1,43.0100,40.8000,1.799845
FILLER_11_78,VPWR,li1,42.0900,40.8000,1.799845
FILLER_11_57,VPWR,li1,32.4300,40.8000,1.799896
FILLER_11_54,VPWR,li1,30.8200,40.8000,1.799896
FILLER_11_44,VPWR,li1,25.9900,40.8000,1.799924
FILLER_11_41,VPWR,li1,25.0700,40.8000,1.799924
FILLER_10_667,VPWR,li1,312.5700,40.8000,1.799255
FILLER_10_648,VPWR,li1,304.0600,40.8000,1.799257
FILLER_10_645,VPWR,li1,302.9100,40.8000,1.799257
FILLER_10_643,VPWR,li1,301.5300,40.8000,1.799258
FILLER_10_599,VPWR,li1,281.5200,40.8000,1.799287
FILLER_10_589,VPWR,li1,276.6900,40.8000,1.799297
FILLER_10_587,VPWR,li1,275.7700,40.8000,1.799302
FILLER_10_584,VPWR,li1,274.8500,40.8000,1.799302
FILLER_10_545,VPWR,li1,256.6800,40.8000,1.799360
FILLER_10_542,VPWR,li1,255.5300,40.8000,1.799369
FILLER_10_539,VPWR,li1,254.1500,40.8000,1.799369
FILLER_10_536,VPWR,li1,252.7700,40.8000,1.799380
FILLER_10_533,VPWR,li1,251.3900,40.8000,1.799380
FILLER_10_531,VPWR,li1,250.0100,40.8000,1.799389
FILLER_10_528,VPWR,li1,249.0900,40.8000,1.799389
FILLER_10_525,VPWR,li1,247.7100,40.8000,1.799400
FILLER_10_509,VPWR,li1,240.3500,40.8000,1.799426
FILLER_10_506,VPWR,li1,238.9700,40.8000,1.799435
FILLER_10_492,VPWR,li1,232.0700,40.8000,1.799466
FILLER_10_489,VPWR,li1,231.1500,40.8000,1.799479
FILLER_10_486,VPWR,li1,229.7700,40.8000,1.799479
FILLER_10_483,VPWR,li1,228.3900,40.8000,1.799495
FILLER_10_480,VPWR,li1,227.0100,40.8000,1.799495
FILLER_10_477,VPWR,li1,225.6300,40.8000,1.799510
FILLER_10_469,VPWR,li1,221.4900,40.8000,1.799525
FILLER_10_462,VPWR,li1,218.5000,40.8000,1.799552
FILLER_10_438,VPWR,li1,207.2300,40.8000,1.799618
FILLER_10_435,VPWR,li1,206.3100,40.8000,1.799618
FILLER_10_432,VPWR,li1,204.9300,40.8000,1.799635
FILLER_10_429,VPWR,li1,203.5500,40.8000,1.799635
FILLER_10_411,VPWR,li1,194.8100,40.8000,1.799696
FILLER_10_390,VPWR,li1,185.1500,40.8000,1.799778
FILLER_10_387,VPWR,li1,184.2300,40.8000,1.799778
FILLER_10_362,VPWR,li1,172.5000,40.8000,1.799837
FILLER_10_359,VPWR,li1,171.3500,40.8000,1.799837
FILLER_10_344,VPWR,li1,164.2200,40.8000,1.799810
FILLER_10_341,VPWR,li1,163.0700,40.8000,1.799801
FILLER_10_338,VPWR,li1,161.6900,40.8000,1.799801
FILLER_10_335,VPWR,li1,160.3100,40.8000,1.799795
FILLER_10_332,VPWR,li1,158.9300,40.8000,1.799787
FILLER_10_309,VPWR,li1,148.1200,40.8000,1.799754
FILLER_10_219,VPWR,li1,106.9500,40.8000,1.799691
FILLER_10_197,VPWR,li1,96.3700,40.8000,1.799696
FILLER_10_173,VPWR,li1,85.5600,40.8000,1.799713
FILLER_10_170,VPWR,li1,84.4100,40.8000,1.799713
FILLER_10_150,VPWR,li1,75.2100,40.8000,1.799733
FILLER_10_147,VPWR,li1,73.8300,40.8000,1.799738
FILLER_10_144,VPWR,li1,72.4500,40.8000,1.799738
FILLER_10_141,VPWR,li1,71.0700,40.8000,1.799744
FILLER_10_138,VPWR,li1,69.4600,40.8000,1.799744
FILLER_10_116,VPWR,li1,59.1100,40.8000,1.799778
FILLER_10_113,VPWR,li1,58.1900,40.8000,1.799785
FILLER_10_110,VPWR,li1,56.8100,40.8000,1.799792
FILLER_10_107,VPWR,li1,55.4300,40.8000,1.799792
FILLER_10_104,VPWR,li1,54.0500,40.8000,1.799799
FILLER_10_101,VPWR,li1,52.6700,40.8000,1.799808
FILLER_10_98,VPWR,li1,51.2900,40.8000,1.799808
FILLER_10_88,VPWR,li1,46.2300,40.8000,1.799828
FILLER_10_85,VPWR,li1,45.3100,40.8000,1.799836
FILLER_10_29,VPWR,li1,19.5500,40.8000,1.799937
FILLER_10_6,VPWR,li1,8.5100,40.8000,1.799932
FILLER_10_3,VPWR,li1,7.5900,40.8000,1.799932
FILLER_9_650,VPWR,li1,304.7500,35.3600,1.799172
FILLER_9_626,VPWR,li1,294.1700,35.3600,1.799184
FILLER_9_613,VPWR,li1,288.1900,35.3600,1.799199
FILLER_9_603,VPWR,li1,283.1300,35.3600,1.799209
FILLER_9_600,VPWR,li1,282.2100,35.3600,1.799209
FILLER_9_597,VPWR,li1,280.8300,35.3600,1.799214
FILLER_9_594,VPWR,li1,279.4500,35.3600,1.799219
FILLER_9_591,VPWR,li1,278.0700,35.3600,1.799219
FILLER_9_588,VPWR,li1,276.6900,35.3600,1.799223
FILLER_9_566,VPWR,li1,266.1100,35.3600,1.799254
FILLER_9_550,VPWR,li1,258.9800,35.3600,1.799282
FILLER_9_547,VPWR,li1,257.8300,35.3600,1.799282
FILLER_9_524,VPWR,li1,247.0200,35.3600,1.799336
FILLER_9_508,VPWR,li1,239.8900,35.3600,1.799364
FILLER_9_505,VPWR,li1,238.5100,35.3600,1.799378
FILLER_9_501,VPWR,li1,236.6700,35.3600,1.799392
FILLER_9_488,VPWR,li1,230.6900,35.3600,1.799419
FILLER_9_485,VPWR,li1,229.3100,35.3600,1.799436
FILLER_9_457,VPWR,li1,216.2000,35.3600,1.799525
FILLER_9_454,VPWR,li1,215.0500,35.3600,1.799525
FILLER_9_446,VPWR,li1,211.1400,35.3600,1.799554
FILLER_9_443,VPWR,li1,209.9900,35.3600,1.799570
FILLER_9_440,VPWR,li1,208.6100,35.3600,1.799583
FILLER_9_437,VPWR,li1,207.2300,35.3600,1.799583
FILLER_9_434,VPWR,li1,205.8500,35.3600,1.799604
FILLER_9_431,VPWR,li1,204.4700,35.3600,1.799604
FILLER_9_409,VPWR,li1,194.1200,35.3600,1.799687
FILLER_9_393,VPWR,li1,186.5300,35.3600,1.799756
FILLER_9_384,VPWR,li1,182.3900,35.3600,1.799795
FILLER_9_381,VPWR,li1,181.4700,35.3600,1.799813
FILLER_9_378,VPWR,li1,180.0900,35.3600,1.799813
FILLER_9_375,VPWR,li1,178.7100,35.3600,1.799835
FILLER_9_337,VPWR,li1,161.2300,35.3600,1.799821
FILLER_9_335,VPWR,li1,159.8500,35.3600,1.799817
FILLER_9_332,VPWR,li1,158.9300,35.3600,1.799817
FILLER_9_329,VPWR,li1,157.5500,35.3600,1.799813
FILLER_9_324,VPWR,li1,155.0200,35.3600,1.799809
FILLER_9_292,VPWR,li1,140.3000,35.3600,1.799783
FILLER_9_281,VPWR,li1,135.4700,35.3600,1.799777
FILLER_9_277,VPWR,li1,133.6300,35.3600,1.799775
FILLER_9_274,VPWR,li1,132.2500,35.3600,1.799773
FILLER_9_264,VPWR,li1,127.1900,35.3600,1.799769
FILLER_9_253,VPWR,li1,122.3600,35.3600,1.799765
FILLER_9_250,VPWR,li1,121.2100,35.3600,1.799764
FILLER_9_228,VPWR,li1,110.6300,35.3600,1.799760
FILLER_9_225,VPWR,li1,109.7100,35.3600,1.799760
FILLER_9_222,VPWR,li1,108.1000,35.3600,1.799760
FILLER_9_203,VPWR,li1,99.3600,35.3600,1.799761
FILLER_9_172,VPWR,li1,84.8700,35.3600,1.799769
FILLER_9_169,VPWR,li1,83.9500,35.3600,1.799771
FILLER_9_145,VPWR,li1,72.6800,35.3600,1.799785
FILLER_9_142,VPWR,li1,71.5300,35.3600,1.799790
FILLER_9_139,VPWR,li1,70.1500,35.3600,1.799790
FILLER_9_136,VPWR,li1,68.7700,35.3600,1.799793
FILLER_9_127,VPWR,li1,64.1700,35.3600,1.799802
FILLER_9_124,VPWR,li1,63.2500,35.3600,1.799802
FILLER_9_121,VPWR,li1,61.8700,35.3600,1.799806
FILLER_9_102,VPWR,li1,52.6700,35.3600,1.799826
FILLER_9_99,VPWR,li1,51.7500,35.3600,1.799832
FILLER_9_96,VPWR,li1,50.3700,35.3600,1.799832
FILLER_9_86,VPWR,li1,45.5400,35.3600,1.799846
FILLER_9_53,VPWR,li1,30.5900,35.3600,1.799894
FILLER_9_43,VPWR,li1,25.7600,35.3600,1.799916
FILLER_9_40,VPWR,li1,24.6100,35.3600,1.799916
FILLER_9_29,VPWR,li1,19.0900,35.3600,1.799931
FILLER_9_26,VPWR,li1,18.1700,35.3600,1.799931
FILLER_9_3,VPWR,li1,7.3600,35.3600,1.799927
FILLER_8_667,VPWR,li1,312.5700,35.3600,1.799170
FILLER_8_645,VPWR,li1,302.4500,35.3600,1.799175
FILLER_8_642,VPWR,li1,301.3000,35.3600,1.799175
FILLER_8_616,VPWR,li1,289.1100,35.3600,1.799194
FILLER_8_613,VPWR,li1,288.1900,35.3600,1.799199
FILLER_8_610,VPWR,li1,286.8100,35.3600,1.799199
FILLER_8_607,VPWR,li1,285.4300,35.3600,1.799205
FILLER_8_604,VPWR,li1,284.0500,35.3600,1.799205
FILLER_8_601,VPWR,li1,282.6700,35.3600,1.799209
FILLER_8_598,VPWR,li1,281.2900,35.3600,1.799214
FILLER_8_595,VPWR,li1,279.9100,35.3600,1.799214
FILLER_8_592,VPWR,li1,278.5300,35.3600,1.799219
FILLER_8_589,VPWR,li1,277.1500,35.3600,1.799223
FILLER_8_560,VPWR,li1,263.5800,35.3600,1.799261
FILLER_8_550,VPWR,li1,258.9800,35.3600,1.799282
FILLER_8_547,VPWR,li1,257.8300,35.3600,1.799282
FILLER_8_544,VPWR,li1,256.4500,35.3600,1.799293
FILLER_8_541,VPWR,li1,255.0700,35.3600,1.799293
FILLER_8_520,VPWR,li1,245.4100,35.3600,1.799336
FILLER_8_517,VPWR,li1,244.0300,35.3600,1.799349
FILLER_8_514,VPWR,li1,242.6500,35.3600,1.799349
FILLER_8_499,VPWR,li1,235.2900,35.3600,1.799392
FILLER_8_496,VPWR,li1,234.3700,35.3600,1.799405
FILLER_8_493,VPWR,li1,232.9900,35.3600,1.799405
FILLER_8_490,VPWR,li1,231.6100,35.3600,1.799419
FILLER_8_459,VPWR,li1,217.3500,35.3600,1.799509
FILLER_8_456,VPWR,li1,215.9700,35.3600,1.799525
FILLER_8_453,VPWR,li1,214.5900,35.3600,1.799539
FILLER_8_450,VPWR,li1,213.2100,35.3600,1.799539
FILLER_8_447,VPWR,li1,211.8300,35.3600,1.799554
FILLER_8_444,VPWR,li1,210.4500,35.3600,1.799570
FILLER_8_441,VPWR,li1,209.0700,35.3600,1.799570
FILLER_8_433,VPWR,li1,205.3900,35.3600,1.799604
FILLER_8_430,VPWR,li1,204.0100,35.3600,1.799620
FILLER_8_427,VPWR,li1,202.6300,35.3600,1.799620
FILLER_8_424,VPWR,li1,201.2500,35.3600,1.799640
FILLER_8_421,VPWR,li1,199.8700,35.3600,1.799640
FILLER_8_417,VPWR,li1,198.0300,35.3600,1.799654
FILLER_8_414,VPWR,li1,196.6500,35.3600,1.799668
FILLER_8_411,VPWR,li1,195.2700,35.3600,1.799687
FILLER_8_408,VPWR,li1,193.8900,35.3600,1.799687
FILLER_8_405,VPWR,li1,192.5100,35.3600,1.799710
FILLER_8_402,VPWR,li1,191.1300,35.3600,1.799710
FILLER_8_399,VPWR,li1,189.7500,35.3600,1.799733
FILLER_8_385,VPWR,li1,182.8500,35.3600,1.799795
FILLER_8_382,VPWR,li1,181.9300,35.3600,1.799795
FILLER_8_379,VPWR,li1,180.5500,35.3600,1.799813
FILLER_8_376,VPWR,li1,179.1700,35.3600,1.799835
FILLER_8_373,VPWR,li1,177.7900,35.3600,1.799835
FILLER_8_363,VPWR,li1,172.7300,35.3600,1.799845
FILLER_8_355,VPWR,li1,169.5100,35.3600,1.799839
FILLER_8_352,VPWR,li1,168.1300,35.3600,1.799833
FILLER_8_349,VPWR,li1,166.7500,35.3600,1.799833
FILLER_8_346,VPWR,li1,165.3700,35.3600,1.799827
FILLER_8_343,VPWR,li1,163.9900,35.3600,1.799827
FILLER_8_340,VPWR,li1,162.6100,35.3600,1.799821
FILLER_8_337,VPWR,li1,161.2300,35.3600,1.799821
FILLER_8_334,VPWR,li1,159.8500,35.3600,1.799817
FILLER_8_331,VPWR,li1,158.4700,35.3600,1.799813
FILLER_8_328,VPWR,li1,157.0900,35.3600,1.799813
FILLER_8_325,VPWR,li1,155.7100,35.3600,1.799809
FILLER_8_307,VPWR,li1,146.9700,35.3600,1.799793
FILLER_8_304,VPWR,li1,146.0500,35.3600,1.799793
FILLER_8_273,VPWR,li1,131.5600,35.3600,1.799773
FILLER_8_270,VPWR,li1,130.4100,35.3600,1.799771
FILLER_8_267,VPWR,li1,129.0300,35.3600,1.799771
FILLER_8_264,VPWR,li1,127.6500,35.3600,1.799769
FILLER_8_261,VPWR,li1,126.2700,35.3600,1.799767
FILLER_8_251,VPWR,li1,121.2100,35.3600,1.799764
FILLER_8_248,VPWR,li1,120.2900,35.3600,1.799764
FILLER_8_238,VPWR,li1,115.2300,35.3600,1.799761
FILLER_8_235,VPWR,li1,114.3100,35.3600,1.799761
FILLER_8_232,VPWR,li1,112.9300,35.3600,1.799761
FILLER_8_229,VPWR,li1,111.5500,35.3600,1.799760
FILLER_8_226,VPWR,li1,110.1700,35.3600,1.799760
FILLER_8_223,VPWR,li1,108.7900,35.3600,1.799760
FILLER_8_220,VPWR,li1,107.4100,35.3600,1.799760
FILLER_8_217,VPWR,li1,106.0300,35.3600,1.799760
FILLER_8_214,VPWR,li1,104.6500,35.3600,1.799760
FILLER_8_211,VPWR,li1,103.2700,35.3600,1.799760
FILLER_8_208,VPWR,li1,101.8900,35.3600,1.799760
FILLER_8_205,VPWR,li1,100.5100,35.3600,1.799760
FILLER_8_186,VPWR,li1,91.3100,35.3600,1.799764
FILLER_8_183,VPWR,li1,90.3900,35.3600,1.799766
FILLER_8_180,VPWR,li1,89.0100,35.3600,1.799766
FILLER_8_177,VPWR,li1,87.6300,35.3600,1.799767
FILLER_8_174,VPWR,li1,86.2500,35.3600,1.799769
FILLER_8_171,VPWR,li1,84.8700,35.3600,1.799769
FILLER_8_168,VPWR,li1,83.4900,35.3600,1.799771
FILLER_8_144,VPWR,li1,72.4500,35.3600,1.799785
FILLER_8_141,VPWR,li1,71.0700,35.3600,1.799790
FILLER_8_138,VPWR,li1,69.4600,35.3600,1.799793
FILLER_8_135,VPWR,li1,68.3100,35.3600,1.799793
FILLER_8_132,VPWR,li1,66.9300,35.3600,1.799798
FILLER_8_129,VPWR,li1,65.5500,35.3600,1.799798
FILLER_8_126,VPWR,li1,64.1700,35.3600,1.799802
FILLER_8_94,VPWR,li1,49.2200,35.3600,1.799838
FILLER_8_91,VPWR,li1,48.0700,35.3600,1.799838
FILLER_8_88,VPWR,li1,46.6900,35.3600,1.799846
FILLER_8_85,VPWR,li1,45.3100,35.3600,1.799846
FILLER_8_82,VPWR,li1,43.7000,35.3600,1.799851
FILLER_8_69,VPWR,li1,37.9500,35.3600,1.799872
FILLER_8_66,VPWR,li1,36.5700,35.3600,1.799872
FILLER_8_56,VPWR,li1,31.5100,35.3600,1.799894
FILLER_8_53,VPWR,li1,30.5900,35.3600,1.799894
FILLER_8_50,VPWR,li1,29.2100,35.3600,1.799903
FILLER_8_26,VPWR,li1,17.9400,35.3600,1.799931
FILLER_8_3,VPWR,li1,7.3600,35.3600,1.799927
FILLER_7_658,VPWR,li1,308.6600,29.9200,1.799229
FILLER_7_655,VPWR,li1,307.5100,29.9200,1.799230
FILLER_7_625,VPWR,li1,293.2500,29.9200,1.799244
FILLER_7_613,VPWR,li1,288.1900,29.9200,1.799252
FILLER_7_589,VPWR,li1,277.1500,29.9200,1.799281
FILLER_7_586,VPWR,li1,275.7700,29.9200,1.799287
FILLER_7_583,VPWR,li1,274.3900,29.9200,1.799294
FILLER_7_580,VPWR,li1,273.0100,29.9200,1.799294
FILLER_7_564,VPWR,li1,265.6500,29.9200,1.799324
FILLER_7_561,VPWR,li1,264.2700,29.9200,1.799324
FILLER_7_558,VPWR,li1,262.6600,29.9200,1.799330
FILLER_7_555,VPWR,li1,261.5100,29.9200,1.799340
FILLER_7_552,VPWR,li1,260.1300,29.9200,1.799340
FILLER_7_549,VPWR,li1,258.7500,29.9200,1.799349
FILLER_7_546,VPWR,li1,257.3700,29.9200,1.799349
FILLER_7_523,VPWR,li1,246.5600,29.9200,1.799395
FILLER_7_520,VPWR,li1,245.4100,29.9200,1.799407
FILLER_7_517,VPWR,li1,244.0300,29.9200,1.799407
FILLER_7_514,VPWR,li1,242.6500,29.9200,1.799416
FILLER_7_511,VPWR,li1,241.2700,29.9200,1.799428
FILLER_7_508,VPWR,li1,239.8900,29.9200,1.799428
FILLER_7_505,VPWR,li1,238.5100,29.9200,1.799437
FILLER_7_496,VPWR,li1,234.1400,29.9200,1.799462
FILLER_7_493,VPWR,li1,232.9900,29.9200,1.799473
FILLER_7_490,VPWR,li1,231.6100,29.9200,1.799473
FILLER_7_487,VPWR,li1,230.2300,29.9200,1.799489
FILLER_7_484,VPWR,li1,228.8500,29.9200,1.799489
FILLER_7_470,VPWR,li1,221.9500,29.9200,1.799533
FILLER_7_467,VPWR,li1,221.0300,29.9200,1.799549
FILLER_7_464,VPWR,li1,219.6500,29.9200,1.799549
FILLER_7_461,VPWR,li1,218.2700,29.9200,1.799567
FILLER_7_458,VPWR,li1,216.8900,29.9200,1.799567
FILLER_7_455,VPWR,li1,215.5100,29.9200,1.799586
FILLER_7_452,VPWR,li1,214.1300,29.9200,1.799586
FILLER_7_449,VPWR,li1,212.7500,29.9200,1.799604
FILLER_7_447,VPWR,li1,211.3700,29.9200,1.799604
FILLER_7_444,VPWR,li1,210.4500,29.9200,1.799617
FILLER_7_441,VPWR,li1,209.0700,29.9200,1.799629
FILLER_7_438,VPWR,li1,207.6900,29.9200,1.799629
FILLER_7_435,VPWR,li1,206.3100,29.9200,1.799645
FILLER_7_432,VPWR,li1,204.9300,29.9200,1.799657
FILLER_7_429,VPWR,li1,203.5500,29.9200,1.799657
FILLER_7_426,VPWR,li1,202.1700,29.9200,1.799676
FILLER_7_423,VPWR,li1,200.7900,29.9200,1.799676
FILLER_7_420,VPWR,li1,199.4100,29.9200,1.799692
FILLER_7_417,VPWR,li1,198.0300,29.9200,1.799705
FILLER_7_414,VPWR,li1,196.6500,29.9200,1.799705
FILLER_7_411,VPWR,li1,195.2700,29.9200,1.799725
FILLER_7_408,VPWR,li1,193.8900,29.9200,1.799725
FILLER_7_405,VPWR,li1,192.5100,29.9200,1.799745
FILLER_7_402,VPWR,li1,191.1300,29.9200,1.799745
FILLER_7_399,VPWR,li1,189.7500,29.9200,1.799761
FILLER_7_396,VPWR,li1,188.3700,29.9200,1.799776
FILLER_7_393,VPWR,li1,186.9900,29.9200,1.799776
FILLER_7_389,VPWR,li1,185.1500,29.9200,1.799793
FILLER_7_386,VPWR,li1,183.7700,29.9200,1.799811
FILLER_7_383,VPWR,li1,182.3900,29.9200,1.799811
FILLER_7_380,VPWR,li1,181.0100,29.9200,1.799832
FILLER_7_377,VPWR,li1,179.6300,29.9200,1.799832
FILLER_7_369,VPWR,li1,175.9500,29.9200,1.799862
FILLER_7_366,VPWR,li1,174.5700,29.9200,1.799877
FILLER_7_363,VPWR,li1,173.1900,29.9200,1.799869
FILLER_7_360,VPWR,li1,171.8100,29.9200,1.799862
FILLER_7_357,VPWR,li1,170.4300,29.9200,1.799862
FILLER_7_354,VPWR,li1,169.0500,29.9200,1.799850
FILLER_7_351,VPWR,li1,167.6700,29.9200,1.799850
FILLER_7_348,VPWR,li1,166.2900,29.9200,1.799840
FILLER_7_345,VPWR,li1,164.9100,29.9200,1.799840
FILLER_7_337,VPWR,li1,161.0000,29.9200,1.799819
FILLER_7_333,VPWR,li1,159.3900,29.9200,1.799819
FILLER_7_323,VPWR,li1,154.5600,29.9200,1.799801
FILLER_7_284,VPWR,li1,136.6200,29.9200,1.799753
FILLER_7_281,VPWR,li1,135.4700,29.9200,1.799751
FILLER_7_269,VPWR,li1,129.7200,29.9200,1.799749
FILLER_7_266,VPWR,li1,128.5700,29.9200,1.799749
FILLER_7_228,VPWR,li1,110.8600,29.9200,1.799752
FILLER_7_225,VPWR,li1,109.7100,29.9200,1.799755
FILLER_7_223,VPWR,li1,108.3300,29.9200,1.799755
FILLER_7_220,VPWR,li1,107.4100,29.9200,1.799757
FILLER_7_217,VPWR,li1,106.0300,29.9200,1.799757
FILLER_7_214,VPWR,li1,104.6500,29.9200,1.799759
FILLER_7_211,VPWR,li1,103.2700,29.9200,1.799762
FILLER_7_208,VPWR,li1,101.8900,29.9200,1.799762
FILLER_7_205,VPWR,li1,100.5100,29.9200,1.799764
FILLER_7_196,VPWR,li1,95.9100,29.9200,1.799770
FILLER_7_193,VPWR,li1,94.9900,29.9200,1.799770
FILLER_7_190,VPWR,li1,93.6100,29.9200,1.799772
FILLER_7_187,VPWR,li1,92.2300,29.9200,1.799775
FILLER_7_184,VPWR,li1,90.8500,29.9200,1.799775
FILLER_7_181,VPWR,li1,89.4700,29.9200,1.799777
FILLER_7_178,VPWR,li1,88.0900,29.9200,1.799780
FILLER_7_175,VPWR,li1,86.7100,29.9200,1.799780
FILLER_7_172,VPWR,li1,85.3300,29.9200,1.799782
FILLER_7_169,VPWR,li1,83.9500,29.9200,1.799785
FILLER_7_167,VPWR,li1,82.5700,29.9200,1.799785
FILLER_7_164,VPWR,li1,81.6500,29.9200,1.799788
FILLER_7_161,VPWR,li1,80.2700,29.9200,1.799788
FILLER_7_150,VPWR,li1,74.7500,29.9200,1.799798
FILLER_7_147,VPWR,li1,73.8300,29.9200,1.799803
FILLER_7_144,VPWR,li1,72.4500,29.9200,1.799803
FILLER_7_141,VPWR,li1,71.0700,29.9200,1.799809
FILLER_7_138,VPWR,li1,69.6900,29.9200,1.799809
FILLER_7_135,VPWR,li1,68.3100,29.9200,1.799815
FILLER_7_132,VPWR,li1,66.9300,29.9200,1.799815
FILLER_7_113,VPWR,li1,57.7300,29.9200,1.799841
FILLER_7_110,VPWR,li1,56.5800,29.9200,1.799841
FILLER_7_107,VPWR,li1,55.4300,29.9200,1.799849
FILLER_7_104,VPWR,li1,54.0500,29.9200,1.799849
FILLER_7_101,VPWR,li1,52.6700,29.9200,1.799857
FILLER_7_98,VPWR,li1,51.2900,29.9200,1.799857
FILLER_7_95,VPWR,li1,49.9100,29.9200,1.799863
FILLER_7_92,VPWR,li1,48.5300,29.9200,1.799870
FILLER_7_89,VPWR,li1,47.1500,29.9200,1.799870
FILLER_7_86,VPWR,li1,45.7700,29.9200,1.799876
FILLER_7_75,VPWR,li1,40.7100,29.9200,1.799890
FILLER_7_72,VPWR,li1,39.3300,29.9200,1.799899
FILLER_7_69,VPWR,li1,37.9500,29.9200,1.799899
FILLER_7_66,VPWR,li1,36.5700,29.9200,1.799904
FILLER_7_63,VPWR,li1,35.1900,29.9200,1.799912
FILLER_7_60,VPWR,li1,33.8100,29.9200,1.799912
FILLER_7_57,VPWR,li1,32.4300,29.9200,1.799921
FILLER_7_54,VPWR,li1,30.8200,29.9200,1.799921
FILLER_7_51,VPWR,li1,29.6700,29.9200,1.799930
FILLER_7_48,VPWR,li1,28.2900,29.9200,1.799930
FILLER_7_33,VPWR,li1,20.9300,29.9200,1.799957
FILLER_7_30,VPWR,li1,20.0100,29.9200,1.799956
FILLER_7_12,VPWR,li1,11.2700,29.9200,1.799954
FILLER_7_9,VPWR,li1,10.3500,29.9200,1.799954
FILLER_7_6,VPWR,li1,8.9700,29.9200,1.799954
FILLER_7_3,VPWR,li1,7.5900,29.9200,1.799954
FILLER_6_656,VPWR,li1,307.5100,29.9200,1.799230
FILLER_6_653,VPWR,li1,306.5900,29.9200,1.799230
FILLER_6_643,VPWR,li1,301.5300,29.9200,1.799232
FILLER_6_634,VPWR,li1,297.3900,29.9200,1.799237
FILLER_6_602,VPWR,li1,282.9000,29.9200,1.799265
FILLER_6_592,VPWR,li1,278.0700,29.9200,1.799281
FILLER_6_589,VPWR,li1,277.1500,29.9200,1.799281
FILLER_6_585,VPWR,li1,275.3100,29.9200,1.799287
FILLER_6_575,VPWR,li1,270.4800,29.9200,1.799302
FILLER_6_560,VPWR,li1,263.8100,29.9200,1.799330
FILLER_6_557,VPWR,li1,262.4300,29.9200,1.799330
FILLER_6_547,VPWR,li1,257.6000,29.9200,1.799349
FILLER_6_544,VPWR,li1,256.4500,29.9200,1.799358
FILLER_6_541,VPWR,li1,255.0700,29.9200,1.799358
FILLER_6_513,VPWR,li1,242.1900,29.9200,1.799416
FILLER_6_510,VPWR,li1,240.8100,29.9200,1.799428
FILLER_6_507,VPWR,li1,239.4300,29.9200,1.799437
FILLER_6_504,VPWR,li1,238.0500,29.9200,1.799437
FILLER_6_497,VPWR,li1,234.6000,29.9200,1.799462
FILLER_6_494,VPWR,li1,233.4500,29.9200,1.799462
FILLER_6_480,VPWR,li1,226.5500,29.9200,1.799509
FILLER_6_477,VPWR,li1,225.6300,29.9200,1.799509
FILLER_6_473,VPWR,li1,223.7900,29.9200,1.799521
FILLER_6_470,VPWR,li1,222.4100,29.9200,1.799533
FILLER_6_467,VPWR,li1,221.0300,29.9200,1.799549
FILLER_6_464,VPWR,li1,219.6500,29.9200,1.799549
FILLER_6_461,VPWR,li1,218.2700,29.9200,1.799567
FILLER_6_458,VPWR,li1,216.8900,29.9200,1.799567
FILLER_6_455,VPWR,li1,215.5100,29.9200,1.799586
FILLER_6_452,VPWR,li1,214.1300,29.9200,1.799586
FILLER_6_445,VPWR,li1,210.6800,29.9200,1.799617
FILLER_6_442,VPWR,li1,209.5300,29.9200,1.799617
FILLER_6_439,VPWR,li1,208.1500,29.9200,1.799629
FILLER_6_436,VPWR,li1,206.7700,29.9200,1.799645
FILLER_6_433,VPWR,li1,205.3900,29.9200,1.799645
FILLER_6_430,VPWR,li1,204.0100,29.9200,1.799657
FILLER_6_424,VPWR,li1,200.7900,29.9200,1.799676
FILLER_6_421,VPWR,li1,199.8700,29.9200,1.799692
FILLER_6_419,VPWR,li1,198.4900,29.9200,1.799692
FILLER_6_411,VPWR,li1,195.2700,29.9200,1.799725
FILLER_6_408,VPWR,li1,193.8900,29.9200,1.799725
FILLER_6_405,VPWR,li1,192.5100,29.9200,1.799745
FILLER_6_391,VPWR,li1,185.6100,29.9200,1.799793
FILLER_6_388,VPWR,li1,184.6900,29.9200,1.799793
FILLER_6_374,VPWR,li1,178.0200,29.9200,1.799847
FILLER_6_371,VPWR,li1,176.8700,29.9200,1.799862
FILLER_6_368,VPWR,li1,175.4900,29.9200,1.799877
FILLER_6_365,VPWR,li1,174.1100,29.9200,1.799877
FILLER_6_361,VPWR,li1,172.2700,29.9200,1.799869
FILLER_6_358,VPWR,li1,170.8900,29.9200,1.799862
FILLER_6_348,VPWR,li1,165.8300,29.9200,1.799840
FILLER_6_345,VPWR,li1,164.9100,29.9200,1.799840
FILLER_6_334,VPWR,li1,159.8500,29.9200,1.799819
FILLER_6_309,VPWR,li1,148.3500,29.9200,1.799775
FILLER_6_306,VPWR,li1,146.7400,29.9200,1.799775
FILLER_6_303,VPWR,li1,145.5900,29.9200,1.799768
FILLER_6_270,VPWR,li1,130.4100,29.9200,1.799749
FILLER_6_267,VPWR,li1,129.0300,29.9200,1.799749
FILLER_6_264,VPWR,li1,127.6500,29.9200,1.799748
FILLER_6_261,VPWR,li1,126.2700,29.9200,1.799748
FILLER_6_228,VPWR,li1,111.0900,29.9200,1.799752
FILLER_6_225,VPWR,li1,109.7100,29.9200,1.799755
FILLER_6_222,VPWR,li1,108.3300,29.9200,1.799755
FILLER_6_219,VPWR,li1,106.9500,29.9200,1.799757
FILLER_6_216,VPWR,li1,105.5700,29.9200,1.799759
FILLER_6_213,VPWR,li1,104.1900,29.9200,1.799759
FILLER_6_210,VPWR,li1,102.8100,29.9200,1.799762
FILLER_6_200,VPWR,li1,97.7500,29.9200,1.799767
FILLER_6_197,VPWR,li1,96.8300,29.9200,1.799767
FILLER_6_195,VPWR,li1,95.4500,29.9200,1.799770
FILLER_6_192,VPWR,li1,94.5300,29.9200,1.799772
FILLER_6_189,VPWR,li1,93.1500,29.9200,1.799772
FILLER_6_186,VPWR,li1,91.7700,29.9200,1.799775
FILLER_6_183,VPWR,li1,90.3900,29.9200,1.799777
FILLER_6_180,VPWR,li1,89.0100,29.9200,1.799777
FILLER_6_177,VPWR,li1,87.6300,29.9200,1.799780
FILLER_6_174,VPWR,li1,86.2500,29.9200,1.799782
FILLER_6_171,VPWR,li1,84.8700,29.9200,1.799782
FILLER_6_153,VPWR,li1,76.1300,29.9200,1.799798
FILLER_6_150,VPWR,li1,75.2100,29.9200,1.799798
FILLER_6_147,VPWR,li1,73.8300,29.9200,1.799803
FILLER_6_144,VPWR,li1,72.4500,29.9200,1.799803
FILLER_6_141,VPWR,li1,71.0700,29.9200,1.799809
FILLER_6_139,VPWR,li1,69.6900,29.9200,1.799809
FILLER_6_100,VPWR,li1,51.9800,29.9200,1.799857
FILLER_6_97,VPWR,li1,50.8300,29.9200,1.799863
FILLER_6_94,VPWR,li1,49.4500,29.9200,1.799863
FILLER_6_91,VPWR,li1,48.0700,29.9200,1.799870
FILLER_6_88,VPWR,li1,46.6900,29.9200,1.799876
FILLER_6_85,VPWR,li1,45.3100,29.9200,1.799876
FILLER_6_68,VPWR,li1,37.2600,29.9200,1.799904
FILLER_6_65,VPWR,li1,36.1100,29.9200,1.799904
FILLER_6_55,VPWR,li1,31.2800,29.9200,1.799921
FILLER_6_32,VPWR,li1,20.4700,29.9200,1.799957
FILLER_6_29,VPWR,li1,19.5500,29.9200,1.799956
FILLER_6_25,VPWR,li1,17.7100,29.9200,1.799955
FILLER_6_22,VPWR,li1,16.3300,29.9200,1.799955
FILLER_6_19,VPWR,li1,14.9500,29.9200,1.799955
FILLER_6_9,VPWR,li1,10.1200,29.9200,1.799954
FILLER_6_6,VPWR,li1,8.9700,29.9200,1.799954
FILLER_6_3,VPWR,li1,7.5900,29.9200,1.799954
FILLER_5_667,VPWR,li1,312.5700,24.4800,1.798843
FILLER_5_645,VPWR,li1,302.4500,24.4800,1.798851
FILLER_5_617,VPWR,li1,289.5700,24.4800,1.798872
FILLER_5_615,VPWR,li1,288.6500,24.4800,1.798872
FILLER_5_596,VPWR,li1,280.1400,24.4800,1.798899
FILLER_5_593,VPWR,li1,278.9900,24.4800,1.798910
FILLER_5_590,VPWR,li1,277.6100,24.4800,1.798910
FILLER_5_558,VPWR,li1,262.6600,24.4800,1.798993
FILLER_5_555,VPWR,li1,261.5100,24.4800,1.798993
FILLER_5_508,VPWR,li1,239.6600,24.4800,1.799152
FILLER_5_505,VPWR,li1,238.5100,24.4800,1.799152
FILLER_5_501,VPWR,li1,236.6700,24.4800,1.799167
FILLER_5_498,VPWR,li1,235.2900,24.4800,1.799185
FILLER_5_495,VPWR,li1,233.9100,24.4800,1.799200
FILLER_5_492,VPWR,li1,232.5300,24.4800,1.799200
FILLER_5_484,VPWR,li1,228.3900,24.4800,1.799244
FILLER_5_465,VPWR,li1,219.6500,24.4800,1.799328
FILLER_5_462,VPWR,li1,218.7300,24.4800,1.799328
FILLER_5_459,VPWR,li1,217.3500,24.4800,1.799356
FILLER_5_456,VPWR,li1,215.9700,24.4800,1.799356
FILLER_5_438,VPWR,li1,207.6900,24.4800,1.799444
FILLER_5_423,VPWR,li1,200.5600,24.4800,1.799523
FILLER_5_420,VPWR,li1,199.4100,24.4800,1.799546
FILLER_5_389,VPWR,li1,185.1500,24.4800,1.799719
FILLER_5_386,VPWR,li1,183.7700,24.4800,1.799719
FILLER_5_383,VPWR,li1,182.3900,24.4800,1.799742
FILLER_5_380,VPWR,li1,181.0100,24.4800,1.799771
FILLER_5_377,VPWR,li1,179.6300,24.4800,1.799771
FILLER_5_374,VPWR,li1,178.2500,24.4800,1.799806
FILLER_5_371,VPWR,li1,176.8700,24.4800,1.799806
FILLER_5_368,VPWR,li1,175.4900,24.4800,1.799841
FILLER_5_365,VPWR,li1,174.1100,24.4800,1.799841
FILLER_5_362,VPWR,li1,172.7300,24.4800,1.799835
FILLER_5_348,VPWR,li1,165.8300,24.4800,1.799813
FILLER_5_345,VPWR,li1,164.9100,24.4800,1.799813
FILLER_5_333,VPWR,li1,159.3900,24.4800,1.799798
FILLER_5_322,VPWR,li1,154.1000,24.4800,1.799785
FILLER_5_312,VPWR,li1,149.2700,24.4800,1.799775
FILLER_5_309,VPWR,li1,148.3500,24.4800,1.799771
FILLER_5_306,VPWR,li1,146.9700,24.4800,1.799771
FILLER_5_297,VPWR,li1,142.3700,24.4800,1.799762
FILLER_5_287,VPWR,li1,137.7700,24.4800,1.799753
FILLER_5_284,VPWR,li1,136.8500,24.4800,1.799753
FILLER_5_281,VPWR,li1,135.4700,24.4800,1.799749
FILLER_5_271,VPWR,li1,130.4100,24.4800,1.799742
FILLER_5_268,VPWR,li1,129.4900,24.4800,1.799742
FILLER_5_259,VPWR,li1,124.8900,24.4800,1.799738
FILLER_5_225,VPWR,li1,109.7100,24.4800,1.799731
FILLER_5_222,VPWR,li1,108.1000,24.4800,1.799731
FILLER_5_219,VPWR,li1,106.9500,24.4800,1.799731
FILLER_5_209,VPWR,li1,102.1200,24.4800,1.799731
FILLER_5_180,VPWR,li1,88.5500,24.4800,1.799744
FILLER_5_177,VPWR,li1,87.6300,24.4800,1.799744
FILLER_5_134,VPWR,li1,67.6200,24.4800,1.799783
FILLER_5_116,VPWR,li1,59.1100,24.4800,1.799806
FILLER_5_113,VPWR,li1,58.1900,24.4800,1.799813
FILLER_5_111,VPWR,li1,56.8100,24.4800,1.799813
FILLER_5_108,VPWR,li1,55.8900,24.4800,1.799821
FILLER_5_105,VPWR,li1,54.5100,24.4800,1.799821
FILLER_5_102,VPWR,li1,53.1300,24.4800,1.799827
FILLER_5_99,VPWR,li1,51.7500,24.4800,1.799835
FILLER_5_96,VPWR,li1,50.3700,24.4800,1.799835
FILLER_5_66,VPWR,li1,36.1100,24.4800,1.799884
FILLER_5_53,VPWR,li1,30.5900,24.4800,1.799907
FILLER_5_15,VPWR,li1,12.6500,24.4800,1.799942
FILLER_5_12,VPWR,li1,11.7300,24.4800,1.799942
FILLER_5_9,VPWR,li1,10.3500,24.4800,1.799942
FILLER_5_6,VPWR,li1,8.9700,24.4800,1.799942
FILLER_5_3,VPWR,li1,7.5900,24.4800,1.799942
FILLER_4_659,VPWR,li1,308.8900,24.4800,1.798844
FILLER_4_645,VPWR,li1,302.6800,24.4800,1.798851
FILLER_4_641,VPWR,li1,301.0700,24.4800,1.798854
FILLER_4_638,VPWR,li1,299.6900,24.4800,1.798854
FILLER_4_619,VPWR,li1,290.7200,24.4800,1.798867
FILLER_4_616,VPWR,li1,289.5700,24.4800,1.798872
FILLER_4_606,VPWR,li1,284.5100,24.4800,1.798881
FILLER_4_603,VPWR,li1,283.5900,24.4800,1.798891
FILLER_4_600,VPWR,li1,282.2100,24.4800,1.798891
FILLER_4_597,VPWR,li1,280.8300,24.4800,1.798899
FILLER_4_585,VPWR,li1,275.3100,24.4800,1.798921
FILLER_4_545,VPWR,li1,256.9100,24.4800,1.799031
FILLER_4_542,VPWR,li1,255.5300,24.4800,1.799031
FILLER_4_509,VPWR,li1,240.1200,24.4800,1.799152
FILLER_4_499,VPWR,li1,235.2900,24.4800,1.799185
FILLER_4_496,VPWR,li1,234.3700,24.4800,1.799185
FILLER_4_493,VPWR,li1,232.9900,24.4800,1.799200
FILLER_4_477,VPWR,li1,225.1700,24.4800,1.799267
FILLER_4_468,VPWR,li1,221.0300,24.4800,1.799305
FILLER_4_465,VPWR,li1,220.1100,24.4800,1.799328
FILLER_4_436,VPWR,li1,206.7700,24.4800,1.799469
FILLER_4_433,VPWR,li1,205.3900,24.4800,1.799469
FILLER_4_430,VPWR,li1,204.0100,24.4800,1.799500
FILLER_4_427,VPWR,li1,202.6300,24.4800,1.799500
FILLER_4_419,VPWR,li1,198.4900,24.4800,1.799546
FILLER_4_408,VPWR,li1,193.8900,24.4800,1.799597
FILLER_4_394,VPWR,li1,186.9900,24.4800,1.799690
FILLER_4_391,VPWR,li1,186.0700,24.4800,1.799690
FILLER_4_388,VPWR,li1,184.6900,24.4800,1.799719
FILLER_4_385,VPWR,li1,183.3100,24.4800,1.799742
FILLER_4_382,VPWR,li1,181.9300,24.4800,1.799742
FILLER_4_379,VPWR,li1,180.5500,24.4800,1.799771
FILLER_4_368,VPWR,li1,175.4900,24.4800,1.799841
FILLER_4_365,VPWR,li1,174.1100,24.4800,1.799841
FILLER_4_361,VPWR,li1,172.2700,24.4800,1.799835
FILLER_4_349,VPWR,li1,166.5200,24.4800,1.799813
FILLER_4_346,VPWR,li1,165.3700,24.4800,1.799813
FILLER_4_336,VPWR,li1,160.5400,24.4800,1.799798
FILLER_4_333,VPWR,li1,159.3900,24.4800,1.799798
FILLER_4_309,VPWR,li1,148.3500,24.4800,1.799771
FILLER_4_270,VPWR,li1,129.9500,24.4800,1.799742
FILLER_4_267,VPWR,li1,129.0300,24.4800,1.799742
FILLER_4_264,VPWR,li1,127.6500,24.4800,1.799740
FILLER_4_253,VPWR,li1,122.5900,24.4800,1.799736
FILLER_4_249,VPWR,li1,120.7500,24.4800,1.799734
FILLER_4_227,VPWR,li1,110.1700,24.4800,1.799731
FILLER_4_224,VPWR,li1,109.2500,24.4800,1.799731
FILLER_4_221,VPWR,li1,107.8700,24.4800,1.799731
FILLER_4_218,VPWR,li1,106.4900,24.4800,1.799731
FILLER_4_144,VPWR,li1,72.4500,24.4800,1.799772
FILLER_4_141,VPWR,li1,71.0700,24.4800,1.799778
FILLER_4_128,VPWR,li1,65.0900,24.4800,1.799790
FILLER_4_104,VPWR,li1,54.0500,24.4800,1.799827
FILLER_4_101,VPWR,li1,52.6700,24.4800,1.799827
FILLER_4_60,VPWR,li1,33.8100,24.4800,1.799894
FILLER_4_25,VPWR,li1,17.7100,24.4800,1.799943
FILLER_4_22,VPWR,li1,16.3300,24.4800,1.799943
FILLER_4_12,VPWR,li1,11.2700,24.4800,1.799942
FILLER_4_9,VPWR,li1,10.3500,24.4800,1.799942
FILLER_4_6,VPWR,li1,8.9700,24.4800,1.799942
FILLER_4_3,VPWR,li1,7.5900,24.4800,1.799942
FILLER_3_659,VPWR,li1,308.8900,19.0400,1.798570
FILLER_3_627,VPWR,li1,294.6300,19.0400,1.798589
FILLER_3_617,VPWR,li1,289.5700,19.0400,1.798603
FILLER_3_606,VPWR,li1,284.7400,19.0400,1.798615
FILLER_3_603,VPWR,li1,283.5900,19.0400,1.798621
FILLER_3_593,VPWR,li1,278.5300,19.0400,1.798636
FILLER_3_570,VPWR,li1,268.1800,19.0400,1.798678
FILLER_3_489,VPWR,li1,230.9200,19.0400,1.798930
FILLER_3_486,VPWR,li1,229.7700,19.0400,1.798930
FILLER_3_440,VPWR,li1,208.6100,19.0400,1.799215
FILLER_3_437,VPWR,li1,207.2300,19.0400,1.799215
FILLER_3_396,VPWR,li1,188.1400,19.0400,1.799571
FILLER_3_393,VPWR,li1,186.9900,19.0400,1.799571
FILLER_3_391,VPWR,li1,185.6100,19.0400,1.799604
FILLER_3_388,VPWR,li1,184.6900,19.0400,1.799604
FILLER_3_352,VPWR,li1,167.6700,19.0400,1.799740
FILLER_3_349,VPWR,li1,166.7500,19.0400,1.799731
FILLER_3_346,VPWR,li1,165.3700,19.0400,1.799731
FILLER_3_305,VPWR,li1,146.0500,19.0400,1.799665
FILLER_3_302,VPWR,li1,145.1300,19.0400,1.799658
FILLER_3_299,VPWR,li1,143.7500,19.0400,1.799658
FILLER_3_271,VPWR,li1,130.4100,19.0400,1.799625
FILLER_3_231,VPWR,li1,112.2400,19.0400,1.799602
FILLER_3_228,VPWR,li1,111.0900,19.0400,1.799602
FILLER_3_225,VPWR,li1,109.7100,19.0400,1.799601
FILLER_3_181,VPWR,li1,89.0100,19.0400,1.799623
FILLER_3_178,VPWR,li1,88.0900,19.0400,1.799623
FILLER_3_116,VPWR,li1,59.1100,19.0400,1.799719
FILLER_3_113,VPWR,li1,58.1900,19.0400,1.799727
FILLER_3_101,VPWR,li1,52.6700,19.0400,1.799748
FILLER_3_98,VPWR,li1,51.2900,19.0400,1.799759
FILLER_3_57,VPWR,li1,32.2000,19.0400,1.799859
FILLER_3_53,VPWR,li1,30.5900,19.0400,1.799870
FILLER_3_9,VPWR,li1,10.1200,19.0400,1.799914
FILLER_3_6,VPWR,li1,8.9700,19.0400,1.799914
FILLER_2_658,VPWR,li1,308.6600,19.0400,1.798570
FILLER_2_645,VPWR,li1,302.6800,19.0400,1.798578
FILLER_2_642,VPWR,li1,301.3000,19.0400,1.798578
FILLER_2_589,VPWR,li1,277.1500,19.0400,1.798645
FILLER_2_520,VPWR,li1,245.4100,19.0400,1.798810
FILLER_2_517,VPWR,li1,244.0300,19.0400,1.798829
FILLER_2_480,VPWR,li1,227.0100,19.0400,1.798970
FILLER_2_477,VPWR,li1,225.6300,19.0400,1.798970
FILLER_2_473,VPWR,li1,223.7900,19.0400,1.798990
FILLER_2_459,VPWR,li1,217.3500,19.0400,1.799067
FILLER_2_445,VPWR,li1,210.4500,19.0400,1.799165
FILLER_2_437,VPWR,li1,206.7700,19.0400,1.799249
FILLER_2_434,VPWR,li1,205.8500,19.0400,1.799249
FILLER_2_431,VPWR,li1,204.4700,19.0400,1.799283
FILLER_2_428,VPWR,li1,203.0900,19.0400,1.799283
FILLER_2_418,VPWR,li1,198.2600,19.0400,1.799364
FILLER_2_404,VPWR,li1,191.5900,19.0400,1.799480
FILLER_2_401,VPWR,li1,190.6700,19.0400,1.799521
FILLER_2_398,VPWR,li1,189.2900,19.0400,1.799521
FILLER_2_395,VPWR,li1,187.9100,19.0400,1.799571
FILLER_2_392,VPWR,li1,186.5300,19.0400,1.799571
FILLER_2_389,VPWR,li1,185.1500,19.0400,1.799604
FILLER_2_386,VPWR,li1,183.7700,19.0400,1.799650
FILLER_2_342,VPWR,li1,163.0700,19.0400,1.799720
FILLER_2_312,VPWR,li1,149.7300,19.0400,1.799672
FILLER_2_309,VPWR,li1,148.3500,19.0400,1.799672
FILLER_2_306,VPWR,li1,146.7400,19.0400,1.799665
FILLER_2_295,VPWR,li1,141.9100,19.0400,1.799651
FILLER_2_262,VPWR,li1,126.7300,19.0400,1.799620
FILLER_2_251,VPWR,li1,121.2100,19.0400,1.799611
FILLER_2_227,VPWR,li1,110.6300,19.0400,1.799602
FILLER_2_224,VPWR,li1,109.2500,19.0400,1.799601
FILLER_2_221,VPWR,li1,107.8700,19.0400,1.799600
FILLER_2_218,VPWR,li1,106.4900,19.0400,1.799600
FILLER_2_186,VPWR,li1,91.3100,19.0400,1.799618
FILLER_2_183,VPWR,li1,90.3900,19.0400,1.799618
FILLER_2_180,VPWR,li1,89.0100,19.0400,1.799623
FILLER_2_150,VPWR,li1,74.7500,19.0400,1.799660
FILLER_2_147,VPWR,li1,73.8300,19.0400,1.799668
FILLER_2_144,VPWR,li1,72.4500,19.0400,1.799668
FILLER_2_141,VPWR,li1,71.0700,19.0400,1.799677
FILLER_2_139,VPWR,li1,69.6900,19.0400,1.799677
FILLER_2_136,VPWR,li1,68.7700,19.0400,1.799685
FILLER_2_133,VPWR,li1,67.3900,19.0400,1.799685
FILLER_2_111,VPWR,li1,56.8100,19.0400,1.799736
FILLER_2_108,VPWR,li1,55.8900,19.0400,1.799736
FILLER_2_85,VPWR,li1,45.0800,19.0400,1.799790
FILLER_2_61,VPWR,li1,34.0400,19.0400,1.799848
FILLER_2_58,VPWR,li1,32.8900,19.0400,1.799859
FILLER_2_26,VPWR,li1,17.9400,19.0400,1.799918
FILLER_2_3,VPWR,li1,7.3600,19.0400,1.799914
FILLER_1_604,VPWR,li1,284.0500,13.6000,1.799349
FILLER_1_601,VPWR,li1,282.6700,13.6000,1.799354
FILLER_1_598,VPWR,li1,281.2900,13.6000,1.799354
FILLER_1_595,VPWR,li1,279.9100,13.6000,1.799359
FILLER_1_592,VPWR,li1,278.5300,13.6000,1.799359
FILLER_1_589,VPWR,li1,277.1500,13.6000,1.799363
FILLER_1_586,VPWR,li1,275.7700,13.6000,1.799367
FILLER_1_583,VPWR,li1,274.3900,13.6000,1.799367
FILLER_1_559,VPWR,li1,262.8900,13.6000,1.799396
FILLER_1_556,VPWR,li1,261.9700,13.6000,1.799396
FILLER_1_553,VPWR,li1,260.5900,13.6000,1.799402
FILLER_1_541,VPWR,li1,255.0700,13.6000,1.799419
FILLER_1_538,VPWR,li1,253.6900,13.6000,1.799429
FILLER_1_523,VPWR,li1,246.5600,13.6000,1.799458
FILLER_1_520,VPWR,li1,245.4100,13.6000,1.799458
FILLER_1_517,VPWR,li1,244.0300,13.6000,1.799470
FILLER_1_514,VPWR,li1,242.6500,13.6000,1.799470
FILLER_1_501,VPWR,li1,236.6700,13.6000,1.799502
FILLER_1_498,VPWR,li1,235.2900,13.6000,1.799502
FILLER_1_495,VPWR,li1,233.9100,13.6000,1.799515
FILLER_1_492,VPWR,li1,232.5300,13.6000,1.799515
FILLER_1_483,VPWR,li1,228.1600,13.6000,1.799541
FILLER_1_480,VPWR,li1,227.0100,13.6000,1.799541
FILLER_1_477,VPWR,li1,225.6300,13.6000,1.799553
FILLER_1_474,VPWR,li1,224.2500,13.6000,1.799562
FILLER_1_471,VPWR,li1,222.8700,13.6000,1.799562
FILLER_1_457,VPWR,li1,216.2000,13.6000,1.799601
FILLER_1_446,VPWR,li1,211.1400,13.6000,1.799642
FILLER_1_439,VPWR,li1,207.6900,13.6000,1.799654
FILLER_1_436,VPWR,li1,206.7700,13.6000,1.799669
FILLER_1_433,VPWR,li1,205.3900,13.6000,1.799669
FILLER_1_430,VPWR,li1,204.0100,13.6000,1.799686
FILLER_1_427,VPWR,li1,202.6300,13.6000,1.799686
FILLER_1_424,VPWR,li1,201.2500,13.6000,1.799703
FILLER_1_408,VPWR,li1,193.8900,13.6000,1.799757
FILLER_1_405,VPWR,li1,192.5100,13.6000,1.799757
FILLER_1_402,VPWR,li1,191.1300,13.6000,1.799779
FILLER_1_399,VPWR,li1,189.7500,13.6000,1.799779
FILLER_1_396,VPWR,li1,188.3700,13.6000,1.799800
FILLER_1_393,VPWR,li1,186.9900,13.6000,1.799800
FILLER_1_389,VPWR,li1,185.1500,13.6000,1.799814
FILLER_1_386,VPWR,li1,183.7700,13.6000,1.799828
FILLER_1_356,VPWR,li1,169.5100,13.6000,1.799873
FILLER_1_337,VPWR,li1,161.0000,13.6000,1.799847
FILLER_1_305,VPWR,li1,146.2800,13.6000,1.799812
FILLER_1_302,VPWR,li1,145.1300,13.6000,1.799807
FILLER_1_228,VPWR,li1,110.8600,13.6000,1.799782
FILLER_1_225,VPWR,li1,109.7100,13.6000,1.799782
FILLER_1_222,VPWR,li1,108.1000,13.6000,1.799783
FILLER_1_219,VPWR,li1,106.9500,13.6000,1.799783
FILLER_1_210,VPWR,li1,102.3500,13.6000,1.799785
FILLER_1_192,VPWR,li1,94.0700,13.6000,1.799791
FILLER_1_189,VPWR,li1,93.1500,13.6000,1.799793
FILLER_1_186,VPWR,li1,91.7700,13.6000,1.799793
FILLER_1_183,VPWR,li1,90.3900,13.6000,1.799796
FILLER_1_180,VPWR,li1,89.0100,13.6000,1.799796
FILLER_1_169,VPWR,li1,83.9500,13.6000,1.799802
FILLER_1_166,VPWR,li1,82.3400,13.6000,1.799804
FILLER_1_155,VPWR,li1,77.2800,13.6000,1.799811
FILLER_1_152,VPWR,li1,76.1300,13.6000,1.799811
FILLER_1_149,VPWR,li1,74.7500,13.6000,1.799814
FILLER_1_146,VPWR,li1,73.3700,13.6000,1.799816
FILLER_1_143,VPWR,li1,71.9900,13.6000,1.799816
FILLER_1_113,VPWR,li1,57.7300,13.6000,1.799840
FILLER_1_111,VPWR,li1,56.8100,13.6000,1.799844
FILLER_1_108,VPWR,li1,55.8900,13.6000,1.799844
FILLER_1_105,VPWR,li1,54.5100,13.6000,1.799848
FILLER_1_66,VPWR,li1,36.3400,13.6000,1.799900
FILLER_1_63,VPWR,li1,35.1900,13.6000,1.799900
FILLER_1_60,VPWR,li1,33.8100,13.6000,1.799907
FILLER_1_57,VPWR,li1,32.4300,13.6000,1.799917
FILLER_1_54,VPWR,li1,30.8200,13.6000,1.799917
FILLER_1_18,VPWR,li1,14.2600,13.6000,1.799958
FILLER_1_15,VPWR,li1,13.1100,13.6000,1.799958
FILLER_1_12,VPWR,li1,11.7300,13.6000,1.799958
FILLER_1_9,VPWR,li1,10.3500,13.6000,1.799958
FILLER_1_6,VPWR,li1,8.9700,13.6000,1.799958
FILLER_1_3,VPWR,li1,7.5900,13.6000,1.799958
FILLER_0_645,VPWR,li1,302.4500,13.6000,1.799328
FILLER_0_625,VPWR,li1,293.7100,13.6000,1.799333
FILLER_0_613,VPWR,li1,288.1900,13.6000,1.799344
FILLER_0_610,VPWR,li1,286.8100,13.6000,1.799344
FILLER_0_607,VPWR,li1,285.4300,13.6000,1.799349
FILLER_0_604,VPWR,li1,284.0500,13.6000,1.799349
FILLER_0_601,VPWR,li1,282.6700,13.6000,1.799354
FILLER_0_598,VPWR,li1,281.2900,13.6000,1.799354
FILLER_0_595,VPWR,li1,279.9100,13.6000,1.799359
FILLER_0_592,VPWR,li1,278.5300,13.6000,1.799359
FILLER_0_589,VPWR,li1,277.1500,13.6000,1.799363
FILLER_0_586,VPWR,li1,275.5400,13.6000,1.799367
FILLER_0_583,VPWR,li1,274.3900,13.6000,1.799367
FILLER_0_580,VPWR,li1,273.0100,13.6000,1.799372
FILLER_0_577,VPWR,li1,271.6300,13.6000,1.799372
FILLER_0_569,VPWR,li1,267.7200,13.6000,1.799380
FILLER_0_557,VPWR,li1,262.4300,13.6000,1.799396
FILLER_0_529,VPWR,li1,249.5500,13.6000,1.799447
FILLER_0_526,VPWR,li1,248.1700,13.6000,1.799447
FILLER_0_523,VPWR,li1,246.7900,13.6000,1.799458
FILLER_0_520,VPWR,li1,245.4100,13.6000,1.799458
FILLER_0_517,VPWR,li1,244.0300,13.6000,1.799470
FILLER_0_514,VPWR,li1,242.6500,13.6000,1.799470
FILLER_0_511,VPWR,li1,241.2700,13.6000,1.799482
FILLER_0_508,VPWR,li1,239.8900,13.6000,1.799482
FILLER_0_505,VPWR,li1,238.5100,13.6000,1.799492
FILLER_0_501,VPWR,li1,236.6700,13.6000,1.799502
FILLER_0_498,VPWR,li1,235.2900,13.6000,1.799502
FILLER_0_495,VPWR,li1,233.9100,13.6000,1.799515
FILLER_0_492,VPWR,li1,232.5300,13.6000,1.799515
FILLER_0_489,VPWR,li1,231.1500,13.6000,1.799527
FILLER_0_486,VPWR,li1,229.7700,13.6000,1.799527
FILLER_0_483,VPWR,li1,228.3900,13.6000,1.799541
FILLER_0_480,VPWR,li1,227.0100,13.6000,1.799541
FILLER_0_477,VPWR,li1,225.6300,13.6000,1.799553
FILLER_0_475,VPWR,li1,224.2500,13.6000,1.799562
FILLER_0_472,VPWR,li1,223.3300,13.6000,1.799562
FILLER_0_469,VPWR,li1,221.9500,13.6000,1.799574
FILLER_0_466,VPWR,li1,220.5700,13.6000,1.799574
FILLER_0_463,VPWR,li1,219.1900,13.6000,1.799588
FILLER_0_455,VPWR,li1,215.2800,13.6000,1.799615
FILLER_0_452,VPWR,li1,214.1300,13.6000,1.799615
FILLER_0_449,VPWR,li1,212.7500,13.6000,1.799628
FILLER_0_445,VPWR,li1,210.9100,13.6000,1.799642
FILLER_0_442,VPWR,li1,209.5300,13.6000,1.799642
FILLER_0_439,VPWR,li1,208.1500,13.6000,1.799654
FILLER_0_436,VPWR,li1,206.7700,13.6000,1.799669
FILLER_0_433,VPWR,li1,205.3900,13.6000,1.799669
FILLER_0_430,VPWR,li1,204.0100,13.6000,1.799686
FILLER_0_427,VPWR,li1,202.6300,13.6000,1.799686
FILLER_0_424,VPWR,li1,201.2500,13.6000,1.799703
FILLER_0_421,VPWR,li1,199.8700,13.6000,1.799703
FILLER_0_417,VPWR,li1,198.0300,13.6000,1.799718
FILLER_0_414,VPWR,li1,196.6500,13.6000,1.799736
FILLER_0_411,VPWR,li1,195.2700,13.6000,1.799736
FILLER_0_408,VPWR,li1,193.8900,13.6000,1.799757
FILLER_0_405,VPWR,li1,192.5100,13.6000,1.799757
FILLER_0_402,VPWR,li1,191.1300,13.6000,1.799779
FILLER_0_399,VPWR,li1,189.7500,13.6000,1.799779
FILLER_0_396,VPWR,li1,188.3700,13.6000,1.799800
FILLER_0_393,VPWR,li1,186.9900,13.6000,1.799800
FILLER_0_391,VPWR,li1,185.6100,13.6000,1.799814
FILLER_0_388,VPWR,li1,184.6900,13.6000,1.799828
FILLER_0_385,VPWR,li1,183.3100,13.6000,1.799828
FILLER_0_374,VPWR,li1,178.2500,13.6000,1.799868
FILLER_0_361,VPWR,li1,172.2700,13.6000,1.799879
FILLER_0_358,VPWR,li1,170.8900,13.6000,1.799873
FILLER_0_355,VPWR,li1,169.5100,13.6000,1.799873
FILLER_0_346,VPWR,li1,164.9100,13.6000,1.799860
FILLER_0_343,VPWR,li1,163.9900,13.6000,1.799853
FILLER_0_340,VPWR,li1,162.6100,13.6000,1.799853
FILLER_0_337,VPWR,li1,161.2300,13.6000,1.799847
FILLER_0_318,VPWR,li1,152.2600,13.6000,1.799822
FILLER_0_315,VPWR,li1,151.1100,13.6000,1.799822
FILLER_0_312,VPWR,li1,149.7300,13.6000,1.799817
FILLER_0_309,VPWR,li1,148.3500,13.6000,1.799817
FILLER_0_305,VPWR,li1,146.5100,13.6000,1.799812
FILLER_0_302,VPWR,li1,145.1300,13.6000,1.799807
FILLER_0_299,VPWR,li1,143.7500,13.6000,1.799807
FILLER_0_290,VPWR,li1,139.1500,13.6000,1.799798
FILLER_0_270,VPWR,li1,130.1800,13.6000,1.799785
FILLER_0_267,VPWR,li1,129.0300,13.6000,1.799785
FILLER_0_264,VPWR,li1,127.6500,13.6000,1.799784
FILLER_0_261,VPWR,li1,126.2700,13.6000,1.799784
FILLER_0_251,VPWR,li1,121.2100,13.6000,1.799781
FILLER_0_248,VPWR,li1,120.2900,13.6000,1.799781
FILLER_0_245,VPWR,li1,118.9100,13.6000,1.799781
FILLER_0_225,VPWR,li1,109.7100,13.6000,1.799782
FILLER_0_221,VPWR,li1,107.8700,13.6000,1.799783
FILLER_0_218,VPWR,li1,106.4900,13.6000,1.799783
FILLER_0_215,VPWR,li1,105.1100,13.6000,1.799784
FILLER_0_212,VPWR,li1,103.7300,13.6000,1.799785
FILLER_0_209,VPWR,li1,102.3500,13.6000,1.799785
FILLER_0_206,VPWR,li1,100.9700,13.6000,1.799787
FILLER_0_203,VPWR,li1,99.5900,13.6000,1.799787
FILLER_0_194,VPWR,li1,95.2200,13.6000,1.799791
FILLER_0_191,VPWR,li1,94.0700,13.6000,1.799791
FILLER_0_180,VPWR,li1,89.0100,13.6000,1.799796
FILLER_0_177,VPWR,li1,87.6300,13.6000,1.799799
FILLER_0_165,VPWR,li1,82.1100,13.6000,1.799804
FILLER_0_162,VPWR,li1,80.7300,13.6000,1.799807
FILLER_0_159,VPWR,li1,79.3500,13.6000,1.799809
FILLER_0_156,VPWR,li1,77.9700,13.6000,1.799809
FILLER_0_153,VPWR,li1,76.5900,13.6000,1.799811
FILLER_0_150,VPWR,li1,75.2100,13.6000,1.799814
FILLER_0_147,VPWR,li1,73.8300,13.6000,1.799814
FILLER_0_144,VPWR,li1,72.4500,13.6000,1.799816
FILLER_0_141,VPWR,li1,71.0700,13.6000,1.799820
FILLER_0_138,VPWR,li1,69.4600,13.6000,1.799820
FILLER_0_119,VPWR,li1,60.7200,13.6000,1.799836
FILLER_0_116,VPWR,li1,59.5700,13.6000,1.799836
FILLER_0_113,VPWR,li1,58.1900,13.6000,1.799840
FILLER_0_109,VPWR,li1,56.3500,13.6000,1.799844
FILLER_0_106,VPWR,li1,54.9700,13.6000,1.799848
FILLER_0_103,VPWR,li1,53.5900,13.6000,1.799848
FILLER_0_100,VPWR,li1,52.2100,13.6000,1.799852
FILLER_0_97,VPWR,li1,50.8300,13.6000,1.799857
FILLER_0_94,VPWR,li1,49.4500,13.6000,1.799857
FILLER_0_91,VPWR,li1,48.0700,13.6000,1.799863
FILLER_0_88,VPWR,li1,46.6900,13.6000,1.799863
FILLER_0_85,VPWR,li1,45.3100,13.6000,1.799868
FILLER_0_75,VPWR,li1,40.4800,13.6000,1.799880
FILLER_0_72,VPWR,li1,39.3300,13.6000,1.799890
FILLER_0_69,VPWR,li1,37.9500,13.6000,1.799890
FILLER_0_60,VPWR,li1,33.3500,13.6000,1.799907
FILLER_0_57,VPWR,li1,32.4300,13.6000,1.799917
FILLER_0_55,VPWR,li1,31.0500,13.6000,1.799917
FILLER_0_52,VPWR,li1,30.1300,13.6000,1.799926
FILLER_0_49,VPWR,li1,28.7500,13.6000,1.799926
FILLER_0_46,VPWR,li1,27.3700,13.6000,1.799936
FILLER_0_43,VPWR,li1,25.9900,13.6000,1.799936
FILLER_0_32,VPWR,li1,20.7000,13.6000,1.799958
FILLER_0_29,VPWR,li1,19.5500,13.6000,1.799958
FILLER_0_27,VPWR,li1,18.1700,13.6000,1.799958
FILLER_0_24,VPWR,li1,17.2500,13.6000,1.799958
FILLER_0_21,VPWR,li1,15.8700,13.6000,1.799958
FILLER_0_18,VPWR,li1,14.4900,13.6000,1.799958
FILLER_0_15,VPWR,li1,13.1100,13.6000,1.799958
FILLER_0_12,VPWR,li1,11.7300,13.6000,1.799958
FILLER_0_9,VPWR,li1,10.3500,13.6000,1.799958
FILLER_0_6,VPWR,li1,8.9700,13.6000,1.799958
FILLER_0_3,VPWR,li1,7.5900,13.6000,1.799958
hold370,VPWR,li1,240.5800,68.0000,1.799305
hold369,VPWR,li1,236.9000,62.5600,1.799591
hold368,VPWR,li1,262.2000,57.1200,1.799215
hold367,VPWR,li1,241.9600,24.4800,1.799125
hold366,VPWR,li1,123.2800,57.1200,1.799683
hold365,VPWR,li1,252.5400,35.3600,1.799304
hold364,VPWR,li1,255.3000,40.8000,1.799369
hold363,VPWR,li1,20.7000,68.0000,1.799956
hold362,VPWR,li1,274.1600,51.6800,1.799081
hold361,VPWR,li1,291.1800,46.2400,1.799040
hold360,VPWR,li1,284.7400,68.0000,1.799168
hold359,VPWR,li1,279.6800,84.3200,1.799477
hold358,VPWR,li1,252.5400,51.6800,1.799164
hold357,VPWR,li1,256.6800,68.0000,1.799244
hold356,VPWR,li1,272.7800,29.9200,1.799294
hold355,VPWR,li1,278.3000,24.4800,1.798910
hold354,VPWR,li1,261.2800,35.3600,1.799268
hold353,VPWR,li1,268.6400,40.8000,1.799319
hold352,VPWR,li1,291.1800,35.3600,1.799189
hold351,VPWR,li1,278.3000,51.6800,1.799070
hold350,VPWR,li1,271.8600,57.1200,1.799164
hold349,VPWR,li1,123.7400,84.3200,1.799824
hold348,VPWR,li1,16.5600,13.6000,1.799958
hold347,VPWR,li1,28.5200,13.6000,1.799926
hold346,VPWR,li1,259.9000,73.4400,1.798975
hold345,VPWR,li1,132.4800,24.4800,1.799746
hold344,VPWR,li1,132.4800,19.0400,1.799631
hold343,VPWR,li1,30.3600,19.0400,1.799870
hold342,VPWR,li1,8.7400,40.8000,1.799932
hold341,VPWR,li1,15.6400,46.2400,1.799922
hold340,VPWR,li1,145.3600,46.2400,1.799683
hold339,VPWR,li1,9.6600,46.2400,1.799921
hold338,VPWR,li1,17.4800,29.9200,1.799955
hold337,VPWR,li1,178.0200,24.4800,1.799806
hold336,VPWR,li1,166.5200,57.1200,1.799822
hold335,VPWR,li1,97.9800,35.3600,1.799761
hold334,VPWR,li1,108.1000,62.5600,1.799782
hold333,VPWR,li1,138.9200,51.6800,1.799707
hold332,VPWR,li1,139.3800,57.1200,1.799721
hold331,VPWR,li1,144.4400,24.4800,1.799766
hold330,VPWR,li1,252.5400,29.9200,1.799368
hold329,VPWR,li1,81.8800,40.8000,1.799721
hold328,VPWR,li1,149.0400,29.9200,1.799782
hold327,VPWR,li1,149.5000,35.3600,1.799798
hold326,VPWR,li1,47.8400,13.6000,1.799863
hold325,VPWR,li1,55.2000,19.0400,1.799736
hold324,VPWR,li1,179.4000,84.3200,1.799882
hold323,VPWR,li1,46.4600,24.4800,1.799847
hold322,VPWR,li1,42.3200,29.9200,1.799890
hold321,VPWR,li1,171.5800,13.6000,1.799879
hold320,VPWR,li1,180.7800,13.6000,1.799848
hold319,VPWR,li1,11.9600,68.0000,1.799954
hold318,VPWR,li1,19.3200,68.0000,1.799955
hold317,VPWR,li1,154.1000,57.1200,1.799769
hold316,VPWR,li1,201.0200,84.3200,1.799762
hold315,VPWR,li1,37.7200,46.2400,1.799803
hold314,VPWR,li1,153.1800,35.3600,1.799806
hold313,VPWR,li1,162.3800,40.8000,1.799801
hold312,VPWR,li1,169.2800,84.3200,1.799903
hold311,VPWR,li1,34.9600,46.2400,1.799831
hold310,VPWR,li1,43.2400,35.3600,1.799851
hold309,VPWR,li1,176.6400,57.1200,1.799835
hold308,VPWR,li1,181.7000,57.1200,1.799788
hold307,VPWR,li1,33.5800,78.8800,1.799836
hold306,VPWR,li1,25.7600,84.3200,1.799962
hold305,VPWR,li1,28.5200,84.3200,1.799955
hold304,VPWR,li1,201.4800,62.5600,1.799724
hold303,VPWR,li1,133.8600,35.3600,1.799775
hold302,VPWR,li1,138.0000,35.3600,1.799780
hold301,VPWR,li1,73.1400,57.1200,1.799714
hold300,VPWR,li1,144.4400,46.2400,1.799683
hold299,VPWR,li1,149.5000,46.2400,1.799702
hold298,VPWR,li1,150.4200,57.1200,1.799760
hold297,VPWR,li1,164.6800,62.5600,1.799841
hold296,VPWR,li1,89.2400,51.6800,1.799661
hold295,VPWR,li1,19.3200,46.2400,1.799923
hold294,VPWR,li1,24.3800,46.2400,1.799903
hold293,VPWR,li1,28.0600,35.3600,1.799903
hold292,VPWR,li1,31.2800,46.2400,1.799849
hold291,VPWR,li1,188.1400,78.8800,1.799641
hold290,VPWR,li1,38.1800,24.4800,1.799876
hold289,VPWR,li1,33.5800,29.9200,1.799912
hold288,VPWR,li1,100.2800,62.5600,1.799780
hold287,VPWR,li1,123.7400,35.3600,1.799765
hold286,VPWR,li1,59.3400,68.0000,1.799822
hold285,VPWR,li1,80.9600,62.5600,1.799785
hold284,VPWR,li1,210.2200,84.3200,1.799716
hold283,VPWR,li1,205.6200,84.3200,1.799741
hold282,VPWR,li1,306.3600,19.0400,1.798572
hold281,VPWR,li1,307.2800,13.6000,1.799326
hold280,VPWR,li1,252.5400,13.6000,1.799429
hold279,VPWR,li1,256.2200,13.6000,1.799419
hold278,VPWR,li1,309.5800,46.2400,1.799024
hold277,VPWR,li1,310.9600,46.2400,1.799024
hold276,VPWR,li1,54.2800,29.9200,1.799849
hold275,VPWR,li1,308.2000,62.5600,1.799475
hold274,VPWR,li1,310.9600,68.0000,1.799132
hold273,VPWR,li1,42.3200,84.3200,1.799920
hold272,VPWR,li1,18.4000,24.4800,1.799944
hold271,VPWR,li1,24.3800,51.6800,1.799913
hold270,VPWR,li1,189.0600,62.5600,1.799790
hold269,VPWR,li1,193.2000,68.0000,1.799688
hold268,VPWR,li1,305.9000,68.0000,1.799136
hold267,VPWR,li1,310.9600,78.8800,1.798926
hold266,VPWR,li1,153.6400,29.9200,1.799794
hold265,VPWR,li1,115.9200,46.2400,1.799591
hold264,VPWR,li1,310.9600,35.3600,1.799170
hold263,VPWR,li1,310.9600,29.9200,1.799228
hold262,VPWR,li1,112.2400,24.4800,1.799731
hold261,VPWR,li1,123.7400,40.8000,1.799701
hold260,VPWR,li1,123.7400,29.9200,1.799748
hold259,VPWR,li1,124.2000,73.4400,1.799693
hold258,VPWR,li1,145.3600,24.4800,1.799766
hold257,VPWR,li1,122.8200,29.9200,1.799748
hold256,VPWR,li1,274.1600,84.3200,1.799488
hold255,VPWR,li1,244.7200,29.9200,1.799407
hold254,VPWR,li1,258.9800,24.4800,1.799008
hold253,VPWR,li1,67.6200,29.9200,1.799815
hold252,VPWR,li1,68.0800,57.1200,1.799735
hold251,VPWR,li1,126.9600,24.4800,1.799740
hold250,VPWR,li1,306.8200,19.0400,1.798572
hold249,VPWR,li1,310.9600,19.0400,1.798568
hold248,VPWR,li1,85.1000,24.4800,1.799748
hold247,VPWR,li1,297.1600,46.2400,1.799033
hold246,VPWR,li1,300.3800,40.8000,1.799258
hold245,VPWR,li1,166.9800,13.6000,1.799866
hold244,VPWR,li1,163.3000,13.6000,1.799853
hold243,VPWR,li1,69.4600,13.6000,1.799820
hold242,VPWR,li1,258.9800,84.3200,1.799525
hold241,VPWR,li1,265.4200,68.0000,1.799216
hold240,VPWR,li1,287.0400,46.2400,1.799047
hold239,VPWR,li1,296.2400,13.6000,1.799331
hold238,VPWR,li1,82.3400,29.9200,1.799785
hold237,VPWR,li1,262.2000,78.8800,1.799010
hold236,VPWR,li1,268.1800,35.3600,1.799245
hold235,VPWR,li1,47.3800,84.3200,1.799909
hold234,VPWR,li1,53.8200,84.3200,1.799894
hold233,VPWR,li1,305.9000,78.8800,1.798928
hold232,VPWR,li1,310.9600,78.8800,1.798926
hold231,VPWR,li1,137.0800,40.8000,1.799725
hold230,VPWR,li1,291.1800,29.9200,1.799247
hold229,VPWR,li1,104.4200,24.4800,1.799731
hold228,VPWR,li1,71.3000,68.0000,1.799795
hold227,VPWR,li1,67.1600,13.6000,1.799823
hold226,VPWR,li1,59.3400,51.6800,1.799743
hold225,VPWR,li1,22.0800,84.3200,1.799973
hold224,VPWR,li1,16.5600,78.8800,1.799926
hold223,VPWR,li1,258.5200,57.1200,1.799243
hold222,VPWR,li1,286.5800,78.8800,1.798947
hold221,VPWR,li1,47.3800,62.5600,1.799834
hold220,VPWR,li1,74.5200,84.3200,1.799855
hold219,VPWR,li1,54.7400,57.1200,1.799783
hold218,VPWR,li1,130.1800,78.8800,1.799610
hold217,VPWR,li1,255.3000,24.4800,1.799031
hold216,VPWR,li1,69.9200,24.4800,1.799778
hold215,VPWR,li1,91.0800,84.3200,1.799832
hold214,VPWR,li1,291.1800,73.4400,1.798851
hold213,VPWR,li1,299.0000,19.0400,1.798580
hold212,VPWR,li1,300.8400,13.6000,1.799329
hold211,VPWR,li1,293.0200,24.4800,1.798863
hold210,VPWR,li1,291.6400,46.2400,1.799040
hold209,VPWR,li1,265.4200,24.4800,1.798971
hold208,VPWR,li1,292.5600,84.3200,1.799455
hold207,VPWR,li1,152.2600,73.4400,1.799750
hold206,VPWR,li1,298.5400,46.2400,1.799030
hold205,VPWR,li1,175.2600,78.8800,1.799803
hold204,VPWR,li1,171.1200,78.8800,1.799778
hold203,VPWR,li1,122.8200,13.6000,1.799781
hold202,VPWR,li1,83.7200,68.0000,1.799774
hold201,VPWR,li1,42.3200,68.0000,1.799873
hold200,VPWR,li1,12.4200,29.9200,1.799954
hold199,VPWR,li1,14.7200,24.4800,1.799942
hold198,VPWR,li1,22.0800,57.1200,1.799932
hold197,VPWR,li1,72.2200,84.3200,1.799859
hold196,VPWR,li1,19.7800,51.6800,1.799933
hold195,VPWR,li1,132.4800,13.6000,1.799789
hold194,VPWR,li1,47.8400,35.3600,1.799838
hold193,VPWR,li1,59.3400,35.3600,1.799810
hold192,VPWR,li1,144.9000,84.3200,1.799851
hold191,VPWR,li1,140.3000,84.3200,1.799843
hold190,VPWR,li1,299.4600,29.9200,1.799234
hold189,VPWR,li1,304.0600,29.9200,1.799231
hold188,VPWR,li1,295.3200,73.4400,1.798845
hold187,VPWR,li1,287.0400,46.2400,1.799047
hold186,VPWR,li1,158.2400,13.6000,1.799841
hold185,VPWR,li1,162.3800,29.9200,1.799830
hold184,VPWR,li1,86.4800,19.0400,1.799629
hold183,VPWR,li1,241.9600,78.8800,1.799104
hold182,VPWR,li1,239.6600,78.8800,1.799118
hold181,VPWR,li1,132.4800,46.2400,1.799639
hold180,VPWR,li1,298.0800,84.3200,1.799449
hold179,VPWR,li1,299.0000,78.8800,1.798932
hold178,VPWR,li1,291.1800,13.6000,1.799337
hold177,VPWR,li1,287.0400,19.0400,1.798608
hold176,VPWR,li1,305.9000,46.2400,1.799025
hold175,VPWR,li1,302.2200,46.2400,1.799028
hold174,VPWR,li1,294.8600,35.3600,1.799184
hold173,VPWR,li1,292.5600,40.8000,1.799266
hold172,VPWR,li1,182.1600,68.0000,1.799790
hold171,VPWR,li1,182.6200,73.4400,1.799736
hold170,VPWR,li1,299.0000,73.4400,1.798842
hold169,VPWR,li1,298.5400,68.0000,1.799143
hold168,VPWR,li1,135.7000,57.1200,1.799707
hold167,VPWR,li1,63.9400,84.3200,1.799877
hold166,VPWR,li1,104.4200,13.6000,1.799784
hold165,VPWR,li1,29.4400,68.0000,1.799921
hold164,VPWR,li1,34.5000,68.0000,1.799902
hold163,VPWR,li1,66.2400,35.3600,1.799798
hold162,VPWR,li1,304.5200,62.5600,1.799476
hold161,VPWR,li1,300.8400,62.5600,1.799479
hold160,VPWR,li1,82.3400,46.2400,1.799600
hold159,VPWR,li1,284.2800,62.5600,1.799494
hold158,VPWR,li1,274.1600,62.5600,1.799507
hold157,VPWR,li1,85.1000,73.4400,1.799685
hold156,VPWR,li1,103.0400,84.3200,1.799817
hold155,VPWR,li1,105.8000,35.3600,1.799760
hold154,VPWR,li1,193.6600,84.3200,1.799809
hold153,VPWR,li1,182.6200,78.8800,1.799712
hold152,VPWR,li1,205.1600,57.1200,1.799601
hold151,VPWR,li1,205.6200,57.1200,1.799601
hold150,VPWR,li1,259.9000,13.6000,1.799402
hold149,VPWR,li1,259.9000,29.9200,1.799340
hold148,VPWR,li1,33.5800,51.6800,1.799863
hold147,VPWR,li1,30.3600,62.5600,1.799891
hold146,VPWR,li1,141.2200,13.6000,1.799802
hold145,VPWR,li1,144.4400,19.0400,1.799658
hold144,VPWR,li1,158.2400,73.4400,1.799767
hold143,VPWR,li1,162.8400,68.0000,1.799823
hold142,VPWR,li1,269.1000,24.4800,1.798951
hold141,VPWR,li1,269.5600,13.6000,1.799376
hold140,VPWR,li1,141.2200,62.5600,1.799800
hold139,VPWR,li1,149.5000,73.4400,1.799743
clkload13,VPWR,li1,144.6700,29.9200,1.799768
clkload12,VPWR,li1,223.5600,19.0400,1.798990
clkload11,VPWR,li1,281.9800,24.4800,1.798891
clkload10,VPWR,li1,265.4200,46.2400,1.799098
clkload9,VPWR,li1,280.1400,62.5600,1.799499
clkload8,VPWR,li1,284.0500,84.3200,1.799465
clkload7,VPWR,li1,162.8400,68.0000,1.799823
clkload6,VPWR,li1,42.5500,13.6000,1.799872
clkload5,VPWR,li1,97.5200,13.6000,1.799789
clkload4,VPWR,li1,120.0600,84.3200,1.799821
clkload3,VPWR,li1,55.2000,73.4400,1.799751
clkload2,VPWR,li1,27.1400,62.5600,1.799903
clkload1,VPWR,li1,87.1700,46.2400,1.799580
clkload0,VPWR,li1,22.5400,29.9200,1.799949
clkbuf_1_1__f_clk,VPWR,li1,212.0600,51.6800,1.799426
clkbuf_1_0__f_clk,VPWR,li1,103.9600,46.2400,1.799564
clkbuf_0_clk,VPWR,li1,158.2400,46.2400,1.799735
clkbuf_leaf_15_clk,VPWR,li1,43.4700,13.6000,1.799872
clkbuf_leaf_14_clk,VPWR,li1,101.4300,19.0400,1.799597
clkbuf_leaf_13_clk,VPWR,li1,139.6100,29.9200,1.799755
clkbuf_leaf_12_clk,VPWR,li1,220.5700,19.0400,1.799024
clkbuf_leaf_11_clk,VPWR,li1,285.8900,24.4800,1.798881
clkbuf_leaf_10_clk,VPWR,li1,260.5900,46.2400,1.799126
clkbuf_leaf_9_clk,VPWR,li1,281.2900,57.1200,1.799120
clkbuf_leaf_8_clk,VPWR,li1,285.4300,73.4400,1.798861
clkbuf_leaf_7_clk,VPWR,li1,215.0500,78.8800,1.799327
clkbuf_leaf_6_clk,VPWR,li1,164.4500,62.5600,1.799841
clkbuf_leaf_5_clk,VPWR,li1,125.8100,78.8800,1.799598
clkbuf_leaf_4_clk,VPWR,li1,54.5100,78.8800,1.799709
clkbuf_leaf_3_clk,VPWR,li1,34.2700,62.5600,1.799865
clkbuf_leaf_2_clk,VPWR,li1,88.0900,51.6800,1.799661
clkbuf_leaf_1_clk,VPWR,li1,87.1700,46.2400,1.799580
clkbuf_leaf_0_clk,VPWR,li1,25.9900,35.3600,1.799916
tt_um_flowguard_stress,VPWR,li1,308.4300,84.3200,1.799441
fanout123,VPWR,li1,310.9600,13.6000,1.799325
fanout122,VPWR,li1,310.9600,13.6000,1.799325
load_slew121,VPWR,li1,310.9600,57.1200,1.799076
fanout120,VPWR,li1,310.9600,62.5600,1.799474
load_slew119,VPWR,li1,311.4200,62.5600,1.799474
fanout118,VPWR,li1,310.5000,40.8000,1.799255
fanout117,VPWR,li1,307.2800,13.6000,1.799326
load_slew116,VPWR,li1,300.8400,24.4800,1.798854
fanout115,VPWR,li1,295.3200,29.9200,1.799241
fanout114,VPWR,li1,267.2600,51.6800,1.799104
load_slew113,VPWR,li1,277.8400,73.4400,1.798889
fanout112,VPWR,li1,272.7800,68.0000,1.799199
load_slew111,VPWR,li1,265.8800,29.9200,1.799324
fanout110,VPWR,li1,272.7800,24.4800,1.798933
fanout109,VPWR,li1,217.1200,68.0000,1.799459
fanout108,VPWR,li1,182.1600,19.0400,1.799650
load_slew107,VPWR,li1,193.6600,68.0000,1.799688
fanout106,VPWR,li1,201.0200,62.5600,1.799724
fanout105,VPWR,li1,162.3800,24.4800,1.799806
load_slew104,VPWR,li1,152.7200,51.6800,1.799744
fanout103,VPWR,li1,149.5000,51.6800,1.799736
fanout102,VPWR,li1,158.2400,13.6000,1.799841
load_slew101,VPWR,li1,161.4600,19.0400,1.799709
fanout100,VPWR,li1,154.5600,13.6000,1.799831
fanout99,VPWR,li1,125.1200,24.4800,1.799738
load_slew98,VPWR,li1,119.1400,78.8800,1.799595
fanout97,VPWR,li1,125.1200,62.5600,1.799788
fanout96,VPWR,li1,128.3400,19.0400,1.799620
load_slew95,VPWR,li1,123.2800,24.4800,1.799736
fanout94,VPWR,li1,119.6000,29.9200,1.799748
fanout93,VPWR,li1,84.1800,24.4800,1.799751
fanout92,VPWR,li1,86.4800,13.6000,1.799799
fanout91,VPWR,li1,85.1000,57.1200,1.799682
load_slew90,VPWR,li1,84.1800,62.5600,1.799784
fanout89,VPWR,li1,80.9600,57.1200,1.799691
load_slew88,VPWR,li1,81.4200,24.4800,1.799756
fanout87,VPWR,li1,85.1000,13.6000,1.799802
fanout86,VPWR,li1,51.0600,57.1200,1.799792
load_slew85,VPWR,li1,50.6000,62.5600,1.799827
fanout84,VPWR,li1,51.0600,57.1200,1.799792
fanout83,VPWR,li1,50.1400,24.4800,1.799835
load_slew82,VPWR,li1,29.4400,29.9200,1.799930
fanout81,VPWR,li1,26.2200,29.9200,1.799938
fanout80,VPWR,li1,226.7800,78.8800,1.799210
fanout79,VPWR,li1,221.2600,84.3200,1.799664
fanout78,VPWR,li1,221.2600,68.0000,1.799431
fanout77,VPWR,li1,106.7200,84.3200,1.799817
fanout76,VPWR,li1,103.5000,84.3200,1.799817
fanout75,VPWR,li1,46.4600,46.2400,1.799749
fanout74,VPWR,li1,58.4200,73.4400,1.799742
fanout73,VPWR,li1,217.5800,73.4400,1.799299
fanout72,VPWR,li1,221.2600,73.4400,1.799263
fanout71,VPWR,li1,217.5800,68.0000,1.799459
fanout70,VPWR,li1,105.3400,78.8800,1.799591
fanout69,VPWR,li1,102.1200,68.0000,1.799753
fanout68,VPWR,li1,54.2800,46.2400,1.799707
fanout67,VPWR,li1,61.1800,73.4400,1.799728
fanout66,VPWR,li1,157.3200,68.0000,1.799807
fanout65,VPWR,li1,219.8800,62.5600,1.799638
fanout64,VPWR,li1,216.2000,62.5600,1.799649
fanout63,VPWR,li1,105.3400,78.8800,1.799591
fanout62,VPWR,li1,106.7200,73.4400,1.799675
fanout61,VPWR,li1,45.5400,46.2400,1.799749
fanout60,VPWR,li1,66.7000,73.4400,1.799712
fanout59,VPWR,li1,228.6200,73.4400,1.799196
fanout58,VPWR,li1,224.9400,73.4400,1.799244
load_slew57,VPWR,li1,197.3400,84.3200,1.799782
fanout56,VPWR,li1,205.1600,84.3200,1.799741
fanout55,VPWR,li1,165.6000,84.3200,1.799891
load_slew54,VPWR,li1,159.1600,78.8800,1.799710
fanout53,VPWR,li1,159.6200,84.3200,1.799878
fanout52,VPWR,li1,151.8000,46.2400,1.799710
load_slew51,VPWR,li1,150.4200,29.9200,1.799782
fanout50,VPWR,li1,157.3200,29.9200,1.799809
fanout49,VPWR,li1,84.1800,84.3200,1.799841
load_slew48,VPWR,li1,36.3400,84.3200,1.799935
fanout47,VPWR,li1,33.5800,84.3200,1.799942
fanout46,VPWR,li1,43.2400,29.9200,1.799882
load_slew45,VPWR,li1,29.4400,46.2400,1.799862
fanout44,VPWR,li1,27.6000,46.2400,1.799880
max_cap43,VPWR,li1,179.4000,57.1200,1.799809
fanout42,VPWR,li1,189.5200,68.0000,1.799712
max_cap41,VPWR,li1,60.7200,51.6800,1.799743
max_cap40,VPWR,li1,136.1600,57.1200,1.799707
max_cap39,VPWR,li1,184.4600,57.1200,1.799764
fanout38,VPWR,li1,187.2200,62.5600,1.799804
fanout37,VPWR,li1,231.8400,68.0000,1.799358
fanout36,VPWR,li1,128.8000,51.6800,1.799684
fanout35,VPWR,li1,166.5200,57.1200,1.799822
max_cap34,VPWR,li1,118.6800,84.3200,1.799821
max_cap33,VPWR,li1,176.6400,40.8000,1.799854
max_cap32,VPWR,li1,212.0600,46.2400,1.799471
wire31,VPWR,li1,174.8000,35.3600,1.799851
max_cap30,VPWR,li1,203.5500,46.2400,1.799536
wire29,VPWR,li1,124.6600,46.2400,1.799613
wire28,VPWR,li1,196.8800,40.8000,1.799680
wire27,VPWR,li1,199.8700,46.2400,1.799579
max_cap26,VPWR,li1,176.6400,40.8000,1.799854
wire25,VPWR,li1,112.7000,29.9200,1.799750
fanout24,VPWR,li1,226.7800,73.4400,1.799212
output23,VPWR,li1,265.4200,13.6000,1.799385
output22,VPWR,li1,310.9600,19.0400,1.798568
output21,VPWR,li1,310.9600,24.4800,1.798843
output20,VPWR,li1,307.2800,46.2400,1.799024
output19,VPWR,li1,310.9600,29.9200,1.799228
output18,VPWR,li1,310.9600,68.0000,1.799132
output17,VPWR,li1,310.9600,84.3200,1.799439
output16,VPWR,li1,310.9600,84.3200,1.799439
input15,VPWR,li1,220.8000,84.3200,1.799664
input14,VPWR,li1,111.3200,84.3200,1.799818
input13,VPWR,li1,113.6200,84.3200,1.799819
input12,VPWR,li1,226.7800,84.3200,1.799638
input11,VPWR,li1,230.4600,84.3200,1.799627
input10,VPWR,li1,112.2400,13.6000,1.799782
input9,VPWR,li1,91.5400,13.6000,1.799793
input8,VPWR,li1,80.9600,84.3200,1.799847
input7,VPWR,li1,77.2800,84.3200,1.799851
input6,VPWR,li1,35.4200,13.6000,1.799900
input5,VPWR,li1,123.7400,13.6000,1.799782
input4,VPWR,li1,136.6200,84.3200,1.799838
input3,VPWR,li1,107.6400,84.3200,1.799817
input2,VPWR,li1,299.9200,13.6000,1.799329
input1,VPWR,li1,226.7800,84.3200,1.799638
tt_um_flowguard_stress_138,VPWR,li1,303.8300,19.0400,1.798575
tt_um_flowguard_stress_137,VPWR,li1,7.5900,84.3200,1.799973
tt_um_flowguard_stress_136,VPWR,li1,303.3700,13.6000,1.799328
tt_um_flowguard_stress_135,VPWR,li1,304.7500,13.6000,1.799327
tt_um_flowguard_stress_134,VPWR,li1,307.0500,84.3200,1.799443
tt_um_flowguard_stress_133,VPWR,li1,308.4300,78.8800,1.798927
tt_um_flowguard_stress_132,VPWR,li1,304.7500,13.6000,1.799327
tt_um_flowguard_stress_131,VPWR,li1,305.6700,84.3200,1.799443
tt_um_flowguard_stress_130,VPWR,li1,7.5900,19.0400,1.799914
tt_um_flowguard_stress_129,VPWR,li1,308.4300,29.9200,1.799229
tt_um_flowguard_stress_128,VPWR,li1,303.8300,24.4800,1.798849
tt_um_flowguard_stress_127,VPWR,li1,307.0500,84.3200,1.799443
tt_um_flowguard_stress_126,VPWR,li1,308.4300,84.3200,1.799441
tt_um_flowguard_stress_125,VPWR,li1,303.3700,13.6000,1.799328
tt_um_flowguard_stress_124,VPWR,li1,8.9700,84.3200,1.799973
TAP_TAPCELL_ROW_27_400,VPWR,li1,301.9900,84.6260,1.799447
TAP_TAPCELL_ROW_27_399,VPWR,li1,289.1100,84.6260,1.799458
TAP_TAPCELL_ROW_27_398,VPWR,li1,276.2300,84.6260,1.799483
TAP_TAPCELL_ROW_27_397,VPWR,li1,263.3500,84.6260,1.799514
TAP_TAPCELL_ROW_27_396,VPWR,li1,250.4700,84.6260,1.799548
TAP_TAPCELL_ROW_27_395,VPWR,li1,237.5900,84.6260,1.799594
TAP_TAPCELL_ROW_27_394,VPWR,li1,224.7100,84.6260,1.799653
TAP_TAPCELL_ROW_27_393,VPWR,li1,211.8300,84.6260,1.799716
TAP_TAPCELL_ROW_27_392,VPWR,li1,198.9500,84.6260,1.799782
TAP_TAPCELL_ROW_27_391,VPWR,li1,186.0700,84.6260,1.799852
TAP_TAPCELL_ROW_27_390,VPWR,li1,173.1900,84.6260,1.799909
TAP_TAPCELL_ROW_27_389,VPWR,li1,160.3100,84.6260,1.799882
TAP_TAPCELL_ROW_27_388,VPWR,li1,147.4300,84.6260,1.799856
TAP_TAPCELL_ROW_27_387,VPWR,li1,134.5500,84.6260,1.799836
TAP_TAPCELL_ROW_27_386,VPWR,li1,121.6700,84.6260,1.799823
TAP_TAPCELL_ROW_27_385,VPWR,li1,108.7900,84.6260,1.799817
TAP_TAPCELL_ROW_27_384,VPWR,li1,95.9100,84.6260,1.799826
TAP_TAPCELL_ROW_27_383,VPWR,li1,83.0300,84.6260,1.799844
TAP_TAPCELL_ROW_27_382,VPWR,li1,70.1500,84.6260,1.799862
TAP_TAPCELL_ROW_27_381,VPWR,li1,57.2700,84.6260,1.799889
TAP_TAPCELL_ROW_27_380,VPWR,li1,44.3900,84.6260,1.799915
TAP_TAPCELL_ROW_27_379,VPWR,li1,31.5100,84.6260,1.799949
TAP_TAPCELL_ROW_27_378,VPWR,li1,18.6300,84.6260,1.799973
TAP_TAPCELL_ROW_26_377,VPWR,li1,301.9900,84.0130,1.799447
TAP_TAPCELL_ROW_26_376,VPWR,li1,276.2300,84.0130,1.799483
TAP_TAPCELL_ROW_26_375,VPWR,li1,250.4700,84.0130,1.799548
TAP_TAPCELL_ROW_26_374,VPWR,li1,224.7100,84.0130,1.799653
TAP_TAPCELL_ROW_26_373,VPWR,li1,198.9500,84.0130,1.799782
TAP_TAPCELL_ROW_26_372,VPWR,li1,173.1900,84.0130,1.799909
TAP_TAPCELL_ROW_26_371,VPWR,li1,147.4300,84.0130,1.799856
TAP_TAPCELL_ROW_26_370,VPWR,li1,121.6700,84.0130,1.799823
TAP_TAPCELL_ROW_26_369,VPWR,li1,95.9100,84.0130,1.799826
TAP_TAPCELL_ROW_26_368,VPWR,li1,70.1500,84.0130,1.799862
TAP_TAPCELL_ROW_26_367,VPWR,li1,44.3900,84.0130,1.799915
TAP_TAPCELL_ROW_26_366,VPWR,li1,18.6300,84.0130,1.799973
TAP_TAPCELL_ROW_25_365,VPWR,li1,289.1100,79.1860,1.798943
TAP_TAPCELL_ROW_25_364,VPWR,li1,263.3500,79.1860,1.799004
TAP_TAPCELL_ROW_25_363,VPWR,li1,237.5900,79.1860,1.799131
TAP_TAPCELL_ROW_25_362,VPWR,li1,211.8300,79.1860,1.799351
TAP_TAPCELL_ROW_25_361,VPWR,li1,186.0700,79.1860,1.799670
TAP_TAPCELL_ROW_25_360,VPWR,li1,160.3100,79.1860,1.799719
TAP_TAPCELL_ROW_25_359,VPWR,li1,134.5500,79.1860,1.799622
TAP_TAPCELL_ROW_25_358,VPWR,li1,108.7900,79.1860,1.799591
TAP_TAPCELL_ROW_25_357,VPWR,li1,83.0300,79.1860,1.799621
TAP_TAPCELL_ROW_25_356,VPWR,li1,57.2700,79.1860,1.799701
TAP_TAPCELL_ROW_25_355,VPWR,li1,31.5100,79.1860,1.799850
TAP_TAPCELL_ROW_24_354,VPWR,li1,301.9900,78.5730,1.798930
TAP_TAPCELL_ROW_24_353,VPWR,li1,276.2300,78.5730,1.798969
TAP_TAPCELL_ROW_24_352,VPWR,li1,250.4700,78.5730,1.799059
TAP_TAPCELL_ROW_24_351,VPWR,li1,224.7100,78.5730,1.799232
TAP_TAPCELL_ROW_24_350,VPWR,li1,198.9500,78.5730,1.799502
TAP_TAPCELL_ROW_24_349,VPWR,li1,173.1900,78.5730,1.799790
TAP_TAPCELL_ROW_24_348,VPWR,li1,147.4300,78.5730,1.799661
TAP_TAPCELL_ROW_24_347,VPWR,li1,121.6700,78.5730,1.799596
TAP_TAPCELL_ROW_24_346,VPWR,li1,95.9100,78.5730,1.799600
TAP_TAPCELL_ROW_24_345,VPWR,li1,70.1500,78.5730,1.799657
TAP_TAPCELL_ROW_24_344,VPWR,li1,44.3900,78.5730,1.799768
TAP_TAPCELL_ROW_24_343,VPWR,li1,18.6300,78.5730,1.799926
TAP_TAPCELL_ROW_23_342,VPWR,li1,289.1100,73.7460,1.798856
TAP_TAPCELL_ROW_23_341,VPWR,li1,263.3500,73.7460,1.798954
TAP_TAPCELL_ROW_23_340,VPWR,li1,237.5900,73.7460,1.799126
TAP_TAPCELL_ROW_23_339,VPWR,li1,211.8300,73.7460,1.799366
TAP_TAPCELL_ROW_23_338,VPWR,li1,186.0700,73.7460,1.799700
TAP_TAPCELL_ROW_23_337,VPWR,li1,160.3100,73.7460,1.799774
TAP_TAPCELL_ROW_23_336,VPWR,li1,134.5500,73.7460,1.799711
TAP_TAPCELL_ROW_23_335,VPWR,li1,108.7900,73.7460,1.799677
TAP_TAPCELL_ROW_23_334,VPWR,li1,83.0300,73.7460,1.799687
TAP_TAPCELL_ROW_23_333,VPWR,li1,57.2700,73.7460,1.799742
TAP_TAPCELL_ROW_23_332,VPWR,li1,31.5100,73.7460,1.799873
TAP_TAPCELL_ROW_22_331,VPWR,li1,301.9900,73.1330,1.798839
TAP_TAPCELL_ROW_22_330,VPWR,li1,276.2300,73.1330,1.798902
TAP_TAPCELL_ROW_22_329,VPWR,li1,250.4700,73.1330,1.799030
TAP_TAPCELL_ROW_22_328,VPWR,li1,224.7100,73.1330,1.799244
TAP_TAPCELL_ROW_22_327,VPWR,li1,198.9500,73.1330,1.799522
TAP_TAPCELL_ROW_22_326,VPWR,li1,173.1900,73.1330,1.799818
TAP_TAPCELL_ROW_22_325,VPWR,li1,147.4300,73.1330,1.799738
TAP_TAPCELL_ROW_22_324,VPWR,li1,121.6700,73.1330,1.799690
TAP_TAPCELL_ROW_22_323,VPWR,li1,95.9100,73.1330,1.799677
TAP_TAPCELL_ROW_22_322,VPWR,li1,70.1500,73.1330,1.799708
TAP_TAPCELL_ROW_22_321,VPWR,li1,44.3900,73.1330,1.799802
TAP_TAPCELL_ROW_22_320,VPWR,li1,18.6300,73.1330,1.799931
TAP_TAPCELL_ROW_21_319,VPWR,li1,289.1100,68.3060,1.799161
TAP_TAPCELL_ROW_21_318,VPWR,li1,263.3500,68.3060,1.799222
TAP_TAPCELL_ROW_21_317,VPWR,li1,237.5900,68.3060,1.799321
TAP_TAPCELL_ROW_21_316,VPWR,li1,211.8300,68.3060,1.799505
TAP_TAPCELL_ROW_21_315,VPWR,li1,186.0700,68.3060,1.799762
TAP_TAPCELL_ROW_21_314,VPWR,li1,160.3100,68.3060,1.799814
TAP_TAPCELL_ROW_21_313,VPWR,li1,134.5500,68.3060,1.799769
TAP_TAPCELL_ROW_21_312,VPWR,li1,108.7900,68.3060,1.799753
TAP_TAPCELL_ROW_21_311,VPWR,li1,83.0300,68.3060,1.799774
TAP_TAPCELL_ROW_21_310,VPWR,li1,57.2700,68.3060,1.799828
TAP_TAPCELL_ROW_21_309,VPWR,li1,31.5100,68.3060,1.799913
TAP_TAPCELL_ROW_20_308,VPWR,li1,301.9900,67.6930,1.799140
TAP_TAPCELL_ROW_20_307,VPWR,li1,276.2300,67.6930,1.799188
TAP_TAPCELL_ROW_20_306,VPWR,li1,250.4700,67.6930,1.799262
TAP_TAPCELL_ROW_20_305,VPWR,li1,224.7100,67.6930,1.799402
TAP_TAPCELL_ROW_20_304,VPWR,li1,198.9500,67.6930,1.799624
TAP_TAPCELL_ROW_20_303,VPWR,li1,173.1900,67.6930,1.799855
TAP_TAPCELL_ROW_20_302,VPWR,li1,147.4300,67.6930,1.799789
TAP_TAPCELL_ROW_20_301,VPWR,li1,121.6700,67.6930,1.799756
TAP_TAPCELL_ROW_20_300,VPWR,li1,95.9100,67.6930,1.799760
TAP_TAPCELL_ROW_20_299,VPWR,li1,70.1500,67.6930,1.799799
TAP_TAPCELL_ROW_20_298,VPWR,li1,44.3900,67.6930,1.799867
TAP_TAPCELL_ROW_20_297,VPWR,li1,18.6300,67.6930,1.799955
TAP_TAPCELL_ROW_19_296,VPWR,li1,289.1100,62.8660,1.799489
TAP_TAPCELL_ROW_19_295,VPWR,li1,263.3500,62.8660,1.799530
TAP_TAPCELL_ROW_19_294,VPWR,li1,237.5900,62.8660,1.799591
TAP_TAPCELL_ROW_19_293,VPWR,li1,211.8300,62.8660,1.799675
TAP_TAPCELL_ROW_19_292,VPWR,li1,186.0700,62.8660,1.799820
TAP_TAPCELL_ROW_19_291,VPWR,li1,160.3100,62.8660,1.799831
TAP_TAPCELL_ROW_19_290,VPWR,li1,134.5500,62.8660,1.799793
TAP_TAPCELL_ROW_19_289,VPWR,li1,108.7900,62.8660,1.799782
TAP_TAPCELL_ROW_19_288,VPWR,li1,83.0300,62.8660,1.799784
TAP_TAPCELL_ROW_19_287,VPWR,li1,57.2700,62.8660,1.799811
TAP_TAPCELL_ROW_19_286,VPWR,li1,31.5100,62.8660,1.799879
TAP_TAPCELL_ROW_18_285,VPWR,li1,301.9900,62.2530,1.799478
TAP_TAPCELL_ROW_18_284,VPWR,li1,276.2300,62.2530,1.799504
TAP_TAPCELL_ROW_18_283,VPWR,li1,250.4700,62.2530,1.799560
TAP_TAPCELL_ROW_18_282,VPWR,li1,224.7100,62.2530,1.799624
TAP_TAPCELL_ROW_18_281,VPWR,li1,198.9500,62.2530,1.799742
TAP_TAPCELL_ROW_18_280,VPWR,li1,173.1900,62.2530,1.799876
TAP_TAPCELL_ROW_18_279,VPWR,li1,147.4300,62.2530,1.799808
TAP_TAPCELL_ROW_18_278,VPWR,li1,121.6700,62.2530,1.799786
TAP_TAPCELL_ROW_18_277,VPWR,li1,95.9100,62.2530,1.799781
TAP_TAPCELL_ROW_18_276,VPWR,li1,70.1500,62.2530,1.799790
TAP_TAPCELL_ROW_18_275,VPWR,li1,44.3900,62.2530,1.799844
TAP_TAPCELL_ROW_18_274,VPWR,li1,18.6300,62.2530,1.799930
TAP_TAPCELL_ROW_17_273,VPWR,li1,289.1100,57.4260,1.799103
TAP_TAPCELL_ROW_17_272,VPWR,li1,263.3500,57.4260,1.799215
TAP_TAPCELL_ROW_17_271,VPWR,li1,237.5900,57.4260,1.799377
TAP_TAPCELL_ROW_17_270,VPWR,li1,211.8300,57.4260,1.799552
TAP_TAPCELL_ROW_17_269,VPWR,li1,186.0700,57.4260,1.799764
TAP_TAPCELL_ROW_17_268,VPWR,li1,160.3100,57.4260,1.799795
TAP_TAPCELL_ROW_17_267,VPWR,li1,134.5500,57.4260,1.799702
TAP_TAPCELL_ROW_17_266,VPWR,li1,108.7900,57.4260,1.799667
TAP_TAPCELL_ROW_17_265,VPWR,li1,83.0300,57.4260,1.799685
TAP_TAPCELL_ROW_17_264,VPWR,li1,57.2700,57.4260,1.799773
TAP_TAPCELL_ROW_17_263,VPWR,li1,31.5100,57.4260,1.799876
TAP_TAPCELL_ROW_16_262,VPWR,li1,301.9900,56.8130,1.799083
TAP_TAPCELL_ROW_16_261,VPWR,li1,276.2300,56.8130,1.799143
TAP_TAPCELL_ROW_16_260,VPWR,li1,250.4700,56.8130,1.799286
TAP_TAPCELL_ROW_16_259,VPWR,li1,224.7100,56.8130,1.799467
TAP_TAPCELL_ROW_16_258,VPWR,li1,198.9500,56.8130,1.799657
TAP_TAPCELL_ROW_16_257,VPWR,li1,173.1900,56.8130,1.799848
TAP_TAPCELL_ROW_16_256,VPWR,li1,147.4300,56.8130,1.799744
TAP_TAPCELL_ROW_16_255,VPWR,li1,121.6700,56.8130,1.799680
TAP_TAPCELL_ROW_16_254,VPWR,li1,95.9100,56.8130,1.799668
TAP_TAPCELL_ROW_16_253,VPWR,li1,70.1500,56.8130,1.799726
TAP_TAPCELL_ROW_16_252,VPWR,li1,44.3900,56.8130,1.799818
TAP_TAPCELL_ROW_16_251,VPWR,li1,18.6300,56.8130,1.799929
TAP_TAPCELL_ROW_15_250,VPWR,li1,289.1100,51.9860,1.799049
TAP_TAPCELL_ROW_15_249,VPWR,li1,263.3500,51.9860,1.799119
TAP_TAPCELL_ROW_15_248,VPWR,li1,237.5900,51.9860,1.799251
TAP_TAPCELL_ROW_15_247,VPWR,li1,211.8300,51.9860,1.799426
TAP_TAPCELL_ROW_15_246,VPWR,li1,186.0700,51.9860,1.799719
TAP_TAPCELL_ROW_15_245,VPWR,li1,160.3100,51.9860,1.799769
TAP_TAPCELL_ROW_15_244,VPWR,li1,134.5500,51.9860,1.799696
TAP_TAPCELL_ROW_15_243,VPWR,li1,108.7900,51.9860,1.799664
TAP_TAPCELL_ROW_15_242,VPWR,li1,83.0300,51.9860,1.799672
TAP_TAPCELL_ROW_15_241,VPWR,li1,57.2700,51.9860,1.799752
TAP_TAPCELL_ROW_15_240,VPWR,li1,31.5100,51.9860,1.799877
TAP_TAPCELL_ROW_14_239,VPWR,li1,301.9900,51.3730,1.799033
TAP_TAPCELL_ROW_14_238,VPWR,li1,276.2300,51.3730,1.799076
TAP_TAPCELL_ROW_14_237,VPWR,li1,250.4700,51.3730,1.799174
TAP_TAPCELL_ROW_14_236,VPWR,li1,224.7100,51.3730,1.799329
TAP_TAPCELL_ROW_14_235,VPWR,li1,198.9500,51.3730,1.799574
TAP_TAPCELL_ROW_14_234,VPWR,li1,173.1900,51.3730,1.799822
TAP_TAPCELL_ROW_14_233,VPWR,li1,147.4300,51.3730,1.799730
TAP_TAPCELL_ROW_14_232,VPWR,li1,121.6700,51.3730,1.799673
TAP_TAPCELL_ROW_14_231,VPWR,li1,95.9100,51.3730,1.799659
TAP_TAPCELL_ROW_14_230,VPWR,li1,70.1500,51.3730,1.799706
TAP_TAPCELL_ROW_14_229,VPWR,li1,44.3900,51.3730,1.799809
TAP_TAPCELL_ROW_14_228,VPWR,li1,18.6300,51.3730,1.799933
TAP_TAPCELL_ROW_13_227,VPWR,li1,289.1100,46.5460,1.799044
TAP_TAPCELL_ROW_13_226,VPWR,li1,263.3500,46.5460,1.799107
TAP_TAPCELL_ROW_13_225,VPWR,li1,237.5900,46.5460,1.799271
TAP_TAPCELL_ROW_13_224,VPWR,li1,211.8300,46.5460,1.799471
TAP_TAPCELL_ROW_13_223,VPWR,li1,186.0700,46.5460,1.799713
TAP_TAPCELL_ROW_13_222,VPWR,li1,160.3100,46.5460,1.799748
TAP_TAPCELL_ROW_13_221,VPWR,li1,134.5500,46.5460,1.799647
TAP_TAPCELL_ROW_13_220,VPWR,li1,108.7900,46.5460,1.799575
TAP_TAPCELL_ROW_13_219,VPWR,li1,83.0300,46.5460,1.799594
TAP_TAPCELL_ROW_13_218,VPWR,li1,57.2700,46.5460,1.799694
TAP_TAPCELL_ROW_13_217,VPWR,li1,31.5100,46.5460,1.799849
TAP_TAPCELL_ROW_12_216,VPWR,li1,301.9900,45.9330,1.799028
TAP_TAPCELL_ROW_12_215,VPWR,li1,276.2300,45.9330,1.799073
TAP_TAPCELL_ROW_12_214,VPWR,li1,250.4700,45.9330,1.799194
TAP_TAPCELL_ROW_12_213,VPWR,li1,224.7100,45.9330,1.799375
TAP_TAPCELL_ROW_12_212,VPWR,li1,198.9500,45.9330,1.799579
TAP_TAPCELL_ROW_12_211,VPWR,li1,173.1900,45.9330,1.799819
TAP_TAPCELL_ROW_12_210,VPWR,li1,147.4300,45.9330,1.799692
TAP_TAPCELL_ROW_12_209,VPWR,li1,121.6700,45.9330,1.799602
TAP_TAPCELL_ROW_12_208,VPWR,li1,95.9100,45.9330,1.799571
TAP_TAPCELL_ROW_12_207,VPWR,li1,70.1500,45.9330,1.799645
TAP_TAPCELL_ROW_12_206,VPWR,li1,44.3900,45.9330,1.799763
TAP_TAPCELL_ROW_12_205,VPWR,li1,18.6300,45.9330,1.799923
TAP_TAPCELL_ROW_11_204,VPWR,li1,289.1100,41.1060,1.799272
TAP_TAPCELL_ROW_11_203,VPWR,li1,263.3500,41.1060,1.799340
TAP_TAPCELL_ROW_11_202,VPWR,li1,237.5900,41.1060,1.799443
TAP_TAPCELL_ROW_11_201,VPWR,li1,211.8300,41.1060,1.799584
TAP_TAPCELL_ROW_11_200,VPWR,li1,186.0700,41.1060,1.799763
TAP_TAPCELL_ROW_11_199,VPWR,li1,160.3100,41.1060,1.799795
TAP_TAPCELL_ROW_11_198,VPWR,li1,134.5500,41.1060,1.799720
TAP_TAPCELL_ROW_11_197,VPWR,li1,108.7900,41.1060,1.799691
TAP_TAPCELL_ROW_11_196,VPWR,li1,83.0300,41.1060,1.799716
TAP_TAPCELL_ROW_11_195,VPWR,li1,57.2700,41.1060,1.799785
TAP_TAPCELL_ROW_11_194,VPWR,li1,31.5100,41.1060,1.799896
TAP_TAPCELL_ROW_10_193,VPWR,li1,301.9900,40.4930,1.799258
TAP_TAPCELL_ROW_10_192,VPWR,li1,276.2300,40.4930,1.799302
TAP_TAPCELL_ROW_10_191,VPWR,li1,250.4700,40.4930,1.799389
TAP_TAPCELL_ROW_10_190,VPWR,li1,224.7100,40.4930,1.799510
TAP_TAPCELL_ROW_10_189,VPWR,li1,198.9500,40.4930,1.799665
TAP_TAPCELL_ROW_10_188,VPWR,li1,173.1900,40.4930,1.799845
TAP_TAPCELL_ROW_10_187,VPWR,li1,147.4300,40.4930,1.799754
TAP_TAPCELL_ROW_10_186,VPWR,li1,121.6700,40.4930,1.799698
TAP_TAPCELL_ROW_10_185,VPWR,li1,95.9100,40.4930,1.799696
TAP_TAPCELL_ROW_10_184,VPWR,li1,70.1500,40.4930,1.799744
TAP_TAPCELL_ROW_10_183,VPWR,li1,44.3900,40.4930,1.799836
TAP_TAPCELL_ROW_10_182,VPWR,li1,18.6300,40.4930,1.799937
TAP_TAPCELL_ROW_9_181,VPWR,li1,289.1100,35.6660,1.799194
TAP_TAPCELL_ROW_9_180,VPWR,li1,263.3500,35.6660,1.799261
TAP_TAPCELL_ROW_9_179,VPWR,li1,237.5900,35.6660,1.799378
TAP_TAPCELL_ROW_9_178,VPWR,li1,211.8300,35.6660,1.799554
TAP_TAPCELL_ROW_9_177,VPWR,li1,186.0700,35.6660,1.799756
TAP_TAPCELL_ROW_9_176,VPWR,li1,160.3100,35.6660,1.799817
TAP_TAPCELL_ROW_9_175,VPWR,li1,134.5500,35.6660,1.799775
TAP_TAPCELL_ROW_9_174,VPWR,li1,108.7900,35.6660,1.799760
TAP_TAPCELL_ROW_9_173,VPWR,li1,83.0300,35.6660,1.799771
TAP_TAPCELL_ROW_9_172,VPWR,li1,57.2700,35.6660,1.799815
TAP_TAPCELL_ROW_9_171,VPWR,li1,31.5100,35.6660,1.799894
TAP_TAPCELL_ROW_8_170,VPWR,li1,301.9900,35.0530,1.799175
TAP_TAPCELL_ROW_8_169,VPWR,li1,276.2300,35.0530,1.799223
TAP_TAPCELL_ROW_8_168,VPWR,li1,250.4700,35.0530,1.799312
TAP_TAPCELL_ROW_8_167,VPWR,li1,224.7100,35.0530,1.799457
TAP_TAPCELL_ROW_8_166,VPWR,li1,198.9500,35.0530,1.799654
TAP_TAPCELL_ROW_8_165,VPWR,li1,173.1900,35.0530,1.799851
TAP_TAPCELL_ROW_8_164,VPWR,li1,147.4300,35.0530,1.799793
TAP_TAPCELL_ROW_8_163,VPWR,li1,121.6700,35.0530,1.799764
TAP_TAPCELL_ROW_8_162,VPWR,li1,95.9100,35.0530,1.799761
TAP_TAPCELL_ROW_8_161,VPWR,li1,70.1500,35.0530,1.799790
TAP_TAPCELL_ROW_8_160,VPWR,li1,44.3900,35.0530,1.799851
TAP_TAPCELL_ROW_8_159,VPWR,li1,18.6300,35.0530,1.799931
TAP_TAPCELL_ROW_7_158,VPWR,li1,289.1100,30.2260,1.799252
TAP_TAPCELL_ROW_7_157,VPWR,li1,263.3500,30.2260,1.799330
TAP_TAPCELL_ROW_7_156,VPWR,li1,237.5900,30.2260,1.799447
TAP_TAPCELL_ROW_7_155,VPWR,li1,211.8300,30.2260,1.799604
TAP_TAPCELL_ROW_7_154,VPWR,li1,186.0700,30.2260,1.799793
TAP_TAPCELL_ROW_7_153,VPWR,li1,160.3100,30.2260,1.799819
TAP_TAPCELL_ROW_7_152,VPWR,li1,134.5500,30.2260,1.799751
TAP_TAPCELL_ROW_7_151,VPWR,li1,108.7900,30.2260,1.799755
TAP_TAPCELL_ROW_7_150,VPWR,li1,83.0300,30.2260,1.799785
TAP_TAPCELL_ROW_7_149,VPWR,li1,57.2700,30.2260,1.799841
TAP_TAPCELL_ROW_7_148,VPWR,li1,31.5100,30.2260,1.799921
TAP_TAPCELL_ROW_6_147,VPWR,li1,301.9900,29.6130,1.799232
TAP_TAPCELL_ROW_6_146,VPWR,li1,276.2300,29.6130,1.799287
TAP_TAPCELL_ROW_6_145,VPWR,li1,250.4700,29.6130,1.799377
TAP_TAPCELL_ROW_6_144,VPWR,li1,224.7100,29.6130,1.799521
TAP_TAPCELL_ROW_6_143,VPWR,li1,198.9500,29.6130,1.799692
TAP_TAPCELL_ROW_6_142,VPWR,li1,173.1900,29.6130,1.799869
TAP_TAPCELL_ROW_6_141,VPWR,li1,147.4300,29.6130,1.799775
TAP_TAPCELL_ROW_6_140,VPWR,li1,121.6700,29.6130,1.799748
TAP_TAPCELL_ROW_6_139,VPWR,li1,95.9100,29.6130,1.799770
TAP_TAPCELL_ROW_6_138,VPWR,li1,70.1500,29.6130,1.799809
TAP_TAPCELL_ROW_6_137,VPWR,li1,44.3900,29.6130,1.799882
TAP_TAPCELL_ROW_6_136,VPWR,li1,18.6300,29.6130,1.799956
TAP_TAPCELL_ROW_5_135,VPWR,li1,289.1100,24.7860,1.798872
TAP_TAPCELL_ROW_5_134,VPWR,li1,263.3500,24.7860,1.798982
TAP_TAPCELL_ROW_5_133,VPWR,li1,237.5900,24.7860,1.799167
TAP_TAPCELL_ROW_5_132,VPWR,li1,211.8300,24.7860,1.799400
TAP_TAPCELL_ROW_5_131,VPWR,li1,186.0700,24.7860,1.799690
TAP_TAPCELL_ROW_5_130,VPWR,li1,160.3100,24.7860,1.799798
TAP_TAPCELL_ROW_5_129,VPWR,li1,134.5500,24.7860,1.799749
TAP_TAPCELL_ROW_5_128,VPWR,li1,108.7900,24.7860,1.799731
TAP_TAPCELL_ROW_5_127,VPWR,li1,83.0300,24.7860,1.799751
TAP_TAPCELL_ROW_5_126,VPWR,li1,57.2700,24.7860,1.799813
TAP_TAPCELL_ROW_5_125,VPWR,li1,31.5100,24.7860,1.799907
TAP_TAPCELL_ROW_4_124,VPWR,li1,301.9900,24.1730,1.798851
TAP_TAPCELL_ROW_4_123,VPWR,li1,276.2300,24.1730,1.798921
TAP_TAPCELL_ROW_4_122,VPWR,li1,250.4700,24.1730,1.799063
TAP_TAPCELL_ROW_4_121,VPWR,li1,224.7100,24.1730,1.799267
TAP_TAPCELL_ROW_4_120,VPWR,li1,198.9500,24.1730,1.799546
TAP_TAPCELL_ROW_4_119,VPWR,li1,173.1900,24.1730,1.799835
TAP_TAPCELL_ROW_4_118,VPWR,li1,147.4300,24.1730,1.799771
TAP_TAPCELL_ROW_4_117,VPWR,li1,121.6700,24.1730,1.799734
TAP_TAPCELL_ROW_4_116,VPWR,li1,95.9100,24.1730,1.799735
TAP_TAPCELL_ROW_4_115,VPWR,li1,70.1500,24.1730,1.799778
TAP_TAPCELL_ROW_4_114,VPWR,li1,44.3900,24.1730,1.799858
TAP_TAPCELL_ROW_4_113,VPWR,li1,18.6300,24.1730,1.799944
TAP_TAPCELL_ROW_3_112,VPWR,li1,289.1100,19.3460,1.798603
TAP_TAPCELL_ROW_3_111,VPWR,li1,263.3500,19.3460,1.798702
TAP_TAPCELL_ROW_3_110,VPWR,li1,237.5900,19.3460,1.798866
TAP_TAPCELL_ROW_3_109,VPWR,li1,211.8300,19.3460,1.799165
TAP_TAPCELL_ROW_3_108,VPWR,li1,186.0700,19.3460,1.799604
TAP_TAPCELL_ROW_3_107,VPWR,li1,160.3100,19.3460,1.799709
TAP_TAPCELL_ROW_3_106,VPWR,li1,134.5500,19.3460,1.799635
TAP_TAPCELL_ROW_3_105,VPWR,li1,108.7900,19.3460,1.799601
TAP_TAPCELL_ROW_3_104,VPWR,li1,83.0300,19.3460,1.799635
TAP_TAPCELL_ROW_3_103,VPWR,li1,57.2700,19.3460,1.799727
TAP_TAPCELL_ROW_3_102,VPWR,li1,31.5100,19.3460,1.799870
TAP_TAPCELL_ROW_2_101,VPWR,li1,301.9900,18.7330,1.798578
TAP_TAPCELL_ROW_2_100,VPWR,li1,276.2300,18.7330,1.798645
TAP_TAPCELL_ROW_2_99,VPWR,li1,250.4700,18.7330,1.798776
TAP_TAPCELL_ROW_2_98,VPWR,li1,224.7100,18.7330,1.798990
TAP_TAPCELL_ROW_2_97,VPWR,li1,198.9500,18.7330,1.799364
TAP_TAPCELL_ROW_2_96,VPWR,li1,173.1900,18.7330,1.799763
TAP_TAPCELL_ROW_2_95,VPWR,li1,147.4300,18.7330,1.799665
TAP_TAPCELL_ROW_2_94,VPWR,li1,121.6700,18.7330,1.799611
TAP_TAPCELL_ROW_2_93,VPWR,li1,95.9100,18.7330,1.799606
TAP_TAPCELL_ROW_2_92,VPWR,li1,70.1500,18.7330,1.799677
TAP_TAPCELL_ROW_2_91,VPWR,li1,44.3900,18.7330,1.799790
TAP_TAPCELL_ROW_2_90,VPWR,li1,18.6300,18.7330,1.799918
TAP_TAPCELL_ROW_1_89,VPWR,li1,289.1100,13.9060,1.799340
TAP_TAPCELL_ROW_1_88,VPWR,li1,263.3500,13.9060,1.799396
TAP_TAPCELL_ROW_1_87,VPWR,li1,237.5900,13.9060,1.799492
TAP_TAPCELL_ROW_1_86,VPWR,li1,211.8300,13.9060,1.799628
TAP_TAPCELL_ROW_1_85,VPWR,li1,186.0700,13.9060,1.799814
TAP_TAPCELL_ROW_1_84,VPWR,li1,160.3100,13.9060,1.799847
TAP_TAPCELL_ROW_1_83,VPWR,li1,134.5500,13.9060,1.799791
TAP_TAPCELL_ROW_1_82,VPWR,li1,108.7900,13.9060,1.799782
TAP_TAPCELL_ROW_1_81,VPWR,li1,83.0300,13.9060,1.799804
TAP_TAPCELL_ROW_1_80,VPWR,li1,57.2700,13.9060,1.799844
TAP_TAPCELL_ROW_1_79,VPWR,li1,31.5100,13.9060,1.799917
TAP_TAPCELL_ROW_0_78,VPWR,li1,301.9900,13.2930,1.799328
TAP_TAPCELL_ROW_0_77,VPWR,li1,289.1100,13.2930,1.799340
TAP_TAPCELL_ROW_0_76,VPWR,li1,276.2300,13.2930,1.799363
TAP_TAPCELL_ROW_0_75,VPWR,li1,263.3500,13.2930,1.799396
TAP_TAPCELL_ROW_0_74,VPWR,li1,250.4700,13.2930,1.799439
TAP_TAPCELL_ROW_0_73,VPWR,li1,237.5900,13.2930,1.799492
TAP_TAPCELL_ROW_0_72,VPWR,li1,224.7100,13.2930,1.799553
TAP_TAPCELL_ROW_0_71,VPWR,li1,211.8300,13.2930,1.799628
TAP_TAPCELL_ROW_0_70,VPWR,li1,198.9500,13.2930,1.799718
TAP_TAPCELL_ROW_0_69,VPWR,li1,186.0700,13.2930,1.799814
TAP_TAPCELL_ROW_0_68,VPWR,li1,173.1900,13.2930,1.799879
TAP_TAPCELL_ROW_0_67,VPWR,li1,160.3100,13.2930,1.799847
TAP_TAPCELL_ROW_0_66,VPWR,li1,147.4300,13.2930,1.799812
TAP_TAPCELL_ROW_0_65,VPWR,li1,134.5500,13.2930,1.799791
TAP_TAPCELL_ROW_0_64,VPWR,li1,121.6700,13.2930,1.799781
TAP_TAPCELL_ROW_0_63,VPWR,li1,108.7900,13.2930,1.799782
TAP_TAPCELL_ROW_0_62,VPWR,li1,95.9100,13.2930,1.799789
TAP_TAPCELL_ROW_0_61,VPWR,li1,83.0300,13.2930,1.799804
TAP_TAPCELL_ROW_0_60,VPWR,li1,70.1500,13.2930,1.799820
TAP_TAPCELL_ROW_0_59,VPWR,li1,57.2700,13.2930,1.799844
TAP_TAPCELL_ROW_0_58,VPWR,li1,44.3900,13.2930,1.799868
TAP_TAPCELL_ROW_0_57,VPWR,li1,31.5100,13.2930,1.799917
TAP_TAPCELL_ROW_0_56,VPWR,li1,18.6300,13.2930,1.799958
PHY_EDGE_ROW_27_Left_55,VPWR,li1,6.2100,84.3200,1.799973
PHY_EDGE_ROW_26_Left_54,VPWR,li1,6.2100,84.3200,1.799973
PHY_EDGE_ROW_25_Left_53,VPWR,li1,6.2100,78.8800,1.799926
PHY_EDGE_ROW_24_Left_52,VPWR,li1,6.2100,78.8800,1.799926
PHY_EDGE_ROW_23_Left_51,VPWR,li1,6.2100,73.4400,1.799929
PHY_EDGE_ROW_22_Left_50,VPWR,li1,6.2100,73.4400,1.799929
PHY_EDGE_ROW_21_Left_49,VPWR,li1,6.2100,68.0000,1.799954
PHY_EDGE_ROW_20_Left_48,VPWR,li1,6.2100,68.0000,1.799954
PHY_EDGE_ROW_19_Left_47,VPWR,li1,6.2100,62.5600,1.799926
PHY_EDGE_ROW_18_Left_46,VPWR,li1,6.2100,62.5600,1.799926
PHY_EDGE_ROW_17_Left_45,VPWR,li1,6.2100,57.1200,1.799925
PHY_EDGE_ROW_16_Left_44,VPWR,li1,6.2100,57.1200,1.799925
PHY_EDGE_ROW_15_Left_43,VPWR,li1,6.2100,51.6800,1.799932
PHY_EDGE_ROW_14_Left_42,VPWR,li1,6.2100,51.6800,1.799932
PHY_EDGE_ROW_13_Left_41,VPWR,li1,6.2100,46.2400,1.799921
PHY_EDGE_ROW_12_Left_40,VPWR,li1,6.2100,46.2400,1.799921
PHY_EDGE_ROW_11_Left_39,VPWR,li1,6.2100,40.8000,1.799932
PHY_EDGE_ROW_10_Left_38,VPWR,li1,6.2100,40.8000,1.799932
PHY_EDGE_ROW_9_Left_37,VPWR,li1,6.2100,35.3600,1.799927
PHY_EDGE_ROW_8_Left_36,VPWR,li1,6.2100,35.3600,1.799927
PHY_EDGE_ROW_7_Left_35,VPWR,li1,6.2100,29.9200,1.799954
PHY_EDGE_ROW_6_Left_34,VPWR,li1,6.2100,29.9200,1.799954
PHY_EDGE_ROW_5_Left_33,VPWR,li1,6.2100,24.4800,1.799942
PHY_EDGE_ROW_4_Left_32,VPWR,li1,6.2100,24.4800,1.799942
PHY_EDGE_ROW_3_Left_31,VPWR,li1,6.2100,19.0400,1.799914
PHY_EDGE_ROW_2_Left_30,VPWR,li1,6.2100,19.0400,1.799914
PHY_EDGE_ROW_1_Left_29,VPWR,li1,6.2100,13.6000,1.799958
PHY_EDGE_ROW_0_Left_28,VPWR,li1,6.2100,13.6000,1.799958
PHY_EDGE_ROW_27_Right_27,VPWR,li1,313.4900,84.3200,1.799439
PHY_EDGE_ROW_26_Right_26,VPWR,li1,313.4900,84.3200,1.799439
PHY_EDGE_ROW_25_Right_25,VPWR,li1,313.4900,78.8800,1.798926
PHY_EDGE_ROW_24_Right_24,VPWR,li1,313.4900,78.8800,1.798926
PHY_EDGE_ROW_23_Right_23,VPWR,li1,313.4900,73.4400,1.798833
PHY_EDGE_ROW_22_Right_22,VPWR,li1,313.4900,73.4400,1.798833
PHY_EDGE_ROW_21_Right_21,VPWR,li1,313.4900,68.0000,1.799132
PHY_EDGE_ROW_20_Right_20,VPWR,li1,313.4900,68.0000,1.799132
PHY_EDGE_ROW_19_Right_19,VPWR,li1,313.4900,62.5600,1.799474
PHY_EDGE_ROW_18_Right_18,VPWR,li1,313.4900,62.5600,1.799474
PHY_EDGE_ROW_17_Right_17,VPWR,li1,313.4900,57.1200,1.799076
PHY_EDGE_ROW_16_Right_16,VPWR,li1,313.4900,57.1200,1.799076
PHY_EDGE_ROW_15_Right_15,VPWR,li1,313.4900,51.6800,1.799029
PHY_EDGE_ROW_14_Right_14,VPWR,li1,313.4900,51.6800,1.799029
PHY_EDGE_ROW_13_Right_13,VPWR,li1,313.4900,46.2400,1.799024
PHY_EDGE_ROW_12_Right_12,VPWR,li1,313.4900,46.2400,1.799024
PHY_EDGE_ROW_11_Right_11,VPWR,li1,313.4900,40.8000,1.799255
PHY_EDGE_ROW_10_Right_10,VPWR,li1,313.4900,40.8000,1.799255
PHY_EDGE_ROW_9_Right_9,VPWR,li1,313.4900,35.3600,1.799170
PHY_EDGE_ROW_8_Right_8,VPWR,li1,313.4900,35.3600,1.799170
PHY_EDGE_ROW_7_Right_7,VPWR,li1,313.4900,29.9200,1.799228
PHY_EDGE_ROW_6_Right_6,VPWR,li1,313.4900,29.9200,1.799228
PHY_EDGE_ROW_5_Right_5,VPWR,li1,313.4900,24.4800,1.798843
PHY_EDGE_ROW_4_Right_4,VPWR,li1,313.4900,24.4800,1.798843
PHY_EDGE_ROW_3_Right_3,VPWR,li1,313.4900,19.0400,1.798568
PHY_EDGE_ROW_2_Right_2,VPWR,li1,313.4900,19.0400,1.798568
PHY_EDGE_ROW_1_Right_1,VPWR,li1,313.4900,13.6000,1.799325
PHY_EDGE_ROW_0_Right_0,VPWR,li1,313.4900,13.6000,1.799325
_1251_,VPWR,li1,34.2700,57.1200,1.799865
_1250_,VPWR,li1,83.4900,78.8800,1.799621
_1249_,VPWR,li1,13.5700,57.1200,1.799925
_1248_,VPWR,li1,116.1500,13.6000,1.799780
_1247_,VPWR,li1,141.9100,78.8800,1.799644
_1246_,VPWR,li1,136.8500,78.8800,1.799627
_1245_,VPWR,li1,237.5900,84.3200,1.799594
_1244_,VPWR,li1,253.2300,73.4400,1.799013
_1243_,VPWR,li1,232.5300,78.8800,1.799164
_1242_,VPWR,li1,250.0100,68.0000,1.799268
_1241_,VPWR,li1,255.5300,78.8800,1.799034
_1240_,VPWR,li1,253.2300,78.8800,1.799045
_1239_,VPWR,li1,235.2900,78.8800,1.799145
_1238_,VPWR,li1,214.1300,62.5600,1.799661
_1237_,VPWR,li1,217.8100,73.4400,1.799299
_1236_,VPWR,li1,218.7300,78.8800,1.799282
_1235_,VPWR,li1,252.3100,19.0400,1.798764
_1234_,VPWR,li1,307.5100,24.4800,1.798845
_1233_,VPWR,li1,307.5100,35.3600,1.799170
_1232_,VPWR,li1,307.5100,40.8000,1.799255
_1231_,VPWR,li1,307.5100,51.6800,1.799029
_1230_,VPWR,li1,307.5100,57.1200,1.799077
_1229_,VPWR,li1,307.5100,73.4400,1.798833
_1228_,VPWR,li1,307.5100,73.4400,1.798833
_1227_,VPWR,li1,245.4100,24.4800,1.799098
_1226_,VPWR,li1,300.1500,19.0400,1.798580
_1225_,VPWR,li1,301.9900,29.9200,1.799232
_1224_,VPWR,li1,299.6900,35.3600,1.799177
_1223_,VPWR,li1,303.8300,51.6800,1.799031
_1222_,VPWR,li1,304.7500,57.1200,1.799078
_1221_,VPWR,li1,299.2300,68.0000,1.799143
_1220_,VPWR,li1,298.3100,78.8800,1.798932
_1219_,VPWR,li1,255.5300,19.0400,1.798744
_1218_,VPWR,li1,294.1700,13.6000,1.799333
_1217_,VPWR,li1,294.6300,24.4800,1.798863
_1216_,VPWR,li1,296.4700,40.8000,1.799261
_1215_,VPWR,li1,294.1700,51.6800,1.799041
_1214_,VPWR,li1,295.0900,57.1200,1.799090
_1213_,VPWR,li1,291.4100,68.0000,1.799154
_1212_,VPWR,li1,291.4100,84.3200,1.799455
_1211_,VPWR,li1,262.4300,24.4800,1.798993
_1210_,VPWR,li1,292.3300,19.0400,1.798595
_1209_,VPWR,li1,288.1900,29.9200,1.799252
_1208_,VPWR,li1,286.8100,40.8000,1.799276
_1207_,VPWR,li1,284.0500,51.6800,1.799058
_1206_,VPWR,li1,290.9500,57.1200,1.799097
_1205_,VPWR,li1,290.9500,73.4400,1.798851
_1204_,VPWR,li1,285.4300,78.8800,1.798947
_1203_,VPWR,li1,265.1900,19.0400,1.798692
_1202_,VPWR,li1,282.6700,19.0400,1.798621
_1201_,VPWR,li1,282.6700,29.9200,1.799265
_1200_,VPWR,li1,280.8300,40.8000,1.799287
_1199_,VPWR,li1,257.3700,57.1200,1.799243
_1198_,VPWR,li1,281.2900,57.1200,1.799120
_1197_,VPWR,li1,281.2900,73.4400,1.798881
_1196_,VPWR,li1,279.9100,78.8800,1.798961
_1195_,VPWR,li1,248.6300,24.4800,1.799075
_1194_,VPWR,li1,273.4700,19.0400,1.798657
_1193_,VPWR,li1,271.1700,35.3600,1.799235
_1192_,VPWR,li1,261.9700,40.8000,1.799340
_1191_,VPWR,li1,267.4900,51.6800,1.799104
_1190_,VPWR,li1,273.9300,51.6800,1.799081
_1189_,VPWR,li1,269.3300,73.4400,1.798926
_1188_,VPWR,li1,270.2500,78.8800,1.798982
_1187_,VPWR,li1,238.5100,19.0400,1.798866
_1186_,VPWR,li1,242.6500,19.0400,1.798829
_1185_,VPWR,li1,251.8500,29.9200,1.799377
_1184_,VPWR,li1,252.3100,35.3600,1.799304
_1183_,VPWR,li1,250.4700,51.6800,1.799174
_1182_,VPWR,li1,245.4100,57.1200,1.799317
_1181_,VPWR,li1,238.9700,68.0000,1.799321
_1180_,VPWR,li1,238.5100,73.4400,1.799126
_1179_,VPWR,li1,153.4100,40.8000,1.799773
_1178_,VPWR,li1,39.3300,40.8000,1.799857
_1177_,VPWR,li1,41.6300,19.0400,1.799805
_1176_,VPWR,li1,178.2500,62.5600,1.799870
_1175_,VPWR,li1,31.5100,68.0000,1.799913
_1174_,VPWR,li1,178.2500,13.6000,1.799868
_1173_,VPWR,li1,198.0300,51.6800,1.799574
_1172_,VPWR,li1,161.6900,51.6800,1.799776
_1171_,VPWR,li1,149.7300,35.3600,1.799798
_1170_,VPWR,li1,36.5700,35.3600,1.799872
_1169_,VPWR,li1,39.3300,24.4800,1.799876
_1168_,VPWR,li1,177.3300,62.5600,1.799870
_1167_,VPWR,li1,29.6700,78.8800,1.799862
_1166_,VPWR,li1,178.2500,19.0400,1.799721
_1165_,VPWR,li1,198.9500,57.1200,1.799657
_1164_,VPWR,li1,159.8500,57.1200,1.799795
_1163_,VPWR,li1,147.8900,40.8000,1.799754
_1162_,VPWR,li1,29.6700,40.8000,1.799908
_1161_,VPWR,li1,39.3300,19.0400,1.799817
_1160_,VPWR,li1,181.9300,78.8800,1.799712
_1159_,VPWR,li1,26.4500,78.8800,1.799884
_1158_,VPWR,li1,168.1300,19.0400,1.799740
_1157_,VPWR,li1,193.8900,62.5600,1.799768
_1156_,VPWR,li1,158.0100,62.5600,1.799827
_1155_,VPWR,li1,140.5300,35.3600,1.799783
_1154_,VPWR,li1,19.5500,40.8000,1.799937
_1153_,VPWR,li1,25.0700,19.0400,1.799910
_1152_,VPWR,li1,180.0900,84.3200,1.799882
_1151_,VPWR,li1,18.6300,73.4400,1.799931
_1150_,VPWR,li1,155.2500,19.0400,1.799692
_1149_,VPWR,li1,193.4300,78.8800,1.799564
_1148_,VPWR,li1,145.5900,51.6800,1.799723
_1147_,VPWR,li1,135.9300,29.9200,1.799751
_1146_,VPWR,li1,13.5700,40.8000,1.799933
_1145_,VPWR,li1,15.4100,19.0400,1.799916
_1144_,VPWR,li1,171.8100,78.8800,1.799778
_1143_,VPWR,li1,13.5700,73.4400,1.799929
_1142_,VPWR,li1,155.2500,19.0400,1.799692
_1141_,VPWR,li1,200.7900,73.4400,1.799499
_1140_,VPWR,li1,141.9100,57.1200,1.799729
_1139_,VPWR,li1,135.0100,24.4800,1.799749
_1138_,VPWR,li1,12.6500,35.3600,1.799927
_1137_,VPWR,li1,23.6900,19.0400,1.799910
_1136_,VPWR,li1,164.4500,78.8800,1.799742
_1135_,VPWR,li1,14.4900,62.5600,1.799926
_1134_,VPWR,li1,153.8700,24.4800,1.799785
_1133_,VPWR,li1,204.9300,78.8800,1.799425
_1132_,VPWR,li1,142.3700,62.5600,1.799800
_1131_,VPWR,li1,136.3900,19.0400,1.799639
_1130_,VPWR,li1,12.6500,35.3600,1.799927
_1129_,VPWR,li1,23.6900,24.4800,1.799936
_1128_,VPWR,li1,165.3700,73.4400,1.799792
_1127_,VPWR,li1,13.5700,62.5600,1.799926
_1126_,VPWR,li1,151.5700,13.6000,1.799822
_1125_,VPWR,li1,195.2700,78.8800,1.799541
_1124_,VPWR,li1,146.0500,68.0000,1.799784
_1123_,VPWR,li1,139.6100,13.6000,1.799798
_1122_,VPWR,li1,12.6500,19.0400,1.799914
_1121_,VPWR,li1,26.4500,51.6800,1.799901
_1120_,VPWR,li1,154.7900,78.8800,1.799694
_1119_,VPWR,li1,15.4100,57.1200,1.799926
_1118_,VPWR,li1,121.6700,19.0400,1.799611
_1117_,VPWR,li1,152.9500,78.8800,1.799686
_1116_,VPWR,li1,145.5900,73.4400,1.799732
_1115_,VPWR,li1,116.6100,40.8000,1.799693
_1114_,VPWR,li1,77.9700,35.3600,1.799775
_1113_,VPWR,li1,63.2500,62.5600,1.799799
_1112_,VPWR,li1,77.9700,51.6800,1.799683
_1111_,VPWR,li1,62.3300,46.2400,1.799675
_1110_,VPWR,li1,94.0700,35.3600,1.799762
_1109_,VPWR,li1,119.3700,51.6800,1.799671
_1108_,VPWR,li1,103.7300,57.1200,1.799664
_1107_,VPWR,li1,114.3100,40.8000,1.799692
_1106_,VPWR,li1,54.5100,35.3600,1.799821
_1105_,VPWR,li1,44.3900,73.4400,1.799802
_1104_,VPWR,li1,77.9700,68.0000,1.799784
_1103_,VPWR,li1,48.0700,40.8000,1.799820
_1102_,VPWR,li1,90.8500,40.8000,1.799700
_1101_,VPWR,li1,114.7700,51.6800,1.799666
_1100_,VPWR,li1,90.8500,57.1200,1.799673
_1099_,VPWR,li1,116.1500,29.9200,1.799748
_1098_,VPWR,li1,60.9500,29.9200,1.799831
_1097_,VPWR,li1,43.4700,68.0000,1.799873
_1096_,VPWR,li1,76.5900,57.1200,1.799703
_1095_,VPWR,li1,44.3900,57.1200,1.799818
_1094_,VPWR,li1,90.8500,24.4800,1.799739
_1093_,VPWR,li1,114.7700,57.1200,1.799672
_1092_,VPWR,li1,94.0700,57.1200,1.799669
_1091_,VPWR,li1,115.2300,24.4800,1.799731
_1090_,VPWR,li1,77.9700,19.0400,1.799649
_1089_,VPWR,li1,62.3300,62.5600,1.799799
_1088_,VPWR,li1,68.3100,51.6800,1.799712
_1087_,VPWR,li1,61.8700,19.0400,1.799709
_1086_,VPWR,li1,90.8500,40.8000,1.799700
_1085_,VPWR,li1,122.1300,68.0000,1.799756
_1084_,VPWR,li1,101.8900,73.4400,1.799674
_1083_,VPWR,li1,129.4900,40.8000,1.799708
_1082_,VPWR,li1,68.3100,19.0400,1.799685
_1081_,VPWR,li1,40.2500,78.8800,1.799798
_1080_,VPWR,li1,68.3100,78.8800,1.799663
_1079_,VPWR,li1,45.7700,51.6800,1.799809
_1078_,VPWR,li1,94.0700,19.0400,1.799610
_1077_,VPWR,li1,129.4900,73.4400,1.799699
_1076_,VPWR,li1,89.0100,78.8800,1.799610
_1075_,VPWR,li1,116.1500,19.0400,1.799604
_1074_,VPWR,li1,79.8100,19.0400,1.799643
_1073_,VPWR,li1,61.8700,78.8800,1.799683
_1072_,VPWR,li1,81.1900,73.4400,1.799689
_1071_,VPWR,li1,62.7900,13.6000,1.799830
_1070_,VPWR,li1,100.9700,19.0400,1.799597
_1069_,VPWR,li1,116.6100,68.0000,1.799753
_1068_,VPWR,li1,97.2900,68.0000,1.799757
_1067_,VPWR,li1,115.6900,35.3600,1.799761
_1066_,VPWR,li1,59.5700,24.4800,1.799806
_1065_,VPWR,li1,49.9100,78.8800,1.799735
_1064_,VPWR,li1,78.4300,51.6800,1.799683
_1063_,VPWR,li1,54.9700,51.6800,1.799761
_1062_,VPWR,li1,100.9700,24.4800,1.799731
_1061_,VPWR,li1,125.3500,78.8800,1.799598
_1060_,VPWR,li1,98.6700,78.8800,1.799597
_1059_,VPWR,li1,130.4100,40.8000,1.799708
_1058_,VPWR,li1,77.9700,35.3600,1.799775
_1057_,VPWR,li1,62.3300,68.0000,1.799814
_1056_,VPWR,li1,67.8500,73.4400,1.799712
_1055_,VPWR,li1,64.1700,40.8000,1.799759
_1054_,VPWR,li1,101.4300,40.8000,1.799692
_1053_,VPWR,li1,129.4900,51.6800,1.799684
_1052_,VPWR,li1,97.2900,51.6800,1.799659
_1051_,VPWR,li1,129.4900,13.6000,1.799785
_1050_,VPWR,li1,50.3700,19.0400,1.799759
_1049_,VPWR,li1,36.5700,57.1200,1.799852
_1048_,VPWR,li1,80.7300,78.8800,1.799627
_1047_,VPWR,li1,16.3300,51.6800,1.799932
_1046_,VPWR,li1,116.1500,13.6000,1.799780
_1045_,VPWR,li1,139.6100,84.3200,1.799843
_1044_,VPWR,li1,135.4700,84.3200,1.799838
_1043_,VPWR,li1,213.2100,62.5600,1.799661
_1042_,VPWR,li1,213.6700,68.0000,1.799489
_1041_,VPWR,li1,213.9000,68.0000,1.799489
_1040_,VPWR,li1,220.5700,68.0000,1.799431
_1039_,VPWR,li1,213.9000,73.4400,1.799341
_1038_,VPWR,li1,210.2200,73.4400,1.799404
_1037_,VPWR,li1,224.7100,68.0000,1.799402
_1036_,VPWR,li1,248.1700,19.0400,1.798792
_1035_,VPWR,li1,306.5900,24.4800,1.798845
_1034_,VPWR,li1,307.0500,35.3600,1.799170
_1033_,VPWR,li1,306.5900,40.8000,1.799255
_1032_,VPWR,li1,310.7300,51.6800,1.799029
_1031_,VPWR,li1,307.0500,62.5600,1.799475
_1030_,VPWR,li1,306.1300,68.0000,1.799136
_1029_,VPWR,li1,306.1300,78.8800,1.798928
_1028_,VPWR,li1,252.7700,24.4800,1.799048
_1027_,VPWR,li1,296.9300,24.4800,1.798857
_1026_,VPWR,li1,298.7700,35.3600,1.799177
_1025_,VPWR,li1,296.4700,40.8000,1.799261
_1024_,VPWR,li1,297.8500,51.6800,1.799036
_1023_,VPWR,li1,299.2300,62.5600,1.799479
_1022_,VPWR,li1,297.8500,73.4400,1.798842
_1021_,VPWR,li1,295.0900,78.8800,1.798935
_1020_,VPWR,li1,257.8300,13.6000,1.799409
_1019_,VPWR,li1,291.8700,19.0400,1.798595
_1018_,VPWR,li1,295.0900,29.9200,1.799241
_1017_,VPWR,li1,291.4100,35.3600,1.799189
_1016_,VPWR,li1,290.9500,51.6800,1.799045
_1015_,VPWR,li1,297.8500,57.1200,1.799087
_1014_,VPWR,li1,291.4100,68.0000,1.799154
_1013_,VPWR,li1,291.4100,78.8800,1.798940
_1012_,VPWR,li1,265.6500,19.0400,1.798692
_1011_,VPWR,li1,286.8100,13.6000,1.799344
_1010_,VPWR,li1,286.8100,24.4800,1.798876
_1009_,VPWR,li1,285.4300,35.3600,1.799205
_1008_,VPWR,li1,285.8900,57.1200,1.799109
_1007_,VPWR,li1,285.8900,51.6800,1.799054
_1006_,VPWR,li1,285.4300,68.0000,1.799168
_1005_,VPWR,li1,284.0500,84.3200,1.799465
_1004_,VPWR,li1,265.6500,13.6000,1.799385
_1003_,VPWR,li1,260.1300,19.0400,1.798718
_1002_,VPWR,li1,250.0100,13.6000,1.799439
_1001_,VPWR,li1,269.1000,24.4800,1.798951
_1000_,VPWR,li1,280.8300,19.0400,1.798628
_0999_,VPWR,li1,273.0100,19.0400,1.798657
_0998_,VPWR,li1,268.1800,29.9200,1.799310
_0997_,VPWR,li1,275.7700,24.4800,1.798921
_0996_,VPWR,li1,272.5500,13.6000,1.799372
_0995_,VPWR,li1,269.5600,13.6000,1.799376
_0994_,VPWR,li1,280.3700,29.9200,1.799272
_0993_,VPWR,li1,273.0100,35.3600,1.799230
_0992_,VPWR,li1,272.3200,40.8000,1.799309
_0991_,VPWR,li1,271.1700,29.9200,1.799302
_0990_,VPWR,li1,265.1900,35.3600,1.799254
_0989_,VPWR,li1,268.6400,29.9200,1.799310
_0988_,VPWR,li1,278.9900,40.8000,1.799291
_0987_,VPWR,li1,269.7900,40.8000,1.799319
_0986_,VPWR,li1,260.5900,51.6800,1.799132
_0985_,VPWR,li1,265.6500,40.8000,1.799333
_0984_,VPWR,li1,264.7300,35.3600,1.799261
_0983_,VPWR,li1,261.7400,40.8000,1.799340
_0982_,VPWR,li1,256.9100,62.5600,1.799543
_0981_,VPWR,li1,261.9700,62.5600,1.799530
_0980_,VPWR,li1,264.9600,62.5600,1.799525
_0979_,VPWR,li1,260.1300,51.6800,1.799132
_0978_,VPWR,li1,255.3000,57.1200,1.799255
_0977_,VPWR,li1,276.6900,57.1200,1.799143
_0976_,VPWR,li1,270.7100,62.5600,1.799514
_0975_,VPWR,li1,266.8000,57.1200,1.799190
_0974_,VPWR,li1,267.7200,57.1200,1.799190
_0973_,VPWR,li1,264.7300,46.2400,1.799107
_0972_,VPWR,li1,267.7200,62.5600,1.799522
_0971_,VPWR,li1,274.6200,73.4400,1.798902
_0970_,VPWR,li1,263.3500,73.4400,1.798954
_0969_,VPWR,li1,268.8700,73.4400,1.798926
_0968_,VPWR,li1,268.6400,68.0000,1.799206
_0967_,VPWR,li1,268.4100,62.5600,1.799517
_0966_,VPWR,li1,266.1100,62.5600,1.799522
_0965_,VPWR,li1,264.9600,68.0000,1.799216
_0964_,VPWR,li1,278.5300,78.8800,1.798961
_0963_,VPWR,li1,271.6300,78.8800,1.798982
_0962_,VPWR,li1,248.4000,29.9200,1.799386
_0961_,VPWR,li1,272.7800,24.4800,1.798933
_0960_,VPWR,li1,272.7800,46.2400,1.799079
_0959_,VPWR,li1,261.2800,35.3600,1.799268
_0958_,VPWR,li1,267.7200,46.2400,1.799091
_0957_,VPWR,li1,271.8600,57.1200,1.799164
_0956_,VPWR,li1,269.1000,68.0000,1.799206
_0955_,VPWR,li1,266.8000,78.8800,1.798998
_0954_,VPWR,li1,211.8300,73.4400,1.799366
_0953_,VPWR,li1,237.5900,24.4800,1.799167
_0952_,VPWR,li1,230.6900,19.0400,1.798930
_0951_,VPWR,li1,213.6700,19.0400,1.799115
_0950_,VPWR,li1,197.5700,13.6000,1.799718
_0949_,VPWR,li1,194.8100,19.0400,1.799424
_0948_,VPWR,li1,197.1100,24.4800,1.799569
_0947_,VPWR,li1,193.8900,24.4800,1.799597
_0946_,VPWR,li1,190.2100,24.4800,1.799649
_0945_,VPWR,li1,188.8300,29.9200,1.799761
_0944_,VPWR,li1,189.2900,24.4800,1.799649
_0943_,VPWR,li1,186.0700,35.3600,1.799756
_0942_,VPWR,li1,180.5500,40.8000,1.799821
_0941_,VPWR,li1,177.3300,46.2400,1.799799
_0940_,VPWR,li1,176.8700,46.2400,1.799799
_0939_,VPWR,li1,176.8700,35.3600,1.799859
_0938_,VPWR,li1,193.4300,40.8000,1.799713
_0937_,VPWR,li1,170.8900,35.3600,1.799839
_0936_,VPWR,li1,167.6700,40.8000,1.799819
_0935_,VPWR,li1,164.9100,35.3600,1.799827
_0934_,VPWR,li1,171.8100,40.8000,1.799837
_0933_,VPWR,li1,166.7500,40.8000,1.799819
_0932_,VPWR,li1,166.7500,46.2400,1.799786
_0931_,VPWR,li1,124.8900,35.3600,1.799767
_0930_,VPWR,li1,126.2700,29.9200,1.799748
_0929_,VPWR,li1,120.0600,24.4800,1.799734
_0928_,VPWR,li1,121.2100,40.8000,1.799698
_0927_,VPWR,li1,134.0900,46.2400,1.799639
_0926_,VPWR,li1,155.9400,46.2400,1.799726
_0925_,VPWR,li1,152.4900,29.9200,1.799794
_0924_,VPWR,li1,140.9900,40.8000,1.799732
_0923_,VPWR,li1,142.8300,29.9200,1.799763
_0922_,VPWR,li1,141.6800,24.4800,1.799758
_0921_,VPWR,li1,139.6100,40.8000,1.799732
_0920_,VPWR,li1,213.9000,13.6000,1.799615
_0919_,VPWR,li1,230.2300,24.4800,1.799219
_0918_,VPWR,li1,239.8900,13.6000,1.799482
_0917_,VPWR,li1,234.3700,19.0400,1.798891
_0916_,VPWR,li1,230.2300,13.6000,1.799527
_0915_,VPWR,li1,227.2400,24.4800,1.799244
_0914_,VPWR,li1,222.8700,24.4800,1.799286
_0913_,VPWR,li1,221.0300,13.6000,1.799574
_0912_,VPWR,li1,218.2700,13.6000,1.799588
_0911_,VPWR,li1,217.1200,13.6000,1.799601
_0910_,VPWR,li1,208.6100,19.0400,1.799215
_0909_,VPWR,li1,209.3000,13.6000,1.799654
_0908_,VPWR,li1,200.7900,19.0400,1.799321
_0907_,VPWR,li1,205.1600,19.0400,1.799249
_0906_,VPWR,li1,190.2100,19.0400,1.799521
_0905_,VPWR,li1,196.4200,24.4800,1.799569
_0904_,VPWR,li1,192.0500,35.3600,1.799710
_0903_,VPWR,li1,188.6000,35.3600,1.799733
_0902_,VPWR,li1,184.2300,35.3600,1.799773
_0901_,VPWR,li1,185.6100,46.2400,1.799713
_0900_,VPWR,li1,174.5700,40.8000,1.799845
_0899_,VPWR,li1,184.6900,40.8000,1.799778
_0898_,VPWR,li1,77.2800,29.9200,1.799792
_0897_,VPWR,li1,77.7400,24.4800,1.799760
_0896_,VPWR,li1,75.4400,24.4800,1.799765
_0895_,VPWR,li1,73.6000,24.4800,1.799772
_0894_,VPWR,li1,80.0400,24.4800,1.799756
_0893_,VPWR,li1,64.1700,29.9200,1.799821
_0892_,VPWR,li1,61.4100,35.3600,1.799806
_0891_,VPWR,li1,190.6700,40.8000,1.799727
_0890_,VPWR,li1,187.2200,40.8000,1.799763
_0889_,VPWR,li1,169.9700,46.2400,1.799803
_0888_,VPWR,li1,188.6000,40.8000,1.799743
_0887_,VPWR,li1,174.1100,46.2400,1.799830
_0886_,VPWR,li1,182.3900,40.8000,1.799806
_0885_,VPWR,li1,200.7900,19.0400,1.799321
_0884_,VPWR,li1,200.5600,24.4800,1.799523
_0883_,VPWR,li1,194.8100,19.0400,1.799424
_0882_,VPWR,li1,180.0900,29.9200,1.799832
_0881_,VPWR,li1,175.2600,35.3600,1.799859
_0880_,VPWR,li1,182.8500,29.9200,1.799811
_0879_,VPWR,li1,171.3500,35.3600,1.799845
_0878_,VPWR,li1,40.9400,35.3600,1.799858
_0877_,VPWR,li1,21.6200,35.3600,1.799934
_0876_,VPWR,li1,25.7600,29.9200,1.799938
_0875_,VPWR,li1,22.5400,40.8000,1.799940
_0874_,VPWR,li1,21.1600,35.3600,1.799934
_0873_,VPWR,li1,38.8700,46.2400,1.799803
_0872_,VPWR,li1,33.8100,35.3600,1.799882
_0871_,VPWR,li1,196.8800,40.8000,1.799680
_0870_,VPWR,li1,213.6700,24.4800,1.799380
_0869_,VPWR,li1,237.5900,35.3600,1.799378
_0868_,VPWR,li1,248.1700,35.3600,1.799323
_0867_,VPWR,li1,243.5700,35.3600,1.799349
_0866_,VPWR,li1,240.8100,35.3600,1.799364
_0865_,VPWR,li1,235.9800,29.9200,1.799447
_0864_,VPWR,li1,236.2100,29.9200,1.799447
_0863_,VPWR,li1,229.7700,29.9200,1.799489
_0862_,VPWR,li1,230.6900,24.4800,1.799219
_0861_,VPWR,li1,225.1700,24.4800,1.799267
_0860_,VPWR,li1,221.0300,24.4800,1.799305
_0859_,VPWR,li1,215.0500,19.0400,1.799115
_0858_,VPWR,li1,210.4500,19.0400,1.799165
_0857_,VPWR,li1,202.1700,29.9200,1.799676
_0856_,VPWR,li1,196.1900,35.3600,1.799668
_0855_,VPWR,li1,202.4000,35.3600,1.799620
_0854_,VPWR,li1,199.4100,35.3600,1.799654
_0853_,VPWR,li1,201.0200,40.8000,1.799651
_0852_,VPWR,li1,202.1700,40.8000,1.799651
_0851_,VPWR,li1,201.0200,46.2400,1.799560
_0850_,VPWR,li1,198.9500,40.8000,1.799665
_0849_,VPWR,li1,178.9400,40.8000,1.799821
_0848_,VPWR,li1,69.0000,62.5600,1.799790
_0847_,VPWR,li1,49.6800,73.4400,1.799776
_0846_,VPWR,li1,46.6900,68.0000,1.799860
_0845_,VPWR,li1,42.0900,73.4400,1.799815
_0844_,VPWR,li1,51.0600,73.4400,1.799776
_0843_,VPWR,li1,63.2500,68.0000,1.799814
_0842_,VPWR,li1,62.5600,73.4400,1.799728
_0841_,VPWR,li1,216.4300,24.4800,1.799356
_0840_,VPWR,li1,210.4500,24.4800,1.799419
_0839_,VPWR,li1,209.9900,24.4800,1.799419
_0838_,VPWR,li1,204.0100,24.4800,1.799500
_0837_,VPWR,li1,197.1100,29.9200,1.799705
_0836_,VPWR,li1,177.7900,29.9200,1.799847
_0835_,VPWR,li1,43.0100,24.4800,1.799858
_0834_,VPWR,li1,30.8200,24.4800,1.799907
_0833_,VPWR,li1,22.5400,29.9200,1.799949
_0832_,VPWR,li1,27.1400,24.4800,1.799921
_0831_,VPWR,li1,33.8100,24.4800,1.799894
_0830_,VPWR,li1,47.8400,24.4800,1.799847
_0829_,VPWR,li1,39.1000,29.9200,1.799899
_0828_,VPWR,li1,208.8400,40.8000,1.799601
_0827_,VPWR,li1,222.8700,35.3600,1.799470
_0826_,VPWR,li1,250.0100,40.8000,1.799389
_0825_,VPWR,li1,244.0300,40.8000,1.799411
_0824_,VPWR,li1,241.2700,40.8000,1.799426
_0823_,VPWR,li1,235.2900,40.8000,1.799456
_0822_,VPWR,li1,232.0700,35.3600,1.799419
_0821_,VPWR,li1,234.3700,35.3600,1.799405
_0820_,VPWR,li1,227.2400,57.1200,1.799443
_0819_,VPWR,li1,227.9300,35.3600,1.799436
_0818_,VPWR,li1,219.6500,35.3600,1.799492
_0817_,VPWR,li1,225.1700,29.9200,1.799521
_0816_,VPWR,li1,223.1000,40.8000,1.799525
_0815_,VPWR,li1,225.6300,35.3600,1.799457
_0814_,VPWR,li1,219.6500,35.3600,1.799492
_0813_,VPWR,li1,212.2900,29.9200,1.799604
_0812_,VPWR,li1,213.2100,35.3600,1.799539
_0811_,VPWR,li1,207.2300,35.3600,1.799583
_0810_,VPWR,li1,176.6400,68.0000,1.799861
_0809_,VPWR,li1,178.0200,73.4400,1.799793
_0808_,VPWR,li1,178.7100,73.4400,1.799793
_0807_,VPWR,li1,175.2600,84.3200,1.799914
_0806_,VPWR,li1,172.5000,73.4400,1.799818
_0805_,VPWR,li1,168.1300,68.0000,1.799836
_0804_,VPWR,li1,170.8900,68.0000,1.799848
_0803_,VPWR,li1,212.7500,40.8000,1.799584
_0802_,VPWR,li1,209.0700,46.2400,1.799488
_0801_,VPWR,li1,202.6300,46.2400,1.799560
_0800_,VPWR,li1,207.0000,46.2400,1.799520
_0799_,VPWR,li1,83.4900,57.1200,1.799685
_0798_,VPWR,li1,74.5200,73.4400,1.799700
_0797_,VPWR,li1,85.3300,68.0000,1.799771
_0796_,VPWR,li1,80.5000,73.4400,1.799689
_0795_,VPWR,li1,74.9800,78.8800,1.799642
_0794_,VPWR,li1,76.3600,78.8800,1.799642
_0793_,VPWR,li1,78.6600,46.2400,1.799609
_0792_,VPWR,li1,91.0800,46.2400,1.799577
_0791_,VPWR,li1,208.6100,40.8000,1.799601
_0790_,VPWR,li1,238.0500,51.6800,1.799239
_0789_,VPWR,li1,248.1700,51.6800,1.799185
_0788_,VPWR,li1,244.4900,51.6800,1.799203
_0787_,VPWR,li1,241.2700,51.6800,1.799220
_0786_,VPWR,li1,240.3500,46.2400,1.799258
_0785_,VPWR,li1,242.6500,46.2400,1.799240
_0784_,VPWR,li1,233.4500,51.6800,1.799265
_0783_,VPWR,li1,233.9100,51.6800,1.799265
_0782_,VPWR,li1,229.3100,51.6800,1.799293
_0781_,VPWR,li1,226.5500,51.6800,1.799312
_0780_,VPWR,li1,222.4100,40.8000,1.799525
_0779_,VPWR,li1,213.2100,51.6800,1.799412
_0778_,VPWR,li1,216.8900,40.8000,1.799552
_0777_,VPWR,li1,34.2700,62.5600,1.799865
_0776_,VPWR,li1,31.7400,73.4400,1.799873
_0775_,VPWR,li1,29.2100,73.4400,1.799888
_0774_,VPWR,li1,25.3000,73.4400,1.799917
_0773_,VPWR,li1,29.6700,84.3200,1.799955
_0772_,VPWR,li1,23.0000,62.5600,1.799933
_0771_,VPWR,li1,21.6200,62.5600,1.799933
_0770_,VPWR,li1,222.8700,46.2400,1.799389
_0769_,VPWR,li1,216.6600,46.2400,1.799428
_0768_,VPWR,li1,219.4200,46.2400,1.799407
_0767_,VPWR,li1,209.5300,46.2400,1.799488
_0766_,VPWR,li1,67.6200,40.8000,1.799748
_0765_,VPWR,li1,53.3600,46.2400,1.799707
_0764_,VPWR,li1,65.3200,24.4800,1.799790
_0763_,VPWR,li1,50.3700,46.2400,1.799729
_0762_,VPWR,li1,48.0700,51.6800,1.799792
_0761_,VPWR,li1,49.2200,46.2400,1.799729
_0760_,VPWR,li1,68.5400,46.2400,1.799645
_0759_,VPWR,li1,241.5000,51.6800,1.799220
_0758_,VPWR,li1,247.7100,46.2400,1.799212
_0757_,VPWR,li1,233.4500,46.2400,1.799307
_0756_,VPWR,li1,235.9800,46.2400,1.799287
_0755_,VPWR,li1,227.0100,46.2400,1.799358
_0754_,VPWR,li1,219.1900,51.6800,1.799366
_0753_,VPWR,li1,230.6900,57.1200,1.799417
_0752_,VPWR,li1,222.4100,51.6800,1.799342
_0751_,VPWR,li1,222.6400,51.6800,1.799342
_0750_,VPWR,li1,220.1100,40.8000,1.799536
_0749_,VPWR,li1,169.0500,24.4800,1.799824
_0748_,VPWR,li1,168.1300,29.9200,1.799850
_0747_,VPWR,li1,169.2800,24.4800,1.799824
_0746_,VPWR,li1,156.8600,29.9200,1.799809
_0745_,VPWR,li1,162.8400,24.4800,1.799806
_0744_,VPWR,li1,162.8400,29.9200,1.799830
_0743_,VPWR,li1,174.1100,19.0400,1.799763
_0742_,VPWR,li1,169.9700,19.0400,1.799749
_0741_,VPWR,li1,216.4300,46.2400,1.799428
_0740_,VPWR,li1,99.5900,40.8000,1.799692
_0739_,VPWR,li1,99.3600,24.4800,1.799731
_0738_,VPWR,li1,94.9900,24.4800,1.799735
_0737_,VPWR,li1,106.2600,19.0400,1.799600
_0736_,VPWR,li1,96.1400,13.6000,1.799789
_0735_,VPWR,li1,97.9800,29.9200,1.799767
_0734_,VPWR,li1,103.9600,40.8000,1.799691
_0733_,VPWR,li1,235.2900,62.5600,1.799596
_0732_,VPWR,li1,227.0100,57.1200,1.799443
_0731_,VPWR,li1,221.9500,57.1200,1.799485
_0730_,VPWR,li1,193.8900,57.1200,1.799685
_0729_,VPWR,li1,192.0500,57.1200,1.799700
_0728_,VPWR,li1,197.1100,73.4400,1.799545
_0727_,VPWR,li1,196.6500,68.0000,1.799654
_0726_,VPWR,li1,202.4000,78.8800,1.799455
_0725_,VPWR,li1,199.1800,68.0000,1.799624
_0724_,VPWR,li1,201.4800,73.4400,1.799499
_0723_,VPWR,li1,188.1400,57.1200,1.799742
_0722_,VPWR,li1,184.4600,62.5600,1.799820
_0721_,VPWR,li1,219.1900,51.6800,1.799366
_0720_,VPWR,li1,128.8000,57.1200,1.799692
_0719_,VPWR,li1,129.2600,68.0000,1.799762
_0718_,VPWR,li1,125.5800,68.0000,1.799759
_0717_,VPWR,li1,118.6800,73.4400,1.799686
_0716_,VPWR,li1,128.3400,73.4400,1.799699
_0715_,VPWR,li1,120.5200,46.2400,1.799602
_0714_,VPWR,li1,132.9400,57.1200,1.799702
_0713_,VPWR,li1,235.2900,68.0000,1.799342
_0712_,VPWR,li1,219.6500,57.1200,1.799505
_0711_,VPWR,li1,163.5300,51.6800,1.799783
_0710_,VPWR,li1,158.0100,51.6800,1.799763
_0709_,VPWR,li1,150.8800,62.5600,1.799811
_0708_,VPWR,li1,154.1000,51.6800,1.799750
_0707_,VPWR,li1,155.7100,62.5600,1.799823
_0706_,VPWR,li1,149.9600,68.0000,1.799793
_0705_,VPWR,li1,149.5000,62.5600,1.799811
_0704_,VPWR,li1,149.5000,57.1200,1.799751
_0703_,VPWR,li1,103.5000,57.1200,1.799664
_0702_,VPWR,li1,97.9800,73.4400,1.799675
_0701_,VPWR,li1,102.5800,73.4400,1.799674
_0700_,VPWR,li1,182.6200,57.1200,1.799788
_0699_,VPWR,li1,133.6300,62.5600,1.799793
_0698_,VPWR,li1,93.8400,73.4400,1.799678
_0697_,VPWR,li1,100.7400,78.8800,1.799595
_0696_,VPWR,li1,25.9900,57.1200,1.799911
_0695_,VPWR,li1,99.1300,57.1200,1.799666
_0694_,VPWR,li1,182.6200,51.6800,1.799751
_0693_,VPWR,li1,176.1800,51.6800,1.799834
_0692_,VPWR,li1,210.4500,68.0000,1.799526
_0691_,VPWR,li1,93.6100,51.6800,1.799660
_0690_,VPWR,li1,41.4000,46.2400,1.799777
_0689_,VPWR,li1,154.7900,40.8000,1.799773
_0688_,VPWR,li1,39.3300,40.8000,1.799857
_0687_,VPWR,li1,38.8700,13.6000,1.799890
_0686_,VPWR,li1,176.8700,57.1200,1.799835
_0685_,VPWR,li1,29.2100,62.5600,1.799891
_0684_,VPWR,li1,178.2500,19.0400,1.799721
_0683_,VPWR,li1,201.2500,57.1200,1.799630
_0682_,VPWR,li1,162.6100,57.1200,1.799807
_0681_,VPWR,li1,145.1300,40.8000,1.799747
_0680_,VPWR,li1,35.1900,40.8000,1.799876
_0679_,VPWR,li1,48.5300,19.0400,1.799768
_0678_,VPWR,li1,177.7900,68.0000,1.799832
_0677_,VPWR,li1,33.8100,73.4400,1.799860
_0676_,VPWR,li1,175.4900,13.6000,1.799890
_0675_,VPWR,li1,197.5700,62.5600,1.799742
_0674_,VPWR,li1,158.0100,57.1200,1.799788
_0673_,VPWR,li1,142.8300,35.3600,1.799787
_0672_,VPWR,li1,28.2900,40.8000,1.799908
_0671_,VPWR,li1,34.7300,19.0400,1.799848
_0670_,VPWR,li1,182.3900,73.4400,1.799736
_0669_,VPWR,li1,22.7700,78.8800,1.799910
_0668_,VPWR,li1,167.2100,13.6000,1.799866
_0667_,VPWR,li1,192.9700,62.5600,1.799768
_0666_,VPWR,li1,152.9500,57.1200,1.799769
_0665_,VPWR,li1,140.0700,24.4800,1.799758
_0664_,VPWR,li1,20.9300,46.2400,1.799924
_0663_,VPWR,li1,24.6100,13.6000,1.799947
_0662_,VPWR,li1,178.7100,78.8800,1.799756
_0661_,VPWR,li1,19.0900,78.8800,1.799926
_0660_,VPWR,li1,156.6300,24.4800,1.799792
_0659_,VPWR,li1,193.8900,73.4400,1.799593
_0658_,VPWR,li1,145.1300,51.6800,1.799723
_0657_,VPWR,li1,132.2500,29.9200,1.799750
_0656_,VPWR,li1,12.6500,40.8000,1.799933
_0655_,VPWR,li1,20.4700,13.6000,1.799958
_0654_,VPWR,li1,170.4300,73.4400,1.799811
_0653_,VPWR,li1,20.9300,73.4400,1.799933
_0652_,VPWR,li1,162.6100,19.0400,1.799720
_0651_,VPWR,li1,201.2500,84.3200,1.799762
_0650_,VPWR,li1,143.2900,57.1200,1.799729
_0649_,VPWR,li1,136.8500,19.0400,1.799639
_0648_,VPWR,li1,13.5700,46.2400,1.799922
_0647_,VPWR,li1,23.2300,13.6000,1.799947
_0646_,VPWR,li1,164.9100,78.8800,1.799742
_0645_,VPWR,li1,15.4100,68.0000,1.799954
_0644_,VPWR,li1,148.3500,19.0400,1.799672
_0643_,VPWR,li1,206.7700,78.8800,1.799404
_0642_,VPWR,li1,145.1300,62.5600,1.799805
_0641_,VPWR,li1,140.9900,19.0400,1.799651
_0640_,VPWR,li1,13.5700,29.9200,1.799955
_0639_,VPWR,li1,22.3100,24.4800,1.799945
_0638_,VPWR,li1,162.6100,73.4400,1.799783
_0637_,VPWR,li1,15.8700,68.0000,1.799954
_0636_,VPWR,li1,151.5700,24.4800,1.799780
_0635_,VPWR,li1,193.4300,73.4400,1.799593
_0634_,VPWR,li1,145.1300,68.0000,1.799784
_0633_,VPWR,li1,136.8500,13.6000,1.799794
_0632_,VPWR,li1,13.5700,24.4800,1.799942
_0631_,VPWR,li1,29.2100,57.1200,1.799888
_0630_,VPWR,li1,155.7100,84.3200,1.799872
_0629_,VPWR,li1,15.8700,51.6800,1.799932
_0628_,VPWR,li1,123.9700,19.0400,1.799615
_0627_,VPWR,li1,151.1100,84.3200,1.799861
_0626_,VPWR,li1,143.7500,78.8800,1.799651
_0625_,VPWR,li1,117.5300,35.3600,1.799762
_0624_,VPWR,li1,77.9700,40.8000,1.799727
_0623_,VPWR,li1,64.1700,57.1200,1.799745
_0622_,VPWR,li1,85.3300,51.6800,1.799667
_0621_,VPWR,li1,63.2500,46.2400,1.799665
_0620_,VPWR,li1,93.6100,35.3600,1.799762
_0619_,VPWR,li1,118.9100,57.1200,1.799677
_0618_,VPWR,li1,104.1900,62.5600,1.799781
_0617_,VPWR,li1,111.0900,73.4400,1.799679
_0616_,VPWR,li1,109.7100,40.8000,1.799691
_0615_,VPWR,li1,54.9700,35.3600,1.799821
_0614_,VPWR,li1,42.0900,78.8800,1.799782
_0613_,VPWR,li1,79.8100,68.0000,1.799779
_0612_,VPWR,li1,48.5300,40.8000,1.799820
_0611_,VPWR,li1,93.6100,46.2400,1.799574
_0610_,VPWR,li1,115.6900,62.5600,1.799784
_0609_,VPWR,li1,93.6100,62.5600,1.799781
_0608_,VPWR,li1,113.8500,73.4400,1.799682
_0607_,VPWR,li1,115.6900,29.9200,1.799748
_0606_,VPWR,li1,61.4100,24.4800,1.799800
_0605_,VPWR,li1,37.9500,73.4400,1.799845
_0604_,VPWR,li1,77.0500,57.1200,1.799703
_0603_,VPWR,li1,42.0900,57.1200,1.799828
_0602_,VPWR,li1,90.8500,24.4800,1.799739
_0601_,VPWR,li1,114.7700,57.1200,1.799672
_0600_,VPWR,li1,96.3700,62.5600,1.799781
_0599_,VPWR,li1,113.8500,73.4400,1.799682
_0598_,VPWR,li1,114.7700,19.0400,1.799604
_0597_,VPWR,li1,79.8100,13.6000,1.799807
_0596_,VPWR,li1,55.4300,68.0000,1.799834
_0595_,VPWR,li1,72.9100,46.2400,1.799629
_0594_,VPWR,li1,61.4100,19.0400,1.799709
_0593_,VPWR,li1,87.1700,35.3600,1.799767
_0592_,VPWR,li1,119.3700,73.4400,1.799686
_0591_,VPWR,li1,104.1900,68.0000,1.799753
_0590_,VPWR,li1,110.8600,73.4400,1.799679
_0589_,VPWR,li1,216.2000,84.3200,1.799686
_0588_,VPWR,li1,129.9500,46.2400,1.799626
_0587_,VPWR,li1,67.8500,24.4800,1.799783
_0586_,VPWR,li1,46.6900,84.3200,1.799909
_0585_,VPWR,li1,72.4500,78.8800,1.799649
_0584_,VPWR,li1,47.1500,57.1200,1.799807
_0583_,VPWR,li1,93.6100,19.0400,1.799610
_0582_,VPWR,li1,132.7100,73.4400,1.799707
_0581_,VPWR,li1,93.6100,78.8800,1.799603
_0580_,VPWR,li1,110.8600,78.8800,1.799592
_0579_,VPWR,li1,111.5500,78.8800,1.799592
_0578_,VPWR,li1,116.1500,24.4800,1.799731
_0577_,VPWR,li1,85.3300,19.0400,1.799629
_0576_,VPWR,li1,61.4100,78.8800,1.799683
_0575_,VPWR,li1,76.1300,73.4400,1.799696
_0574_,VPWR,li1,63.2500,13.6000,1.799830
_0573_,VPWR,li1,100.0500,13.6000,1.799787
_0572_,VPWR,li1,118.4500,62.5600,1.799785
_0571_,VPWR,li1,93.6100,73.4400,1.799678
_0570_,VPWR,li1,114.5400,78.8800,1.799593
_0569_,VPWR,li1,116.1500,46.2400,1.799591
_0568_,VPWR,li1,60.0300,29.9200,1.799831
_0567_,VPWR,li1,49.9100,78.8800,1.799735
_0566_,VPWR,li1,78.4300,46.2400,1.799609
_0565_,VPWR,li1,54.9700,51.6800,1.799761
_0564_,VPWR,li1,100.0500,29.9200,1.799764
_0563_,VPWR,li1,122.5900,73.4400,1.799690
_0562_,VPWR,li1,99.1300,84.3200,1.799823
_0561_,VPWR,li1,115.0000,84.3200,1.799819
_0560_,VPWR,li1,129.4900,35.3600,1.799771
_0559_,VPWR,li1,78.4300,29.9200,1.799792
_0558_,VPWR,li1,67.3900,68.0000,1.799803
_0557_,VPWR,li1,67.8500,84.3200,1.799866
_0556_,VPWR,li1,60.4900,40.8000,1.799778
_0555_,VPWR,li1,101.8900,35.3600,1.799760
_0554_,VPWR,li1,129.4900,57.1200,1.799692
_0553_,VPWR,li1,98.2100,62.5600,1.799780
_0552_,VPWR,li1,115.6900,78.8800,1.799593
_0551_,VPWR,li1,216.8900,84.3200,1.799686
_0550_,VPWR,li1,129.4900,19.0400,1.799625
_0549_,VPWR,li1,51.7500,13.6000,1.799852
_0548_,VPWR,li1,223.7900,78.8800,1.799232
_0547_,VPWR,li1,235.0600,73.4400,1.799143
_0546_,VPWR,li1,253.0000,84.3200,1.799541
_0545_,VPWR,li1,259.2100,73.4400,1.798975
_0544_,VPWR,li1,248.4000,78.8800,1.799076
_0543_,VPWR,li1,255.0700,68.0000,1.799244
_0542_,VPWR,li1,248.4000,73.4400,1.799045
_0541_,VPWR,li1,243.5700,68.0000,1.799290
_0540_,VPWR,li1,243.3400,78.8800,1.799104
_0539_,VPWR,li1,255.9900,84.3200,1.799532
_0538_,VPWR,li1,253.0000,73.4400,1.799013
_0537_,VPWR,li1,261.5100,78.8800,1.799010
_0536_,VPWR,li1,231.8400,73.4400,1.799179
_0535_,VPWR,li1,228.8500,68.0000,1.799373
_0534_,VPWR,li1,139.1500,51.6800,1.799707
_0533_,VPWR,li1,210.2200,62.5600,1.799675
_0532_,VPWR,li1,207.9200,62.5600,1.799686
_0531_,VPWR,li1,239.6600,73.4400,1.799107
_0530_,VPWR,li1,256.4500,73.4400,1.798991
_0529_,VPWR,li1,244.4900,78.8800,1.799090
_0528_,VPWR,li1,226.3200,78.8800,1.799210
_0527_,VPWR,li1,220.5700,78.8800,1.799260
_0526_,VPWR,li1,156.1700,35.3600,1.799809
_0525_,VPWR,li1,229.7700,78.8800,1.799191
