
===========================================================================
report_checks -path_delay min (Hold)
============================================================================
======================= nom_tt_025C_1v80 Corner ===================================

Startpoint: _1243_ (rising edge-triggered flip-flop clocked by clk)
Endpoint: _1239_ (rising edge-triggered flip-flop clocked by clk)
Path Group: clk
Path Type: min

Fanout         Cap        Slew       Delay        Time   Description
---------------------------------------------------------------------------------------------
                                  0.000000    0.000000   clock clk (rise edge)
                                  0.000000    0.000000   clock source latency
   202    0.502531    2.236611    1.472888    1.472888 ^ clk (in)
                                                         clk (net)
                      2.236949    0.000000    1.472888 ^ _1243_/CLK (sky130_fd_sc_hd__dfrtp_2)
     2    0.005059    0.046500    0.654702    2.127589 v _1243_/Q (sky130_fd_sc_hd__dfrtp_2)
                                                         phase[4] (net)
                      0.046500    0.000010    2.127599 v _0547_/A2 (sky130_fd_sc_hd__o22a_2)
     1    0.002372    0.034491    0.199692    2.327291 v _0547_/X (sky130_fd_sc_hd__o22a_2)
                                                         _0001_ (net)
                      0.034491    0.000001    2.327292 v _1239_/D (sky130_fd_sc_hd__dfstp_2)
                                              2.327292   data arrival time

                                  0.000000    0.000000   clock clk (rise edge)
                                  0.000000    0.000000   clock source latency
   202    0.502531    2.236611    1.627868    1.627868 ^ clk (in)
                                                         clk (net)
                      2.236947    0.000000    1.627868 ^ _1239_/CLK (sky130_fd_sc_hd__dfstp_2)
                                  0.250000    1.877868   clock uncertainty
                                  0.000000    1.877868   clock reconvergence pessimism
                                  0.222447    2.100315   library hold time
                                              2.100315   data required time
---------------------------------------------------------------------------------------------
                                              2.100315   data required time
                                             -2.327292   data arrival time
---------------------------------------------------------------------------------------------
                                              0.226977   slack (MET)


Startpoint: _1208_ (rising edge-triggered flip-flop clocked by clk)
Endpoint: _1216_ (rising edge-triggered flip-flop clocked by clk)
Path Group: clk
Path Type: min

Fanout         Cap        Slew       Delay        Time   Description
---------------------------------------------------------------------------------------------
                                  0.000000    0.000000   clock clk (rise edge)
                                  0.000000    0.000000   clock source latency
   202    0.502531    2.236611    1.475700    1.475700 ^ clk (in)
                                                         clk (net)
                      2.237043    0.000000    1.475700 ^ _1208_/CLK (sky130_fd_sc_hd__dfrtp_2)
     2    0.004131    0.045698    0.626266    2.101967 ^ _1208_/Q (sky130_fd_sc_hd__dfrtp_2)
                                                         add_stage2.a[4] (net)
                      0.045698    0.000000    2.101968 ^ _1017_/A0 (sky130_fd_sc_hd__mux2_1)
     1    0.002068    0.037036    0.103360    2.205328 ^ _1017_/X (sky130_fd_sc_hd__mux2_1)
                                                         _0173_ (net)
                      0.037036    0.000000    2.205328 ^ _1216_/D (sky130_fd_sc_hd__dfrtp_2)
                                              2.205328   data arrival time

                                  0.000000    0.000000   clock clk (rise edge)
                                  0.000000    0.000000   clock source latency
   202    0.502531    2.236611    1.631071    1.631071 ^ clk (in)
                                                         clk (net)
                      2.237044    0.000000    1.631071 ^ _1216_/CLK (sky130_fd_sc_hd__dfrtp_2)
                                  0.250000    1.881071   clock uncertainty
                                  0.000000    1.881071   clock reconvergence pessimism
                                  0.074523    1.955594   library hold time
                                              1.955594   data required time
---------------------------------------------------------------------------------------------
                                              1.955594   data required time
                                             -2.205328   data arrival time
---------------------------------------------------------------------------------------------
                                              0.249734   slack (MET)


Startpoint: _1205_ (rising edge-triggered flip-flop clocked by clk)
Endpoint: _1213_ (rising edge-triggered flip-flop clocked by clk)
Path Group: clk
Path Type: min

Fanout         Cap        Slew       Delay        Time   Description
---------------------------------------------------------------------------------------------
                                  0.000000    0.000000   clock clk (rise edge)
                                  0.000000    0.000000   clock source latency
   202    0.502531    2.236611    1.473503    1.473503 ^ clk (in)
                                                         clk (net)
                      2.236969    0.000000    1.473503 ^ _1205_/CLK (sky130_fd_sc_hd__dfrtp_2)
     2    0.004112    0.045609    0.626154    2.099657 ^ _1205_/Q (sky130_fd_sc_hd__dfrtp_2)
                                                         add_stage2.a[1] (net)
                      0.045609    0.000000    2.099658 ^ _1014_/A0 (sky130_fd_sc_hd__mux2_1)
     1    0.002070    0.037049    0.103343    2.203001 ^ _1014_/X (sky130_fd_sc_hd__mux2_1)
                                                         _0170_ (net)
                      0.037049    0.000000    2.203002 ^ _1213_/D (sky130_fd_sc_hd__dfrtp_2)
                                              2.203002   data arrival time

                                  0.000000    0.000000   clock clk (rise edge)
                                  0.000000    0.000000   clock source latency
   202    0.502531    2.236611    1.628629    1.628629 ^ clk (in)
                                                         clk (net)
                      2.236969    0.000000    1.628629 ^ _1213_/CLK (sky130_fd_sc_hd__dfrtp_2)
                                  0.250000    1.878630   clock uncertainty
                                  0.000000    1.878630   clock reconvergence pessimism
                                  0.074519    1.953148   library hold time
                                              1.953148   data required time
---------------------------------------------------------------------------------------------
                                              1.953148   data required time
                                             -2.203002   data arrival time
---------------------------------------------------------------------------------------------
                                              0.249853   slack (MET)


Startpoint: _1210_ (rising edge-triggered flip-flop clocked by clk)
Endpoint: _1218_ (rising edge-triggered flip-flop clocked by clk)
Path Group: clk
Path Type: min

Fanout         Cap        Slew       Delay        Time   Description
---------------------------------------------------------------------------------------------
                                  0.000000    0.000000   clock clk (rise edge)
                                  0.000000    0.000000   clock source latency
   202    0.502531    2.236611    1.475747    1.475747 ^ clk (in)
                                                         clk (net)
                      2.237045    0.000000    1.475747 ^ _1210_/CLK (sky130_fd_sc_hd__dfrtp_2)
     2    0.004131    0.045699    0.626268    2.102015 ^ _1210_/Q (sky130_fd_sc_hd__dfrtp_2)
                                                         add_stage2.a[6] (net)
                      0.045699    0.000002    2.102017 ^ _1019_/A0 (sky130_fd_sc_hd__mux2_1)
     1    0.002080    0.037127    0.103448    2.205465 ^ _1019_/X (sky130_fd_sc_hd__mux2_1)
                                                         _0175_ (net)
                      0.037127    0.000000    2.205466 ^ _1218_/D (sky130_fd_sc_hd__dfrtp_2)
                                              2.205466   data arrival time

                                  0.000000    0.000000   clock clk (rise edge)
                                  0.000000    0.000000   clock source latency
   202    0.502531    2.236611    1.631099    1.631099 ^ clk (in)
                                                         clk (net)
                      2.237045    0.000000    1.631099 ^ _1218_/CLK (sky130_fd_sc_hd__dfrtp_2)
                                  0.250000    1.881099   clock uncertainty
                                  0.000000    1.881099   clock reconvergence pessimism
                                  0.074506    1.955606   library hold time
                                              1.955606   data required time
---------------------------------------------------------------------------------------------
                                              1.955606   data required time
                                             -2.205466   data arrival time
---------------------------------------------------------------------------------------------
                                              0.249861   slack (MET)


Startpoint: _1209_ (rising edge-triggered flip-flop clocked by clk)
Endpoint: _1217_ (rising edge-triggered flip-flop clocked by clk)
Path Group: clk
Path Type: min

Fanout         Cap        Slew       Delay        Time   Description
---------------------------------------------------------------------------------------------
                                  0.000000    0.000000   clock clk (rise edge)
                                  0.000000    0.000000   clock source latency
   202    0.502531    2.236611    1.475665    1.475665 ^ clk (in)
                                                         clk (net)
                      2.237042    0.000000    1.475665 ^ _1209_/CLK (sky130_fd_sc_hd__dfrtp_2)
     2    0.004212    0.046087    0.626722    2.102387 ^ _1209_/Q (sky130_fd_sc_hd__dfrtp_2)
                                                         add_stage2.a[5] (net)
                      0.046087    0.000003    2.102390 ^ _1018_/A0 (sky130_fd_sc_hd__mux2_1)
     1    0.002058    0.036951    0.103406    2.205796 ^ _1018_/X (sky130_fd_sc_hd__mux2_1)
                                                         _0174_ (net)
                      0.036951    0.000000    2.205796 ^ _1217_/D (sky130_fd_sc_hd__dfrtp_2)
                                              2.205796   data arrival time

                                  0.000000    0.000000   clock clk (rise edge)
                                  0.000000    0.000000   clock source latency
   202    0.502531    2.236611    1.631002    1.631002 ^ clk (in)
                                                         clk (net)
                      2.237042    0.000000    1.631002 ^ _1217_/CLK (sky130_fd_sc_hd__dfrtp_2)
                                  0.250000    1.881002   clock uncertainty
                                  0.000000    1.881002   clock reconvergence pessimism
                                  0.074539    1.955541   library hold time
                                              1.955541   data required time
---------------------------------------------------------------------------------------------
                                              1.955541   data required time
                                             -2.205796   data arrival time
---------------------------------------------------------------------------------------------
                                              0.250256   slack (MET)


Startpoint: _1200_ (rising edge-triggered flip-flop clocked by clk)
Endpoint: _1208_ (rising edge-triggered flip-flop clocked by clk)
Path Group: clk
Path Type: min

Fanout         Cap        Slew       Delay        Time   Description
---------------------------------------------------------------------------------------------
                                  0.000000    0.000000   clock clk (rise edge)
                                  0.000000    0.000000   clock source latency
   202    0.502531    2.236611    1.475668    1.475668 ^ clk (in)
                                                         clk (net)
                      2.237042    0.000000    1.475668 ^ _1200_/CLK (sky130_fd_sc_hd__dfrtp_2)
     2    0.004224    0.046145    0.626791    2.102459 ^ _1200_/Q (sky130_fd_sc_hd__dfrtp_2)
                                                         add_stage1.a[4] (net)
                      0.046145    0.000001    2.102460 ^ _1009_/A0 (sky130_fd_sc_hd__mux2_1)
     1    0.002054    0.036918    0.103401    2.205861 ^ _1009_/X (sky130_fd_sc_hd__mux2_1)
                                                         _0165_ (net)
                      0.036918    0.000000    2.205861 ^ _1208_/D (sky130_fd_sc_hd__dfrtp_2)
                                              2.205861   data arrival time

                                  0.000000    0.000000   clock clk (rise edge)
                                  0.000000    0.000000   clock source latency
   202    0.502531    2.236611    1.631037    1.631037 ^ clk (in)
                                                         clk (net)
                      2.237043    0.000000    1.631037 ^ _1208_/CLK (sky130_fd_sc_hd__dfrtp_2)
                                  0.250000    1.881037   clock uncertainty
                                  0.000000    1.881037   clock reconvergence pessimism
                                  0.074545    1.955583   library hold time
                                              1.955583   data required time
---------------------------------------------------------------------------------------------
                                              1.955583   data required time
                                             -2.205861   data arrival time
---------------------------------------------------------------------------------------------
                                              0.250278   slack (MET)


Startpoint: _1198_ (rising edge-triggered flip-flop clocked by clk)
Endpoint: _1206_ (rising edge-triggered flip-flop clocked by clk)
Path Group: clk
Path Type: min

Fanout         Cap        Slew       Delay        Time   Description
---------------------------------------------------------------------------------------------
                                  0.000000    0.000000   clock clk (rise edge)
                                  0.000000    0.000000   clock source latency
   202    0.502531    2.236611    1.475187    1.475187 ^ clk (in)
                                                         clk (net)
                      2.237025    0.000000    1.475187 ^ _1198_/CLK (sky130_fd_sc_hd__dfrtp_2)
     2    0.004253    0.046284    0.626951    2.102138 ^ _1198_/Q (sky130_fd_sc_hd__dfrtp_2)
                                                         add_stage1.a[2] (net)
                      0.046284    0.000000    2.102139 ^ _1007_/A0 (sky130_fd_sc_hd__mux2_1)
     1    0.002034    0.036755    0.103290    2.205428 ^ _1007_/X (sky130_fd_sc_hd__mux2_1)
                                                         _0163_ (net)
                      0.036755    0.000000    2.205429 ^ _1206_/D (sky130_fd_sc_hd__dfrtp_2)
                                              2.205429   data arrival time

                                  0.000000    0.000000   clock clk (rise edge)
                                  0.000000    0.000000   clock source latency
   202    0.502531    2.236611    1.630511    1.630511 ^ clk (in)
                                                         clk (net)
                      2.237026    0.000000    1.630511 ^ _1206_/CLK (sky130_fd_sc_hd__dfrtp_2)
                                  0.250000    1.880511   clock uncertainty
                                  0.000000    1.880511   clock reconvergence pessimism
                                  0.074575    1.955087   library hold time
                                              1.955087   data required time
---------------------------------------------------------------------------------------------
                                              1.955087   data required time
                                             -2.205429   data arrival time
---------------------------------------------------------------------------------------------
                                              0.250342   slack (MET)


Startpoint: _1202_ (rising edge-triggered flip-flop clocked by clk)
Endpoint: _1210_ (rising edge-triggered flip-flop clocked by clk)
Path Group: clk
Path Type: min

Fanout         Cap        Slew       Delay        Time   Description
---------------------------------------------------------------------------------------------
                                  0.000000    0.000000   clock clk (rise edge)
                                  0.000000    0.000000   clock source latency
   202    0.502531    2.236611    1.475735    1.475735 ^ clk (in)
                                                         clk (net)
                      2.237044    0.000000    1.475735 ^ _1202_/CLK (sky130_fd_sc_hd__dfrtp_2)
     2    0.004194    0.046000    0.626620    2.102355 ^ _1202_/Q (sky130_fd_sc_hd__dfrtp_2)
                                                         add_stage1.a[6] (net)
                      0.046000    0.000001    2.102356 ^ _1011_/A0 (sky130_fd_sc_hd__mux2_1)
     1    0.002086    0.037169    0.103595    2.205951 ^ _1011_/X (sky130_fd_sc_hd__mux2_1)
                                                         _0167_ (net)
                      0.037169    0.000000    2.205952 ^ _1210_/D (sky130_fd_sc_hd__dfrtp_2)
                                              2.205952   data arrival time

                                  0.000000    0.000000   clock clk (rise edge)
                                  0.000000    0.000000   clock source latency
   202    0.502531    2.236611    1.631089    1.631089 ^ clk (in)
                                                         clk (net)
                      2.237045    0.000000    1.631089 ^ _1210_/CLK (sky130_fd_sc_hd__dfrtp_2)
                                  0.250000    1.881089   clock uncertainty
                                  0.000000    1.881089   clock reconvergence pessimism
                                  0.074498    1.955587   library hold time
                                              1.955587   data required time
---------------------------------------------------------------------------------------------
                                              1.955587   data required time
                                             -2.205952   data arrival time
---------------------------------------------------------------------------------------------
                                              0.250365   slack (MET)


Startpoint: _1216_ (rising edge-triggered flip-flop clocked by clk)
Endpoint: _1224_ (rising edge-triggered flip-flop clocked by clk)
Path Group: clk
Path Type: min

Fanout         Cap        Slew       Delay        Time   Description
---------------------------------------------------------------------------------------------
                                  0.000000    0.000000   clock clk (rise edge)
                                  0.000000    0.000000   clock source latency
   202    0.502531    2.236611    1.475731    1.475731 ^ clk (in)
                                                         clk (net)
                      2.237044    0.000000    1.475731 ^ _1216_/CLK (sky130_fd_sc_hd__dfrtp_2)
     2    0.004075    0.045432    0.625954    2.101684 ^ _1216_/Q (sky130_fd_sc_hd__dfrtp_2)
                                                         add_stage3.a[4] (net)
                      0.045432    0.000000    2.101685 ^ _1025_/A0 (sky130_fd_sc_hd__mux2_1)
     1    0.002209    0.038152    0.104343    2.206028 ^ _1025_/X (sky130_fd_sc_hd__mux2_1)
                                                         _0181_ (net)
                      0.038152    0.000002    2.206029 ^ _1224_/D (sky130_fd_sc_hd__dfrtp_2)
                                              2.206029   data arrival time

                                  0.000000    0.000000   clock clk (rise edge)
                                  0.000000    0.000000   clock source latency
   202    0.502531    2.236611    1.631106    1.631106 ^ clk (in)
                                                         clk (net)
                      2.237046    0.000000    1.631106 ^ _1224_/CLK (sky130_fd_sc_hd__dfrtp_2)
                                  0.250000    1.881106   clock uncertainty
                                  0.000000    1.881106   clock reconvergence pessimism
                                  0.074315    1.955421   library hold time
                                              1.955421   data required time
---------------------------------------------------------------------------------------------
                                              1.955421   data required time
                                             -2.206029   data arrival time
---------------------------------------------------------------------------------------------
                                              0.250608   slack (MET)


Startpoint: _1206_ (rising edge-triggered flip-flop clocked by clk)
Endpoint: _1214_ (rising edge-triggered flip-flop clocked by clk)
Path Group: clk
Path Type: min

Fanout         Cap        Slew       Delay        Time   Description
---------------------------------------------------------------------------------------------
                                  0.000000    0.000000   clock clk (rise edge)
                                  0.000000    0.000000   clock source latency
   202    0.502531    2.236611    1.475224    1.475224 ^ clk (in)
                                                         clk (net)
                      2.237026    0.000000    1.475224 ^ _1206_/CLK (sky130_fd_sc_hd__dfrtp_2)
     2    0.004235    0.046199    0.626852    2.102076 ^ _1206_/Q (sky130_fd_sc_hd__dfrtp_2)
                                                         add_stage2.a[2] (net)
                      0.046199    0.000002    2.102078 ^ _1015_/A0 (sky130_fd_sc_hd__mux2_1)
     1    0.002079    0.037119    0.103604    2.205683 ^ _1015_/X (sky130_fd_sc_hd__mux2_1)
                                                         _0171_ (net)
                      0.037119    0.000000    2.205683 ^ _1214_/D (sky130_fd_sc_hd__dfrtp_2)
                                              2.205683   data arrival time

                                  0.000000    0.000000   clock clk (rise edge)
                                  0.000000    0.000000   clock source latency
   202    0.502531    2.236611    1.630555    1.630555 ^ clk (in)
                                                         clk (net)
                      2.237028    0.000000    1.630555 ^ _1214_/CLK (sky130_fd_sc_hd__dfrtp_2)
                                  0.250000    1.880555   clock uncertainty
                                  0.000000    1.880555   clock reconvergence pessimism
                                  0.074507    1.955062   library hold time
                                              1.955062   data required time
---------------------------------------------------------------------------------------------
                                              1.955062   data required time
                                             -2.205683   data arrival time
---------------------------------------------------------------------------------------------
                                              0.250621   slack (MET)


Startpoint: _1213_ (rising edge-triggered flip-flop clocked by clk)
Endpoint: _1221_ (rising edge-triggered flip-flop clocked by clk)
Path Group: clk
Path Type: min

Fanout         Cap        Slew       Delay        Time   Description
---------------------------------------------------------------------------------------------
                                  0.000000    0.000000   clock clk (rise edge)
                                  0.000000    0.000000   clock source latency
   202    0.502531    2.236611    1.473522    1.473522 ^ clk (in)
                                                         clk (net)
                      2.236969    0.000000    1.473522 ^ _1213_/CLK (sky130_fd_sc_hd__dfrtp_2)
     2    0.004065    0.045383    0.625889    2.099411 ^ _1213_/Q (sky130_fd_sc_hd__dfrtp_2)
                                                         add_stage3.a[1] (net)
                      0.045383    0.000000    2.099411 ^ _1022_/A0 (sky130_fd_sc_hd__mux2_1)
     1    0.002193    0.038029    0.104208    2.203619 ^ _1022_/X (sky130_fd_sc_hd__mux2_1)
                                                         _0178_ (net)
                      0.038029    0.000002    2.203621 ^ _1221_/D (sky130_fd_sc_hd__dfrtp_2)
                                              2.203621   data arrival time

                                  0.000000    0.000000   clock clk (rise edge)
                                  0.000000    0.000000   clock source latency
   202    0.502531    2.236611    1.628650    1.628650 ^ clk (in)
                                                         clk (net)
                      2.236970    0.000000    1.628650 ^ _1221_/CLK (sky130_fd_sc_hd__dfrtp_2)
                                  0.250000    1.878650   clock uncertainty
                                  0.000000    1.878650   clock reconvergence pessimism
                                  0.074336    1.952986   library hold time
                                              1.952986   data required time
---------------------------------------------------------------------------------------------
                                              1.952986   data required time
                                             -2.203621   data arrival time
---------------------------------------------------------------------------------------------
                                              0.250636   slack (MET)


Startpoint: _1203_ (rising edge-triggered flip-flop clocked by clk)
Endpoint: _1211_ (rising edge-triggered flip-flop clocked by clk)
Path Group: clk
Path Type: min

Fanout         Cap        Slew       Delay        Time   Description
---------------------------------------------------------------------------------------------
                                  0.000000    0.000000   clock clk (rise edge)
                                  0.000000    0.000000   clock source latency
   202    0.502531    2.236611    1.475658    1.475658 ^ clk (in)
                                                         clk (net)
                      2.237042    0.000000    1.475658 ^ _1203_/CLK (sky130_fd_sc_hd__dfrtp_2)
     2    0.004096    0.045532    0.626071    2.101729 ^ _1203_/Q (sky130_fd_sc_hd__dfrtp_2)
                                                         add_stage1.a[7] (net)
                      0.045532    0.000007    2.101736 ^ _1012_/A0 (sky130_fd_sc_hd__mux2_1)
     1    0.002197    0.038047    0.104288    2.206024 ^ _1012_/X (sky130_fd_sc_hd__mux2_1)
                                                         _0168_ (net)
                      0.038047    0.000002    2.206025 ^ _1211_/D (sky130_fd_sc_hd__dfrtp_2)
                                              2.206025   data arrival time

                                  0.000000    0.000000   clock clk (rise edge)
                                  0.000000    0.000000   clock source latency
   202    0.502531    2.236611    1.630973    1.630973 ^ clk (in)
                                                         clk (net)
                      2.237041    0.000000    1.630973 ^ _1211_/CLK (sky130_fd_sc_hd__dfrtp_2)
                                  0.250000    1.880973   clock uncertainty
                                  0.000000    1.880973   clock reconvergence pessimism
                                  0.074334    1.955307   library hold time
                                              1.955307   data required time
---------------------------------------------------------------------------------------------
                                              1.955307   data required time
                                             -2.206025   data arrival time
---------------------------------------------------------------------------------------------
                                              0.250718   slack (MET)


Startpoint: _1204_ (rising edge-triggered flip-flop clocked by clk)
Endpoint: _1212_ (rising edge-triggered flip-flop clocked by clk)
Path Group: clk
Path Type: min

Fanout         Cap        Slew       Delay        Time   Description
---------------------------------------------------------------------------------------------
                                  0.000000    0.000000   clock clk (rise edge)
                                  0.000000    0.000000   clock source latency
   202    0.502531    2.236611    1.473432    1.473432 ^ clk (in)
                                                         clk (net)
                      2.236966    0.000000    1.473432 ^ _1204_/CLK (sky130_fd_sc_hd__dfrtp_2)
     2    0.004175    0.045908    0.626505    2.099936 ^ _1204_/Q (sky130_fd_sc_hd__dfrtp_2)
                                                         add_stage2.a[0] (net)
                      0.045908    0.000002    2.099938 ^ _1013_/A0 (sky130_fd_sc_hd__mux2_1)
     1    0.002118    0.037431    0.103810    2.203748 ^ _1013_/X (sky130_fd_sc_hd__mux2_1)
                                                         _0169_ (net)
                      0.037431    0.000001    2.203749 ^ _1212_/D (sky130_fd_sc_hd__dfrtp_2)
                                              2.203749   data arrival time

                                  0.000000    0.000000   clock clk (rise edge)
                                  0.000000    0.000000   clock source latency
   202    0.502531    2.236611    1.628540    1.628540 ^ clk (in)
                                                         clk (net)
                      2.236967    0.000000    1.628540 ^ _1212_/CLK (sky130_fd_sc_hd__dfrtp_2)
                                  0.250000    1.878540   clock uncertainty
                                  0.000000    1.878540   clock reconvergence pessimism
                                  0.074447    1.952987   library hold time
                                              1.952987   data required time
---------------------------------------------------------------------------------------------
                                              1.952987   data required time
                                             -2.203749   data arrival time
---------------------------------------------------------------------------------------------
                                              0.250763   slack (MET)


Startpoint: _1218_ (rising edge-triggered flip-flop clocked by clk)
Endpoint: _1226_ (rising edge-triggered flip-flop clocked by clk)
Path Group: clk
Path Type: min

Fanout         Cap        Slew       Delay        Time   Description
---------------------------------------------------------------------------------------------
                                  0.000000    0.000000   clock clk (rise edge)
                                  0.000000    0.000000   clock source latency
   202    0.502531    2.236611    1.475756    1.475756 ^ clk (in)
                                                         clk (net)
                      2.237045    0.000000    1.475756 ^ _1218_/CLK (sky130_fd_sc_hd__dfrtp_2)
     2    0.004167    0.045871    0.626469    2.102225 ^ _1218_/Q (sky130_fd_sc_hd__dfrtp_2)
                                                         add_stage3.a[6] (net)
                      0.045871    0.000003    2.102228 ^ _1027_/A0 (sky130_fd_sc_hd__mux2_1)
     1    0.002168    0.037830    0.104177    2.206405 ^ _1027_/X (sky130_fd_sc_hd__mux2_1)
                                                         _0183_ (net)
                      0.037830    0.000001    2.206406 ^ _1226_/D (sky130_fd_sc_hd__dfrtp_2)
                                              2.206406   data arrival time

                                  0.000000    0.000000   clock clk (rise edge)
                                  0.000000    0.000000   clock source latency
   202    0.502531    2.236611    1.631107    1.631107 ^ clk (in)
                                                         clk (net)
                      2.237046    0.000000    1.631107 ^ _1226_/CLK (sky130_fd_sc_hd__dfrtp_2)
                                  0.250000    1.881107   clock uncertainty
                                  0.000000    1.881107   clock reconvergence pessimism
                                  0.074375    1.955482   library hold time
                                              1.955482   data required time
---------------------------------------------------------------------------------------------
                                              1.955482   data required time
                                             -2.206406   data arrival time
---------------------------------------------------------------------------------------------
                                              0.250924   slack (MET)


Startpoint: _1214_ (rising edge-triggered flip-flop clocked by clk)
Endpoint: _1222_ (rising edge-triggered flip-flop clocked by clk)
Path Group: clk
Path Type: min

Fanout         Cap        Slew       Delay        Time   Description
---------------------------------------------------------------------------------------------
                                  0.000000    0.000000   clock clk (rise edge)
                                  0.000000    0.000000   clock source latency
   202    0.502531    2.236611    1.475264    1.475264 ^ clk (in)
                                                         clk (net)
                      2.237028    0.000000    1.475264 ^ _1214_/CLK (sky130_fd_sc_hd__dfrtp_2)
     2    0.004087    0.045486    0.626016    2.101280 ^ _1214_/Q (sky130_fd_sc_hd__dfrtp_2)
                                                         add_stage3.a[2] (net)
                      0.045486    0.000000    2.101280 ^ _1023_/A0 (sky130_fd_sc_hd__mux2_1)
     1    0.002229    0.038311    0.104514    2.205794 ^ _1023_/X (sky130_fd_sc_hd__mux2_1)
                                                         _0179_ (net)
                      0.038311    0.000002    2.205796 ^ _1222_/D (sky130_fd_sc_hd__dfrtp_2)
                                              2.205796   data arrival time

                                  0.000000    0.000000   clock clk (rise edge)
                                  0.000000    0.000000   clock source latency
   202    0.502531    2.236611    1.630582    1.630582 ^ clk (in)
                                                         clk (net)
                      2.237029    0.000000    1.630582 ^ _1222_/CLK (sky130_fd_sc_hd__dfrtp_2)
                                  0.250000    1.880582   clock uncertainty
                                  0.000000    1.880582   clock reconvergence pessimism
                                  0.074285    1.954866   library hold time
                                              1.954866   data required time
---------------------------------------------------------------------------------------------
                                              1.954866   data required time
                                             -2.205796   data arrival time
---------------------------------------------------------------------------------------------
                                              0.250929   slack (MET)


Startpoint: _1201_ (rising edge-triggered flip-flop clocked by clk)
Endpoint: _1209_ (rising edge-triggered flip-flop clocked by clk)
Path Group: clk
Path Type: min

Fanout         Cap        Slew       Delay        Time   Description
---------------------------------------------------------------------------------------------
                                  0.000000    0.000000   clock clk (rise edge)
                                  0.000000    0.000000   clock source latency
   202    0.502531    2.236611    1.475651    1.475651 ^ clk (in)
                                                         clk (net)
                      2.237041    0.000000    1.475651 ^ _1201_/CLK (sky130_fd_sc_hd__dfrtp_2)
     2    0.004371    0.046824    0.627537    2.103188 ^ _1201_/Q (sky130_fd_sc_hd__dfrtp_2)
                                                         add_stage1.a[5] (net)
                      0.046824    0.000002    2.103190 ^ _1010_/A0 (sky130_fd_sc_hd__mux2_1)
     1    0.002064    0.036991    0.103694    2.206885 ^ _1010_/X (sky130_fd_sc_hd__mux2_1)
                                                         _0166_ (net)
                      0.036991    0.000000    2.206885 ^ _1209_/D (sky130_fd_sc_hd__dfrtp_2)
                                              2.206885   data arrival time

                                  0.000000    0.000000   clock clk (rise edge)
                                  0.000000    0.000000   clock source latency
   202    0.502531    2.236611    1.630998    1.630998 ^ clk (in)
                                                         clk (net)
                      2.237042    0.000000    1.630998 ^ _1209_/CLK (sky130_fd_sc_hd__dfrtp_2)
                                  0.250000    1.880998   clock uncertainty
                                  0.000000    1.880998   clock reconvergence pessimism
                                  0.074532    1.955529   library hold time
                                              1.955529   data required time
---------------------------------------------------------------------------------------------
                                              1.955529   data required time
                                             -2.206885   data arrival time
---------------------------------------------------------------------------------------------
                                              0.251356   slack (MET)


Startpoint: _1196_ (rising edge-triggered flip-flop clocked by clk)
Endpoint: _1204_ (rising edge-triggered flip-flop clocked by clk)
Path Group: clk
Path Type: min

Fanout         Cap        Slew       Delay        Time   Description
---------------------------------------------------------------------------------------------
                                  0.000000    0.000000   clock clk (rise edge)
                                  0.000000    0.000000   clock source latency
   202    0.502531    2.236611    1.473404    1.473404 ^ clk (in)
                                                         clk (net)
                      2.236965    0.000000    1.473404 ^ _1196_/CLK (sky130_fd_sc_hd__dfrtp_2)
     2    0.004305    0.046532    0.627236    2.100640 ^ _1196_/Q (sky130_fd_sc_hd__dfrtp_2)
                                                         add_stage1.a[0] (net)
                      0.046532    0.000003    2.100643 ^ _1005_/A0 (sky130_fd_sc_hd__mux2_1)
     1    0.002095    0.037242    0.103840    2.204483 ^ _1005_/X (sky130_fd_sc_hd__mux2_1)
                                                         _0161_ (net)
                      0.037242    0.000001    2.204484 ^ _1204_/D (sky130_fd_sc_hd__dfrtp_2)
                                              2.204484   data arrival time

                                  0.000000    0.000000   clock clk (rise edge)
                                  0.000000    0.000000   clock source latency
   202    0.502531    2.236611    1.628530    1.628530 ^ clk (in)
                                                         clk (net)
                      2.236966    0.000000    1.628530 ^ _1204_/CLK (sky130_fd_sc_hd__dfrtp_2)
                                  0.250000    1.878530   clock uncertainty
                                  0.000000    1.878530   clock reconvergence pessimism
                                  0.074483    1.953012   library hold time
                                              1.953012   data required time
---------------------------------------------------------------------------------------------
                                              1.953012   data required time
                                             -2.204484   data arrival time
---------------------------------------------------------------------------------------------
                                              0.251472   slack (MET)


Startpoint: _1207_ (rising edge-triggered flip-flop clocked by clk)
Endpoint: _1215_ (rising edge-triggered flip-flop clocked by clk)
Path Group: clk
Path Type: min

Fanout         Cap        Slew       Delay        Time   Description
---------------------------------------------------------------------------------------------
                                  0.000000    0.000000   clock clk (rise edge)
                                  0.000000    0.000000   clock source latency
   202    0.502531    2.236611    1.475213    1.475213 ^ clk (in)
                                                         clk (net)
                      2.237026    0.000000    1.475213 ^ _1207_/CLK (sky130_fd_sc_hd__dfrtp_2)
     2    0.004452    0.047175    0.627868    2.103081 ^ _1207_/Q (sky130_fd_sc_hd__dfrtp_2)
                                                         add_stage2.a[3] (net)
                      0.047175    0.000003    2.103084 ^ _1016_/A0 (sky130_fd_sc_hd__mux2_1)
     1    0.002027    0.036706    0.103526    2.206610 ^ _1016_/X (sky130_fd_sc_hd__mux2_1)
                                                         _0172_ (net)
                      0.036706    0.000000    2.206610 ^ _1215_/D (sky130_fd_sc_hd__dfrtp_2)
                                              2.206610   data arrival time

                                  0.000000    0.000000   clock clk (rise edge)
                                  0.000000    0.000000   clock source latency
   202    0.502531    2.236611    1.630542    1.630542 ^ clk (in)
                                                         clk (net)
                      2.237027    0.000000    1.630542 ^ _1215_/CLK (sky130_fd_sc_hd__dfrtp_2)
                                  0.250000    1.880542   clock uncertainty
                                  0.000000    1.880542   clock reconvergence pessimism
                                  0.074585    1.955126   library hold time
                                              1.955126   data required time
---------------------------------------------------------------------------------------------
                                              1.955126   data required time
                                             -2.206610   data arrival time
---------------------------------------------------------------------------------------------
                                              0.251484   slack (MET)


Startpoint: _1212_ (rising edge-triggered flip-flop clocked by clk)
Endpoint: _1220_ (rising edge-triggered flip-flop clocked by clk)
Path Group: clk
Path Type: min

Fanout         Cap        Slew       Delay        Time   Description
---------------------------------------------------------------------------------------------
                                  0.000000    0.000000   clock clk (rise edge)
                                  0.000000    0.000000   clock source latency
   202    0.502531    2.236611    1.473441    1.473441 ^ clk (in)
                                                         clk (net)
                      2.236967    0.000000    1.473441 ^ _1212_/CLK (sky130_fd_sc_hd__dfrtp_2)
     2    0.004140    0.045743    0.626311    2.099751 ^ _1212_/Q (sky130_fd_sc_hd__dfrtp_2)
                                                         add_stage3.a[0] (net)
                      0.045743    0.000002    2.099754 ^ _1021_/A0 (sky130_fd_sc_hd__mux2_1)
     1    0.002235    0.038357    0.104643    2.204396 ^ _1021_/X (sky130_fd_sc_hd__mux2_1)
                                                         _0177_ (net)
                      0.038357    0.000002    2.204399 ^ _1220_/D (sky130_fd_sc_hd__dfrtp_2)
                                              2.204399   data arrival time

                                  0.000000    0.000000   clock clk (rise edge)
                                  0.000000    0.000000   clock source latency
   202    0.502531    2.236611    1.628546    1.628546 ^ clk (in)
                                                         clk (net)
                      2.236967    0.000000    1.628546 ^ _1220_/CLK (sky130_fd_sc_hd__dfrtp_2)
                                  0.250000    1.878546   clock uncertainty
                                  0.000000    1.878546   clock reconvergence pessimism
                                  0.074274    1.952821   library hold time
                                              1.952821   data required time
---------------------------------------------------------------------------------------------
                                              1.952821   data required time
                                             -2.204399   data arrival time
---------------------------------------------------------------------------------------------
                                              0.251578   slack (MET)


Startpoint: _1215_ (rising edge-triggered flip-flop clocked by clk)
Endpoint: _1223_ (rising edge-triggered flip-flop clocked by clk)
Path Group: clk
Path Type: min

Fanout         Cap        Slew       Delay        Time   Description
---------------------------------------------------------------------------------------------
                                  0.000000    0.000000   clock clk (rise edge)
                                  0.000000    0.000000   clock source latency
   202    0.502531    2.236611    1.475252    1.475252 ^ clk (in)
                                                         clk (net)
                      2.237027    0.000000    1.475252 ^ _1215_/CLK (sky130_fd_sc_hd__dfrtp_2)
     2    0.004300    0.046510    0.627217    2.102469 ^ _1215_/Q (sky130_fd_sc_hd__dfrtp_2)
                                                         add_stage3.a[3] (net)
                      0.046510    0.000002    2.102470 ^ _1024_/A0 (sky130_fd_sc_hd__mux2_1)
     1    0.002233    0.038341    0.104879    2.207349 ^ _1024_/X (sky130_fd_sc_hd__mux2_1)
                                                         _0180_ (net)
                      0.038341    0.000002    2.207351 ^ _1223_/D (sky130_fd_sc_hd__dfrtp_2)
                                              2.207351   data arrival time

                                  0.000000    0.000000   clock clk (rise edge)
                                  0.000000    0.000000   clock source latency
   202    0.502531    2.236611    1.630584    1.630584 ^ clk (in)
                                                         clk (net)
                      2.237029    0.000000    1.630584 ^ _1223_/CLK (sky130_fd_sc_hd__dfrtp_2)
                                  0.250000    1.880584   clock uncertainty
                                  0.000000    1.880584   clock reconvergence pessimism
                                  0.074279    1.954863   library hold time
                                              1.954863   data required time
---------------------------------------------------------------------------------------------
                                              1.954863   data required time
                                             -2.207351   data arrival time
---------------------------------------------------------------------------------------------
                                              0.252489   slack (MET)


Startpoint: _1051_ (rising edge-triggered flip-flop clocked by clk)
Endpoint: _1123_ (rising edge-triggered flip-flop clocked by clk)
Path Group: clk
Path Type: min

Fanout         Cap        Slew       Delay        Time   Description
---------------------------------------------------------------------------------------------
                                  0.000000    0.000000   clock clk (rise edge)
                                  0.000000    0.000000   clock source latency
   202    0.502531    2.236611    1.464426    1.464426 ^ clk (in)
                                                         clk (net)
                      2.236736    0.000000    1.464426 ^ _1051_/CLK (sky130_fd_sc_hd__dfrtp_2)
     2    0.004077    0.045438    0.625929    2.090355 ^ _1051_/Q (sky130_fd_sc_hd__dfrtp_2)
                                                         window0[7] (net)
                      0.045438    0.000000    2.090356 ^ _0633_/A1 (sky130_fd_sc_hd__mux2_1)
     1    0.002023    0.037185    0.105600    2.195956 ^ _0633_/X (sky130_fd_sc_hd__mux2_1)
                                                         _0080_ (net)
                      0.037185    0.000000    2.195956 ^ _1123_/D (sky130_fd_sc_hd__dfrtp_2)
                                              2.195956   data arrival time

                                  0.000000    0.000000   clock clk (rise edge)
                                  0.000000    0.000000   clock source latency
   202    0.502531    2.236611    1.618627    1.618627 ^ clk (in)
                                                         clk (net)
                      2.236737    0.000000    1.618627 ^ _1123_/CLK (sky130_fd_sc_hd__dfrtp_2)
                                  0.250000    1.868627   clock uncertainty
                                  0.000000    1.868627   clock reconvergence pessimism
                                  0.074488    1.943114   library hold time
                                              1.943114   data required time
---------------------------------------------------------------------------------------------
                                              1.943114   data required time
                                             -2.195956   data arrival time
---------------------------------------------------------------------------------------------
                                              0.252842   slack (MET)


Startpoint: _1217_ (rising edge-triggered flip-flop clocked by clk)
Endpoint: _1225_ (rising edge-triggered flip-flop clocked by clk)
Path Group: clk
Path Type: min

Fanout         Cap        Slew       Delay        Time   Description
---------------------------------------------------------------------------------------------
                                  0.000000    0.000000   clock clk (rise edge)
                                  0.000000    0.000000   clock source latency
   202    0.502531    2.236611    1.475668    1.475668 ^ clk (in)
                                                         clk (net)
                      2.237042    0.000000    1.475668 ^ _1217_/CLK (sky130_fd_sc_hd__dfrtp_2)
     2    0.004313    0.046571    0.627290    2.102958 ^ _1217_/Q (sky130_fd_sc_hd__dfrtp_2)
                                                         add_stage3.a[5] (net)
                      0.046571    0.000003    2.102962 ^ _1026_/A0 (sky130_fd_sc_hd__mux2_1)
     1    0.002286    0.038761    0.105303    2.208265 ^ _1026_/X (sky130_fd_sc_hd__mux2_1)
                                                         _0182_ (net)
                      0.038761    0.000003    2.208268 ^ _1225_/D (sky130_fd_sc_hd__dfrtp_2)
                                              2.208268   data arrival time

                                  0.000000    0.000000   clock clk (rise edge)
                                  0.000000    0.000000   clock source latency
   202    0.502531    2.236611    1.631121    1.631121 ^ clk (in)
                                                         clk (net)
                      2.237046    0.000000    1.631121 ^ _1225_/CLK (sky130_fd_sc_hd__dfrtp_2)
                                  0.250000    1.881121   clock uncertainty
                                  0.000000    1.881121   clock reconvergence pessimism
                                  0.074201    1.955322   library hold time
                                              1.955322   data required time
---------------------------------------------------------------------------------------------
                                              1.955322   data required time
                                             -2.208268   data arrival time
---------------------------------------------------------------------------------------------
                                              0.252946   slack (MET)


Startpoint: _1219_ (rising edge-triggered flip-flop clocked by clk)
Endpoint: _1227_ (rising edge-triggered flip-flop clocked by clk)
Path Group: clk
Path Type: min

Fanout         Cap        Slew       Delay        Time   Description
---------------------------------------------------------------------------------------------
                                  0.000000    0.000000   clock clk (rise edge)
                                  0.000000    0.000000   clock source latency
   202    0.502531    2.236611    1.475596    1.475596 ^ clk (in)
                                                         clk (net)
                      2.237040    0.000000    1.475596 ^ _1219_/CLK (sky130_fd_sc_hd__dfrtp_2)
     2    0.004301    0.046513    0.627222    2.102818 ^ _1219_/Q (sky130_fd_sc_hd__dfrtp_2)
                                                         add_stage3.a[7] (net)
                      0.046513    0.000007    2.102825 ^ _1028_/A0 (sky130_fd_sc_hd__mux2_1)
     1    0.002282    0.038734    0.105258    2.208083 ^ _1028_/X (sky130_fd_sc_hd__mux2_1)
                                                         _0184_ (net)
                      0.038734    0.000002    2.208086 ^ _1227_/D (sky130_fd_sc_hd__dfrtp_2)
                                              2.208086   data arrival time

                                  0.000000    0.000000   clock clk (rise edge)
                                  0.000000    0.000000   clock source latency
   202    0.502531    2.236611    1.630895    1.630895 ^ clk (in)
                                                         clk (net)
                      2.237039    0.000000    1.630895 ^ _1227_/CLK (sky130_fd_sc_hd__dfrtp_2)
                                  0.250000    1.880895   clock uncertainty
                                  0.000000    1.880895   clock reconvergence pessimism
                                  0.074206    1.955100   library hold time
                                              1.955100   data required time
---------------------------------------------------------------------------------------------
                                              1.955100   data required time
                                             -2.208086   data arrival time
---------------------------------------------------------------------------------------------
                                              0.252985   slack (MET)


Startpoint: _1248_ (rising edge-triggered flip-flop clocked by clk)
Endpoint: _1118_ (rising edge-triggered flip-flop clocked by clk)
Path Group: clk
Path Type: min

Fanout         Cap        Slew       Delay        Time   Description
---------------------------------------------------------------------------------------------
                                  0.000000    0.000000   clock clk (rise edge)
                                  0.000000    0.000000   clock source latency
   202    0.502531    2.236611    1.464288    1.464288 ^ clk (in)
                                                         clk (net)
                      2.236733    0.000000    1.464288 ^ _1248_/CLK (sky130_fd_sc_hd__dfrtp_2)
     2    0.004072    0.045415    0.625902    2.090190 ^ _1248_/Q (sky130_fd_sc_hd__dfrtp_2)
                                                         window0[2] (net)
                      0.045415    0.000001    2.090191 ^ _0628_/A1 (sky130_fd_sc_hd__mux2_1)
     1    0.002073    0.037569    0.105966    2.196157 ^ _0628_/X (sky130_fd_sc_hd__mux2_1)
                                                         _0075_ (net)
                      0.037569    0.000000    2.196157 ^ _1118_/D (sky130_fd_sc_hd__dfrtp_2)
                                              2.196157   data arrival time

                                  0.000000    0.000000   clock clk (rise edge)
                                  0.000000    0.000000   clock source latency
   202    0.502531    2.236611    1.618483    1.618483 ^ clk (in)
                                                         clk (net)
                      2.236734    0.000000    1.618483 ^ _1118_/CLK (sky130_fd_sc_hd__dfrtp_2)
                                  0.250000    1.868483   clock uncertainty
                                  0.000000    1.868483   clock reconvergence pessimism
                                  0.074416    1.942899   library hold time
                                              1.942899   data required time
---------------------------------------------------------------------------------------------
                                              1.942899   data required time
                                             -2.196157   data arrival time
---------------------------------------------------------------------------------------------
                                              0.253259   slack (MET)


Startpoint: _1211_ (rising edge-triggered flip-flop clocked by clk)
Endpoint: _1219_ (rising edge-triggered flip-flop clocked by clk)
Path Group: clk
Path Type: min

Fanout         Cap        Slew       Delay        Time   Description
---------------------------------------------------------------------------------------------
                                  0.000000    0.000000   clock clk (rise edge)
                                  0.000000    0.000000   clock source latency
   202    0.502531    2.236611    1.475642    1.475642 ^ clk (in)
                                                         clk (net)
                      2.237041    0.000000    1.475642 ^ _1211_/CLK (sky130_fd_sc_hd__dfrtp_2)
     2    0.004388    0.046900    0.627609    2.103251 ^ _1211_/Q (sky130_fd_sc_hd__dfrtp_2)
                                                         add_stage2.a[7] (net)
                      0.046900    0.000009    2.103260 ^ _1020_/A0 (sky130_fd_sc_hd__mux2_1)
     1    0.002312    0.038966    0.105614    2.208874 ^ _1020_/X (sky130_fd_sc_hd__mux2_1)
                                                         _0176_ (net)
                      0.038966    0.000003    2.208877 ^ _1219_/D (sky130_fd_sc_hd__dfrtp_2)
                                              2.208877   data arrival time

                                  0.000000    0.000000   clock clk (rise edge)
                                  0.000000    0.000000   clock source latency
   202    0.502531    2.236611    1.630921    1.630921 ^ clk (in)
                                                         clk (net)
                      2.237040    0.000000    1.630921 ^ _1219_/CLK (sky130_fd_sc_hd__dfrtp_2)
                                  0.250000    1.880921   clock uncertainty
                                  0.000000    1.880921   clock reconvergence pessimism
                                  0.074162    1.955084   library hold time
                                              1.955084   data required time
---------------------------------------------------------------------------------------------
                                              1.955084   data required time
                                             -2.208877   data arrival time
---------------------------------------------------------------------------------------------
                                              0.253793   slack (MET)


Startpoint: _1246_ (rising edge-triggered flip-flop clocked by clk)
Endpoint: _1116_ (rising edge-triggered flip-flop clocked by clk)
Path Group: clk
Path Type: min

Fanout         Cap        Slew       Delay        Time   Description
---------------------------------------------------------------------------------------------
                                  0.000000    0.000000   clock clk (rise edge)
                                  0.000000    0.000000   clock source latency
   202    0.502531    2.236611    1.466175    1.466175 ^ clk (in)
                                                         clk (net)
                      2.236772    0.000000    1.466175 ^ _1246_/CLK (sky130_fd_sc_hd__dfrtp_2)
     2    0.004410    0.046994    0.627670    2.093845 ^ _1246_/Q (sky130_fd_sc_hd__dfrtp_2)
                                                         window0[0] (net)
                      0.046994    0.000004    2.093849 ^ _0626_/A1 (sky130_fd_sc_hd__mux2_1)
     1    0.002072    0.037567    0.106481    2.200330 ^ _0626_/X (sky130_fd_sc_hd__mux2_1)
                                                         _0073_ (net)
                      0.037567    0.000000    2.200331 ^ _1116_/D (sky130_fd_sc_hd__dfrtp_2)
                                              2.200331   data arrival time

                                  0.000000    0.000000   clock clk (rise edge)
                                  0.000000    0.000000   clock source latency
   202    0.502531    2.236611    1.621389    1.621389 ^ clk (in)
                                                         clk (net)
                      2.236789    0.000000    1.621389 ^ _1116_/CLK (sky130_fd_sc_hd__dfrtp_2)
                                  0.250000    1.871389   clock uncertainty
                                  0.000000    1.871389   clock reconvergence pessimism
                                  0.074417    1.945806   library hold time
                                              1.945806   data required time
---------------------------------------------------------------------------------------------
                                              1.945806   data required time
                                             -2.200331   data arrival time
---------------------------------------------------------------------------------------------
                                              0.254525   slack (MET)


Startpoint: _1197_ (rising edge-triggered flip-flop clocked by clk)
Endpoint: _1205_ (rising edge-triggered flip-flop clocked by clk)
Path Group: clk
Path Type: min

Fanout         Cap        Slew       Delay        Time   Description
---------------------------------------------------------------------------------------------
                                  0.000000    0.000000   clock clk (rise edge)
                                  0.000000    0.000000   clock source latency
   202    0.502531    2.236611    1.473475    1.473475 ^ clk (in)
                                                         clk (net)
                      2.236968    0.000000    1.473475 ^ _1197_/CLK (sky130_fd_sc_hd__dfrtp_2)
     2    0.005046    0.049727    0.630283    2.103758 ^ _1197_/Q (sky130_fd_sc_hd__dfrtp_2)
                                                         add_stage1.a[1] (net)
                      0.049727    0.000002    2.103760 ^ _1006_/A0 (sky130_fd_sc_hd__mux2_1)
     1    0.002039    0.036799    0.104460    2.208220 ^ _1006_/X (sky130_fd_sc_hd__mux2_1)
                                                         _0162_ (net)
                      0.036799    0.000000    2.208220 ^ _1205_/D (sky130_fd_sc_hd__dfrtp_2)
                                              2.208220   data arrival time

                                  0.000000    0.000000   clock clk (rise edge)
                                  0.000000    0.000000   clock source latency
   202    0.502531    2.236611    1.628609    1.628609 ^ clk (in)
                                                         clk (net)
                      2.236969    0.000000    1.628609 ^ _1205_/CLK (sky130_fd_sc_hd__dfrtp_2)
                                  0.250000    1.878609   clock uncertainty
                                  0.000000    1.878609   clock reconvergence pessimism
                                  0.074566    1.953175   library hold time
                                              1.953175   data required time
---------------------------------------------------------------------------------------------
                                              1.953175   data required time
                                             -2.208220   data arrival time
---------------------------------------------------------------------------------------------
                                              0.255046   slack (MET)


Startpoint: _1249_ (rising edge-triggered flip-flop clocked by clk)
Endpoint: _1119_ (rising edge-triggered flip-flop clocked by clk)
Path Group: clk
Path Type: min

Fanout         Cap        Slew       Delay        Time   Description
---------------------------------------------------------------------------------------------
                                  0.000000    0.000000   clock clk (rise edge)
                                  0.000000    0.000000   clock source latency
   202    0.502531    2.236611    1.453926    1.453926 ^ clk (in)
                                                         clk (net)
                      2.236616    0.000000    1.453926 ^ _1249_/CLK (sky130_fd_sc_hd__dfrtp_2)
     2    0.003983    0.044987    0.625388    2.079314 ^ _1249_/Q (sky130_fd_sc_hd__dfrtp_2)
                                                         window0[3] (net)
                      0.044987    0.000005    2.079319 ^ _0629_/A1 (sky130_fd_sc_hd__mux2_1)
     1    0.002212    0.038657    0.106883    2.186202 ^ _0629_/X (sky130_fd_sc_hd__mux2_1)
                                                         _0076_ (net)
                      0.038657    0.000002    2.186204 ^ _1119_/D (sky130_fd_sc_hd__dfrtp_2)
                                              2.186204   data arrival time

                                  0.000000    0.000000   clock clk (rise edge)
                                  0.000000    0.000000   clock source latency
   202    0.502531    2.236611    1.606864    1.606864 ^ clk (in)
                                                         clk (net)
                      2.236616    0.000000    1.606864 ^ _1119_/CLK (sky130_fd_sc_hd__dfrtp_2)
                                  0.250000    1.856864   clock uncertainty
                                  0.000000    1.856864   clock reconvergence pessimism
                                  0.074209    1.931074   library hold time
                                              1.931074   data required time
---------------------------------------------------------------------------------------------
                                              1.931074   data required time
                                             -2.186204   data arrival time
---------------------------------------------------------------------------------------------
                                              0.255130   slack (MET)


Startpoint: _1247_ (rising edge-triggered flip-flop clocked by clk)
Endpoint: _1117_ (rising edge-triggered flip-flop clocked by clk)
Path Group: clk
Path Type: min

Fanout         Cap        Slew       Delay        Time   Description
---------------------------------------------------------------------------------------------
                                  0.000000    0.000000   clock clk (rise edge)
                                  0.000000    0.000000   clock source latency
   202    0.502531    2.236611    1.466536    1.466536 ^ clk (in)
                                                         clk (net)
                      2.236779    0.000000    1.466536 ^ _1247_/CLK (sky130_fd_sc_hd__dfrtp_2)
     2    0.004627    0.047925    0.628554    2.095090 ^ _1247_/Q (sky130_fd_sc_hd__dfrtp_2)
                                                         window0[1] (net)
                      0.047925    0.000006    2.095096 ^ _0627_/A1 (sky130_fd_sc_hd__mux2_1)
     1    0.002099    0.037777    0.106989    2.202085 ^ _0627_/X (sky130_fd_sc_hd__mux2_1)
                                                         _0074_ (net)
                      0.037777    0.000000    2.202086 ^ _1117_/D (sky130_fd_sc_hd__dfrtp_2)
                                              2.202086   data arrival time

                                  0.000000    0.000000   clock clk (rise edge)
                                  0.000000    0.000000   clock source latency
   202    0.502531    2.236611    1.621950    1.621950 ^ clk (in)
                                                         clk (net)
                      2.236801    0.000000    1.621950 ^ _1117_/CLK (sky130_fd_sc_hd__dfrtp_2)
                                  0.250000    1.871950   clock uncertainty
                                  0.000000    1.871950   clock reconvergence pessimism
                                  0.074379    1.946328   library hold time
                                              1.946328   data required time
---------------------------------------------------------------------------------------------
                                              1.946328   data required time
                                             -2.202086   data arrival time
---------------------------------------------------------------------------------------------
                                              0.255758   slack (MET)


Startpoint: _1199_ (rising edge-triggered flip-flop clocked by clk)
Endpoint: _1207_ (rising edge-triggered flip-flop clocked by clk)
Path Group: clk
Path Type: min

Fanout         Cap        Slew       Delay        Time   Description
---------------------------------------------------------------------------------------------
                                  0.000000    0.000000   clock clk (rise edge)
                                  0.000000    0.000000   clock source latency
   202    0.502531    2.236611    1.474333    1.474333 ^ clk (in)
                                                         clk (net)
                      2.236996    0.000000    1.474333 ^ _1199_/CLK (sky130_fd_sc_hd__dfrtp_2)
     2    0.005584    0.049692    0.632474    2.106807 ^ _1199_/Q (sky130_fd_sc_hd__dfrtp_2)
                                                         add_stage1.a[3] (net)
                      0.049692    0.000024    2.106831 ^ _1008_/A0 (sky130_fd_sc_hd__mux2_1)
     1    0.002050    0.036884    0.104531    2.211362 ^ _1008_/X (sky130_fd_sc_hd__mux2_1)
                                                         _0164_ (net)
                      0.036884    0.000000    2.211362 ^ _1207_/D (sky130_fd_sc_hd__dfrtp_2)
                                              2.211362   data arrival time

                                  0.000000    0.000000   clock clk (rise edge)
                                  0.000000    0.000000   clock source latency
   202    0.502531    2.236611    1.630498    1.630498 ^ clk (in)
                                                         clk (net)
                      2.237026    0.000000    1.630498 ^ _1207_/CLK (sky130_fd_sc_hd__dfrtp_2)
                                  0.250000    1.880498   clock uncertainty
                                  0.000000    1.880498   clock reconvergence pessimism
                                  0.074551    1.955050   library hold time
                                              1.955050   data required time
---------------------------------------------------------------------------------------------
                                              1.955050   data required time
                                             -2.211362   data arrival time
---------------------------------------------------------------------------------------------
                                              0.256313   slack (MET)


Startpoint: _1251_ (rising edge-triggered flip-flop clocked by clk)
Endpoint: _1121_ (rising edge-triggered flip-flop clocked by clk)
Path Group: clk
Path Type: min

Fanout         Cap        Slew       Delay        Time   Description
---------------------------------------------------------------------------------------------
                                  0.000000    0.000000   clock clk (rise edge)
                                  0.000000    0.000000   clock source latency
   202    0.502531    2.236611    1.455700    1.455700 ^ clk (in)
                                                         clk (net)
                      2.236625    0.000000    1.455700 ^ _1251_/CLK (sky130_fd_sc_hd__dfrtp_2)
     2    0.004547    0.047580    0.628212    2.083912 ^ _1251_/Q (sky130_fd_sc_hd__dfrtp_2)
                                                         window0[5] (net)
                      0.047580    0.000011    2.083923 ^ _0631_/A1 (sky130_fd_sc_hd__mux2_1)
     1    0.002301    0.039346    0.108401    2.192324 ^ _0631_/X (sky130_fd_sc_hd__mux2_1)
                                                         _0078_ (net)
                      0.039346    0.000003    2.192327 ^ _1121_/D (sky130_fd_sc_hd__dfrtp_2)
                                              2.192327   data arrival time

                                  0.000000    0.000000   clock clk (rise edge)
                                  0.000000    0.000000   clock source latency
   202    0.502531    2.236611    1.608922    1.608922 ^ clk (in)
                                                         clk (net)
                      2.236625    0.000000    1.608922 ^ _1121_/CLK (sky130_fd_sc_hd__dfrtp_2)
                                  0.250000    1.858922   clock uncertainty
                                  0.000000    1.858922   clock reconvergence pessimism
                                  0.074081    1.933003   library hold time
                                              1.933003   data required time
---------------------------------------------------------------------------------------------
                                              1.933003   data required time
                                             -2.192327   data arrival time
---------------------------------------------------------------------------------------------
                                              0.259324   slack (MET)


Startpoint: _1125_ (rising edge-triggered flip-flop clocked by clk)
Endpoint: _1133_ (rising edge-triggered flip-flop clocked by clk)
Path Group: clk
Path Type: min

Fanout         Cap        Slew       Delay        Time   Description
---------------------------------------------------------------------------------------------
                                  0.000000    0.000000   clock clk (rise edge)
                                  0.000000    0.000000   clock source latency
   202    0.502531    2.236611    1.470596    1.470596 ^ clk (in)
                                                         clk (net)
                      2.236881    0.000000    1.470596 ^ _1125_/CLK (sky130_fd_sc_hd__dfrtp_2)
     3    0.006117    0.054330    0.634641    2.105237 ^ _1125_/Q (sky130_fd_sc_hd__dfrtp_2)
                                                         snapshot1[1] (net)
                      0.054330    0.000004    2.105240 ^ _0643_/A1 (sky130_fd_sc_hd__mux2_1)
     1    0.002088    0.037689    0.108995    2.214235 ^ _0643_/X (sky130_fd_sc_hd__mux2_1)
                                                         _0090_ (net)
                      0.037689    0.000001    2.214236 ^ _1133_/D (sky130_fd_sc_hd__dfrtp_2)
                                              2.214236   data arrival time

                                  0.000000    0.000000   clock clk (rise edge)
                                  0.000000    0.000000   clock source latency
   202    0.502531    2.236611    1.625863    1.625863 ^ clk (in)
                                                         clk (net)
                      2.236893    0.000000    1.625863 ^ _1133_/CLK (sky130_fd_sc_hd__dfrtp_2)
                                  0.250000    1.875863   clock uncertainty
                                  0.000000    1.875863   clock reconvergence pessimism
                                  0.074397    1.950260   library hold time
                                              1.950260   data required time
---------------------------------------------------------------------------------------------
                                              1.950260   data required time
                                             -2.214236   data arrival time
---------------------------------------------------------------------------------------------
                                              0.263976   slack (MET)


Startpoint: _1133_ (rising edge-triggered flip-flop clocked by clk)
Endpoint: _1141_ (rising edge-triggered flip-flop clocked by clk)
Path Group: clk
Path Type: min

Fanout         Cap        Slew       Delay        Time   Description
---------------------------------------------------------------------------------------------
                                  0.000000    0.000000   clock clk (rise edge)
                                  0.000000    0.000000   clock source latency
   202    0.502531    2.236611    1.471019    1.471019 ^ clk (in)
                                                         clk (net)
                      2.236893    0.000000    1.471019 ^ _1133_/CLK (sky130_fd_sc_hd__dfrtp_2)
     3    0.005845    0.053159    0.633531    2.104550 ^ _1133_/Q (sky130_fd_sc_hd__dfrtp_2)
                                                         snapshot2[1] (net)
                      0.053159    0.000011    2.104561 ^ _0651_/A1 (sky130_fd_sc_hd__mux2_1)
     1    0.002196    0.038528    0.109432    2.213993 ^ _0651_/X (sky130_fd_sc_hd__mux2_1)
                                                         _0098_ (net)
                      0.038528    0.000002    2.213995 ^ _1141_/D (sky130_fd_sc_hd__dfrtp_2)
                                              2.213995   data arrival time

                                  0.000000    0.000000   clock clk (rise edge)
                                  0.000000    0.000000   clock source latency
   202    0.502531    2.236611    1.625771    1.625771 ^ clk (in)
                                                         clk (net)
                      2.236891    0.000000    1.625771 ^ _1141_/CLK (sky130_fd_sc_hd__dfrtp_2)
                                  0.250000    1.875771   clock uncertainty
                                  0.000000    1.875771   clock reconvergence pessimism
                                  0.074240    1.950012   library hold time
                                              1.950012   data required time
---------------------------------------------------------------------------------------------
                                              1.950012   data required time
                                             -2.213995   data arrival time
---------------------------------------------------------------------------------------------
                                              0.263983   slack (MET)


Startpoint: _1158_ (rising edge-triggered flip-flop clocked by clk)
Endpoint: _1166_ (rising edge-triggered flip-flop clocked by clk)
Path Group: clk
Path Type: min

Fanout         Cap        Slew       Delay        Time   Description
---------------------------------------------------------------------------------------------
                                  0.000000    0.000000   clock clk (rise edge)
                                  0.000000    0.000000   clock source latency
   202    0.502531    2.236611    1.464636    1.464636 ^ clk (in)
                                                         clk (net)
                      2.236740    0.000000    1.464636 ^ _1158_/CLK (sky130_fd_sc_hd__dfrtp_2)
     3    0.006063    0.054095    0.634403    2.099039 ^ _1158_/Q (sky130_fd_sc_hd__dfrtp_2)
                                                         snapshot5[2] (net)
                      0.054095    0.000000    2.099040 ^ _0676_/A1 (sky130_fd_sc_hd__mux2_1)
     1    0.002045    0.037357    0.108597    2.207637 ^ _0676_/X (sky130_fd_sc_hd__mux2_1)
                                                         _0123_ (net)
                      0.037357    0.000000    2.207638 ^ _1166_/D (sky130_fd_sc_hd__dfrtp_2)
                                              2.207638   data arrival time

                                  0.000000    0.000000   clock clk (rise edge)
                                  0.000000    0.000000   clock source latency
   202    0.502531    2.236611    1.618819    1.618819 ^ clk (in)
                                                         clk (net)
                      2.236740    0.000000    1.618819 ^ _1166_/CLK (sky130_fd_sc_hd__dfrtp_2)
                                  0.250000    1.868819   clock uncertainty
                                  0.000000    1.868819   clock reconvergence pessimism
                                  0.074455    1.943275   library hold time
                                              1.943275   data required time
---------------------------------------------------------------------------------------------
                                              1.943275   data required time
                                             -2.207638   data arrival time
---------------------------------------------------------------------------------------------
                                              0.264363   slack (MET)


Startpoint: _1165_ (rising edge-triggered flip-flop clocked by clk)
Endpoint: _1173_ (rising edge-triggered flip-flop clocked by clk)
Path Group: clk
Path Type: min

Fanout         Cap        Slew       Delay        Time   Description
---------------------------------------------------------------------------------------------
                                  0.000000    0.000000   clock clk (rise edge)
                                  0.000000    0.000000   clock source latency
   202    0.502531    2.236611    1.470454    1.470454 ^ clk (in)
                                                         clk (net)
                      2.236877    0.000000    1.470454 ^ _1165_/CLK (sky130_fd_sc_hd__dfrtp_2)
     3    0.006058    0.054076    0.634399    2.104853 ^ _1165_/Q (sky130_fd_sc_hd__dfrtp_2)
                                                         snapshot6[1] (net)
                      0.054076    0.000010    2.104863 ^ _0683_/A1 (sky130_fd_sc_hd__mux2_1)
     1    0.002138    0.038076    0.109289    2.214153 ^ _0683_/X (sky130_fd_sc_hd__mux2_1)
                                                         _0130_ (net)
                      0.038076    0.000001    2.214154 ^ _1173_/D (sky130_fd_sc_hd__dfrtp_2)
                                              2.214154   data arrival time

                                  0.000000    0.000000   clock clk (rise edge)
                                  0.000000    0.000000   clock source latency
   202    0.502531    2.236611    1.625238    1.625238 ^ clk (in)
                                                         clk (net)
                      2.236877    0.000000    1.625238 ^ _1173_/CLK (sky130_fd_sc_hd__dfrtp_2)
                                  0.250000    1.875238   clock uncertainty
                                  0.000000    1.875238   clock reconvergence pessimism
                                  0.074325    1.949563   library hold time
                                              1.949563   data required time
---------------------------------------------------------------------------------------------
                                              1.949563   data required time
                                             -2.214154   data arrival time
---------------------------------------------------------------------------------------------
                                              0.264591   slack (MET)


Startpoint: _1166_ (rising edge-triggered flip-flop clocked by clk)
Endpoint: _1174_ (rising edge-triggered flip-flop clocked by clk)
Path Group: clk
Path Type: min

Fanout         Cap        Slew       Delay        Time   Description
---------------------------------------------------------------------------------------------
                                  0.000000    0.000000   clock clk (rise edge)
                                  0.000000    0.000000   clock source latency
   202    0.502531    2.236611    1.464646    1.464646 ^ clk (in)
                                                         clk (net)
                      2.236740    0.000000    1.464646 ^ _1166_/CLK (sky130_fd_sc_hd__dfrtp_2)
     3    0.006115    0.054320    0.634616    2.099263 ^ _1166_/Q (sky130_fd_sc_hd__dfrtp_2)
                                                         snapshot6[2] (net)
                      0.054320    0.000010    2.099273 ^ _0684_/A1 (sky130_fd_sc_hd__mux2_1)
     1    0.002055    0.037432    0.108743    2.208016 ^ _0684_/X (sky130_fd_sc_hd__mux2_1)
                                                         _0131_ (net)
                      0.037432    0.000000    2.208016 ^ _1174_/D (sky130_fd_sc_hd__dfrtp_2)
                                              2.208016   data arrival time

                                  0.000000    0.000000   clock clk (rise edge)
                                  0.000000    0.000000   clock source latency
   202    0.502531    2.236611    1.618820    1.618820 ^ clk (in)
                                                         clk (net)
                      2.236740    0.000000    1.618820 ^ _1174_/CLK (sky130_fd_sc_hd__dfrtp_2)
                                  0.250000    1.868820   clock uncertainty
                                  0.000000    1.868820   clock reconvergence pessimism
                                  0.074441    1.943261   library hold time
                                              1.943261   data required time
---------------------------------------------------------------------------------------------
                                              1.943261   data required time
                                             -2.208016   data arrival time
---------------------------------------------------------------------------------------------
                                              0.264755   slack (MET)


Startpoint: _1159_ (rising edge-triggered flip-flop clocked by clk)
Endpoint: _1167_ (rising edge-triggered flip-flop clocked by clk)
Path Group: clk
Path Type: min

Fanout         Cap        Slew       Delay        Time   Description
---------------------------------------------------------------------------------------------
                                  0.000000    0.000000   clock clk (rise edge)
                                  0.000000    0.000000   clock source latency
   202    0.502531    2.236611    1.455245    1.455245 ^ clk (in)
                                                         clk (net)
                      2.236623    0.000000    1.455245 ^ _1159_/CLK (sky130_fd_sc_hd__dfrtp_2)
     3    0.005808    0.053001    0.633353    2.088598 ^ _1159_/Q (sky130_fd_sc_hd__dfrtp_2)
                                                         snapshot5[3] (net)
                      0.053001    0.000009    2.088607 ^ _0677_/A1 (sky130_fd_sc_hd__mux2_1)
     1    0.002164    0.038278    0.109137    2.197744 ^ _0677_/X (sky130_fd_sc_hd__mux2_1)
                                                         _0124_ (net)
                      0.038278    0.000002    2.197746 ^ _1167_/D (sky130_fd_sc_hd__dfrtp_2)
                                              2.197746   data arrival time

                                  0.000000    0.000000   clock clk (rise edge)
                                  0.000000    0.000000   clock source latency
   202    0.502531    2.236611    1.608685    1.608685 ^ clk (in)
                                                         clk (net)
                      2.236624    0.000000    1.608685 ^ _1167_/CLK (sky130_fd_sc_hd__dfrtp_2)
                                  0.250000    1.858685   clock uncertainty
                                  0.000000    1.858685   clock reconvergence pessimism
                                  0.074280    1.932965   library hold time
                                              1.932965   data required time
---------------------------------------------------------------------------------------------
                                              1.932965   data required time
                                             -2.197746   data arrival time
---------------------------------------------------------------------------------------------
                                              0.264781   slack (MET)


Startpoint: _1162_ (rising edge-triggered flip-flop clocked by clk)
Endpoint: _1170_ (rising edge-triggered flip-flop clocked by clk)
Path Group: clk
Path Type: min

Fanout         Cap        Slew       Delay        Time   Description
---------------------------------------------------------------------------------------------
                                  0.000000    0.000000   clock clk (rise edge)
                                  0.000000    0.000000   clock source latency
   202    0.502531    2.236611    1.454440    1.454440 ^ clk (in)
                                                         clk (net)
                      2.236618    0.000000    1.454440 ^ _1162_/CLK (sky130_fd_sc_hd__dfrtp_2)
     3    0.005929    0.053522    0.633847    2.088286 ^ _1162_/Q (sky130_fd_sc_hd__dfrtp_2)
                                                         snapshot5[6] (net)
                      0.053522    0.000004    2.088290 ^ _0680_/A1 (sky130_fd_sc_hd__mux2_1)
     1    0.002069    0.037538    0.108588    2.196878 ^ _0680_/X (sky130_fd_sc_hd__mux2_1)
                                                         _0127_ (net)
                      0.037538    0.000000    2.196879 ^ _1170_/D (sky130_fd_sc_hd__dfrtp_2)
                                              2.196879   data arrival time

                                  0.000000    0.000000   clock clk (rise edge)
                                  0.000000    0.000000   clock source latency
   202    0.502531    2.236611    1.607586    1.607586 ^ clk (in)
                                                         clk (net)
                      2.236619    0.000000    1.607586 ^ _1170_/CLK (sky130_fd_sc_hd__dfrtp_2)
                                  0.250000    1.857586   clock uncertainty
                                  0.000000    1.857586   clock reconvergence pessimism
                                  0.074418    1.932004   library hold time
                                              1.932004   data required time
---------------------------------------------------------------------------------------------
                                              1.932004   data required time
                                             -2.196879   data arrival time
---------------------------------------------------------------------------------------------
                                              0.264875   slack (MET)


Startpoint: _1147_ (rising edge-triggered flip-flop clocked by clk)
Endpoint: _1155_ (rising edge-triggered flip-flop clocked by clk)
Path Group: clk
Path Type: min

Fanout         Cap        Slew       Delay        Time   Description
---------------------------------------------------------------------------------------------
                                  0.000000    0.000000   clock clk (rise edge)
                                  0.000000    0.000000   clock source latency
   202    0.502531    2.236611    1.464078    1.464078 ^ clk (in)
                                                         clk (net)
                      2.236730    0.000000    1.464078 ^ _1147_/CLK (sky130_fd_sc_hd__dfrtp_2)
     3    0.005999    0.053820    0.634141    2.098219 ^ _1147_/Q (sky130_fd_sc_hd__dfrtp_2)
                                                         snapshot3[7] (net)
                      0.053820    0.000004    2.098224 ^ _0665_/A1 (sky130_fd_sc_hd__mux2_1)
     1    0.002142    0.038107    0.109236    2.207460 ^ _0665_/X (sky130_fd_sc_hd__mux2_1)
                                                         _0112_ (net)
                      0.038107    0.000002    2.207461 ^ _1155_/D (sky130_fd_sc_hd__dfrtp_2)
                                              2.207461   data arrival time

                                  0.000000    0.000000   clock clk (rise edge)
                                  0.000000    0.000000   clock source latency
   202    0.502531    2.236611    1.618204    1.618204 ^ clk (in)
                                                         clk (net)
                      2.236730    0.000000    1.618204 ^ _1155_/CLK (sky130_fd_sc_hd__dfrtp_2)
                                  0.250000    1.868204   clock uncertainty
                                  0.000000    1.868204   clock reconvergence pessimism
                                  0.074315    1.942519   library hold time
                                              1.942519   data required time
---------------------------------------------------------------------------------------------
                                              1.942519   data required time
                                             -2.207461   data arrival time
---------------------------------------------------------------------------------------------
                                              0.264942   slack (MET)


Startpoint: _1134_ (rising edge-triggered flip-flop clocked by clk)
Endpoint: _1142_ (rising edge-triggered flip-flop clocked by clk)
Path Group: clk
Path Type: min

Fanout         Cap        Slew       Delay        Time   Description
---------------------------------------------------------------------------------------------
                                  0.000000    0.000000   clock clk (rise edge)
                                  0.000000    0.000000   clock source latency
   202    0.502531    2.236611    1.464586    1.464586 ^ clk (in)
                                                         clk (net)
                      2.236739    0.000000    1.464586 ^ _1134_/CLK (sky130_fd_sc_hd__dfrtp_2)
     3    0.006038    0.053989    0.634302    2.098888 ^ _1134_/Q (sky130_fd_sc_hd__dfrtp_2)
                                                         snapshot2[2] (net)
                      0.053989    0.000004    2.098892 ^ _0652_/A1 (sky130_fd_sc_hd__mux2_1)
     1    0.002155    0.038209    0.109390    2.208282 ^ _0652_/X (sky130_fd_sc_hd__mux2_1)
                                                         _0099_ (net)
                      0.038209    0.000001    2.208283 ^ _1142_/D (sky130_fd_sc_hd__dfrtp_2)
                                              2.208283   data arrival time

                                  0.000000    0.000000   clock clk (rise edge)
                                  0.000000    0.000000   clock source latency
   202    0.502531    2.236611    1.618760    1.618760 ^ clk (in)
                                                         clk (net)
                      2.236739    0.000000    1.618760 ^ _1142_/CLK (sky130_fd_sc_hd__dfrtp_2)
                                  0.250000    1.868760   clock uncertainty
                                  0.000000    1.868760   clock reconvergence pessimism
                                  0.074296    1.943056   library hold time
                                              1.943056   data required time
---------------------------------------------------------------------------------------------
                                              1.943056   data required time
                                             -2.208283   data arrival time
---------------------------------------------------------------------------------------------
                                              0.265227   slack (MET)


Startpoint: _1164_ (rising edge-triggered flip-flop clocked by clk)
Endpoint: _1172_ (rising edge-triggered flip-flop clocked by clk)
Path Group: clk
Path Type: min

Fanout         Cap        Slew       Delay        Time   Description
---------------------------------------------------------------------------------------------
                                  0.000000    0.000000   clock clk (rise edge)
                                  0.000000    0.000000   clock source latency
   202    0.502531    2.236611    1.467163    1.467163 ^ clk (in)
                                                         clk (net)
                      2.236794    0.000000    1.467163 ^ _1164_/CLK (sky130_fd_sc_hd__dfrtp_2)
     3    0.006251    0.054906    0.635177    2.102341 ^ _1164_/Q (sky130_fd_sc_hd__dfrtp_2)
                                                         snapshot6[0] (net)
                      0.054906    0.000009    2.102350 ^ _0682_/A1 (sky130_fd_sc_hd__mux2_1)
     1    0.002090    0.037708    0.109199    2.211549 ^ _0682_/X (sky130_fd_sc_hd__mux2_1)
                                                         _0129_ (net)
                      0.037708    0.000000    2.211550 ^ _1172_/D (sky130_fd_sc_hd__dfrtp_2)
                                              2.211550   data arrival time

                                  0.000000    0.000000   clock clk (rise edge)
                                  0.000000    0.000000   clock source latency
   202    0.502531    2.236611    1.621603    1.621603 ^ clk (in)
                                                         clk (net)
                      2.236794    0.000000    1.621603 ^ _1172_/CLK (sky130_fd_sc_hd__dfrtp_2)
                                  0.250000    1.871603   clock uncertainty
                                  0.000000    1.871603   clock reconvergence pessimism
                                  0.074391    1.945994   library hold time
                                              1.945994   data required time
---------------------------------------------------------------------------------------------
                                              1.945994   data required time
                                             -2.211550   data arrival time
---------------------------------------------------------------------------------------------
                                              0.265556   slack (MET)


Startpoint: _1227_ (rising edge-triggered flip-flop clocked by clk)
Endpoint: _1235_ (rising edge-triggered flip-flop clocked by clk)
Path Group: clk
Path Type: min

Fanout         Cap        Slew       Delay        Time   Description
---------------------------------------------------------------------------------------------
                                  0.000000    0.000000   clock clk (rise edge)
                                  0.000000    0.000000   clock source latency
   202    0.502531    2.236611    1.475572    1.475572 ^ clk (in)
                                                         clk (net)
                      2.237039    0.000000    1.475572 ^ _1227_/CLK (sky130_fd_sc_hd__dfrtp_2)
     3    0.006633    0.056545    0.636757    2.112329 ^ _1227_/Q (sky130_fd_sc_hd__dfrtp_2)
                                                         stage3[7] (net)
                      0.056545    0.000006    2.112335 ^ _1036_/A0 (sky130_fd_sc_hd__mux2_1)
     1    0.002258    0.038547    0.108354    2.220690 ^ _1036_/X (sky130_fd_sc_hd__mux2_1)
                                                         _0192_ (net)
                      0.038547    0.000003    2.220692 ^ _1235_/D (sky130_fd_sc_hd__dfrtp_2)
                                              2.220692   data arrival time

                                  0.000000    0.000000   clock clk (rise edge)
                                  0.000000    0.000000   clock source latency
   202    0.502531    2.236611    1.630894    1.630894 ^ clk (in)
                                                         clk (net)
                      2.237039    0.000000    1.630894 ^ _1235_/CLK (sky130_fd_sc_hd__dfrtp_2)
                                  0.250000    1.880894   clock uncertainty
                                  0.000000    1.880894   clock reconvergence pessimism
                                  0.074241    1.955135   library hold time
                                              1.955135   data required time
---------------------------------------------------------------------------------------------
                                              1.955135   data required time
                                             -2.220692   data arrival time
---------------------------------------------------------------------------------------------
                                              0.265558   slack (MET)


Startpoint: _1128_ (rising edge-triggered flip-flop clocked by clk)
Endpoint: _1136_ (rising edge-triggered flip-flop clocked by clk)
Path Group: clk
Path Type: min

Fanout         Cap        Slew       Delay        Time   Description
---------------------------------------------------------------------------------------------
                                  0.000000    0.000000   clock clk (rise edge)
                                  0.000000    0.000000   clock source latency
   202    0.502531    2.236611    1.468227    1.468227 ^ clk (in)
                                                         clk (net)
                      2.236819    0.000000    1.468227 ^ _1128_/CLK (sky130_fd_sc_hd__dfrtp_2)
     3    0.006101    0.054258    0.634566    2.102793 ^ _1128_/Q (sky130_fd_sc_hd__dfrtp_2)
                                                         snapshot1[4] (net)
                      0.054258    0.000006    2.102799 ^ _0646_/A1 (sky130_fd_sc_hd__mux2_1)
     1    0.002207    0.038618    0.109874    2.212673 ^ _0646_/X (sky130_fd_sc_hd__mux2_1)
                                                         _0093_ (net)
                      0.038618    0.000002    2.212675 ^ _1136_/D (sky130_fd_sc_hd__dfrtp_2)
                                              2.212675   data arrival time

                                  0.000000    0.000000   clock clk (rise edge)
                                  0.000000    0.000000   clock source latency
   202    0.502531    2.236611    1.622885    1.622885 ^ clk (in)
                                                         clk (net)
                      2.236821    0.000000    1.622885 ^ _1136_/CLK (sky130_fd_sc_hd__dfrtp_2)
                                  0.250000    1.872885   clock uncertainty
                                  0.000000    1.872885   clock reconvergence pessimism
                                  0.074222    1.947107   library hold time
                                              1.947107   data required time
---------------------------------------------------------------------------------------------
                                              1.947107   data required time
                                             -2.212675   data arrival time
---------------------------------------------------------------------------------------------
                                              0.265568   slack (MET)


Startpoint: _1148_ (rising edge-triggered flip-flop clocked by clk)
Endpoint: _1156_ (rising edge-triggered flip-flop clocked by clk)
Path Group: clk
Path Type: min

Fanout         Cap        Slew       Delay        Time   Description
---------------------------------------------------------------------------------------------
                                  0.000000    0.000000   clock clk (rise edge)
                                  0.000000    0.000000   clock source latency
   202    0.502531    2.236611    1.467133    1.467133 ^ clk (in)
                                                         clk (net)
                      2.236793    0.000000    1.467133 ^ _1148_/CLK (sky130_fd_sc_hd__dfrtp_2)
     3    0.006298    0.055107    0.635368    2.102500 ^ _1148_/Q (sky130_fd_sc_hd__dfrtp_2)
                                                         snapshot4[0] (net)
                      0.055107    0.000011    2.102512 ^ _0666_/A1 (sky130_fd_sc_hd__mux2_1)
     1    0.002072    0.037562    0.109123    2.211634 ^ _0666_/X (sky130_fd_sc_hd__mux2_1)
                                                         _0113_ (net)
                      0.037562    0.000000    2.211635 ^ _1156_/D (sky130_fd_sc_hd__dfrtp_2)
                                              2.211635   data arrival time

                                  0.000000    0.000000   clock clk (rise edge)
                                  0.000000    0.000000   clock source latency
   202    0.502531    2.236611    1.621598    1.621598 ^ clk (in)
                                                         clk (net)
                      2.236794    0.000000    1.621598 ^ _1156_/CLK (sky130_fd_sc_hd__dfrtp_2)
                                  0.250000    1.871598   clock uncertainty
                                  0.000000    1.871598   clock reconvergence pessimism
                                  0.074418    1.946017   library hold time
                                              1.946017   data required time
---------------------------------------------------------------------------------------------
                                              1.946017   data required time
                                             -2.211635   data arrival time
---------------------------------------------------------------------------------------------
                                              0.265619   slack (MET)


Startpoint: _1154_ (rising edge-triggered flip-flop clocked by clk)
Endpoint: _1162_ (rising edge-triggered flip-flop clocked by clk)
Path Group: clk
Path Type: min

Fanout         Cap        Slew       Delay        Time   Description
---------------------------------------------------------------------------------------------
                                  0.000000    0.000000   clock clk (rise edge)
                                  0.000000    0.000000   clock source latency
   202    0.502531    2.236611    1.454375    1.454375 ^ clk (in)
                                                         clk (net)
                      2.236618    0.000000    1.454375 ^ _1154_/CLK (sky130_fd_sc_hd__dfrtp_2)
     3    0.006093    0.054227    0.634516    2.088891 ^ _1154_/Q (sky130_fd_sc_hd__dfrtp_2)
                                                         snapshot4[6] (net)
                      0.054227    0.000006    2.088896 ^ _0672_/A1 (sky130_fd_sc_hd__mux2_1)
     1    0.002053    0.037420    0.108701    2.197597 ^ _0672_/X (sky130_fd_sc_hd__mux2_1)
                                                         _0119_ (net)
                      0.037420    0.000000    2.197598 ^ _1162_/D (sky130_fd_sc_hd__dfrtp_2)
                                              2.197598   data arrival time

                                  0.000000    0.000000   clock clk (rise edge)
                                  0.000000    0.000000   clock source latency
   202    0.502531    2.236611    1.607539    1.607539 ^ clk (in)
                                                         clk (net)
                      2.236618    0.000000    1.607539 ^ _1162_/CLK (sky130_fd_sc_hd__dfrtp_2)
                                  0.250000    1.857539   clock uncertainty
                                  0.000000    1.857539   clock reconvergence pessimism
                                  0.074440    1.931979   library hold time
                                              1.931979   data required time
---------------------------------------------------------------------------------------------
                                              1.931979   data required time
                                             -2.197598   data arrival time
---------------------------------------------------------------------------------------------
                                              0.265619   slack (MET)


Startpoint: _1227_ (rising edge-triggered flip-flop clocked by clk)
Endpoint: _1195_ (rising edge-triggered flip-flop clocked by clk)
Path Group: clk
Path Type: min

Fanout         Cap        Slew       Delay        Time   Description
---------------------------------------------------------------------------------------------
                                  0.000000    0.000000   clock clk (rise edge)
                                  0.000000    0.000000   clock source latency
   202    0.502531    2.236611    1.475572    1.475572 ^ clk (in)
                                                         clk (net)
                      2.237039    0.000000    1.475572 ^ _1227_/CLK (sky130_fd_sc_hd__dfrtp_2)
     3    0.006182    0.049376    0.658686    2.134258 v _1227_/Q (sky130_fd_sc_hd__dfrtp_2)
                                                         stage3[7] (net)
                      0.049376    0.000008    2.134266 v _0962_/A1 (sky130_fd_sc_hd__a22o_2)
     1    0.002392    0.036620    0.215452    2.349718 v _0962_/X (sky130_fd_sc_hd__a22o_2)
                                                         _0152_ (net)
                      0.036620    0.000004    2.349722 v _1195_/D (sky130_fd_sc_hd__dfrtp_2)
                                              2.349722   data arrival time

                                  0.000000    0.000000   clock clk (rise edge)
                                  0.000000    0.000000   clock source latency
   202    0.502531    2.236611    1.630898    1.630898 ^ clk (in)
                                                         clk (net)
                      2.237039    0.000000    1.630898 ^ _1195_/CLK (sky130_fd_sc_hd__dfrtp_2)
                                  0.250000    1.880898   clock uncertainty
                                  0.000000    1.880898   clock reconvergence pessimism
                                  0.201942    2.082841   library hold time
                                              2.082841   data required time
---------------------------------------------------------------------------------------------
                                              2.082841   data required time
                                             -2.349722   data arrival time
---------------------------------------------------------------------------------------------
                                              0.266881   slack (MET)


Startpoint: _1157_ (rising edge-triggered flip-flop clocked by clk)
Endpoint: _1165_ (rising edge-triggered flip-flop clocked by clk)
Path Group: clk
Path Type: min

Fanout         Cap        Slew       Delay        Time   Description
---------------------------------------------------------------------------------------------
                                  0.000000    0.000000   clock clk (rise edge)
                                  0.000000    0.000000   clock source latency
   202    0.502531    2.236611    1.470447    1.470447 ^ clk (in)
                                                         clk (net)
                      2.236877    0.000000    1.470447 ^ _1157_/CLK (sky130_fd_sc_hd__dfrtp_2)
     3    0.006766    0.057119    0.637285    2.107733 ^ _1157_/Q (sky130_fd_sc_hd__dfrtp_2)
                                                         snapshot5[1] (net)
                      0.057119    0.000002    2.107735 ^ _0675_/A1 (sky130_fd_sc_hd__mux2_1)
     1    0.002047    0.037372    0.109588    2.217323 ^ _0675_/X (sky130_fd_sc_hd__mux2_1)
                                                         _0122_ (net)
                      0.037372    0.000000    2.217323 ^ _1165_/D (sky130_fd_sc_hd__dfrtp_2)
                                              2.217323   data arrival time

                                  0.000000    0.000000   clock clk (rise edge)
                                  0.000000    0.000000   clock source latency
   202    0.502531    2.236611    1.625239    1.625239 ^ clk (in)
                                                         clk (net)
                      2.236877    0.000000    1.625239 ^ _1165_/CLK (sky130_fd_sc_hd__dfrtp_2)
                                  0.250000    1.875239   clock uncertainty
                                  0.000000    1.875239   clock reconvergence pessimism
                                  0.074456    1.949695   library hold time
                                              1.949695   data required time
---------------------------------------------------------------------------------------------
                                              1.949695   data required time
                                             -2.217323   data arrival time
---------------------------------------------------------------------------------------------
                                              0.267628   slack (MET)


Startpoint: _1168_ (rising edge-triggered flip-flop clocked by clk)
Endpoint: _1176_ (rising edge-triggered flip-flop clocked by clk)
Path Group: clk
Path Type: min

Fanout         Cap        Slew       Delay        Time   Description
---------------------------------------------------------------------------------------------
                                  0.000000    0.000000   clock clk (rise edge)
                                  0.000000    0.000000   clock source latency
   202    0.502531    2.236611    1.469243    1.469243 ^ clk (in)
                                                         clk (net)
                      2.236845    0.000000    1.469243 ^ _1168_/CLK (sky130_fd_sc_hd__dfrtp_2)
     3    0.006495    0.055954    0.636177    2.105420 ^ _1168_/Q (sky130_fd_sc_hd__dfrtp_2)
                                                         snapshot6[4] (net)
                      0.055954    0.000011    2.105431 ^ _0686_/A1 (sky130_fd_sc_hd__mux2_1)
     1    0.002197    0.038536    0.110341    2.215772 ^ _0686_/X (sky130_fd_sc_hd__mux2_1)
                                                         _0133_ (net)
                      0.038536    0.000002    2.215774 ^ _1176_/D (sky130_fd_sc_hd__dfrtp_2)
                                              2.215774   data arrival time

                                  0.000000    0.000000   clock clk (rise edge)
                                  0.000000    0.000000   clock source latency
   202    0.502531    2.236611    1.623905    1.623905 ^ clk (in)
                                                         clk (net)
                      2.236845    0.000000    1.623905 ^ _1176_/CLK (sky130_fd_sc_hd__dfrtp_2)
                                  0.250000    1.873905   clock uncertainty
                                  0.000000    1.873905   clock reconvergence pessimism
                                  0.074238    1.948143   library hold time
                                              1.948143   data required time
---------------------------------------------------------------------------------------------
                                              1.948143   data required time
                                             -2.215774   data arrival time
---------------------------------------------------------------------------------------------
                                              0.267631   slack (MET)


Startpoint: _1156_ (rising edge-triggered flip-flop clocked by clk)
Endpoint: _1164_ (rising edge-triggered flip-flop clocked by clk)
Path Group: clk
Path Type: min

Fanout         Cap        Slew       Delay        Time   Description
---------------------------------------------------------------------------------------------
                                  0.000000    0.000000   clock clk (rise edge)
                                  0.000000    0.000000   clock source latency
   202    0.502531    2.236611    1.467160    1.467160 ^ clk (in)
                                                         clk (net)
                      2.236794    0.000000    1.467160 ^ _1156_/CLK (sky130_fd_sc_hd__dfrtp_2)
     3    0.006590    0.056361    0.636558    2.103718 ^ _1156_/Q (sky130_fd_sc_hd__dfrtp_2)
                                                         snapshot5[0] (net)
                      0.056361    0.000009    2.103727 ^ _0674_/A1 (sky130_fd_sc_hd__mux2_1)
     1    0.002122    0.037957    0.109911    2.213637 ^ _0674_/X (sky130_fd_sc_hd__mux2_1)
                                                         _0121_ (net)
                      0.037957    0.000001    2.213638 ^ _1164_/D (sky130_fd_sc_hd__dfrtp_2)
                                              2.213638   data arrival time

                                  0.000000    0.000000   clock clk (rise edge)
                                  0.000000    0.000000   clock source latency
   202    0.502531    2.236611    1.621601    1.621601 ^ clk (in)
                                                         clk (net)
                      2.236794    0.000000    1.621601 ^ _1164_/CLK (sky130_fd_sc_hd__dfrtp_2)
                                  0.250000    1.871601   clock uncertainty
                                  0.000000    1.871601   clock reconvergence pessimism
                                  0.074345    1.945946   library hold time
                                              1.945946   data required time
---------------------------------------------------------------------------------------------
                                              1.945946   data required time
                                             -2.213638   data arrival time
---------------------------------------------------------------------------------------------
                                              0.267692   slack (MET)


Startpoint: _1169_ (rising edge-triggered flip-flop clocked by clk)
Endpoint: _1177_ (rising edge-triggered flip-flop clocked by clk)
Path Group: clk
Path Type: min

Fanout         Cap        Slew       Delay        Time   Description
---------------------------------------------------------------------------------------------
                                  0.000000    0.000000   clock clk (rise edge)
                                  0.000000    0.000000   clock source latency
   202    0.502531    2.236611    1.454989    1.454989 ^ clk (in)
                                                         clk (net)
                      2.236621    0.000000    1.454989 ^ _1169_/CLK (sky130_fd_sc_hd__dfrtp_2)
     3    0.006366    0.055397    0.635625    2.090614 ^ _1169_/Q (sky130_fd_sc_hd__dfrtp_2)
                                                         snapshot6[5] (net)
                      0.055397    0.000012    2.090626 ^ _0687_/A1 (sky130_fd_sc_hd__mux2_1)
     1    0.002118    0.037925    0.109569    2.200195 ^ _0687_/X (sky130_fd_sc_hd__mux2_1)
                                                         _0134_ (net)
                      0.037925    0.000001    2.200196 ^ _1177_/D (sky130_fd_sc_hd__dfrtp_2)
                                              2.200196   data arrival time

                                  0.000000    0.000000   clock clk (rise edge)
                                  0.000000    0.000000   clock source latency
   202    0.502531    2.236611    1.608151    1.608151 ^ clk (in)
                                                         clk (net)
                      2.236621    0.000000    1.608151 ^ _1177_/CLK (sky130_fd_sc_hd__dfrtp_2)
                                  0.250000    1.858151   clock uncertainty
                                  0.000000    1.858151   clock reconvergence pessimism
                                  0.074346    1.932497   library hold time
                                              1.932497   data required time
---------------------------------------------------------------------------------------------
                                              1.932497   data required time
                                             -2.200196   data arrival time
---------------------------------------------------------------------------------------------
                                              0.267699   slack (MET)


Startpoint: _1124_ (rising edge-triggered flip-flop clocked by clk)
Endpoint: _1132_ (rising edge-triggered flip-flop clocked by clk)
Path Group: clk
Path Type: min

Fanout         Cap        Slew       Delay        Time   Description
---------------------------------------------------------------------------------------------
                                  0.000000    0.000000   clock clk (rise edge)
                                  0.000000    0.000000   clock source latency
   202    0.502531    2.236611    1.467033    1.467033 ^ clk (in)
                                                         clk (net)
                      2.236791    0.000000    1.467033 ^ _1124_/CLK (sky130_fd_sc_hd__dfrtp_2)
     3    0.006449    0.055755    0.635983    2.103016 ^ _1124_/Q (sky130_fd_sc_hd__dfrtp_2)
                                                         snapshot1[0] (net)
                      0.055755    0.000016    2.103032 ^ _0642_/A1 (sky130_fd_sc_hd__mux2_1)
     1    0.002262    0.039044    0.110770    2.213803 ^ _0642_/X (sky130_fd_sc_hd__mux2_1)
                                                         _0089_ (net)
                      0.039044    0.000003    2.213805 ^ _1132_/D (sky130_fd_sc_hd__dfrtp_2)
                                              2.213805   data arrival time

                                  0.000000    0.000000   clock clk (rise edge)
                                  0.000000    0.000000   clock source latency
   202    0.502531    2.236611    1.621530    1.621530 ^ clk (in)
                                                         clk (net)
                      2.236792    0.000000    1.621530 ^ _1132_/CLK (sky130_fd_sc_hd__dfrtp_2)
                                  0.250000    1.871530   clock uncertainty
                                  0.000000    1.871530   clock reconvergence pessimism
                                  0.074141    1.945672   library hold time
                                              1.945672   data required time
---------------------------------------------------------------------------------------------
                                              1.945672   data required time
                                             -2.213805   data arrival time
---------------------------------------------------------------------------------------------
                                              0.268134   slack (MET)


Startpoint: _1145_ (rising edge-triggered flip-flop clocked by clk)
Endpoint: _1153_ (rising edge-triggered flip-flop clocked by clk)
Path Group: clk
Path Type: min

Fanout         Cap        Slew       Delay        Time   Description
---------------------------------------------------------------------------------------------
                                  0.000000    0.000000   clock clk (rise edge)
                                  0.000000    0.000000   clock source latency
   202    0.502531    2.236611    1.454813    1.454813 ^ clk (in)
                                                         clk (net)
                      2.236620    0.000000    1.454813 ^ _1145_/CLK (sky130_fd_sc_hd__dfrtp_2)
     3    0.006524    0.056079    0.636272    2.091086 ^ _1145_/Q (sky130_fd_sc_hd__dfrtp_2)
                                                         snapshot3[5] (net)
                      0.056079    0.000004    2.091089 ^ _0663_/A1 (sky130_fd_sc_hd__mux2_1)
     1    0.002092    0.037719    0.109588    2.200678 ^ _0663_/X (sky130_fd_sc_hd__mux2_1)
                                                         _0110_ (net)
                      0.037719    0.000000    2.200678 ^ _1153_/D (sky130_fd_sc_hd__dfrtp_2)
                                              2.200678   data arrival time

                                  0.000000    0.000000   clock clk (rise edge)
                                  0.000000    0.000000   clock source latency
   202    0.502531    2.236611    1.608014    1.608014 ^ clk (in)
                                                         clk (net)
                      2.236620    0.000000    1.608014 ^ _1153_/CLK (sky130_fd_sc_hd__dfrtp_2)
                                  0.250000    1.858014   clock uncertainty
                                  0.000000    1.858014   clock reconvergence pessimism
                                  0.074385    1.932399   library hold time
                                              1.932399   data required time
---------------------------------------------------------------------------------------------
                                              1.932399   data required time
                                             -2.200678   data arrival time
---------------------------------------------------------------------------------------------
                                              0.268280   slack (MET)


Startpoint: _1167_ (rising edge-triggered flip-flop clocked by clk)
Endpoint: _1175_ (rising edge-triggered flip-flop clocked by clk)
Path Group: clk
Path Type: min

Fanout         Cap        Slew       Delay        Time   Description
---------------------------------------------------------------------------------------------
                                  0.000000    0.000000   clock clk (rise edge)
                                  0.000000    0.000000   clock source latency
   202    0.502531    2.236611    1.455477    1.455477 ^ clk (in)
                                                         clk (net)
                      2.236624    0.000000    1.455477 ^ _1167_/CLK (sky130_fd_sc_hd__dfrtp_2)
     3    0.006495    0.053206    0.636145    2.091622 ^ _1167_/Q (sky130_fd_sc_hd__dfrtp_2)
                                                         snapshot6[3] (net)
                      0.053206    0.000026    2.091648 ^ _0685_/A1 (sky130_fd_sc_hd__mux2_1)
     1    0.002247    0.038924    0.109831    2.201478 ^ _0685_/X (sky130_fd_sc_hd__mux2_1)
                                                         _0132_ (net)
                      0.038924    0.000003    2.201481 ^ _1175_/D (sky130_fd_sc_hd__dfrtp_2)
                                              2.201481   data arrival time

                                  0.000000    0.000000   clock clk (rise edge)
                                  0.000000    0.000000   clock source latency
   202    0.502531    2.236611    1.608841    1.608841 ^ clk (in)
                                                         clk (net)
                      2.236625    0.000000    1.608841 ^ _1175_/CLK (sky130_fd_sc_hd__dfrtp_2)
                                  0.250000    1.858841   clock uncertainty
                                  0.000000    1.858841   clock reconvergence pessimism
                                  0.074160    1.933000   library hold time
                                              1.933000   data required time
---------------------------------------------------------------------------------------------
                                              1.933000   data required time
                                             -2.201481   data arrival time
---------------------------------------------------------------------------------------------
                                              0.268481   slack (MET)


Startpoint: _1144_ (rising edge-triggered flip-flop clocked by clk)
Endpoint: _1152_ (rising edge-triggered flip-flop clocked by clk)
Path Group: clk
Path Type: min

Fanout         Cap        Slew       Delay        Time   Description
---------------------------------------------------------------------------------------------
                                  0.000000    0.000000   clock clk (rise edge)
                                  0.000000    0.000000   clock source latency
   202    0.502531    2.236611    1.468857    1.468857 ^ clk (in)
                                                         clk (net)
                      2.236835    0.000000    1.468857 ^ _1144_/CLK (sky130_fd_sc_hd__dfrtp_2)
     3    0.006969    0.057992    0.638109    2.106966 ^ _1144_/Q (sky130_fd_sc_hd__dfrtp_2)
                                                         snapshot3[4] (net)
                      0.057992    0.000002    2.106969 ^ _0662_/A1 (sky130_fd_sc_hd__mux2_1)
     1    0.002070    0.037546    0.110038    2.217006 ^ _0662_/X (sky130_fd_sc_hd__mux2_1)
                                                         _0109_ (net)
                      0.037546    0.000000    2.217007 ^ _1152_/D (sky130_fd_sc_hd__dfrtp_2)
                                              2.217007   data arrival time

                                  0.000000    0.000000   clock clk (rise edge)
                                  0.000000    0.000000   clock source latency
   202    0.502531    2.236611    1.624049    1.624049 ^ clk (in)
                                                         clk (net)
                      2.236848    0.000000    1.624049 ^ _1152_/CLK (sky130_fd_sc_hd__dfrtp_2)
                                  0.250000    1.874049   clock uncertainty
                                  0.000000    1.874049   clock reconvergence pessimism
                                  0.074423    1.948472   library hold time
                                              1.948472   data required time
---------------------------------------------------------------------------------------------
                                              1.948472   data required time
                                             -2.217007   data arrival time
---------------------------------------------------------------------------------------------
                                              0.268535   slack (MET)


Startpoint: _1171_ (rising edge-triggered flip-flop clocked by clk)
Endpoint: _1179_ (rising edge-triggered flip-flop clocked by clk)
Path Group: clk
Path Type: min

Fanout         Cap        Slew       Delay        Time   Description
---------------------------------------------------------------------------------------------
                                  0.000000    0.000000   clock clk (rise edge)
                                  0.000000    0.000000   clock source latency
   202    0.502531    2.236611    1.464124    1.464124 ^ clk (in)
                                                         clk (net)
                      2.236730    0.000000    1.464124 ^ _1171_/CLK (sky130_fd_sc_hd__dfrtp_2)
     3    0.006729    0.056957    0.637117    2.101241 ^ _1171_/Q (sky130_fd_sc_hd__dfrtp_2)
                                                         snapshot6[7] (net)
                      0.056957    0.000002    2.101243 ^ _0689_/A1 (sky130_fd_sc_hd__mux2_1)
     1    0.002099    0.037778    0.109929    2.211172 ^ _0689_/X (sky130_fd_sc_hd__mux2_1)
                                                         _0136_ (net)
                      0.037778    0.000000    2.211173 ^ _1179_/D (sky130_fd_sc_hd__dfrtp_2)
                                              2.211173   data arrival time

                                  0.000000    0.000000   clock clk (rise edge)
                                  0.000000    0.000000   clock source latency
   202    0.502531    2.236611    1.618245    1.618245 ^ clk (in)
                                                         clk (net)
                      2.236730    0.000000    1.618245 ^ _1179_/CLK (sky130_fd_sc_hd__dfrtp_2)
                                  0.250000    1.868245   clock uncertainty
                                  0.000000    1.868245   clock reconvergence pessimism
                                  0.074376    1.942621   library hold time
                                              1.942621   data required time
---------------------------------------------------------------------------------------------
                                              1.942621   data required time
                                             -2.211173   data arrival time
---------------------------------------------------------------------------------------------
                                              0.268552   slack (MET)


Startpoint: _1140_ (rising edge-triggered flip-flop clocked by clk)
Endpoint: _1148_ (rising edge-triggered flip-flop clocked by clk)
Path Group: clk
Path Type: min

Fanout         Cap        Slew       Delay        Time   Description
---------------------------------------------------------------------------------------------
                                  0.000000    0.000000   clock clk (rise edge)
                                  0.000000    0.000000   clock source latency
   202    0.502531    2.236611    1.467122    1.467122 ^ clk (in)
                                                         clk (net)
                      2.236793    0.000000    1.467122 ^ _1140_/CLK (sky130_fd_sc_hd__dfrtp_2)
     3    0.006688    0.056785    0.636959    2.104081 ^ _1140_/Q (sky130_fd_sc_hd__dfrtp_2)
                                                         snapshot3[0] (net)
                      0.056785    0.000003    2.104084 ^ _0658_/A1 (sky130_fd_sc_hd__mux2_1)
     1    0.002177    0.038384    0.110461    2.214545 ^ _0658_/X (sky130_fd_sc_hd__mux2_1)
                                                         _0105_ (net)
                      0.038384    0.000002    2.214547 ^ _1148_/D (sky130_fd_sc_hd__dfrtp_2)
                                              2.214547   data arrival time

                                  0.000000    0.000000   clock clk (rise edge)
                                  0.000000    0.000000   clock source latency
   202    0.502531    2.236611    1.621568    1.621568 ^ clk (in)
                                                         clk (net)
                      2.236793    0.000000    1.621568 ^ _1148_/CLK (sky130_fd_sc_hd__dfrtp_2)
                                  0.250000    1.871568   clock uncertainty
                                  0.000000    1.871568   clock reconvergence pessimism
                                  0.074265    1.945832   library hold time
                                              1.945832   data required time
---------------------------------------------------------------------------------------------
                                              1.945832   data required time
                                             -2.214547   data arrival time
---------------------------------------------------------------------------------------------
                                              0.268715   slack (MET)


Startpoint: _1130_ (rising edge-triggered flip-flop clocked by clk)
Endpoint: _1138_ (rising edge-triggered flip-flop clocked by clk)
Path Group: clk
Path Type: min

Fanout         Cap        Slew       Delay        Time   Description
---------------------------------------------------------------------------------------------
                                  0.000000    0.000000   clock clk (rise edge)
                                  0.000000    0.000000   clock source latency
   202    0.502531    2.236611    1.454495    1.454495 ^ clk (in)
                                                         clk (net)
                      2.236619    0.000000    1.454495 ^ _1130_/CLK (sky130_fd_sc_hd__dfrtp_2)
     3    0.006291    0.055078    0.635323    2.089818 ^ _1130_/Q (sky130_fd_sc_hd__dfrtp_2)
                                                         snapshot1[6] (net)
                      0.055078    0.000008    2.089825 ^ _0648_/A1 (sky130_fd_sc_hd__mux2_1)
     1    0.002279    0.039179    0.110683    2.200508 ^ _0648_/X (sky130_fd_sc_hd__mux2_1)
                                                         _0095_ (net)
                      0.039179    0.000003    2.200511 ^ _1138_/D (sky130_fd_sc_hd__dfrtp_2)
                                              2.200511   data arrival time

                                  0.000000    0.000000   clock clk (rise edge)
                                  0.000000    0.000000   clock source latency
   202    0.502531    2.236611    1.607519    1.607519 ^ clk (in)
                                                         clk (net)
                      2.236618    0.000000    1.607519 ^ _1138_/CLK (sky130_fd_sc_hd__dfrtp_2)
                                  0.250000    1.857519   clock uncertainty
                                  0.000000    1.857519   clock reconvergence pessimism
                                  0.074112    1.931630   library hold time
                                              1.931630   data required time
---------------------------------------------------------------------------------------------
                                              1.931630   data required time
                                             -2.200511   data arrival time
---------------------------------------------------------------------------------------------
                                              0.268880   slack (MET)


Startpoint: _1142_ (rising edge-triggered flip-flop clocked by clk)
Endpoint: _1150_ (rising edge-triggered flip-flop clocked by clk)
Path Group: clk
Path Type: min

Fanout         Cap        Slew       Delay        Time   Description
---------------------------------------------------------------------------------------------
                                  0.000000    0.000000   clock clk (rise edge)
                                  0.000000    0.000000   clock source latency
   202    0.502531    2.236611    1.464592    1.464592 ^ clk (in)
                                                         clk (net)
                      2.236739    0.000000    1.464592 ^ _1142_/CLK (sky130_fd_sc_hd__dfrtp_2)
     3    0.006765    0.057113    0.637266    2.101858 ^ _1142_/Q (sky130_fd_sc_hd__dfrtp_2)
                                                         snapshot3[2] (net)
                      0.057113    0.000004    2.101862 ^ _0660_/A1 (sky130_fd_sc_hd__mux2_1)
     1    0.002130    0.038017    0.110211    2.212073 ^ _0660_/X (sky130_fd_sc_hd__mux2_1)
                                                         _0107_ (net)
                      0.038017    0.000001    2.212074 ^ _1150_/D (sky130_fd_sc_hd__dfrtp_2)
                                              2.212074   data arrival time

                                  0.000000    0.000000   clock clk (rise edge)
                                  0.000000    0.000000   clock source latency
   202    0.502531    2.236611    1.618765    1.618765 ^ clk (in)
                                                         clk (net)
                      2.236739    0.000000    1.618765 ^ _1150_/CLK (sky130_fd_sc_hd__dfrtp_2)
                                  0.250000    1.868765   clock uncertainty
                                  0.000000    1.868765   clock reconvergence pessimism
                                  0.074332    1.943097   library hold time
                                              1.943097   data required time
---------------------------------------------------------------------------------------------
                                              1.943097   data required time
                                             -2.212074   data arrival time
---------------------------------------------------------------------------------------------
                                              0.268977   slack (MET)


Startpoint: _1170_ (rising edge-triggered flip-flop clocked by clk)
Endpoint: _1178_ (rising edge-triggered flip-flop clocked by clk)
Path Group: clk
Path Type: min

Fanout         Cap        Slew       Delay        Time   Description
---------------------------------------------------------------------------------------------
                                  0.000000    0.000000   clock clk (rise edge)
                                  0.000000    0.000000   clock source latency
   202    0.502531    2.236611    1.454482    1.454482 ^ clk (in)
                                                         clk (net)
                      2.236619    0.000000    1.454482 ^ _1170_/CLK (sky130_fd_sc_hd__dfrtp_2)
     3    0.006599    0.056401    0.636578    2.091060 ^ _1170_/Q (sky130_fd_sc_hd__dfrtp_2)
                                                         snapshot6[6] (net)
                      0.056401    0.000004    2.091065 ^ _0688_/A1 (sky130_fd_sc_hd__mux2_1)
     1    0.002116    0.037907    0.109875    2.200940 ^ _0688_/X (sky130_fd_sc_hd__mux2_1)
                                                         _0135_ (net)
                      0.037907    0.000000    2.200941 ^ _1178_/D (sky130_fd_sc_hd__dfrtp_2)
                                              2.200941   data arrival time

                                  0.000000    0.000000   clock clk (rise edge)
                                  0.000000    0.000000   clock source latency
   202    0.502531    2.236611    1.607615    1.607615 ^ clk (in)
                                                         clk (net)
                      2.236619    0.000000    1.607615 ^ _1178_/CLK (sky130_fd_sc_hd__dfrtp_2)
                                  0.250000    1.857615   clock uncertainty
                                  0.000000    1.857615   clock reconvergence pessimism
                                  0.074349    1.931964   library hold time
                                              1.931964   data required time
---------------------------------------------------------------------------------------------
                                              1.931964   data required time
                                             -2.200941   data arrival time
---------------------------------------------------------------------------------------------
                                              0.268977   slack (MET)


Startpoint: _1160_ (rising edge-triggered flip-flop clocked by clk)
Endpoint: _1168_ (rising edge-triggered flip-flop clocked by clk)
Path Group: clk
Path Type: min

Fanout         Cap        Slew       Delay        Time   Description
---------------------------------------------------------------------------------------------
                                  0.000000    0.000000   clock clk (rise edge)
                                  0.000000    0.000000   clock source latency
   202    0.502531    2.236611    1.469670    1.469670 ^ clk (in)
                                                         clk (net)
                      2.236856    0.000000    1.469670 ^ _1160_/CLK (sky130_fd_sc_hd__dfrtp_2)
     3    0.006607    0.053651    0.636627    2.106296 ^ _1160_/Q (sky130_fd_sc_hd__dfrtp_2)
                                                         snapshot5[4] (net)
                      0.053651    0.000027    2.106323 ^ _0678_/A1 (sky130_fd_sc_hd__mux2_1)
     1    0.002333    0.039598    0.110629    2.216953 ^ _0678_/X (sky130_fd_sc_hd__mux2_1)
                                                         _0125_ (net)
                      0.039598    0.000004    2.216956 ^ _1168_/D (sky130_fd_sc_hd__dfrtp_2)
                                              2.216956   data arrival time

                                  0.000000    0.000000   clock clk (rise edge)
                                  0.000000    0.000000   clock source latency
   202    0.502531    2.236611    1.623900    1.623900 ^ clk (in)
                                                         clk (net)
                      2.236845    0.000000    1.623900 ^ _1168_/CLK (sky130_fd_sc_hd__dfrtp_2)
                                  0.250000    1.873900   clock uncertainty
                                  0.000000    1.873900   clock reconvergence pessimism
                                  0.074039    1.947940   library hold time
                                              1.947940   data required time
---------------------------------------------------------------------------------------------
                                              1.947940   data required time
                                             -2.216956   data arrival time
---------------------------------------------------------------------------------------------
                                              0.269016   slack (MET)


Startpoint: _1152_ (rising edge-triggered flip-flop clocked by clk)
Endpoint: _1160_ (rising edge-triggered flip-flop clocked by clk)
Path Group: clk
Path Type: min

Fanout         Cap        Slew       Delay        Time   Description
---------------------------------------------------------------------------------------------
                                  0.000000    0.000000   clock clk (rise edge)
                                  0.000000    0.000000   clock source latency
   202    0.502531    2.236611    1.469378    1.469378 ^ clk (in)
                                                         clk (net)
                      2.236848    0.000000    1.469378 ^ _1152_/CLK (sky130_fd_sc_hd__dfrtp_2)
     3    0.007040    0.058297    0.638399    2.107777 ^ _1152_/Q (sky130_fd_sc_hd__dfrtp_2)
                                                         snapshot4[4] (net)
                      0.058297    0.000014    2.107791 ^ _0670_/A1 (sky130_fd_sc_hd__mux2_1)
     1    0.002109    0.037850    0.110431    2.218222 ^ _0670_/X (sky130_fd_sc_hd__mux2_1)
                                                         _0117_ (net)
                      0.037850    0.000001    2.218223 ^ _1160_/D (sky130_fd_sc_hd__dfrtp_2)
                                              2.218223   data arrival time

                                  0.000000    0.000000   clock clk (rise edge)
                                  0.000000    0.000000   clock source latency
   202    0.502531    2.236611    1.624371    1.624371 ^ clk (in)
                                                         clk (net)
                      2.236856    0.000000    1.624371 ^ _1160_/CLK (sky130_fd_sc_hd__dfrtp_2)
                                  0.250000    1.874371   clock uncertainty
                                  0.000000    1.874371   clock reconvergence pessimism
                                  0.074366    1.948738   library hold time
                                              1.948738   data required time
---------------------------------------------------------------------------------------------
                                              1.948738   data required time
                                             -2.218223   data arrival time
---------------------------------------------------------------------------------------------
                                              0.269486   slack (MET)


Startpoint: _1161_ (rising edge-triggered flip-flop clocked by clk)
Endpoint: _1169_ (rising edge-triggered flip-flop clocked by clk)
Path Group: clk
Path Type: min

Fanout         Cap        Slew       Delay        Time   Description
---------------------------------------------------------------------------------------------
                                  0.000000    0.000000   clock clk (rise edge)
                                  0.000000    0.000000   clock source latency
   202    0.502531    2.236611    1.454993    1.454993 ^ clk (in)
                                                         clk (net)
                      2.236621    0.000000    1.454993 ^ _1161_/CLK (sky130_fd_sc_hd__dfrtp_2)
     3    0.006706    0.056858    0.637012    2.092004 ^ _1161_/Q (sky130_fd_sc_hd__dfrtp_2)
                                                         snapshot5[5] (net)
                      0.056858    0.000009    2.092013 ^ _0679_/A1 (sky130_fd_sc_hd__mux2_1)
     1    0.002126    0.037983    0.110096    2.202109 ^ _0679_/X (sky130_fd_sc_hd__mux2_1)
                                                         _0126_ (net)
                      0.037983    0.000001    2.202110 ^ _1169_/D (sky130_fd_sc_hd__dfrtp_2)
                                              2.202110   data arrival time

                                  0.000000    0.000000   clock clk (rise edge)
                                  0.000000    0.000000   clock source latency
   202    0.502531    2.236611    1.608146    1.608146 ^ clk (in)
                                                         clk (net)
                      2.236621    0.000000    1.608146 ^ _1169_/CLK (sky130_fd_sc_hd__dfrtp_2)
                                  0.250000    1.858146   clock uncertainty
                                  0.000000    1.858146   clock reconvergence pessimism
                                  0.074335    1.932481   library hold time
                                              1.932481   data required time
---------------------------------------------------------------------------------------------
                                              1.932481   data required time
                                             -2.202110   data arrival time
---------------------------------------------------------------------------------------------
                                              0.269629   slack (MET)


Startpoint: _1126_ (rising edge-triggered flip-flop clocked by clk)
Endpoint: _1134_ (rising edge-triggered flip-flop clocked by clk)
Path Group: clk
Path Type: min

Fanout         Cap        Slew       Delay        Time   Description
---------------------------------------------------------------------------------------------
                                  0.000000    0.000000   clock clk (rise edge)
                                  0.000000    0.000000   clock source latency
   202    0.502531    2.236611    1.464566    1.464566 ^ clk (in)
                                                         clk (net)
                      2.236739    0.000000    1.464566 ^ _1126_/CLK (sky130_fd_sc_hd__dfrtp_2)
     3    0.006893    0.057664    0.637788    2.102354 ^ _1126_/Q (sky130_fd_sc_hd__dfrtp_2)
                                                         snapshot1[2] (net)
                      0.057664    0.000005    2.102359 ^ _0644_/A1 (sky130_fd_sc_hd__mux2_1)
     1    0.002141    0.038101    0.110471    2.212830 ^ _0644_/X (sky130_fd_sc_hd__mux2_1)
                                                         _0091_ (net)
                      0.038101    0.000001    2.212831 ^ _1134_/D (sky130_fd_sc_hd__dfrtp_2)
                                              2.212831   data arrival time

                                  0.000000    0.000000   clock clk (rise edge)
                                  0.000000    0.000000   clock source latency
   202    0.502531    2.236611    1.618753    1.618753 ^ clk (in)
                                                         clk (net)
                      2.236739    0.000000    1.618753 ^ _1134_/CLK (sky130_fd_sc_hd__dfrtp_2)
                                  0.250000    1.868753   clock uncertainty
                                  0.000000    1.868753   clock reconvergence pessimism
                                  0.074316    1.943070   library hold time
                                              1.943070   data required time
---------------------------------------------------------------------------------------------
                                              1.943070   data required time
                                             -2.212831   data arrival time
---------------------------------------------------------------------------------------------
                                              0.269761   slack (MET)


Startpoint: _1131_ (rising edge-triggered flip-flop clocked by clk)
Endpoint: _1139_ (rising edge-triggered flip-flop clocked by clk)
Path Group: clk
Path Type: min

Fanout         Cap        Slew       Delay        Time   Description
---------------------------------------------------------------------------------------------
                                  0.000000    0.000000   clock clk (rise edge)
                                  0.000000    0.000000   clock source latency
   202    0.502531    2.236611    1.464491    1.464491 ^ clk (in)
                                                         clk (net)
                      2.236737    0.000000    1.464491 ^ _1131_/CLK (sky130_fd_sc_hd__dfrtp_2)
     3    0.006891    0.057655    0.637780    2.102271 ^ _1131_/Q (sky130_fd_sc_hd__dfrtp_2)
                                                         snapshot1[7] (net)
                      0.057655    0.000017    2.102288 ^ _0649_/A1 (sky130_fd_sc_hd__mux2_1)
     1    0.002223    0.038739    0.111088    2.213376 ^ _0649_/X (sky130_fd_sc_hd__mux2_1)
                                                         _0096_ (net)
                      0.038739    0.000002    2.213377 ^ _1139_/D (sky130_fd_sc_hd__dfrtp_2)
                                              2.213377   data arrival time

                                  0.000000    0.000000   clock clk (rise edge)
                                  0.000000    0.000000   clock source latency
   202    0.502531    2.236611    1.618652    1.618652 ^ clk (in)
                                                         clk (net)
                      2.236737    0.000000    1.618652 ^ _1139_/CLK (sky130_fd_sc_hd__dfrtp_2)
                                  0.250000    1.868652   clock uncertainty
                                  0.000000    1.868652   clock reconvergence pessimism
                                  0.074197    1.942849   library hold time
                                              1.942849   data required time
---------------------------------------------------------------------------------------------
                                              1.942849   data required time
                                             -2.213377   data arrival time
---------------------------------------------------------------------------------------------
                                              0.270528   slack (MET)


Startpoint: _1146_ (rising edge-triggered flip-flop clocked by clk)
Endpoint: _1154_ (rising edge-triggered flip-flop clocked by clk)
Path Group: clk
Path Type: min

Fanout         Cap        Slew       Delay        Time   Description
---------------------------------------------------------------------------------------------
                                  0.000000    0.000000   clock clk (rise edge)
                                  0.000000    0.000000   clock source latency
   202    0.502531    2.236611    1.454356    1.454356 ^ clk (in)
                                                         clk (net)
                      2.236618    0.000000    1.454356 ^ _1146_/CLK (sky130_fd_sc_hd__dfrtp_2)
     3    0.006841    0.057439    0.637563    2.091919 ^ _1146_/Q (sky130_fd_sc_hd__dfrtp_2)
                                                         snapshot3[6] (net)
                      0.057439    0.000003    2.091922 ^ _0664_/A1 (sky130_fd_sc_hd__mux2_1)
     1    0.002167    0.038307    0.110598    2.202520 ^ _0664_/X (sky130_fd_sc_hd__mux2_1)
                                                         _0111_ (net)
                      0.038307    0.000002    2.202522 ^ _1154_/D (sky130_fd_sc_hd__dfrtp_2)
                                              2.202522   data arrival time

                                  0.000000    0.000000   clock clk (rise edge)
                                  0.000000    0.000000   clock source latency
   202    0.502531    2.236611    1.607467    1.607467 ^ clk (in)
                                                         clk (net)
                      2.236618    0.000000    1.607467 ^ _1154_/CLK (sky130_fd_sc_hd__dfrtp_2)
                                  0.250000    1.857467   clock uncertainty
                                  0.000000    1.857467   clock reconvergence pessimism
                                  0.074275    1.931741   library hold time
                                              1.931741   data required time
---------------------------------------------------------------------------------------------
                                              1.931741   data required time
                                             -2.202522   data arrival time
---------------------------------------------------------------------------------------------
                                              0.270780   slack (MET)


Startpoint: _1136_ (rising edge-triggered flip-flop clocked by clk)
Endpoint: _1144_ (rising edge-triggered flip-flop clocked by clk)
Path Group: clk
Path Type: min

Fanout         Cap        Slew       Delay        Time   Description
---------------------------------------------------------------------------------------------
                                  0.000000    0.000000   clock clk (rise edge)
                                  0.000000    0.000000   clock source latency
   202    0.502531    2.236611    1.468325    1.468325 ^ clk (in)
                                                         clk (net)
                      2.236821    0.000000    1.468325 ^ _1136_/CLK (sky130_fd_sc_hd__dfrtp_2)
     3    0.007298    0.059402    0.639445    2.107770 ^ _1136_/Q (sky130_fd_sc_hd__dfrtp_2)
                                                         snapshot2[4] (net)
                      0.059402    0.000002    2.107772 ^ _0654_/A1 (sky130_fd_sc_hd__mux2_1)
     1    0.002120    0.037941    0.110877    2.218649 ^ _0654_/X (sky130_fd_sc_hd__mux2_1)
                                                         _0101_ (net)
                      0.037941    0.000002    2.218651 ^ _1144_/D (sky130_fd_sc_hd__dfrtp_2)
                                              2.218651   data arrival time

                                  0.000000    0.000000   clock clk (rise edge)
                                  0.000000    0.000000   clock source latency
   202    0.502531    2.236611    1.623474    1.623474 ^ clk (in)
                                                         clk (net)
                      2.236835    0.000000    1.623474 ^ _1144_/CLK (sky130_fd_sc_hd__dfrtp_2)
                                  0.250000    1.873473   clock uncertainty
                                  0.000000    1.873473   clock reconvergence pessimism
                                  0.074349    1.947822   library hold time
                                              1.947822   data required time
---------------------------------------------------------------------------------------------
                                              1.947822   data required time
                                             -2.218651   data arrival time
---------------------------------------------------------------------------------------------
                                              0.270829   slack (MET)


Startpoint: _1129_ (rising edge-triggered flip-flop clocked by clk)
Endpoint: _1137_ (rising edge-triggered flip-flop clocked by clk)
Path Group: clk
Path Type: min

Fanout         Cap        Slew       Delay        Time   Description
---------------------------------------------------------------------------------------------
                                  0.000000    0.000000   clock clk (rise edge)
                                  0.000000    0.000000   clock source latency
   202    0.502531    2.236611    1.454850    1.454850 ^ clk (in)
                                                         clk (net)
                      2.236620    0.000000    1.454850 ^ _1129_/CLK (sky130_fd_sc_hd__dfrtp_2)
     3    0.006838    0.057425    0.637550    2.092399 ^ _1129_/Q (sky130_fd_sc_hd__dfrtp_2)
                                                         snapshot1[5] (net)
                      0.057425    0.000006    2.092405 ^ _0647_/A1 (sky130_fd_sc_hd__mux2_1)
     1    0.002183    0.038427    0.110710    2.203115 ^ _0647_/X (sky130_fd_sc_hd__mux2_1)
                                                         _0094_ (net)
                      0.038427    0.000002    2.203117 ^ _1137_/D (sky130_fd_sc_hd__dfrtp_2)
                                              2.203117   data arrival time

                                  0.000000    0.000000   clock clk (rise edge)
                                  0.000000    0.000000   clock source latency
   202    0.502531    2.236611    1.607988    1.607988 ^ clk (in)
                                                         clk (net)
                      2.236620    0.000000    1.607988 ^ _1137_/CLK (sky130_fd_sc_hd__dfrtp_2)
                                  0.250000    1.857988   clock uncertainty
                                  0.000000    1.857988   clock reconvergence pessimism
                                  0.074252    1.932241   library hold time
                                              1.932241   data required time
---------------------------------------------------------------------------------------------
                                              1.932241   data required time
                                             -2.203117   data arrival time
---------------------------------------------------------------------------------------------
                                              0.270876   slack (MET)


Startpoint: _1135_ (rising edge-triggered flip-flop clocked by clk)
Endpoint: _1143_ (rising edge-triggered flip-flop clocked by clk)
Path Group: clk
Path Type: min

Fanout         Cap        Slew       Delay        Time   Description
---------------------------------------------------------------------------------------------
                                  0.000000    0.000000   clock clk (rise edge)
                                  0.000000    0.000000   clock source latency
   202    0.502531    2.236611    1.453617    1.453617 ^ clk (in)
                                                         clk (net)
                      2.236615    0.000000    1.453617 ^ _1135_/CLK (sky130_fd_sc_hd__dfrtp_2)
     3    0.006543    0.056158    0.636347    2.089964 ^ _1135_/Q (sky130_fd_sc_hd__dfrtp_2)
                                                         snapshot2[3] (net)
                      0.056158    0.000014    2.089978 ^ _0653_/A1 (sky130_fd_sc_hd__mux2_1)
     1    0.002348    0.039713    0.111549    2.201527 ^ _0653_/X (sky130_fd_sc_hd__mux2_1)
                                                         _0100_ (net)
                      0.039713    0.000004    2.201531 ^ _1143_/D (sky130_fd_sc_hd__dfrtp_2)
                                              2.201531   data arrival time

                                  0.000000    0.000000   clock clk (rise edge)
                                  0.000000    0.000000   clock source latency
   202    0.502531    2.236611    1.606206    1.606206 ^ clk (in)
                                                         clk (net)
                      2.236614    0.000000    1.606206 ^ _1143_/CLK (sky130_fd_sc_hd__dfrtp_2)
                                  0.250000    1.856206   clock uncertainty
                                  0.000000    1.856206   clock reconvergence pessimism
                                  0.074012    1.930218   library hold time
                                              1.930218   data required time
---------------------------------------------------------------------------------------------
                                              1.930218   data required time
                                             -2.201531   data arrival time
---------------------------------------------------------------------------------------------
                                              0.271313   slack (MET)


Startpoint: _1141_ (rising edge-triggered flip-flop clocked by clk)
Endpoint: _1149_ (rising edge-triggered flip-flop clocked by clk)
Path Group: clk
Path Type: min

Fanout         Cap        Slew       Delay        Time   Description
---------------------------------------------------------------------------------------------
                                  0.000000    0.000000   clock clk (rise edge)
                                  0.000000    0.000000   clock source latency
   202    0.502531    2.236611    1.470936    1.470936 ^ clk (in)
                                                         clk (net)
                      2.236891    0.000000    1.470936 ^ _1141_/CLK (sky130_fd_sc_hd__dfrtp_2)
     3    0.007186    0.055978    0.638988    2.109924 ^ _1141_/Q (sky130_fd_sc_hd__dfrtp_2)
                                                         snapshot3[1] (net)
                      0.055978    0.000021    2.109945 ^ _0659_/A1 (sky130_fd_sc_hd__mux2_1)
     1    0.002283    0.039205    0.110998    2.220944 ^ _0659_/X (sky130_fd_sc_hd__mux2_1)
                                                         _0106_ (net)
                      0.039205    0.000002    2.220946 ^ _1149_/D (sky130_fd_sc_hd__dfrtp_2)
                                              2.220946   data arrival time

                                  0.000000    0.000000   clock clk (rise edge)
                                  0.000000    0.000000   clock source latency
   202    0.502531    2.236611    1.625168    1.625168 ^ clk (in)
                                                         clk (net)
                      2.236875    0.000000    1.625168 ^ _1149_/CLK (sky130_fd_sc_hd__dfrtp_2)
                                  0.250000    1.875168   clock uncertainty
                                  0.000000    1.875168   clock reconvergence pessimism
                                  0.074114    1.949282   library hold time
                                              1.949282   data required time
---------------------------------------------------------------------------------------------
                                              1.949282   data required time
                                             -2.220946   data arrival time
---------------------------------------------------------------------------------------------
                                              0.271664   slack (MET)


Startpoint: _1139_ (rising edge-triggered flip-flop clocked by clk)
Endpoint: _1147_ (rising edge-triggered flip-flop clocked by clk)
Path Group: clk
Path Type: min

Fanout         Cap        Slew       Delay        Time   Description
---------------------------------------------------------------------------------------------
                                  0.000000    0.000000   clock clk (rise edge)
                                  0.000000    0.000000   clock source latency
   202    0.502531    2.236611    1.464495    1.464495 ^ clk (in)
                                                         clk (net)
                      2.236737    0.000000    1.464495 ^ _1139_/CLK (sky130_fd_sc_hd__dfrtp_2)
     3    0.006975    0.058015    0.638121    2.102616 ^ _1139_/Q (sky130_fd_sc_hd__dfrtp_2)
                                                         snapshot2[7] (net)
                      0.058015    0.000016    2.102632 ^ _0657_/A1 (sky130_fd_sc_hd__mux2_1)
     1    0.002303    0.039362    0.111808    2.214440 ^ _0657_/X (sky130_fd_sc_hd__mux2_1)
                                                         _0104_ (net)
                      0.039362    0.000003    2.214443 ^ _1147_/D (sky130_fd_sc_hd__dfrtp_2)
                                              2.214443   data arrival time

                                  0.000000    0.000000   clock clk (rise edge)
                                  0.000000    0.000000   clock source latency
   202    0.502531    2.236611    1.618191    1.618191 ^ clk (in)
                                                         clk (net)
                      2.236730    0.000000    1.618191 ^ _1147_/CLK (sky130_fd_sc_hd__dfrtp_2)
                                  0.250000    1.868191   clock uncertainty
                                  0.000000    1.868191   clock reconvergence pessimism
                                  0.074080    1.942272   library hold time
                                              1.942272   data required time
---------------------------------------------------------------------------------------------
                                              1.942272   data required time
                                             -2.214443   data arrival time
---------------------------------------------------------------------------------------------
                                              0.272172   slack (MET)


Startpoint: _1155_ (rising edge-triggered flip-flop clocked by clk)
Endpoint: _1163_ (rising edge-triggered flip-flop clocked by clk)
Path Group: clk
Path Type: min

Fanout         Cap        Slew       Delay        Time   Description
---------------------------------------------------------------------------------------------
                                  0.000000    0.000000   clock clk (rise edge)
                                  0.000000    0.000000   clock source latency
   202    0.502531    2.236611    1.464090    1.464090 ^ clk (in)
                                                         clk (net)
                      2.236730    0.000000    1.464090 ^ _1155_/CLK (sky130_fd_sc_hd__dfrtp_2)
     3    0.007355    0.059650    0.639671    2.103761 ^ _1155_/Q (sky130_fd_sc_hd__dfrtp_2)
                                                         snapshot4[7] (net)
                      0.059650    0.000005    2.103766 ^ _0673_/A1 (sky130_fd_sc_hd__mux2_1)
     1    0.002124    0.037969    0.110984    2.214750 ^ _0673_/X (sky130_fd_sc_hd__mux2_1)
                                                         _0120_ (net)
                      0.037969    0.000002    2.214751 ^ _1163_/D (sky130_fd_sc_hd__dfrtp_2)
                                              2.214751   data arrival time

                                  0.000000    0.000000   clock clk (rise edge)
                                  0.000000    0.000000   clock source latency
   202    0.502531    2.236611    1.618237    1.618237 ^ clk (in)
                                                         clk (net)
                      2.236730    0.000000    1.618237 ^ _1163_/CLK (sky130_fd_sc_hd__dfrtp_2)
                                  0.250000    1.868237   clock uncertainty
                                  0.000000    1.868237   clock reconvergence pessimism
                                  0.074341    1.942578   library hold time
                                              1.942578   data required time
---------------------------------------------------------------------------------------------
                                              1.942578   data required time
                                             -2.214751   data arrival time
---------------------------------------------------------------------------------------------
                                              0.272173   slack (MET)


Startpoint: _1150_ (rising edge-triggered flip-flop clocked by clk)
Endpoint: _1158_ (rising edge-triggered flip-flop clocked by clk)
Path Group: clk
Path Type: min

Fanout         Cap        Slew       Delay        Time   Description
---------------------------------------------------------------------------------------------
                                  0.000000    0.000000   clock clk (rise edge)
                                  0.000000    0.000000   clock source latency
   202    0.502531    2.236611    1.464597    1.464597 ^ clk (in)
                                                         clk (net)
                      2.236739    0.000000    1.464597 ^ _1150_/CLK (sky130_fd_sc_hd__dfrtp_2)
     3    0.007396    0.059826    0.639839    2.104437 ^ _1150_/Q (sky130_fd_sc_hd__dfrtp_2)
                                                         snapshot4[2] (net)
                      0.059826    0.000006    2.104443 ^ _0668_/A1 (sky130_fd_sc_hd__mux2_1)
     1    0.002130    0.038018    0.111087    2.215530 ^ _0668_/X (sky130_fd_sc_hd__mux2_1)
                                                         _0115_ (net)
                      0.038018    0.000001    2.215532 ^ _1158_/D (sky130_fd_sc_hd__dfrtp_2)
                                              2.215532   data arrival time

                                  0.000000    0.000000   clock clk (rise edge)
                                  0.000000    0.000000   clock source latency
   202    0.502531    2.236611    1.618808    1.618808 ^ clk (in)
                                                         clk (net)
                      2.236740    0.000000    1.618808 ^ _1158_/CLK (sky130_fd_sc_hd__dfrtp_2)
                                  0.250000    1.868808   clock uncertainty
                                  0.000000    1.868808   clock reconvergence pessimism
                                  0.074332    1.943140   library hold time
                                              1.943140   data required time
---------------------------------------------------------------------------------------------
                                              1.943140   data required time
                                             -2.215532   data arrival time
---------------------------------------------------------------------------------------------
                                              0.272392   slack (MET)


Startpoint: _1143_ (rising edge-triggered flip-flop clocked by clk)
Endpoint: _1151_ (rising edge-triggered flip-flop clocked by clk)
Path Group: clk
Path Type: min

Fanout         Cap        Slew       Delay        Time   Description
---------------------------------------------------------------------------------------------
                                  0.000000    0.000000   clock clk (rise edge)
                                  0.000000    0.000000   clock source latency
   202    0.502531    2.236611    1.453234    1.453234 ^ clk (in)
                                                         clk (net)
                      2.236614    0.000000    1.453234 ^ _1143_/CLK (sky130_fd_sc_hd__dfrtp_2)
     3    0.007088    0.058502    0.638570    2.091804 ^ _1143_/Q (sky130_fd_sc_hd__dfrtp_2)
                                                         snapshot3[3] (net)
                      0.058502    0.000003    2.091808 ^ _0661_/A1 (sky130_fd_sc_hd__mux2_1)
     1    0.002255    0.038993    0.111607    2.203415 ^ _0661_/X (sky130_fd_sc_hd__mux2_1)
                                                         _0108_ (net)
                      0.038993    0.000003    2.203418 ^ _1151_/D (sky130_fd_sc_hd__dfrtp_2)
                                              2.203418   data arrival time

                                  0.000000    0.000000   clock clk (rise edge)
                                  0.000000    0.000000   clock source latency
   202    0.502531    2.236611    1.606559    1.606559 ^ clk (in)
                                                         clk (net)
                      2.236615    0.000000    1.606559 ^ _1151_/CLK (sky130_fd_sc_hd__dfrtp_2)
                                  0.250000    1.856559   clock uncertainty
                                  0.000000    1.856559   clock reconvergence pessimism
                                  0.074146    1.930705   library hold time
                                              1.930705   data required time
---------------------------------------------------------------------------------------------
                                              1.930705   data required time
                                             -2.203418   data arrival time
---------------------------------------------------------------------------------------------
                                              0.272712   slack (MET)


Startpoint: _1137_ (rising edge-triggered flip-flop clocked by clk)
Endpoint: _1145_ (rising edge-triggered flip-flop clocked by clk)
Path Group: clk
Path Type: min

Fanout         Cap        Slew       Delay        Time   Description
---------------------------------------------------------------------------------------------
                                  0.000000    0.000000   clock clk (rise edge)
                                  0.000000    0.000000   clock source latency
   202    0.502531    2.236611    1.454847    1.454847 ^ clk (in)
                                                         clk (net)
                      2.236620    0.000000    1.454847 ^ _1137_/CLK (sky130_fd_sc_hd__dfrtp_2)
     3    0.006964    0.057968    0.638064    2.092911 ^ _1137_/Q (sky130_fd_sc_hd__dfrtp_2)
                                                         snapshot2[5] (net)
                      0.057968    0.000009    2.092920 ^ _0655_/A1 (sky130_fd_sc_hd__mux2_1)
     1    0.002314    0.039448    0.111876    2.204796 ^ _0655_/X (sky130_fd_sc_hd__mux2_1)
                                                         _0102_ (net)
                      0.039448    0.000003    2.204798 ^ _1145_/D (sky130_fd_sc_hd__dfrtp_2)
                                              2.204798   data arrival time

                                  0.000000    0.000000   clock clk (rise edge)
                                  0.000000    0.000000   clock source latency
   202    0.502531    2.236611    1.607952    1.607952 ^ clk (in)
                                                         clk (net)
                      2.236620    0.000000    1.607952 ^ _1145_/CLK (sky130_fd_sc_hd__dfrtp_2)
                                  0.250000    1.857952   clock uncertainty
                                  0.000000    1.857952   clock reconvergence pessimism
                                  0.074062    1.932013   library hold time
                                              1.932013   data required time
---------------------------------------------------------------------------------------------
                                              1.932013   data required time
                                             -2.204798   data arrival time
---------------------------------------------------------------------------------------------
                                              0.272785   slack (MET)


Startpoint: _1050_ (rising edge-triggered flip-flop clocked by clk)
Endpoint: _1122_ (rising edge-triggered flip-flop clocked by clk)
Path Group: clk
Path Type: min

Fanout         Cap        Slew       Delay        Time   Description
---------------------------------------------------------------------------------------------
                                  0.000000    0.000000   clock clk (rise edge)
                                  0.000000    0.000000   clock source latency
   202    0.502531    2.236611    1.455048    1.455048 ^ clk (in)
                                                         clk (net)
                      2.236621    0.000000    1.455048 ^ _1050_/CLK (sky130_fd_sc_hd__dfrtp_2)
     2    0.007318    0.056501    0.639491    2.094539 ^ _1050_/Q (sky130_fd_sc_hd__dfrtp_2)
                                                         window0[6] (net)
                      0.056501    0.000059    2.094599 ^ _0632_/A1 (sky130_fd_sc_hd__mux2_1)
     1    0.002276    0.039154    0.111117    2.205716 ^ _0632_/X (sky130_fd_sc_hd__mux2_1)
                                                         _0079_ (net)
                      0.039154    0.000003    2.205718 ^ _1122_/D (sky130_fd_sc_hd__dfrtp_2)
                                              2.205718   data arrival time

                                  0.000000    0.000000   clock clk (rise edge)
                                  0.000000    0.000000   clock source latency
   202    0.502531    2.236611    1.607869    1.607869 ^ clk (in)
                                                         clk (net)
                      2.236620    0.000000    1.607869 ^ _1122_/CLK (sky130_fd_sc_hd__dfrtp_2)
                                  0.250000    1.857869   clock uncertainty
                                  0.000000    1.857869   clock reconvergence pessimism
                                  0.074116    1.931986   library hold time
                                              1.931986   data required time
---------------------------------------------------------------------------------------------
                                              1.931986   data required time
                                             -2.205718   data arrival time
---------------------------------------------------------------------------------------------
                                              0.273733   slack (MET)


Startpoint: _1120_ (rising edge-triggered flip-flop clocked by clk)
Endpoint: _1128_ (rising edge-triggered flip-flop clocked by clk)
Path Group: clk
Path Type: min

Fanout         Cap        Slew       Delay        Time   Description
---------------------------------------------------------------------------------------------
                                  0.000000    0.000000   clock clk (rise edge)
                                  0.000000    0.000000   clock source latency
   202    0.502531    2.236611    1.467806    1.467806 ^ clk (in)
                                                         clk (net)
                      2.236809    0.000000    1.467806 ^ _1120_/CLK (sky130_fd_sc_hd__dfrtp_2)
     3    0.007855    0.059652    0.641710    2.109517 ^ _1120_/Q (sky130_fd_sc_hd__dfrtp_2)
                                                         snapshot0[4] (net)
                      0.059652    0.000005    2.109522 ^ _0638_/A1 (sky130_fd_sc_hd__mux2_1)
     1    0.002176    0.038370    0.111374    2.220896 ^ _0638_/X (sky130_fd_sc_hd__mux2_1)
                                                         _0085_ (net)
                      0.038370    0.000002    2.220897 ^ _1128_/D (sky130_fd_sc_hd__dfrtp_2)
                                              2.220897   data arrival time

                                  0.000000    0.000000   clock clk (rise edge)
                                  0.000000    0.000000   clock source latency
   202    0.502531    2.236611    1.622777    1.622777 ^ clk (in)
                                                         clk (net)
                      2.236819    0.000000    1.622777 ^ _1128_/CLK (sky130_fd_sc_hd__dfrtp_2)
                                  0.250000    1.872777   clock uncertainty
                                  0.000000    1.872777   clock reconvergence pessimism
                                  0.074268    1.947045   library hold time
                                              1.947045   data required time
---------------------------------------------------------------------------------------------
                                              1.947045   data required time
                                             -2.220897   data arrival time
---------------------------------------------------------------------------------------------
                                              0.273852   slack (MET)


Startpoint: _1123_ (rising edge-triggered flip-flop clocked by clk)
Endpoint: _1131_ (rising edge-triggered flip-flop clocked by clk)
Path Group: clk
Path Type: min

Fanout         Cap        Slew       Delay        Time   Description
---------------------------------------------------------------------------------------------
                                  0.000000    0.000000   clock clk (rise edge)
                                  0.000000    0.000000   clock source latency
   202    0.502531    2.236611    1.464472    1.464472 ^ clk (in)
                                                         clk (net)
                      2.236737    0.000000    1.464472 ^ _1123_/CLK (sky130_fd_sc_hd__dfrtp_2)
     3    0.007640    0.060873    0.640832    2.105304 ^ _1123_/Q (sky130_fd_sc_hd__dfrtp_2)
                                                         snapshot0[7] (net)
                      0.060873    0.000010    2.105314 ^ _0641_/A1 (sky130_fd_sc_hd__mux2_1)
     1    0.002162    0.038264    0.111665    2.216979 ^ _0641_/X (sky130_fd_sc_hd__mux2_1)
                                                         _0088_ (net)
                      0.038264    0.000001    2.216980 ^ _1131_/D (sky130_fd_sc_hd__dfrtp_2)
                                              2.216980   data arrival time

                                  0.000000    0.000000   clock clk (rise edge)
                                  0.000000    0.000000   clock source latency
   202    0.502531    2.236611    1.618648    1.618648 ^ clk (in)
                                                         clk (net)
                      2.236737    0.000000    1.618648 ^ _1131_/CLK (sky130_fd_sc_hd__dfrtp_2)
                                  0.250000    1.868648   clock uncertainty
                                  0.000000    1.868648   clock reconvergence pessimism
                                  0.074286    1.942933   library hold time
                                              1.942933   data required time
---------------------------------------------------------------------------------------------
                                              1.942933   data required time
                                             -2.216980   data arrival time
---------------------------------------------------------------------------------------------
                                              0.274046   slack (MET)


Startpoint: _1153_ (rising edge-triggered flip-flop clocked by clk)
Endpoint: _1161_ (rising edge-triggered flip-flop clocked by clk)
Path Group: clk
Path Type: min

Fanout         Cap        Slew       Delay        Time   Description
---------------------------------------------------------------------------------------------
                                  0.000000    0.000000   clock clk (rise edge)
                                  0.000000    0.000000   clock source latency
   202    0.502531    2.236611    1.454870    1.454870 ^ clk (in)
                                                         clk (net)
                      2.236620    0.000000    1.454870 ^ _1153_/CLK (sky130_fd_sc_hd__dfrtp_2)
     3    0.007873    0.059732    0.641763    2.096632 ^ _1153_/Q (sky130_fd_sc_hd__dfrtp_2)
                                                         snapshot4[5] (net)
                      0.059732    0.000023    2.096656 ^ _0671_/A1 (sky130_fd_sc_hd__mux2_1)
     1    0.002049    0.037386    0.110444    2.207099 ^ _0671_/X (sky130_fd_sc_hd__mux2_1)
                                                         _0118_ (net)
                      0.037386    0.000000    2.207100 ^ _1161_/D (sky130_fd_sc_hd__dfrtp_2)
                                              2.207100   data arrival time

                                  0.000000    0.000000   clock clk (rise edge)
                                  0.000000    0.000000   clock source latency
   202    0.502531    2.236611    1.608150    1.608150 ^ clk (in)
                                                         clk (net)
                      2.236621    0.000000    1.608150 ^ _1161_/CLK (sky130_fd_sc_hd__dfrtp_2)
                                  0.250000    1.858150   clock uncertainty
                                  0.000000    1.858150   clock reconvergence pessimism
                                  0.074447    1.932597   library hold time
                                              1.932597   data required time
---------------------------------------------------------------------------------------------
                                              1.932597   data required time
                                             -2.207100   data arrival time
---------------------------------------------------------------------------------------------
                                              0.274503   slack (MET)


Startpoint: _1149_ (rising edge-triggered flip-flop clocked by clk)
Endpoint: _1157_ (rising edge-triggered flip-flop clocked by clk)
Path Group: clk
Path Type: min

Fanout         Cap        Slew       Delay        Time   Description
---------------------------------------------------------------------------------------------
                                  0.000000    0.000000   clock clk (rise edge)
                                  0.000000    0.000000   clock source latency
   202    0.502531    2.236611    1.470390    1.470390 ^ clk (in)
                                                         clk (net)
                      2.236875    0.000000    1.470390 ^ _1149_/CLK (sky130_fd_sc_hd__dfrtp_2)
     3    0.008124    0.060817    0.642797    2.113187 ^ _1149_/Q (sky130_fd_sc_hd__dfrtp_2)
                                                         snapshot4[1] (net)
                      0.060817    0.000056    2.113243 ^ _0667_/A1 (sky130_fd_sc_hd__mux2_1)
     1    0.002092    0.037723    0.111121    2.224364 ^ _0667_/X (sky130_fd_sc_hd__mux2_1)
                                                         _0114_ (net)
                      0.037723    0.000000    2.224365 ^ _1157_/D (sky130_fd_sc_hd__dfrtp_2)
                                              2.224365   data arrival time

                                  0.000000    0.000000   clock clk (rise edge)
                                  0.000000    0.000000   clock source latency
   202    0.502531    2.236611    1.625231    1.625231 ^ clk (in)
                                                         clk (net)
                      2.236877    0.000000    1.625231 ^ _1157_/CLK (sky130_fd_sc_hd__dfrtp_2)
                                  0.250000    1.875231   clock uncertainty
                                  0.000000    1.875231   clock reconvergence pessimism
                                  0.074391    1.949622   library hold time
                                              1.949622   data required time
---------------------------------------------------------------------------------------------
                                              1.949622   data required time
                                             -2.224365   data arrival time
---------------------------------------------------------------------------------------------
                                              0.274743   slack (MET)


Startpoint: _1132_ (rising edge-triggered flip-flop clocked by clk)
Endpoint: _1140_ (rising edge-triggered flip-flop clocked by clk)
Path Group: clk
Path Type: min

Fanout         Cap        Slew       Delay        Time   Description
---------------------------------------------------------------------------------------------
                                  0.000000    0.000000   clock clk (rise edge)
                                  0.000000    0.000000   clock source latency
   202    0.502531    2.236611    1.467099    1.467099 ^ clk (in)
                                                         clk (net)
                      2.236792    0.000000    1.467099 ^ _1132_/CLK (sky130_fd_sc_hd__dfrtp_2)
     3    0.007897    0.061976    0.641884    2.108983 ^ _1132_/Q (sky130_fd_sc_hd__dfrtp_2)
                                                         snapshot2[0] (net)
                      0.061976    0.000010    2.108993 ^ _0650_/A1 (sky130_fd_sc_hd__mux2_1)
     1    0.002252    0.038970    0.112706    2.221699 ^ _0650_/X (sky130_fd_sc_hd__mux2_1)
                                                         _0097_ (net)
                      0.038970    0.000002    2.221701 ^ _1140_/D (sky130_fd_sc_hd__dfrtp_2)
                                              2.221701   data arrival time

                                  0.000000    0.000000   clock clk (rise edge)
                                  0.000000    0.000000   clock source latency
   202    0.502531    2.236611    1.621556    1.621556 ^ clk (in)
                                                         clk (net)
                      2.236793    0.000000    1.621556 ^ _1140_/CLK (sky130_fd_sc_hd__dfrtp_2)
                                  0.250000    1.871556   clock uncertainty
                                  0.000000    1.871556   clock reconvergence pessimism
                                  0.074155    1.945711   library hold time
                                              1.945711   data required time
---------------------------------------------------------------------------------------------
                                              1.945711   data required time
                                             -2.221701   data arrival time
---------------------------------------------------------------------------------------------
                                              0.275989   slack (MET)


Startpoint: _1222_ (rising edge-triggered flip-flop clocked by clk)
Endpoint: _1190_ (rising edge-triggered flip-flop clocked by clk)
Path Group: clk
Path Type: min

Fanout         Cap        Slew       Delay        Time   Description
---------------------------------------------------------------------------------------------
                                  0.000000    0.000000   clock clk (rise edge)
                                  0.000000    0.000000   clock source latency
   202    0.502531    2.236611    1.475288    1.475288 ^ clk (in)
                                                         clk (net)
                      2.237029    0.000000    1.475288 ^ _1222_/CLK (sky130_fd_sc_hd__dfrtp_2)
     3    0.008816    0.053540    0.668002    2.143290 v _1222_/Q (sky130_fd_sc_hd__dfrtp_2)
                                                         stage3[2] (net)
                      0.053540    0.000054    2.143344 v _0957_/A1 (sky130_fd_sc_hd__a22o_2)
     1    0.002162    0.035859    0.215875    2.359219 v _0957_/X (sky130_fd_sc_hd__a22o_2)
                                                         _0147_ (net)
                      0.035859    0.000002    2.359221 v _1190_/D (sky130_fd_sc_hd__dfrtp_2)
                                              2.359221   data arrival time

                                  0.000000    0.000000   clock clk (rise edge)
                                  0.000000    0.000000   clock source latency
   202    0.502531    2.236611    1.630407    1.630407 ^ clk (in)
                                                         clk (net)
                      2.237023    0.000000    1.630407 ^ _1190_/CLK (sky130_fd_sc_hd__dfrtp_2)
                                  0.250000    1.880407   clock uncertainty
                                  0.000000    1.880407   clock reconvergence pessimism
                                  0.202236    2.082643   library hold time
                                              2.082643   data required time
---------------------------------------------------------------------------------------------
                                              2.082643   data required time
                                             -2.359221   data arrival time
---------------------------------------------------------------------------------------------
                                              0.276578   slack (MET)


Startpoint: _1116_ (rising edge-triggered flip-flop clocked by clk)
Endpoint: _1124_ (rising edge-triggered flip-flop clocked by clk)
Path Group: clk
Path Type: min

Fanout         Cap        Slew       Delay        Time   Description
---------------------------------------------------------------------------------------------
                                  0.000000    0.000000   clock clk (rise edge)
                                  0.000000    0.000000   clock source latency
   202    0.502531    2.236611    1.466971    1.466971 ^ clk (in)
                                                         clk (net)
                      2.236789    0.000000    1.466971 ^ _1116_/CLK (sky130_fd_sc_hd__dfrtp_2)
     3    0.008412    0.062063    0.643968    2.110939 ^ _1116_/Q (sky130_fd_sc_hd__dfrtp_2)
                                                         snapshot0[0] (net)
                      0.062063    0.000033    2.110972 ^ _0634_/A1 (sky130_fd_sc_hd__mux2_1)
     1    0.002183    0.038428    0.112207    2.223179 ^ _0634_/X (sky130_fd_sc_hd__mux2_1)
                                                         _0081_ (net)
                      0.038428    0.000002    2.223181 ^ _1124_/D (sky130_fd_sc_hd__dfrtp_2)
                                              2.223181   data arrival time

                                  0.000000    0.000000   clock clk (rise edge)
                                  0.000000    0.000000   clock source latency
   202    0.502531    2.236611    1.621458    1.621458 ^ clk (in)
                                                         clk (net)
                      2.236791    0.000000    1.621458 ^ _1124_/CLK (sky130_fd_sc_hd__dfrtp_2)
                                  0.250000    1.871458   clock uncertainty
                                  0.000000    1.871458   clock reconvergence pessimism
                                  0.074257    1.945714   library hold time
                                              1.945714   data required time
---------------------------------------------------------------------------------------------
                                              1.945714   data required time
                                             -2.223181   data arrival time
---------------------------------------------------------------------------------------------
                                              0.277467   slack (MET)


Startpoint: _1226_ (rising edge-triggered flip-flop clocked by clk)
Endpoint: _1194_ (rising edge-triggered flip-flop clocked by clk)
Path Group: clk
Path Type: min

Fanout         Cap        Slew       Delay        Time   Description
---------------------------------------------------------------------------------------------
                                  0.000000    0.000000   clock clk (rise edge)
                                  0.000000    0.000000   clock source latency
   202    0.502531    2.236611    1.475764    1.475764 ^ clk (in)
                                                         clk (net)
                      2.237046    0.000000    1.475764 ^ _1226_/CLK (sky130_fd_sc_hd__dfrtp_2)
     3    0.008939    0.053879    0.668437    2.144200 v _1226_/Q (sky130_fd_sc_hd__dfrtp_2)
                                                         stage3[6] (net)
                      0.053879    0.000050    2.144250 v _0961_/A1 (sky130_fd_sc_hd__a22o_2)
     1    0.002294    0.036308    0.216654    2.360904 v _0961_/X (sky130_fd_sc_hd__a22o_2)
                                                         _0151_ (net)
                      0.036308    0.000004    2.360908 v _1194_/D (sky130_fd_sc_hd__dfrtp_2)
                                              2.360908   data arrival time

                                  0.000000    0.000000   clock clk (rise edge)
                                  0.000000    0.000000   clock source latency
   202    0.502531    2.236611    1.631033    1.631033 ^ clk (in)
                                                         clk (net)
                      2.237043    0.000000    1.631033 ^ _1194_/CLK (sky130_fd_sc_hd__dfrtp_2)
                                  0.250000    1.881033   clock uncertainty
                                  0.000000    1.881033   clock reconvergence pessimism
                                  0.202063    2.083096   library hold time
                                              2.083096   data required time
---------------------------------------------------------------------------------------------
                                              2.083096   data required time
                                             -2.360908   data arrival time
---------------------------------------------------------------------------------------------
                                              0.277812   slack (MET)


Startpoint: _1221_ (rising edge-triggered flip-flop clocked by clk)
Endpoint: _1229_ (rising edge-triggered flip-flop clocked by clk)
Path Group: clk
Path Type: min

Fanout         Cap        Slew       Delay        Time   Description
---------------------------------------------------------------------------------------------
                                  0.000000    0.000000   clock clk (rise edge)
                                  0.000000    0.000000   clock source latency
   202    0.502531    2.236611    1.473540    1.473540 ^ clk (in)
                                                         clk (net)
                      2.236970    0.000000    1.473540 ^ _1221_/CLK (sky130_fd_sc_hd__dfrtp_2)
     3    0.009330    0.066085    0.647730    2.121271 ^ _1221_/Q (sky130_fd_sc_hd__dfrtp_2)
                                                         stage3[1] (net)
                      0.066085    0.000004    2.121275 ^ _1030_/A0 (sky130_fd_sc_hd__mux2_1)
     1    0.002066    0.037032    0.110016    2.231291 ^ _1030_/X (sky130_fd_sc_hd__mux2_1)
                                                         _0186_ (net)
                      0.037032    0.000000    2.231292 ^ _1229_/D (sky130_fd_sc_hd__dfrtp_2)
                                              2.231292   data arrival time

                                  0.000000    0.000000   clock clk (rise edge)
                                  0.000000    0.000000   clock source latency
   202    0.502531    2.236611    1.628667    1.628667 ^ clk (in)
                                                         clk (net)
                      2.236970    0.000000    1.628667 ^ _1229_/CLK (sky130_fd_sc_hd__dfrtp_2)
                                  0.250000    1.878667   clock uncertainty
                                  0.000000    1.878667   clock reconvergence pessimism
                                  0.074522    1.953189   library hold time
                                              1.953189   data required time
---------------------------------------------------------------------------------------------
                                              1.953189   data required time
                                             -2.231292   data arrival time
---------------------------------------------------------------------------------------------
                                              0.278102   slack (MET)


Startpoint: _1222_ (rising edge-triggered flip-flop clocked by clk)
Endpoint: _1230_ (rising edge-triggered flip-flop clocked by clk)
Path Group: clk
Path Type: min

Fanout         Cap        Slew       Delay        Time   Description
---------------------------------------------------------------------------------------------
                                  0.000000    0.000000   clock clk (rise edge)
                                  0.000000    0.000000   clock source latency
   202    0.502531    2.236611    1.475288    1.475288 ^ clk (in)
                                                         clk (net)
                      2.237029    0.000000    1.475288 ^ _1222_/CLK (sky130_fd_sc_hd__dfrtp_2)
     3    0.009267    0.065807    0.647479    2.122767 ^ _1222_/Q (sky130_fd_sc_hd__dfrtp_2)
                                                         stage3[2] (net)
                      0.065807    0.000000    2.122768 ^ _1031_/A0 (sky130_fd_sc_hd__mux2_1)
     1    0.002136    0.037586    0.110458    2.233227 ^ _1031_/X (sky130_fd_sc_hd__mux2_1)
                                                         _0187_ (net)
                      0.037586    0.000001    2.233228 ^ _1230_/D (sky130_fd_sc_hd__dfrtp_2)
                                              2.233228   data arrival time

                                  0.000000    0.000000   clock clk (rise edge)
                                  0.000000    0.000000   clock source latency
   202    0.502531    2.236611    1.630592    1.630592 ^ clk (in)
                                                         clk (net)
                      2.237029    0.000000    1.630592 ^ _1230_/CLK (sky130_fd_sc_hd__dfrtp_2)
                                  0.250000    1.880592   clock uncertainty
                                  0.000000    1.880592   clock reconvergence pessimism
                                  0.074420    1.955011   library hold time
                                              1.955011   data required time
---------------------------------------------------------------------------------------------
                                              1.955011   data required time
                                             -2.233228   data arrival time
---------------------------------------------------------------------------------------------
                                              0.278216   slack (MET)


Startpoint: _1221_ (rising edge-triggered flip-flop clocked by clk)
Endpoint: _1189_ (rising edge-triggered flip-flop clocked by clk)
Path Group: clk
Path Type: min

Fanout         Cap        Slew       Delay        Time   Description
---------------------------------------------------------------------------------------------
                                  0.000000    0.000000   clock clk (rise edge)
                                  0.000000    0.000000   clock source latency
   202    0.502531    2.236611    1.473540    1.473540 ^ clk (in)
                                                         clk (net)
                      2.236970    0.000000    1.473540 ^ _1221_/CLK (sky130_fd_sc_hd__dfrtp_2)
     3    0.008879    0.053714    0.668220    2.141760 v _1221_/Q (sky130_fd_sc_hd__dfrtp_2)
                                                         stage3[1] (net)
                      0.053714    0.000050    2.141811 v _0956_/A1 (sky130_fd_sc_hd__a22o_2)
     1    0.002373    0.036574    0.216984    2.358794 v _0956_/X (sky130_fd_sc_hd__a22o_2)
                                                         _0146_ (net)
                      0.036574    0.000004    2.358798 v _1189_/D (sky130_fd_sc_hd__dfrtp_2)
                                              2.358798   data arrival time

                                  0.000000    0.000000   clock clk (rise edge)
                                  0.000000    0.000000   clock source latency
   202    0.502531    2.236611    1.628403    1.628403 ^ clk (in)
                                                         clk (net)
                      2.236963    0.000000    1.628403 ^ _1189_/CLK (sky130_fd_sc_hd__dfrtp_2)
                                  0.250000    1.878403   clock uncertainty
                                  0.000000    1.878403   clock reconvergence pessimism
                                  0.201954    2.080357   library hold time
                                              2.080357   data required time
---------------------------------------------------------------------------------------------
                                              2.080357   data required time
                                             -2.358798   data arrival time
---------------------------------------------------------------------------------------------
                                              0.278441   slack (MET)


Startpoint: _1226_ (rising edge-triggered flip-flop clocked by clk)
Endpoint: _1234_ (rising edge-triggered flip-flop clocked by clk)
Path Group: clk
Path Type: min

Fanout         Cap        Slew       Delay        Time   Description
---------------------------------------------------------------------------------------------
                                  0.000000    0.000000   clock clk (rise edge)
                                  0.000000    0.000000   clock source latency
   202    0.502531    2.236611    1.475764    1.475764 ^ clk (in)
                                                         clk (net)
                      2.237046    0.000000    1.475764 ^ _1226_/CLK (sky130_fd_sc_hd__dfrtp_2)
     3    0.009390    0.066347    0.647979    2.123743 ^ _1226_/Q (sky130_fd_sc_hd__dfrtp_2)
                                                         stage3[6] (net)
                      0.066347    0.000008    2.123751 ^ _1035_/A0 (sky130_fd_sc_hd__mux2_1)
     1    0.002108    0.037363    0.110420    2.234170 ^ _1035_/X (sky130_fd_sc_hd__mux2_1)
                                                         _0191_ (net)
                      0.037363    0.000001    2.234171 ^ _1234_/D (sky130_fd_sc_hd__dfrtp_2)
                                              2.234171   data arrival time

                                  0.000000    0.000000   clock clk (rise edge)
                                  0.000000    0.000000   clock source latency
   202    0.502531    2.236611    1.631151    1.631151 ^ clk (in)
                                                         clk (net)
                      2.237047    0.000000    1.631151 ^ _1234_/CLK (sky130_fd_sc_hd__dfrtp_2)
                                  0.250000    1.881151   clock uncertainty
                                  0.000000    1.881151   clock reconvergence pessimism
                                  0.074462    1.955613   library hold time
                                              1.955613   data required time
---------------------------------------------------------------------------------------------
                                              1.955613   data required time
                                             -2.234171   data arrival time
---------------------------------------------------------------------------------------------
                                              0.278558   slack (MET)


Startpoint: _1250_ (rising edge-triggered flip-flop clocked by clk)
Endpoint: _1120_ (rising edge-triggered flip-flop clocked by clk)
Path Group: clk
Path Type: min

Fanout         Cap        Slew       Delay        Time   Description
---------------------------------------------------------------------------------------------
                                  0.000000    0.000000   clock clk (rise edge)
                                  0.000000    0.000000   clock source latency
   202    0.502531    2.236611    1.461806    1.461806 ^ clk (in)
                                                         clk (net)
                      2.236691    0.000000    1.461806 ^ _1250_/CLK (sky130_fd_sc_hd__dfrtp_2)
     2    0.009970    0.068938    0.650289    2.112095 ^ _1250_/Q (sky130_fd_sc_hd__dfrtp_2)
                                                         window0[4] (net)
                      0.068938    0.000118    2.112213 ^ _0630_/A1 (sky130_fd_sc_hd__mux2_1)
     1    0.002053    0.037413    0.113440    2.225653 ^ _0630_/X (sky130_fd_sc_hd__mux2_1)
                                                         _0077_ (net)
                      0.037413    0.000000    2.225654 ^ _1120_/D (sky130_fd_sc_hd__dfrtp_2)
                                              2.225654   data arrival time

                                  0.000000    0.000000   clock clk (rise edge)
                                  0.000000    0.000000   clock source latency
   202    0.502531    2.236611    1.622312    1.622312 ^ clk (in)
                                                         clk (net)
                      2.236809    0.000000    1.622312 ^ _1120_/CLK (sky130_fd_sc_hd__dfrtp_2)
                                  0.250000    1.872312   clock uncertainty
                                  0.000000    1.872312   clock reconvergence pessimism
                                  0.074447    1.946759   library hold time
                                              1.946759   data required time
---------------------------------------------------------------------------------------------
                                              1.946759   data required time
                                             -2.225654   data arrival time
---------------------------------------------------------------------------------------------
                                              0.278895   slack (MET)


Startpoint: _1225_ (rising edge-triggered flip-flop clocked by clk)
Endpoint: _1193_ (rising edge-triggered flip-flop clocked by clk)
Path Group: clk
Path Type: min

Fanout         Cap        Slew       Delay        Time   Description
---------------------------------------------------------------------------------------------
                                  0.000000    0.000000   clock clk (rise edge)
                                  0.000000    0.000000   clock source latency
   202    0.502531    2.236611    1.475776    1.475776 ^ clk (in)
                                                         clk (net)
                      2.237046    0.000000    1.475776 ^ _1225_/CLK (sky130_fd_sc_hd__dfrtp_2)
     3    0.009090    0.054296    0.668974    2.144750 v _1225_/Q (sky130_fd_sc_hd__dfrtp_2)
                                                         stage3[5] (net)
                      0.054296    0.000054    2.144804 v _0960_/A1 (sky130_fd_sc_hd__a22o_2)
     1    0.002373    0.036575    0.217195    2.361999 v _0960_/X (sky130_fd_sc_hd__a22o_2)
                                                         _0150_ (net)
                      0.036575    0.000004    2.362003 v _1193_/D (sky130_fd_sc_hd__dfrtp_2)
                                              2.362003   data arrival time

                                  0.000000    0.000000   clock clk (rise edge)
                                  0.000000    0.000000   clock source latency
   202    0.502531    2.236611    1.630857    1.630857 ^ clk (in)
                                                         clk (net)
                      2.237037    0.000000    1.630857 ^ _1193_/CLK (sky130_fd_sc_hd__dfrtp_2)
                                  0.250000    1.880857   clock uncertainty
                                  0.000000    1.880857   clock reconvergence pessimism
                                  0.201959    2.082816   library hold time
                                              2.082816   data required time
---------------------------------------------------------------------------------------------
                                              2.082816   data required time
                                             -2.362003   data arrival time
---------------------------------------------------------------------------------------------
                                              0.279186   slack (MET)


Startpoint: _1223_ (rising edge-triggered flip-flop clocked by clk)
Endpoint: _1191_ (rising edge-triggered flip-flop clocked by clk)
Path Group: clk
Path Type: min

Fanout         Cap        Slew       Delay        Time   Description
---------------------------------------------------------------------------------------------
                                  0.000000    0.000000   clock clk (rise edge)
                                  0.000000    0.000000   clock source latency
   202    0.502531    2.236611    1.475290    1.475290 ^ clk (in)
                                                         clk (net)
                      2.237029    0.000000    1.475290 ^ _1223_/CLK (sky130_fd_sc_hd__dfrtp_2)
     3    0.009114    0.054361    0.669053    2.144343 v _1223_/Q (sky130_fd_sc_hd__dfrtp_2)
                                                         stage3[3] (net)
                      0.054361    0.000059    2.144402 v _0958_/A1 (sky130_fd_sc_hd__a22o_2)
     1    0.002350    0.036500    0.217108    2.361510 v _0958_/X (sky130_fd_sc_hd__a22o_2)
                                                         _0148_ (net)
                      0.036500    0.000003    2.361513 v _1191_/D (sky130_fd_sc_hd__dfrtp_2)
                                              2.361513   data arrival time

                                  0.000000    0.000000   clock clk (rise edge)
                                  0.000000    0.000000   clock source latency
   202    0.502531    2.236611    1.630291    1.630291 ^ clk (in)
                                                         clk (net)
                      2.237020    0.000000    1.630291 ^ _1191_/CLK (sky130_fd_sc_hd__dfrtp_2)
                                  0.250000    1.880291   clock uncertainty
                                  0.000000    1.880291   clock reconvergence pessimism
                                  0.201987    2.082278   library hold time
                                              2.082278   data required time
---------------------------------------------------------------------------------------------
                                              2.082278   data required time
                                             -2.361513   data arrival time
---------------------------------------------------------------------------------------------
                                              0.279235   slack (MET)


Startpoint: _1121_ (rising edge-triggered flip-flop clocked by clk)
Endpoint: _1129_ (rising edge-triggered flip-flop clocked by clk)
Path Group: clk
Path Type: min

Fanout         Cap        Slew       Delay        Time   Description
---------------------------------------------------------------------------------------------
                                  0.000000    0.000000   clock clk (rise edge)
                                  0.000000    0.000000   clock source latency
   202    0.502531    2.236611    1.455692    1.455692 ^ clk (in)
                                                         clk (net)
                      2.236625    0.000000    1.455692 ^ _1121_/CLK (sky130_fd_sc_hd__dfrtp_2)
     3    0.008120    0.060801    0.642746    2.098438 ^ _1121_/Q (sky130_fd_sc_hd__dfrtp_2)
                                                         snapshot0[5] (net)
                      0.060801    0.000087    2.098525 ^ _0639_/A1 (sky130_fd_sc_hd__mux2_1)
     1    0.002328    0.039559    0.112898    2.211423 ^ _0639_/X (sky130_fd_sc_hd__mux2_1)
                                                         _0086_ (net)
                      0.039559    0.000003    2.211426 ^ _1129_/D (sky130_fd_sc_hd__dfrtp_2)
                                              2.211426   data arrival time

                                  0.000000    0.000000   clock clk (rise edge)
                                  0.000000    0.000000   clock source latency
   202    0.502531    2.236611    1.607992    1.607992 ^ clk (in)
                                                         clk (net)
                      2.236620    0.000000    1.607992 ^ _1129_/CLK (sky130_fd_sc_hd__dfrtp_2)
                                  0.250000    1.857992   clock uncertainty
                                  0.000000    1.857992   clock reconvergence pessimism
                                  0.074041    1.932033   library hold time
                                              1.932033   data required time
---------------------------------------------------------------------------------------------
                                              1.932033   data required time
                                             -2.211426   data arrival time
---------------------------------------------------------------------------------------------
                                              0.279393   slack (MET)


Startpoint: _1223_ (rising edge-triggered flip-flop clocked by clk)
Endpoint: _1231_ (rising edge-triggered flip-flop clocked by clk)
Path Group: clk
Path Type: min

Fanout         Cap        Slew       Delay        Time   Description
---------------------------------------------------------------------------------------------
                                  0.000000    0.000000   clock clk (rise edge)
                                  0.000000    0.000000   clock source latency
   202    0.502531    2.236611    1.475290    1.475290 ^ clk (in)
                                                         clk (net)
                      2.237029    0.000000    1.475290 ^ _1223_/CLK (sky130_fd_sc_hd__dfrtp_2)
     3    0.009565    0.067124    0.648689    2.123979 ^ _1223_/Q (sky130_fd_sc_hd__dfrtp_2)
                                                         stage3[3] (net)
                      0.067124    0.000000    2.123980 ^ _1032_/A0 (sky130_fd_sc_hd__mux2_1)
     1    0.002122    0.037471    0.110778    2.234758 ^ _1032_/X (sky130_fd_sc_hd__mux2_1)
                                                         _0188_ (net)
                      0.037471    0.000001    2.234759 ^ _1231_/D (sky130_fd_sc_hd__dfrtp_2)
                                              2.234759   data arrival time

                                  0.000000    0.000000   clock clk (rise edge)
                                  0.000000    0.000000   clock source latency
   202    0.502531    2.236611    1.630595    1.630595 ^ clk (in)
                                                         clk (net)
                      2.237029    0.000000    1.630595 ^ _1231_/CLK (sky130_fd_sc_hd__dfrtp_2)
                                  0.250000    1.880595   clock uncertainty
                                  0.000000    1.880595   clock reconvergence pessimism
                                  0.074442    1.955037   library hold time
                                              1.955037   data required time
---------------------------------------------------------------------------------------------
                                              1.955037   data required time
                                             -2.234759   data arrival time
---------------------------------------------------------------------------------------------
                                              0.279722   slack (MET)


Startpoint: _1225_ (rising edge-triggered flip-flop clocked by clk)
Endpoint: _1233_ (rising edge-triggered flip-flop clocked by clk)
Path Group: clk
Path Type: min

Fanout         Cap        Slew       Delay        Time   Description
---------------------------------------------------------------------------------------------
                                  0.000000    0.000000   clock clk (rise edge)
                                  0.000000    0.000000   clock source latency
   202    0.502531    2.236611    1.475776    1.475776 ^ clk (in)
                                                         clk (net)
                      2.237046    0.000000    1.475776 ^ _1225_/CLK (sky130_fd_sc_hd__dfrtp_2)
     3    0.009541    0.067020    0.648597    2.124374 ^ _1225_/Q (sky130_fd_sc_hd__dfrtp_2)
                                                         stage3[5] (net)
                      0.067020    0.000003    2.124376 ^ _1034_/A0 (sky130_fd_sc_hd__mux2_1)
     1    0.002155    0.037732    0.110995    2.235371 ^ _1034_/X (sky130_fd_sc_hd__mux2_1)
                                                         _0190_ (net)
                      0.037732    0.000002    2.235373 ^ _1233_/D (sky130_fd_sc_hd__dfrtp_2)
                                              2.235373   data arrival time

                                  0.000000    0.000000   clock clk (rise edge)
                                  0.000000    0.000000   clock source latency
   202    0.502531    2.236611    1.631135    1.631135 ^ clk (in)
                                                         clk (net)
                      2.237046    0.000000    1.631135 ^ _1233_/CLK (sky130_fd_sc_hd__dfrtp_2)
                                  0.250000    1.881135   clock uncertainty
                                  0.000000    1.881135   clock reconvergence pessimism
                                  0.074393    1.955529   library hold time
                                              1.955529   data required time
---------------------------------------------------------------------------------------------
                                              1.955529   data required time
                                             -2.235373   data arrival time
---------------------------------------------------------------------------------------------
                                              0.279844   slack (MET)


Startpoint: _1220_ (rising edge-triggered flip-flop clocked by clk)
Endpoint: _1228_ (rising edge-triggered flip-flop clocked by clk)
Path Group: clk
Path Type: min

Fanout         Cap        Slew       Delay        Time   Description
---------------------------------------------------------------------------------------------
                                  0.000000    0.000000   clock clk (rise edge)
                                  0.000000    0.000000   clock source latency
   202    0.502531    2.236611    1.473447    1.473447 ^ clk (in)
                                                         clk (net)
                      2.236967    0.000000    1.473447 ^ _1220_/CLK (sky130_fd_sc_hd__dfrtp_2)
     3    0.009736    0.067883    0.649381    2.122828 ^ _1220_/Q (sky130_fd_sc_hd__dfrtp_2)
                                                         stage3[0] (net)
                      0.067883    0.000009    2.122837 ^ _1029_/A0 (sky130_fd_sc_hd__mux2_1)
     1    0.002026    0.036715    0.110298    2.233135 ^ _1029_/X (sky130_fd_sc_hd__mux2_1)
                                                         _0185_ (net)
                      0.036715    0.000000    2.233135 ^ _1228_/D (sky130_fd_sc_hd__dfrtp_2)
                                              2.233135   data arrival time

                                  0.000000    0.000000   clock clk (rise edge)
                                  0.000000    0.000000   clock source latency
   202    0.502531    2.236611    1.628668    1.628668 ^ clk (in)
                                                         clk (net)
                      2.236970    0.000000    1.628668 ^ _1228_/CLK (sky130_fd_sc_hd__dfrtp_2)
                                  0.250000    1.878668   clock uncertainty
                                  0.000000    1.878668   clock reconvergence pessimism
                                  0.074581    1.953250   library hold time
                                              1.953250   data required time
---------------------------------------------------------------------------------------------
                                              1.953250   data required time
                                             -2.233135   data arrival time
---------------------------------------------------------------------------------------------
                                              0.279886   slack (MET)


Startpoint: _1138_ (rising edge-triggered flip-flop clocked by clk)
Endpoint: _1146_ (rising edge-triggered flip-flop clocked by clk)
Path Group: clk
Path Type: min

Fanout         Cap        Slew       Delay        Time   Description
---------------------------------------------------------------------------------------------
                                  0.000000    0.000000   clock clk (rise edge)
                                  0.000000    0.000000   clock source latency
   202    0.502531    2.236611    1.454422    1.454422 ^ clk (in)
                                                         clk (net)
                      2.236618    0.000000    1.454422 ^ _1138_/CLK (sky130_fd_sc_hd__dfrtp_2)
     3    0.008434    0.062150    0.644050    2.098472 ^ _1138_/Q (sky130_fd_sc_hd__dfrtp_2)
                                                         snapshot2[6] (net)
                      0.062150    0.000005    2.098477 ^ _0656_/A1 (sky130_fd_sc_hd__mux2_1)
     1    0.002288    0.039247    0.113030    2.211507 ^ _0656_/X (sky130_fd_sc_hd__mux2_1)
                                                         _0103_ (net)
                      0.039247    0.000003    2.211510 ^ _1146_/D (sky130_fd_sc_hd__dfrtp_2)
                                              2.211510   data arrival time

                                  0.000000    0.000000   clock clk (rise edge)
                                  0.000000    0.000000   clock source latency
   202    0.502531    2.236611    1.607446    1.607446 ^ clk (in)
                                                         clk (net)
                      2.236618    0.000000    1.607446 ^ _1146_/CLK (sky130_fd_sc_hd__dfrtp_2)
                                  0.250000    1.857446   clock uncertainty
                                  0.000000    1.857446   clock reconvergence pessimism
                                  0.074099    1.931545   library hold time
                                              1.931545   data required time
---------------------------------------------------------------------------------------------
                                              1.931545   data required time
                                             -2.211510   data arrival time
---------------------------------------------------------------------------------------------
                                              0.279965   slack (MET)


Startpoint: _1163_ (rising edge-triggered flip-flop clocked by clk)
Endpoint: _1171_ (rising edge-triggered flip-flop clocked by clk)
Path Group: clk
Path Type: min

Fanout         Cap        Slew       Delay        Time   Description
---------------------------------------------------------------------------------------------
                                  0.000000    0.000000   clock clk (rise edge)
                                  0.000000    0.000000   clock source latency
   202    0.502531    2.236611    1.464120    1.464120 ^ clk (in)
                                                         clk (net)
                      2.236730    0.000000    1.464120 ^ _1163_/CLK (sky130_fd_sc_hd__dfrtp_2)
     3    0.008837    0.066019    0.645712    2.109832 ^ _1163_/Q (sky130_fd_sc_hd__dfrtp_2)
                                                         snapshot5[7] (net)
                      0.066019    0.000007    2.109839 ^ _0681_/A1 (sky130_fd_sc_hd__mux2_1)
     1    0.002136    0.038061    0.113127    2.222966 ^ _0681_/X (sky130_fd_sc_hd__mux2_1)
                                                         _0128_ (net)
                      0.038061    0.000001    2.222967 ^ _1171_/D (sky130_fd_sc_hd__dfrtp_2)
                                              2.222967   data arrival time

                                  0.000000    0.000000   clock clk (rise edge)
                                  0.000000    0.000000   clock source latency
   202    0.502531    2.236611    1.618243    1.618243 ^ clk (in)
                                                         clk (net)
                      2.236730    0.000000    1.618243 ^ _1171_/CLK (sky130_fd_sc_hd__dfrtp_2)
                                  0.250000    1.868243   clock uncertainty
                                  0.000000    1.868243   clock reconvergence pessimism
                                  0.074324    1.942566   library hold time
                                              1.942566   data required time
---------------------------------------------------------------------------------------------
                                              1.942566   data required time
                                             -2.222967   data arrival time
---------------------------------------------------------------------------------------------
                                              0.280401   slack (MET)


Startpoint: _1122_ (rising edge-triggered flip-flop clocked by clk)
Endpoint: _1130_ (rising edge-triggered flip-flop clocked by clk)
Path Group: clk
Path Type: min

Fanout         Cap        Slew       Delay        Time   Description
---------------------------------------------------------------------------------------------
                                  0.000000    0.000000   clock clk (rise edge)
                                  0.000000    0.000000   clock source latency
   202    0.502531    2.236611    1.454739    1.454739 ^ clk (in)
                                                         clk (net)
                      2.236620    0.000000    1.454739 ^ _1122_/CLK (sky130_fd_sc_hd__dfrtp_2)
     3    0.008599    0.062879    0.644704    2.099443 ^ _1122_/Q (sky130_fd_sc_hd__dfrtp_2)
                                                         snapshot0[6] (net)
                      0.062879    0.000054    2.099497 ^ _0640_/A1 (sky130_fd_sc_hd__mux2_1)
     1    0.002235    0.038835    0.112865    2.212362 ^ _0640_/X (sky130_fd_sc_hd__mux2_1)
                                                         _0087_ (net)
                      0.038835    0.000002    2.212364 ^ _1130_/D (sky130_fd_sc_hd__dfrtp_2)
                                              2.212364   data arrival time

                                  0.000000    0.000000   clock clk (rise edge)
                                  0.000000    0.000000   clock source latency
   202    0.502531    2.236611    1.607600    1.607600 ^ clk (in)
                                                         clk (net)
                      2.236619    0.000000    1.607600 ^ _1130_/CLK (sky130_fd_sc_hd__dfrtp_2)
                                  0.250000    1.857600   clock uncertainty
                                  0.000000    1.857600   clock reconvergence pessimism
                                  0.074176    1.931776   library hold time
                                              1.931776   data required time
---------------------------------------------------------------------------------------------
                                              1.931776   data required time
                                             -2.212364   data arrival time
---------------------------------------------------------------------------------------------
                                              0.280588   slack (MET)


Startpoint: _1224_ (rising edge-triggered flip-flop clocked by clk)
Endpoint: _1232_ (rising edge-triggered flip-flop clocked by clk)
Path Group: clk
Path Type: min

Fanout         Cap        Slew       Delay        Time   Description
---------------------------------------------------------------------------------------------
                                  0.000000    0.000000   clock clk (rise edge)
                                  0.000000    0.000000   clock source latency
   202    0.502531    2.236611    1.475763    1.475763 ^ clk (in)
                                                         clk (net)
                      2.237046    0.000000    1.475763 ^ _1224_/CLK (sky130_fd_sc_hd__dfrtp_2)
     3    0.009853    0.068405    0.649863    2.125626 ^ _1224_/Q (sky130_fd_sc_hd__dfrtp_2)
                                                         stage3[4] (net)
                      0.068405    0.000003    2.125629 ^ _1033_/A0 (sky130_fd_sc_hd__mux2_1)
     1    0.002098    0.037281    0.111014    2.236643 ^ _1033_/X (sky130_fd_sc_hd__mux2_1)
                                                         _0189_ (net)
                      0.037281    0.000000    2.236644 ^ _1232_/D (sky130_fd_sc_hd__dfrtp_2)
                                              2.236644   data arrival time

                                  0.000000    0.000000   clock clk (rise edge)
                                  0.000000    0.000000   clock source latency
   202    0.502531    2.236611    1.631130    1.631130 ^ clk (in)
                                                         clk (net)
                      2.237046    0.000000    1.631130 ^ _1232_/CLK (sky130_fd_sc_hd__dfrtp_2)
                                  0.250000    1.881130   clock uncertainty
                                  0.000000    1.881130   clock reconvergence pessimism
                                  0.074477    1.955608   library hold time
                                              1.955608   data required time
---------------------------------------------------------------------------------------------
                                              1.955608   data required time
                                             -2.236644   data arrival time
---------------------------------------------------------------------------------------------
                                              0.281036   slack (MET)


Startpoint: _1117_ (rising edge-triggered flip-flop clocked by clk)
Endpoint: _1125_ (rising edge-triggered flip-flop clocked by clk)
Path Group: clk
Path Type: min

Fanout         Cap        Slew       Delay        Time   Description
---------------------------------------------------------------------------------------------
                                  0.000000    0.000000   clock clk (rise edge)
                                  0.000000    0.000000   clock source latency
   202    0.502531    2.236611    1.467478    1.467478 ^ clk (in)
                                                         clk (net)
                      2.236801    0.000000    1.467478 ^ _1117_/CLK (sky130_fd_sc_hd__dfrtp_2)
     3    0.009834    0.068328    0.649754    2.117232 ^ _1117_/Q (sky130_fd_sc_hd__dfrtp_2)
                                                         snapshot0[1] (net)
                      0.068328    0.000071    2.117304 ^ _0635_/A1 (sky130_fd_sc_hd__mux2_1)
     1    0.002116    0.037906    0.113722    2.231026 ^ _0635_/X (sky130_fd_sc_hd__mux2_1)
                                                         _0082_ (net)
                      0.037906    0.000001    2.231027 ^ _1125_/D (sky130_fd_sc_hd__dfrtp_2)
                                              2.231027   data arrival time

                                  0.000000    0.000000   clock clk (rise edge)
                                  0.000000    0.000000   clock source latency
   202    0.502531    2.236611    1.625395    1.625395 ^ clk (in)
                                                         clk (net)
                      2.236881    0.000000    1.625395 ^ _1125_/CLK (sky130_fd_sc_hd__dfrtp_2)
                                  0.250000    1.875395   clock uncertainty
                                  0.000000    1.875395   clock reconvergence pessimism
                                  0.074356    1.949752   library hold time
                                              1.949752   data required time
---------------------------------------------------------------------------------------------
                                              1.949752   data required time
                                             -2.231027   data arrival time
---------------------------------------------------------------------------------------------
                                              0.281276   slack (MET)


Startpoint: _1220_ (rising edge-triggered flip-flop clocked by clk)
Endpoint: _1188_ (rising edge-triggered flip-flop clocked by clk)
Path Group: clk
Path Type: min

Fanout         Cap        Slew       Delay        Time   Description
---------------------------------------------------------------------------------------------
                                  0.000000    0.000000   clock clk (rise edge)
                                  0.000000    0.000000   clock source latency
   202    0.502531    2.236611    1.473447    1.473447 ^ clk (in)
                                                         clk (net)
                      2.236967    0.000000    1.473447 ^ _1220_/CLK (sky130_fd_sc_hd__dfrtp_2)
     3    0.009285    0.054843    0.669654    2.143101 v _1220_/Q (sky130_fd_sc_hd__dfrtp_2)
                                                         stage3[0] (net)
                      0.055750    0.000053    2.143154 v _0955_/A1 (sky130_fd_sc_hd__a22o_2)
     1    0.002515    0.037061    0.218427    2.361581 v _0955_/X (sky130_fd_sc_hd__a22o_2)
                                                         _0145_ (net)
                      0.037061    0.000006    2.361587 v _1188_/D (sky130_fd_sc_hd__dfrtp_2)
                                              2.361587   data arrival time

                                  0.000000    0.000000   clock clk (rise edge)
                                  0.000000    0.000000   clock source latency
   202    0.502531    2.236611    1.628413    1.628413 ^ clk (in)
                                                         clk (net)
                      2.236963    0.000000    1.628413 ^ _1188_/CLK (sky130_fd_sc_hd__dfrtp_2)
                                  0.250000    1.878413   clock uncertainty
                                  0.000000    1.878413   clock reconvergence pessimism
                                  0.201765    2.080179   library hold time
                                              2.080179   data required time
---------------------------------------------------------------------------------------------
                                              2.080179   data required time
                                             -2.361587   data arrival time
---------------------------------------------------------------------------------------------
                                              0.281408   slack (MET)


Startpoint: _1224_ (rising edge-triggered flip-flop clocked by clk)
Endpoint: _1192_ (rising edge-triggered flip-flop clocked by clk)
Path Group: clk
Path Type: min

Fanout         Cap        Slew       Delay        Time   Description
---------------------------------------------------------------------------------------------
                                  0.000000    0.000000   clock clk (rise edge)
                                  0.000000    0.000000   clock source latency
   202    0.502531    2.236611    1.475763    1.475763 ^ clk (in)
                                                         clk (net)
                      2.237046    0.000000    1.475763 ^ _1224_/CLK (sky130_fd_sc_hd__dfrtp_2)
     3    0.009402    0.056089    0.670073    2.145836 v _1224_/Q (sky130_fd_sc_hd__dfrtp_2)
                                                         stage3[4] (net)
                      0.056089    0.000062    2.145898 v _0959_/A1 (sky130_fd_sc_hd__a22o_2)
     1    0.002487    0.036965    0.218408    2.364306 v _0959_/X (sky130_fd_sc_hd__a22o_2)
                                                         _0149_ (net)
                      0.036965    0.000005    2.364311 v _1192_/D (sky130_fd_sc_hd__dfrtp_2)
                                              2.364311   data arrival time

                                  0.000000    0.000000   clock clk (rise edge)
                                  0.000000    0.000000   clock source latency
   202    0.502531    2.236611    1.630697    1.630697 ^ clk (in)
                                                         clk (net)
                      2.237032    0.000000    1.630697 ^ _1192_/CLK (sky130_fd_sc_hd__dfrtp_2)
                                  0.250000    1.880697   clock uncertainty
                                  0.000000    1.880697   clock reconvergence pessimism
                                  0.201808    2.082505   library hold time
                                              2.082505   data required time
---------------------------------------------------------------------------------------------
                                              2.082505   data required time
                                             -2.364311   data arrival time
---------------------------------------------------------------------------------------------
                                              0.281805   slack (MET)


Startpoint: _1119_ (rising edge-triggered flip-flop clocked by clk)
Endpoint: _1127_ (rising edge-triggered flip-flop clocked by clk)
Path Group: clk
Path Type: min

Fanout         Cap        Slew       Delay        Time   Description
---------------------------------------------------------------------------------------------
                                  0.000000    0.000000   clock clk (rise edge)
                                  0.000000    0.000000   clock source latency
   202    0.502531    2.236611    1.453830    1.453830 ^ clk (in)
                                                         clk (net)
                      2.236616    0.000000    1.453830 ^ _1119_/CLK (sky130_fd_sc_hd__dfrtp_2)
     3    0.009230    0.067708    0.647303    2.101133 ^ _1119_/Q (sky130_fd_sc_hd__dfrtp_2)
                                                         snapshot0[3] (net)
                      0.067708    0.000007    2.101140 ^ _0637_/A1 (sky130_fd_sc_hd__mux2_1)
     1    0.002240    0.038874    0.114462    2.215602 ^ _0637_/X (sky130_fd_sc_hd__mux2_1)
                                                         _0084_ (net)
                      0.038874    0.000002    2.215604 ^ _1127_/D (sky130_fd_sc_hd__dfrtp_2)
                                              2.215604   data arrival time

                                  0.000000    0.000000   clock clk (rise edge)
                                  0.000000    0.000000   clock source latency
   202    0.502531    2.236611    1.606782    1.606782 ^ clk (in)
                                                         clk (net)
                      2.236615    0.000000    1.606782 ^ _1127_/CLK (sky130_fd_sc_hd__dfrtp_2)
                                  0.250000    1.856782   clock uncertainty
                                  0.000000    1.856782   clock reconvergence pessimism
                                  0.074169    1.930951   library hold time
                                              1.930951   data required time
---------------------------------------------------------------------------------------------
                                              1.930951   data required time
                                             -2.215604   data arrival time
---------------------------------------------------------------------------------------------
                                              0.284653   slack (MET)


Startpoint: _1151_ (rising edge-triggered flip-flop clocked by clk)
Endpoint: _1159_ (rising edge-triggered flip-flop clocked by clk)
Path Group: clk
Path Type: min

Fanout         Cap        Slew       Delay        Time   Description
---------------------------------------------------------------------------------------------
                                  0.000000    0.000000   clock clk (rise edge)
                                  0.000000    0.000000   clock source latency
   202    0.502531    2.236611    1.453554    1.453554 ^ clk (in)
                                                         clk (net)
                      2.236615    0.000000    1.453554 ^ _1151_/CLK (sky130_fd_sc_hd__dfrtp_2)
     3    0.010137    0.069671    0.650987    2.104541 ^ _1151_/Q (sky130_fd_sc_hd__dfrtp_2)
                                                         snapshot4[3] (net)
                      0.069671    0.000015    2.104555 ^ _0669_/A1 (sky130_fd_sc_hd__mux2_1)
     1    0.002190    0.038480    0.114712    2.219268 ^ _0669_/X (sky130_fd_sc_hd__mux2_1)
                                                         _0116_ (net)
                      0.038480    0.000002    2.219270 ^ _1159_/D (sky130_fd_sc_hd__dfrtp_2)
                                              2.219270   data arrival time

                                  0.000000    0.000000   clock clk (rise edge)
                                  0.000000    0.000000   clock source latency
   202    0.502531    2.236611    1.608429    1.608429 ^ clk (in)
                                                         clk (net)
                      2.236623    0.000000    1.608429 ^ _1159_/CLK (sky130_fd_sc_hd__dfrtp_2)
                                  0.250000    1.858429   clock uncertainty
                                  0.000000    1.858429   clock reconvergence pessimism
                                  0.074242    1.932671   library hold time
                                              1.932671   data required time
---------------------------------------------------------------------------------------------
                                              1.932671   data required time
                                             -2.219270   data arrival time
---------------------------------------------------------------------------------------------
                                              0.286598   slack (MET)


Startpoint: _1127_ (rising edge-triggered flip-flop clocked by clk)
Endpoint: _1135_ (rising edge-triggered flip-flop clocked by clk)
Path Group: clk
Path Type: min

Fanout         Cap        Slew       Delay        Time   Description
---------------------------------------------------------------------------------------------
                                  0.000000    0.000000   clock clk (rise edge)
                                  0.000000    0.000000   clock source latency
   202    0.502531    2.236611    1.453755    1.453755 ^ clk (in)
                                                         clk (net)
                      2.236615    0.000000    1.453755 ^ _1127_/CLK (sky130_fd_sc_hd__dfrtp_2)
     3    0.009586    0.069236    0.648752    2.102507 ^ _1127_/Q (sky130_fd_sc_hd__dfrtp_2)
                                                         snapshot1[3] (net)
                      0.069236    0.000008    2.102515 ^ _0645_/A1 (sky130_fd_sc_hd__mux2_1)
     1    0.002312    0.039437    0.115502    2.218017 ^ _0645_/X (sky130_fd_sc_hd__mux2_1)
                                                         _0092_ (net)
                      0.039437    0.000003    2.218020 ^ _1135_/D (sky130_fd_sc_hd__dfrtp_2)
                                              2.218020   data arrival time

                                  0.000000    0.000000   clock clk (rise edge)
                                  0.000000    0.000000   clock source latency
   202    0.502531    2.236611    1.606630    1.606630 ^ clk (in)
                                                         clk (net)
                      2.236615    0.000000    1.606630 ^ _1135_/CLK (sky130_fd_sc_hd__dfrtp_2)
                                  0.250000    1.856630   clock uncertainty
                                  0.000000    1.856630   clock reconvergence pessimism
                                  0.074063    1.930693   library hold time
                                              1.930693   data required time
---------------------------------------------------------------------------------------------
                                              1.930693   data required time
                                             -2.218020   data arrival time
---------------------------------------------------------------------------------------------
                                              0.287327   slack (MET)


Startpoint: _1118_ (rising edge-triggered flip-flop clocked by clk)
Endpoint: _1126_ (rising edge-triggered flip-flop clocked by clk)
Path Group: clk
Path Type: min

Fanout         Cap        Slew       Delay        Time   Description
---------------------------------------------------------------------------------------------
                                  0.000000    0.000000   clock clk (rise edge)
                                  0.000000    0.000000   clock source latency
   202    0.502531    2.236611    1.464342    1.464342 ^ clk (in)
                                                         clk (net)
                      2.236734    0.000000    1.464342 ^ _1118_/CLK (sky130_fd_sc_hd__dfrtp_2)
     3    0.010700    0.072214    0.653270    2.117612 ^ _1118_/Q (sky130_fd_sc_hd__dfrtp_2)
                                                         snapshot0[2] (net)
                      0.072214    0.000069    2.117681 ^ _0636_/A1 (sky130_fd_sc_hd__mux2_1)
     1    0.002132    0.038035    0.115100    2.232781 ^ _0636_/X (sky130_fd_sc_hd__mux2_1)
                                                         _0083_ (net)
                      0.038035    0.000001    2.232782 ^ _1126_/D (sky130_fd_sc_hd__dfrtp_2)
                                              2.232782   data arrival time

                                  0.000000    0.000000   clock clk (rise edge)
                                  0.000000    0.000000   clock source latency
   202    0.502531    2.236611    1.618730    1.618730 ^ clk (in)
                                                         clk (net)
                      2.236739    0.000000    1.618730 ^ _1126_/CLK (sky130_fd_sc_hd__dfrtp_2)
                                  0.250000    1.868730   clock uncertainty
                                  0.000000    1.868730   clock reconvergence pessimism
                                  0.074329    1.943059   library hold time
                                              1.943059   data required time
---------------------------------------------------------------------------------------------
                                              1.943059   data required time
                                             -2.232782   data arrival time
---------------------------------------------------------------------------------------------
                                              0.289723   slack (MET)


Startpoint: _1242_ (rising edge-triggered flip-flop clocked by clk)
Endpoint: _1199_ (rising edge-triggered flip-flop clocked by clk)
Path Group: clk
Path Type: min

Fanout         Cap        Slew       Delay        Time   Description
---------------------------------------------------------------------------------------------
                                  0.000000    0.000000   clock clk (rise edge)
                                  0.000000    0.000000   clock source latency
   202    0.502531    2.236611    1.473467    1.473467 ^ clk (in)
                                                         clk (net)
                      2.236968    0.000000    1.473467 ^ _1242_/CLK (sky130_fd_sc_hd__dfrtp_2)
     4    0.012403    0.065316    0.680719    2.154186 v _1242_/Q (sky130_fd_sc_hd__dfrtp_2)
                                                         phase[3] (net)
                      0.065316    0.000020    2.154206 v _0982_/A2 (sky130_fd_sc_hd__a41o_2)
     1    0.002137    0.031515    0.225720    2.379926 v _0982_/X (sky130_fd_sc_hd__a41o_2)
                                                         _0156_ (net)
                      0.031515    0.000002    2.379928 v _1199_/D (sky130_fd_sc_hd__dfrtp_2)
                                              2.379928   data arrival time

                                  0.000000    0.000000   clock clk (rise edge)
                                  0.000000    0.000000   clock source latency
   202    0.502531    2.236611    1.629526    1.629526 ^ clk (in)
                                                         clk (net)
                      2.236996    0.000000    1.629526 ^ _1199_/CLK (sky130_fd_sc_hd__dfrtp_2)
                                  0.250000    1.879526   clock uncertainty
                                  0.000000    1.879526   clock reconvergence pessimism
                                  0.203917    2.083442   library hold time
                                              2.083442   data required time
---------------------------------------------------------------------------------------------
                                              2.083442   data required time
                                             -2.379928   data arrival time
---------------------------------------------------------------------------------------------
                                              0.296486   slack (MET)


Startpoint: _1239_ (rising edge-triggered flip-flop clocked by clk)
Endpoint: _1182_ (rising edge-triggered flip-flop clocked by clk)
Path Group: clk
Path Type: min

Fanout         Cap        Slew       Delay        Time   Description
---------------------------------------------------------------------------------------------
                                  0.000000    0.000000   clock clk (rise edge)
                                  0.000000    0.000000   clock source latency
   202    0.502531    2.236611    1.472833    1.472833 ^ clk (in)
                                                         clk (net)
                      2.236947    0.000000    1.472833 ^ _1239_/CLK (sky130_fd_sc_hd__dfstp_2)
     3    0.011355    0.039239    0.645568    2.118401 v _1239_/Q (sky130_fd_sc_hd__dfstp_2)
                                                         phase[0] (net)
                      0.039239    0.000023    2.118423 v _0541_/B (sky130_fd_sc_hd__nand2_2)
    10    0.042962    0.223490    0.183109    2.301533 ^ _0541_/Y (sky130_fd_sc_hd__nand2_2)
                                                         _0215_ (net)
                      0.223491    0.000399    2.301931 ^ _0759_/A1 (sky130_fd_sc_hd__o31ai_2)
     1    0.002226    0.029792    0.095628    2.397560 v _0759_/Y (sky130_fd_sc_hd__o31ai_2)
                                                         _0139_ (net)
                      0.029792    0.000003    2.397563 v _1182_/D (sky130_fd_sc_hd__dfrtp_2)
                                              2.397563   data arrival time

                                  0.000000    0.000000   clock clk (rise edge)
                                  0.000000    0.000000   clock source latency
   202    0.502531    2.236611    1.629774    1.629774 ^ clk (in)
                                                         clk (net)
                      2.237004    0.000000    1.629774 ^ _1182_/CLK (sky130_fd_sc_hd__dfrtp_2)
                                  0.250000    1.879774   clock uncertainty
                                  0.000000    1.879774   clock reconvergence pessimism
                                  0.204585    2.084359   library hold time
                                              2.084359   data required time
---------------------------------------------------------------------------------------------
                                              2.084359   data required time
                                             -2.397563   data arrival time
---------------------------------------------------------------------------------------------
                                              0.313204   slack (MET)


Startpoint: _1243_ (rising edge-triggered flip-flop clocked by clk)
Endpoint: _1243_ (rising edge-triggered flip-flop clocked by clk)
Path Group: clk
Path Type: min

Fanout         Cap        Slew       Delay        Time   Description
---------------------------------------------------------------------------------------------
                                  0.000000    0.000000   clock clk (rise edge)
                                  0.000000    0.000000   clock source latency
   202    0.502531    2.236611    1.472888    1.472888 ^ clk (in)
                                                         clk (net)
                      2.236949    0.000000    1.472888 ^ _1243_/CLK (sky130_fd_sc_hd__dfrtp_2)
     2    0.005059    0.046500    0.654702    2.127589 v _1243_/Q (sky130_fd_sc_hd__dfrtp_2)
                                                         phase[4] (net)
                      0.046500    0.000006    2.127596 v _0540_/A1 (sky130_fd_sc_hd__a21bo_2)
     1    0.002306    0.031340    0.173898    2.301494 v _0540_/X (sky130_fd_sc_hd__a21bo_2)
                                                         _0005_ (net)
                      0.031340    0.000004    2.301497 v _1243_/D (sky130_fd_sc_hd__dfrtp_2)
                                              2.301497   data arrival time

                                  0.000000    0.000000   clock clk (rise edge)
                                  0.000000    0.000000   clock source latency
   202    0.502531    2.236611    1.627928    1.627928 ^ clk (in)
                                                         clk (net)
                      2.236949    0.000000    1.627928 ^ _1243_/CLK (sky130_fd_sc_hd__dfrtp_2)
                                  0.250000    1.877928   clock uncertainty
                                 -0.155041    1.722888   clock reconvergence pessimism
                                  0.203981    1.926868   library hold time
                                              1.926868   data required time
---------------------------------------------------------------------------------------------
                                              1.926868   data required time
                                             -2.301497   data arrival time
---------------------------------------------------------------------------------------------
                                              0.374629   slack (MET)


Startpoint: _1188_ (rising edge-triggered flip-flop clocked by clk)
Endpoint: _1196_ (rising edge-triggered flip-flop clocked by clk)
Path Group: clk
Path Type: min

Fanout         Cap        Slew       Delay        Time   Description
---------------------------------------------------------------------------------------------
                                  0.000000    0.000000   clock clk (rise edge)
                                  0.000000    0.000000   clock source latency
   202    0.502531    2.236611    1.473326    1.473326 ^ clk (in)
                                                         clk (net)
                      2.236963    0.000000    1.473326 ^ _1188_/CLK (sky130_fd_sc_hd__dfrtp_2)
     4    0.015411    0.091122    0.670308    2.143635 ^ _1188_/Q (sky130_fd_sc_hd__dfrtp_2)
                                                         accumulator[0] (net)
                      0.091122    0.000034    2.143669 ^ _0963_/B (sky130_fd_sc_hd__xor2_2)
     1    0.001909    0.027879    0.056022    2.199690 v _0963_/X (sky130_fd_sc_hd__xor2_2)
                                                         _0487_ (net)
                      0.027879    0.000003    2.199694 v _0964_/A0 (sky130_fd_sc_hd__mux2_1)
     1    0.002102    0.051857    0.251553    2.451247 v _0964_/X (sky130_fd_sc_hd__mux2_1)
                                                         _0153_ (net)
                      0.051857    0.000002    2.451249 v _1196_/D (sky130_fd_sc_hd__dfrtp_2)
                                              2.451249   data arrival time

                                  0.000000    0.000000   clock clk (rise edge)
                                  0.000000    0.000000   clock source latency
   202    0.502531    2.236611    1.628499    1.628499 ^ clk (in)
                                                         clk (net)
                      2.236965    0.000000    1.628499 ^ _1196_/CLK (sky130_fd_sc_hd__dfrtp_2)
                                  0.250000    1.878499   clock uncertainty
                                  0.000000    1.878499   clock reconvergence pessimism
                                  0.196032    2.074531   library hold time
                                              2.074531   data required time
---------------------------------------------------------------------------------------------
                                              2.074531   data required time
                                             -2.451249   data arrival time
---------------------------------------------------------------------------------------------
                                              0.376718   slack (MET)


Startpoint: _1240_ (rising edge-triggered flip-flop clocked by clk)
Endpoint: _1240_ (rising edge-triggered flip-flop clocked by clk)
Path Group: clk
Path Type: min

Fanout         Cap        Slew       Delay        Time   Description
---------------------------------------------------------------------------------------------
                                  0.000000    0.000000   clock clk (rise edge)
                                  0.000000    0.000000   clock source latency
   202    0.502531    2.236611    1.473150    1.473150 ^ clk (in)
                                                         clk (net)
                      2.236957    0.000000    1.473150 ^ _1240_/CLK (sky130_fd_sc_hd__dfrtp_2)
     3    0.008379    0.055006    0.666463    2.139613 v _1240_/Q (sky130_fd_sc_hd__dfrtp_2)
                                                         phase[1] (net)
                      0.055006    0.000012    2.139625 v _0546_/A1 (sky130_fd_sc_hd__a21bo_2)
     1    0.002194    0.030972    0.176654    2.316278 v _0546_/X (sky130_fd_sc_hd__a21bo_2)
                                                         _0002_ (net)
                      0.030972    0.000002    2.316281 v _1240_/D (sky130_fd_sc_hd__dfrtp_2)
                                              2.316281   data arrival time

                                  0.000000    0.000000   clock clk (rise edge)
                                  0.000000    0.000000   clock source latency
   202    0.502531    2.236611    1.628218    1.628218 ^ clk (in)
                                                         clk (net)
                      2.236957    0.000000    1.628218 ^ _1240_/CLK (sky130_fd_sc_hd__dfrtp_2)
                                  0.250000    1.878218   clock uncertainty
                                 -0.155068    1.723150   clock reconvergence pessimism
                                  0.204124    1.927274   library hold time
                                              1.927274   data required time
---------------------------------------------------------------------------------------------
                                              1.927274   data required time
                                             -2.316281   data arrival time
---------------------------------------------------------------------------------------------
                                              0.389007   slack (MET)


Startpoint: _1244_ (rising edge-triggered flip-flop clocked by clk)
Endpoint: _1244_ (rising edge-triggered flip-flop clocked by clk)
Path Group: clk
Path Type: min

Fanout         Cap        Slew       Delay        Time   Description
---------------------------------------------------------------------------------------------
                                  0.000000    0.000000   clock clk (rise edge)
                                  0.000000    0.000000   clock source latency
   202    0.502531    2.236611    1.473148    1.473148 ^ clk (in)
                                                         clk (net)
                      2.236957    0.000000    1.473148 ^ _1244_/CLK (sky130_fd_sc_hd__dfrtp_2)
     3    0.008458    0.055207    0.666741    2.139890 v _1244_/Q (sky130_fd_sc_hd__dfrtp_2)
                                                         phase[5] (net)
                      0.055207    0.000012    2.139902 v _0538_/A1 (sky130_fd_sc_hd__a21bo_2)
     1    0.002209    0.031018    0.176793    2.316695 v _0538_/X (sky130_fd_sc_hd__a21bo_2)
                                                         _0006_ (net)
                      0.031018    0.000003    2.316697 v _1244_/D (sky130_fd_sc_hd__dfrtp_2)
                                              2.316697   data arrival time

                                  0.000000    0.000000   clock clk (rise edge)
                                  0.000000    0.000000   clock source latency
   202    0.502531    2.236611    1.628217    1.628217 ^ clk (in)
                                                         clk (net)
                      2.236957    0.000000    1.628217 ^ _1244_/CLK (sky130_fd_sc_hd__dfrtp_2)
                                  0.250000    1.878217   clock uncertainty
                                 -0.155068    1.723148   clock reconvergence pessimism
                                  0.204107    1.927255   library hold time
                                              1.927255   data required time
---------------------------------------------------------------------------------------------
                                              1.927255   data required time
                                             -2.316697   data arrival time
---------------------------------------------------------------------------------------------
                                              0.389443   slack (MET)


Startpoint: _1241_ (rising edge-triggered flip-flop clocked by clk)
Endpoint: _1241_ (rising edge-triggered flip-flop clocked by clk)
Path Group: clk
Path Type: min

Fanout         Cap        Slew       Delay        Time   Description
---------------------------------------------------------------------------------------------
                                  0.000000    0.000000   clock clk (rise edge)
                                  0.000000    0.000000   clock source latency
   202    0.502531    2.236611    1.473143    1.473143 ^ clk (in)
                                                         clk (net)
                      2.236957    0.000000    1.473143 ^ _1241_/CLK (sky130_fd_sc_hd__dfrtp_2)
     3    0.008505    0.055329    0.666909    2.140052 v _1241_/Q (sky130_fd_sc_hd__dfrtp_2)
                                                         phase[2] (net)
                      0.055329    0.000016    2.140067 v _0544_/A1 (sky130_fd_sc_hd__a21bo_2)
     1    0.002206    0.031008    0.176824    2.316891 v _0544_/X (sky130_fd_sc_hd__a21bo_2)
                                                         _0003_ (net)
                      0.031008    0.000003    2.316894 v _1241_/D (sky130_fd_sc_hd__dfrtp_2)
                                              2.316894   data arrival time

                                  0.000000    0.000000   clock clk (rise edge)
                                  0.000000    0.000000   clock source latency
   202    0.502531    2.236611    1.628211    1.628211 ^ clk (in)
                                                         clk (net)
                      2.236957    0.000000    1.628211 ^ _1241_/CLK (sky130_fd_sc_hd__dfrtp_2)
                                  0.250000    1.878211   clock uncertainty
                                 -0.155068    1.723143   clock reconvergence pessimism
                                  0.204110    1.927253   library hold time
                                              1.927253   data required time
---------------------------------------------------------------------------------------------
                                              1.927253   data required time
                                             -2.316894   data arrival time
---------------------------------------------------------------------------------------------
                                              0.389641   slack (MET)


Startpoint: _1053_ (rising edge-triggered flip-flop clocked by clk)
Endpoint: _1053_ (rising edge-triggered flip-flop clocked by clk)
Path Group: clk
Path Type: min

Fanout         Cap        Slew       Delay        Time   Description
---------------------------------------------------------------------------------------------
                                  0.000000    0.000000   clock clk (rise edge)
                                  0.000000    0.000000   clock source latency
   202    0.502531    2.236611    1.462483    1.462483 ^ clk (in)
                                                         clk (net)
                      2.236702    0.000000    1.462483 ^ _1053_/CLK (sky130_fd_sc_hd__dfrtp_2)
     2    0.003549    0.042908    0.622957    2.085441 ^ _1053_/Q (sky130_fd_sc_hd__dfrtp_2)
                                                         coeff0[1] (net)
                      0.042908    0.000006    2.085446 ^ _0554_/A0 (sky130_fd_sc_hd__mux2_1)
     1    0.002080    0.037103    0.102536    2.187983 ^ _0554_/X (sky130_fd_sc_hd__mux2_1)
                                                         _0010_ (net)
                      0.037103    0.000000    2.187983 ^ _1053_/D (sky130_fd_sc_hd__dfrtp_2)
                                              2.187983   data arrival time

                                  0.000000    0.000000   clock clk (rise edge)
                                  0.000000    0.000000   clock source latency
   202    0.502531    2.236611    1.616429    1.616429 ^ clk (in)
                                                         clk (net)
                      2.236702    0.000000    1.616429 ^ _1053_/CLK (sky130_fd_sc_hd__dfrtp_2)
                                  0.250000    1.866429   clock uncertainty
                                 -0.153946    1.712483   clock reconvergence pessimism
                                  0.074502    1.786985   library hold time
                                              1.786985   data required time
---------------------------------------------------------------------------------------------
                                              1.786985   data required time
                                             -2.187983   data arrival time
---------------------------------------------------------------------------------------------
                                              0.400998   slack (MET)


Startpoint: _1064_ (rising edge-triggered flip-flop clocked by clk)
Endpoint: _1064_ (rising edge-triggered flip-flop clocked by clk)
Path Group: clk
Path Type: min

Fanout         Cap        Slew       Delay        Time   Description
---------------------------------------------------------------------------------------------
                                  0.000000    0.000000   clock clk (rise edge)
                                  0.000000    0.000000   clock source latency
   202    0.502531    2.236611    1.462229    1.462229 ^ clk (in)
                                                         clk (net)
                      2.236698    0.000000    1.462229 ^ _1064_/CLK (sky130_fd_sc_hd__dfrtp_2)
     2    0.003488    0.042613    0.622612    2.084841 ^ _1064_/Q (sky130_fd_sc_hd__dfrtp_2)
                                                         coeff1[4] (net)
                      0.042613    0.000004    2.084845 ^ _0566_/A0 (sky130_fd_sc_hd__mux2_1)
     1    0.002141    0.037578    0.102902    2.187747 ^ _0566_/X (sky130_fd_sc_hd__mux2_1)
                                                         _0021_ (net)
                      0.037578    0.000001    2.187748 ^ _1064_/D (sky130_fd_sc_hd__dfrtp_2)
                                              2.187748   data arrival time

                                  0.000000    0.000000   clock clk (rise edge)
                                  0.000000    0.000000   clock source latency
   202    0.502531    2.236611    1.616148    1.616148 ^ clk (in)
                                                         clk (net)
                      2.236698    0.000000    1.616148 ^ _1064_/CLK (sky130_fd_sc_hd__dfrtp_2)
                                  0.250000    1.866148   clock uncertainty
                                 -0.153919    1.712229   clock reconvergence pessimism
                                  0.074413    1.786642   library hold time
                                              1.786642   data required time
---------------------------------------------------------------------------------------------
                                              1.786642   data required time
                                             -2.187748   data arrival time
---------------------------------------------------------------------------------------------
                                              0.401106   slack (MET)


Startpoint: _1055_ (rising edge-triggered flip-flop clocked by clk)
Endpoint: _1055_ (rising edge-triggered flip-flop clocked by clk)
Path Group: clk
Path Type: min

Fanout         Cap        Slew       Delay        Time   Description
---------------------------------------------------------------------------------------------
                                  0.000000    0.000000   clock clk (rise edge)
                                  0.000000    0.000000   clock source latency
   202    0.502531    2.236611    1.455830    1.455830 ^ clk (in)
                                                         clk (net)
                      2.236626    0.000000    1.455830 ^ _1055_/CLK (sky130_fd_sc_hd__dfrtp_2)
     2    0.003456    0.042459    0.622423    2.078254 ^ _1055_/Q (sky130_fd_sc_hd__dfrtp_2)
                                                         coeff0[3] (net)
                      0.042459    0.000004    2.078257 ^ _0556_/A0 (sky130_fd_sc_hd__mux2_1)
     1    0.002171    0.037818    0.103078    2.181335 ^ _0556_/X (sky130_fd_sc_hd__mux2_1)
                                                         _0012_ (net)
                      0.037818    0.000002    2.181336 ^ _1055_/D (sky130_fd_sc_hd__dfrtp_2)
                                              2.181336   data arrival time

                                  0.000000    0.000000   clock clk (rise edge)
                                  0.000000    0.000000   clock source latency
   202    0.502531    2.236611    1.609076    1.609076 ^ clk (in)
                                                         clk (net)
                      2.236626    0.000000    1.609076 ^ _1055_/CLK (sky130_fd_sc_hd__dfrtp_2)
                                  0.250000    1.859076   clock uncertainty
                                 -0.153245    1.705830   clock reconvergence pessimism
                                  0.074366    1.780197   library hold time
                                              1.780197   data required time
---------------------------------------------------------------------------------------------
                                              1.780197   data required time
                                             -2.181336   data arrival time
---------------------------------------------------------------------------------------------
                                              0.401140   slack (MET)


Startpoint: _1054_ (rising edge-triggered flip-flop clocked by clk)
Endpoint: _1054_ (rising edge-triggered flip-flop clocked by clk)
Path Group: clk
Path Type: min

Fanout         Cap        Slew       Delay        Time   Description
---------------------------------------------------------------------------------------------
                                  0.000000    0.000000   clock clk (rise edge)
                                  0.000000    0.000000   clock source latency
   202    0.502531    2.236611    1.463585    1.463585 ^ clk (in)
                                                         clk (net)
                      2.236721    0.000000    1.463585 ^ _1054_/CLK (sky130_fd_sc_hd__dfrtp_2)
     2    0.003490    0.042625    0.622628    2.086213 ^ _1054_/Q (sky130_fd_sc_hd__dfrtp_2)
                                                         coeff0[2] (net)
                      0.042625    0.000005    2.086218 ^ _0555_/A0 (sky130_fd_sc_hd__mux2_1)
     1    0.002183    0.037914    0.103225    2.189442 ^ _0555_/X (sky130_fd_sc_hd__mux2_1)
                                                         _0011_ (net)
                      0.037914    0.000002    2.189444 ^ _1054_/D (sky130_fd_sc_hd__dfrtp_2)
                                              2.189444   data arrival time

                                  0.000000    0.000000   clock clk (rise edge)
                                  0.000000    0.000000   clock source latency
   202    0.502531    2.236611    1.617646    1.617646 ^ clk (in)
                                                         clk (net)
                      2.236721    0.000000    1.617646 ^ _1054_/CLK (sky130_fd_sc_hd__dfrtp_2)
                                  0.250000    1.867646   clock uncertainty
                                 -0.154062    1.713585   clock reconvergence pessimism
                                  0.074351    1.787935   library hold time
                                              1.787935   data required time
---------------------------------------------------------------------------------------------
                                              1.787935   data required time
                                             -2.189444   data arrival time
---------------------------------------------------------------------------------------------
                                              0.401509   slack (MET)


Startpoint: _1072_ (rising edge-triggered flip-flop clocked by clk)
Endpoint: _1072_ (rising edge-triggered flip-flop clocked by clk)
Path Group: clk
Path Type: min

Fanout         Cap        Slew       Delay        Time   Description
---------------------------------------------------------------------------------------------
                                  0.000000    0.000000   clock clk (rise edge)
                                  0.000000    0.000000   clock source latency
   202    0.502531    2.236611    1.461615    1.461615 ^ clk (in)
                                                         clk (net)
                      2.236688    0.000000    1.461615 ^ _1072_/CLK (sky130_fd_sc_hd__dfrtp_2)
     2    0.003575    0.043031    0.623101    2.084716 ^ _1072_/Q (sky130_fd_sc_hd__dfrtp_2)
                                                         coeff2[4] (net)
                      0.043031    0.000005    2.084721 ^ _0575_/A0 (sky130_fd_sc_hd__mux2_1)
     1    0.002148    0.037638    0.103094    2.187815 ^ _0575_/X (sky130_fd_sc_hd__mux2_1)
                                                         _0029_ (net)
                      0.037638    0.000001    2.187816 ^ _1072_/D (sky130_fd_sc_hd__dfrtp_2)
                                              2.187816   data arrival time

                                  0.000000    0.000000   clock clk (rise edge)
                                  0.000000    0.000000   clock source latency
   202    0.502531    2.236611    1.615469    1.615469 ^ clk (in)
                                                         clk (net)
                      2.236688    0.000000    1.615469 ^ _1072_/CLK (sky130_fd_sc_hd__dfrtp_2)
                                  0.250000    1.865469   clock uncertainty
                                 -0.153854    1.711615   clock reconvergence pessimism
                                  0.074401    1.786017   library hold time
                                              1.786017   data required time
---------------------------------------------------------------------------------------------
                                              1.786017   data required time
                                             -2.187816   data arrival time
---------------------------------------------------------------------------------------------
                                              0.401800   slack (MET)


Startpoint: _1074_ (rising edge-triggered flip-flop clocked by clk)
Endpoint: _1074_ (rising edge-triggered flip-flop clocked by clk)
Path Group: clk
Path Type: min

Fanout         Cap        Slew       Delay        Time   Description
---------------------------------------------------------------------------------------------
                                  0.000000    0.000000   clock clk (rise edge)
                                  0.000000    0.000000   clock source latency
   202    0.502531    2.236611    1.455132    1.455132 ^ clk (in)
                                                         clk (net)
                      2.236622    0.000000    1.455132 ^ _1074_/CLK (sky130_fd_sc_hd__dfrtp_2)
     2    0.003691    0.043588    0.623748    2.078880 ^ _1074_/Q (sky130_fd_sc_hd__dfrtp_2)
                                                         coeff2[6] (net)
                      0.043588    0.000004    2.078884 ^ _0577_/A0 (sky130_fd_sc_hd__mux2_1)
     1    0.002147    0.037633    0.103271    2.182155 ^ _0577_/X (sky130_fd_sc_hd__mux2_1)
                                                         _0031_ (net)
                      0.037633    0.000001    2.182156 ^ _1074_/D (sky130_fd_sc_hd__dfrtp_2)
                                              2.182156   data arrival time

                                  0.000000    0.000000   clock clk (rise edge)
                                  0.000000    0.000000   clock source latency
   202    0.502531    2.236611    1.608304    1.608304 ^ clk (in)
                                                         clk (net)
                      2.236622    0.000000    1.608304 ^ _1074_/CLK (sky130_fd_sc_hd__dfrtp_2)
                                  0.250000    1.858304   clock uncertainty
                                 -0.153172    1.705132   clock reconvergence pessimism
                                  0.074401    1.779533   library hold time
                                              1.779533   data required time
---------------------------------------------------------------------------------------------
                                              1.779533   data required time
                                             -2.182156   data arrival time
---------------------------------------------------------------------------------------------
                                              0.402623   slack (MET)


Startpoint: _1070_ (rising edge-triggered flip-flop clocked by clk)
Endpoint: _1070_ (rising edge-triggered flip-flop clocked by clk)
Path Group: clk
Path Type: min

Fanout         Cap        Slew       Delay        Time   Description
---------------------------------------------------------------------------------------------
                                  0.000000    0.000000   clock clk (rise edge)
                                  0.000000    0.000000   clock source latency
   202    0.502531    2.236611    1.463358    1.463358 ^ clk (in)
                                                         clk (net)
                      2.236717    0.000000    1.463358 ^ _1070_/CLK (sky130_fd_sc_hd__dfrtp_2)
     2    0.003684    0.043552    0.623715    2.087074 ^ _1070_/Q (sky130_fd_sc_hd__dfrtp_2)
                                                         coeff2[2] (net)
                      0.043552    0.000004    2.087078 ^ _0573_/A0 (sky130_fd_sc_hd__mux2_1)
     1    0.002164    0.037765    0.103387    2.190464 ^ _0573_/X (sky130_fd_sc_hd__mux2_1)
                                                         _0027_ (net)
                      0.037765    0.000001    2.190466 ^ _1070_/D (sky130_fd_sc_hd__dfrtp_2)
                                              2.190466   data arrival time

                                  0.000000    0.000000   clock clk (rise edge)
                                  0.000000    0.000000   clock source latency
   202    0.502531    2.236611    1.617396    1.617396 ^ clk (in)
                                                         clk (net)
                      2.236717    0.000000    1.617396 ^ _1070_/CLK (sky130_fd_sc_hd__dfrtp_2)
                                  0.250000    1.867396   clock uncertainty
                                 -0.154038    1.713358   clock reconvergence pessimism
                                  0.074379    1.787737   library hold time
                                              1.787737   data required time
---------------------------------------------------------------------------------------------
                                              1.787737   data required time
                                             -2.190466   data arrival time
---------------------------------------------------------------------------------------------
                                              0.402729   slack (MET)


Startpoint: _1060_ (rising edge-triggered flip-flop clocked by clk)
Endpoint: _1060_ (rising edge-triggered flip-flop clocked by clk)
Path Group: clk
Path Type: min

Fanout         Cap        Slew       Delay        Time   Description
---------------------------------------------------------------------------------------------
                                  0.000000    0.000000   clock clk (rise edge)
                                  0.000000    0.000000   clock source latency
   202    0.502531    2.236611    1.463102    1.463102 ^ clk (in)
                                                         clk (net)
                      2.236712    0.000000    1.463102 ^ _1060_/CLK (sky130_fd_sc_hd__dfrtp_2)
     2    0.003750    0.043870    0.624087    2.087189 ^ _1060_/Q (sky130_fd_sc_hd__dfrtp_2)
                                                         coeff1[0] (net)
                      0.043870    0.000004    2.087193 ^ _0562_/A0 (sky130_fd_sc_hd__mux2_1)
     1    0.002212    0.038141    0.103856    2.191049 ^ _0562_/X (sky130_fd_sc_hd__mux2_1)
                                                         _0017_ (net)
                      0.038141    0.000002    2.191051 ^ _1060_/D (sky130_fd_sc_hd__dfrtp_2)
                                              2.191051   data arrival time

                                  0.000000    0.000000   clock clk (rise edge)
                                  0.000000    0.000000   clock source latency
   202    0.502531    2.236611    1.617113    1.617113 ^ clk (in)
                                                         clk (net)
                      2.236712    0.000000    1.617113 ^ _1060_/CLK (sky130_fd_sc_hd__dfrtp_2)
                                  0.250000    1.867113   clock uncertainty
                                 -0.154011    1.713102   clock reconvergence pessimism
                                  0.074308    1.787410   library hold time
                                              1.787410   data required time
---------------------------------------------------------------------------------------------
                                              1.787410   data required time
                                             -2.191051   data arrival time
---------------------------------------------------------------------------------------------
                                              0.403641   slack (MET)


Startpoint: _1073_ (rising edge-triggered flip-flop clocked by clk)
Endpoint: _1073_ (rising edge-triggered flip-flop clocked by clk)
Path Group: clk
Path Type: min

Fanout         Cap        Slew       Delay        Time   Description
---------------------------------------------------------------------------------------------
                                  0.000000    0.000000   clock clk (rise edge)
                                  0.000000    0.000000   clock source latency
   202    0.502531    2.236611    1.460155    1.460155 ^ clk (in)
                                                         clk (net)
                      2.236668    0.000000    1.460155 ^ _1073_/CLK (sky130_fd_sc_hd__dfrtp_2)
     2    0.003794    0.044082    0.624332    2.084487 ^ _1073_/Q (sky130_fd_sc_hd__dfrtp_2)
                                                         coeff2[5] (net)
                      0.044082    0.000006    2.084493 ^ _0576_/A0 (sky130_fd_sc_hd__mux2_1)
     1    0.002297    0.038818    0.104575    2.189068 ^ _0576_/X (sky130_fd_sc_hd__mux2_1)
                                                         _0030_ (net)
                      0.038818    0.000003    2.189071 ^ _1073_/D (sky130_fd_sc_hd__dfrtp_2)
                                              2.189071   data arrival time

                                  0.000000    0.000000   clock clk (rise edge)
                                  0.000000    0.000000   clock source latency
   202    0.502531    2.236611    1.613855    1.613855 ^ clk (in)
                                                         clk (net)
                      2.236668    0.000000    1.613855 ^ _1073_/CLK (sky130_fd_sc_hd__dfrtp_2)
                                  0.250000    1.863856   clock uncertainty
                                 -0.153701    1.710155   clock reconvergence pessimism
                                  0.074180    1.784335   library hold time
                                              1.784335   data required time
---------------------------------------------------------------------------------------------
                                              1.784335   data required time
                                             -2.189071   data arrival time
---------------------------------------------------------------------------------------------
                                              0.404736   slack (MET)


Startpoint: _1051_ (rising edge-triggered flip-flop clocked by clk)
Endpoint: _1051_ (rising edge-triggered flip-flop clocked by clk)
Path Group: clk
Path Type: min

Fanout         Cap        Slew       Delay        Time   Description
---------------------------------------------------------------------------------------------
                                  0.000000    0.000000   clock clk (rise edge)
                                  0.000000    0.000000   clock source latency
   202    0.502531    2.236611    1.464426    1.464426 ^ clk (in)
                                                         clk (net)
                      2.236736    0.000000    1.464426 ^ _1051_/CLK (sky130_fd_sc_hd__dfrtp_2)
     2    0.004077    0.045438    0.625929    2.090355 ^ _1051_/Q (sky130_fd_sc_hd__dfrtp_2)
                                                         window0[7] (net)
                      0.045438    0.000004    2.090358 ^ _0550_/A0 (sky130_fd_sc_hd__mux2_1)
     1    0.002122    0.037952    0.103682    2.194041 ^ _0550_/X (sky130_fd_sc_hd__mux2_1)
                                                         _0008_ (net)
                      0.037952    0.000001    2.194042 ^ _1051_/D (sky130_fd_sc_hd__dfrtp_2)
                                              2.194042   data arrival time

                                  0.000000    0.000000   clock clk (rise edge)
                                  0.000000    0.000000   clock source latency
   202    0.502531    2.236611    1.618576    1.618576 ^ clk (in)
                                                         clk (net)
                      2.236736    0.000000    1.618576 ^ _1051_/CLK (sky130_fd_sc_hd__dfrtp_2)
                                  0.250000    1.868576   clock uncertainty
                                 -0.154150    1.714426   clock reconvergence pessimism
                                  0.074344    1.788770   library hold time
                                              1.788770   data required time
---------------------------------------------------------------------------------------------
                                              1.788770   data required time
                                             -2.194042   data arrival time
---------------------------------------------------------------------------------------------
                                              0.405272   slack (MET)


Startpoint: _1056_ (rising edge-triggered flip-flop clocked by clk)
Endpoint: _1056_ (rising edge-triggered flip-flop clocked by clk)
Path Group: clk
Path Type: min

Fanout         Cap        Slew       Delay        Time   Description
---------------------------------------------------------------------------------------------
                                  0.000000    0.000000   clock clk (rise edge)
                                  0.000000    0.000000   clock source latency
   202    0.502531    2.236611    1.460454    1.460454 ^ clk (in)
                                                         clk (net)
                      2.236672    0.000000    1.460454 ^ _1056_/CLK (sky130_fd_sc_hd__dfrtp_2)
     2    0.003832    0.044264    0.624546    2.084999 ^ _1056_/Q (sky130_fd_sc_hd__dfrtp_2)
                                                         coeff0[4] (net)
                      0.044264    0.000004    2.085003 ^ _0557_/A0 (sky130_fd_sc_hd__mux2_1)
     1    0.002359    0.039310    0.105107    2.190111 ^ _0557_/X (sky130_fd_sc_hd__mux2_1)
                                                         _0013_ (net)
                      0.039310    0.000004    2.190114 ^ _1056_/D (sky130_fd_sc_hd__dfrtp_2)
                                              2.190114   data arrival time

                                  0.000000    0.000000   clock clk (rise edge)
                                  0.000000    0.000000   clock source latency
   202    0.502531    2.236611    1.614185    1.614185 ^ clk (in)
                                                         clk (net)
                      2.236672    0.000000    1.614185 ^ _1056_/CLK (sky130_fd_sc_hd__dfrtp_2)
                                  0.250000    1.864185   clock uncertainty
                                 -0.153732    1.710454   clock reconvergence pessimism
                                  0.074089    1.784542   library hold time
                                              1.784542   data required time
---------------------------------------------------------------------------------------------
                                              1.784542   data required time
                                             -2.190114   data arrival time
---------------------------------------------------------------------------------------------
                                              0.405572   slack (MET)


Startpoint: _1248_ (rising edge-triggered flip-flop clocked by clk)
Endpoint: _1248_ (rising edge-triggered flip-flop clocked by clk)
Path Group: clk
Path Type: min

Fanout         Cap        Slew       Delay        Time   Description
---------------------------------------------------------------------------------------------
                                  0.000000    0.000000   clock clk (rise edge)
                                  0.000000    0.000000   clock source latency
   202    0.502531    2.236611    1.464288    1.464288 ^ clk (in)
                                                         clk (net)
                      2.236733    0.000000    1.464288 ^ _1248_/CLK (sky130_fd_sc_hd__dfrtp_2)
     2    0.004072    0.045415    0.625902    2.090190 ^ _1248_/Q (sky130_fd_sc_hd__dfrtp_2)
                                                         window0[2] (net)
                      0.045415    0.000003    2.090193 ^ _1046_/A0 (sky130_fd_sc_hd__mux2_1)
     1    0.002160    0.038251    0.103967    2.194160 ^ _1046_/X (sky130_fd_sc_hd__mux2_1)
                                                         _0198_ (net)
                      0.038251    0.000002    2.194162 ^ _1248_/D (sky130_fd_sc_hd__dfrtp_2)
                                              2.194162   data arrival time

                                  0.000000    0.000000   clock clk (rise edge)
                                  0.000000    0.000000   clock source latency
   202    0.502531    2.236611    1.618423    1.618423 ^ clk (in)
                                                         clk (net)
                      2.236733    0.000000    1.618423 ^ _1248_/CLK (sky130_fd_sc_hd__dfrtp_2)
                                  0.250000    1.868423   clock uncertainty
                                 -0.154135    1.714288   clock reconvergence pessimism
                                  0.074288    1.788576   library hold time
                                              1.788576   data required time
---------------------------------------------------------------------------------------------
                                              1.788576   data required time
                                             -2.194162   data arrival time
---------------------------------------------------------------------------------------------
                                              0.405586   slack (MET)


Startpoint: _1242_ (rising edge-triggered flip-flop clocked by clk)
Endpoint: _1242_ (rising edge-triggered flip-flop clocked by clk)
Path Group: clk
Path Type: min

Fanout         Cap        Slew       Delay        Time   Description
---------------------------------------------------------------------------------------------
                                  0.000000    0.000000   clock clk (rise edge)
                                  0.000000    0.000000   clock source latency
   202    0.502531    2.236611    1.473467    1.473467 ^ clk (in)
                                                         clk (net)
                      2.236968    0.000000    1.473467 ^ _1242_/CLK (sky130_fd_sc_hd__dfrtp_2)
     4    0.012403    0.065316    0.680719    2.154186 v _1242_/Q (sky130_fd_sc_hd__dfrtp_2)
                                                         phase[3] (net)
                      0.065316    0.000008    2.154194 v _0542_/A1 (sky130_fd_sc_hd__a21bo_2)
     1    0.002094    0.030698    0.180090    2.334285 v _0542_/X (sky130_fd_sc_hd__a21bo_2)
                                                         _0004_ (net)
                      0.030698    0.000002    2.334286 v _1242_/D (sky130_fd_sc_hd__dfrtp_2)
                                              2.334286   data arrival time

                                  0.000000    0.000000   clock clk (rise edge)
                                  0.000000    0.000000   clock source latency
   202    0.502531    2.236611    1.628569    1.628569 ^ clk (in)
                                                         clk (net)
                      2.236968    0.000000    1.628569 ^ _1242_/CLK (sky130_fd_sc_hd__dfrtp_2)
                                  0.250000    1.878568   clock uncertainty
                                 -0.155102    1.723467   clock reconvergence pessimism
                                  0.204231    1.927698   library hold time
                                              1.927698   data required time
---------------------------------------------------------------------------------------------
                                              1.927698   data required time
                                             -2.334286   data arrival time
---------------------------------------------------------------------------------------------
                                              0.406588   slack (MET)


Startpoint: _1249_ (rising edge-triggered flip-flop clocked by clk)
Endpoint: _1249_ (rising edge-triggered flip-flop clocked by clk)
Path Group: clk
Path Type: min

Fanout         Cap        Slew       Delay        Time   Description
---------------------------------------------------------------------------------------------
                                  0.000000    0.000000   clock clk (rise edge)
                                  0.000000    0.000000   clock source latency
   202    0.502531    2.236611    1.453926    1.453926 ^ clk (in)
                                                         clk (net)
                      2.236616    0.000000    1.453926 ^ _1249_/CLK (sky130_fd_sc_hd__dfrtp_2)
     2    0.003983    0.044987    0.625388    2.079314 ^ _1249_/Q (sky130_fd_sc_hd__dfrtp_2)
                                                         window0[3] (net)
                      0.044987    0.000003    2.079317 ^ _1047_/A0 (sky130_fd_sc_hd__mux2_1)
     1    0.002365    0.039848    0.105391    2.184708 ^ _1047_/X (sky130_fd_sc_hd__mux2_1)
                                                         _0199_ (net)
                      0.039848    0.000003    2.184711 ^ _1249_/D (sky130_fd_sc_hd__dfrtp_2)
                                              2.184711   data arrival time

                                  0.000000    0.000000   clock clk (rise edge)
                                  0.000000    0.000000   clock source latency
   202    0.502531    2.236611    1.606971    1.606971 ^ clk (in)
                                                         clk (net)
                      2.236616    0.000000    1.606971 ^ _1249_/CLK (sky130_fd_sc_hd__dfrtp_2)
                                  0.250000    1.856971   clock uncertainty
                                 -0.153045    1.703926   clock reconvergence pessimism
                                  0.073986    1.777912   library hold time
                                              1.777912   data required time
---------------------------------------------------------------------------------------------
                                              1.777912   data required time
                                             -2.184711   data arrival time
---------------------------------------------------------------------------------------------
                                              0.406799   slack (MET)


Startpoint: _1246_ (rising edge-triggered flip-flop clocked by clk)
Endpoint: _1246_ (rising edge-triggered flip-flop clocked by clk)
Path Group: clk
Path Type: min

Fanout         Cap        Slew       Delay        Time   Description
---------------------------------------------------------------------------------------------
                                  0.000000    0.000000   clock clk (rise edge)
                                  0.000000    0.000000   clock source latency
   202    0.502531    2.236611    1.466175    1.466175 ^ clk (in)
                                                         clk (net)
                      2.236772    0.000000    1.466175 ^ _1246_/CLK (sky130_fd_sc_hd__dfrtp_2)
     2    0.004410    0.046994    0.627670    2.093845 ^ _1246_/Q (sky130_fd_sc_hd__dfrtp_2)
                                                         window0[0] (net)
                      0.046994    0.000005    2.093850 ^ _1044_/A0 (sky130_fd_sc_hd__mux2_1)
     1    0.002065    0.037513    0.103762    2.197612 ^ _1044_/X (sky130_fd_sc_hd__mux2_1)
                                                         _0196_ (net)
                      0.037513    0.000000    2.197613 ^ _1246_/D (sky130_fd_sc_hd__dfrtp_2)
                                              2.197613   data arrival time

                                  0.000000    0.000000   clock clk (rise edge)
                                  0.000000    0.000000   clock source latency
   202    0.502531    2.236611    1.620509    1.620509 ^ clk (in)
                                                         clk (net)
                      2.236772    0.000000    1.620509 ^ _1246_/CLK (sky130_fd_sc_hd__dfrtp_2)
                                  0.250000    1.870509   clock uncertainty
                                 -0.154334    1.716175   clock reconvergence pessimism
                                  0.074427    1.790602   library hold time
                                              1.790602   data required time
---------------------------------------------------------------------------------------------
                                              1.790602   data required time
                                             -2.197613   data arrival time
---------------------------------------------------------------------------------------------
                                              0.407011   slack (MET)


Startpoint: _1104_ (rising edge-triggered flip-flop clocked by clk)
Endpoint: _1104_ (rising edge-triggered flip-flop clocked by clk)
Path Group: clk
Path Type: min

Fanout         Cap        Slew       Delay        Time   Description
---------------------------------------------------------------------------------------------
                                  0.000000    0.000000   clock clk (rise edge)
                                  0.000000    0.000000   clock source latency
   202    0.502531    2.236611    1.461623    1.461623 ^ clk (in)
                                                         clk (net)
                      2.236688    0.000000    1.461623 ^ _1104_/CLK (sky130_fd_sc_hd__dfrtp_2)
     2    0.004053    0.045324    0.625791    2.087415 ^ _1104_/Q (sky130_fd_sc_hd__dfrtp_2)
                                                         coeff6[4] (net)
                      0.045324    0.000006    2.087420 ^ _0613_/A1 (sky130_fd_sc_hd__mux2_1)
     1    0.002135    0.037583    0.106412    2.193832 ^ _0613_/X (sky130_fd_sc_hd__mux2_1)
                                                         _0061_ (net)
                      0.037583    0.000001    2.193833 ^ _1104_/D (sky130_fd_sc_hd__dfrtp_2)
                                              2.193833   data arrival time

                                  0.000000    0.000000   clock clk (rise edge)
                                  0.000000    0.000000   clock source latency
   202    0.502531    2.236611    1.615479    1.615479 ^ clk (in)
                                                         clk (net)
                      2.236688    0.000000    1.615479 ^ _1104_/CLK (sky130_fd_sc_hd__dfrtp_2)
                                  0.250000    1.865479   clock uncertainty
                                 -0.153855    1.711623   clock reconvergence pessimism
                                  0.074412    1.786035   library hold time
                                              1.786035   data required time
---------------------------------------------------------------------------------------------
                                              1.786035   data required time
                                             -2.193833   data arrival time
---------------------------------------------------------------------------------------------
                                              0.407798   slack (MET)


Startpoint: _1097_ (rising edge-triggered flip-flop clocked by clk)
Endpoint: _1097_ (rising edge-triggered flip-flop clocked by clk)
Path Group: clk
Path Type: min

Fanout         Cap        Slew       Delay        Time   Description
---------------------------------------------------------------------------------------------
                                  0.000000    0.000000   clock clk (rise edge)
                                  0.000000    0.000000   clock source latency
   202    0.502531    2.236611    1.457468    1.457468 ^ clk (in)
                                                         clk (net)
                      2.236639    0.000000    1.457468 ^ _1097_/CLK (sky130_fd_sc_hd__dfrtp_2)
     2    0.003872    0.044455    0.624766    2.082235 ^ _1097_/Q (sky130_fd_sc_hd__dfrtp_2)
                                                         coeff5[5] (net)
                      0.044455    0.000003    2.082238 ^ _0605_/A1 (sky130_fd_sc_hd__mux2_1)
     1    0.002282    0.038741    0.107236    2.189474 ^ _0605_/X (sky130_fd_sc_hd__mux2_1)
                                                         _0054_ (net)
                      0.038741    0.000003    2.189476 ^ _1097_/D (sky130_fd_sc_hd__dfrtp_2)
                                              2.189476   data arrival time

                                  0.000000    0.000000   clock clk (rise edge)
                                  0.000000    0.000000   clock source latency
   202    0.502531    2.236611    1.610886    1.610886 ^ clk (in)
                                                         clk (net)
                      2.236639    0.000000    1.610886 ^ _1097_/CLK (sky130_fd_sc_hd__dfrtp_2)
                                  0.250000    1.860886   clock uncertainty
                                 -0.153418    1.707468   clock reconvergence pessimism
                                  0.074194    1.781663   library hold time
                                              1.781663   data required time
---------------------------------------------------------------------------------------------
                                              1.781663   data required time
                                             -2.189476   data arrival time
---------------------------------------------------------------------------------------------
                                              0.407814   slack (MET)


Startpoint: _1083_ (rising edge-triggered flip-flop clocked by clk)
Endpoint: _1083_ (rising edge-triggered flip-flop clocked by clk)
Path Group: clk
Path Type: min

Fanout         Cap        Slew       Delay        Time   Description
---------------------------------------------------------------------------------------------
                                  0.000000    0.000000   clock clk (rise edge)
                                  0.000000    0.000000   clock source latency
   202    0.502531    2.236611    1.464010    1.464010 ^ clk (in)
                                                         clk (net)
                      2.236728    0.000000    1.464010 ^ _1083_/CLK (sky130_fd_sc_hd__dfrtp_2)
     2    0.004547    0.047583    0.628224    2.092234 ^ _1083_/Q (sky130_fd_sc_hd__dfrtp_2)
                                                         coeff3[7] (net)
                      0.047583    0.000005    2.092239 ^ _0588_/A0 (sky130_fd_sc_hd__mux2_1)
     1    0.002104    0.037285    0.104249    2.196488 ^ _0588_/X (sky130_fd_sc_hd__mux2_1)
                                                         _0040_ (net)
                      0.037285    0.000001    2.196489 ^ _1083_/D (sky130_fd_sc_hd__dfrtp_2)
                                              2.196489   data arrival time

                                  0.000000    0.000000   clock clk (rise edge)
                                  0.000000    0.000000   clock source latency
   202    0.502531    2.236611    1.618116    1.618116 ^ clk (in)
                                                         clk (net)
                      2.236728    0.000000    1.618116 ^ _1083_/CLK (sky130_fd_sc_hd__dfrtp_2)
                                  0.250000    1.868116   clock uncertainty
                                 -0.154106    1.714010   clock reconvergence pessimism
                                  0.074469    1.788478   library hold time
                                              1.788478   data required time
---------------------------------------------------------------------------------------------
                                              1.788478   data required time
                                             -2.196489   data arrival time
---------------------------------------------------------------------------------------------
                                              0.408011   slack (MET)


Startpoint: _1203_ (rising edge-triggered flip-flop clocked by clk)
Endpoint: _1203_ (rising edge-triggered flip-flop clocked by clk)
Path Group: clk
Path Type: min

Fanout         Cap        Slew       Delay        Time   Description
---------------------------------------------------------------------------------------------
                                  0.000000    0.000000   clock clk (rise edge)
                                  0.000000    0.000000   clock source latency
   202    0.502531    2.236611    1.475658    1.475658 ^ clk (in)
                                                         clk (net)
                      2.237042    0.000000    1.475658 ^ _1203_/CLK (sky130_fd_sc_hd__dfrtp_2)
     2    0.004096    0.045532    0.626071    2.101729 ^ _1203_/Q (sky130_fd_sc_hd__dfrtp_2)
                                                         add_stage1.a[7] (net)
                      0.045532    0.000006    2.101735 ^ _1004_/A1 (sky130_fd_sc_hd__mux2_1)
     1    0.002138    0.037584    0.106498    2.208233 ^ _1004_/X (sky130_fd_sc_hd__mux2_1)
                                                         _0160_ (net)
                      0.037584    0.000001    2.208234 ^ _1203_/D (sky130_fd_sc_hd__dfrtp_2)
                                              2.208234   data arrival time

                                  0.000000    0.000000   clock clk (rise edge)
                                  0.000000    0.000000   clock source latency
   202    0.502531    2.236611    1.630990    1.630990 ^ clk (in)
                                                         clk (net)
                      2.237042    0.000000    1.630990 ^ _1203_/CLK (sky130_fd_sc_hd__dfrtp_2)
                                  0.250000    1.880990   clock uncertainty
                                 -0.155332    1.725658   clock reconvergence pessimism
                                  0.074421    1.800079   library hold time
                                              1.800079   data required time
---------------------------------------------------------------------------------------------
                                              1.800079   data required time
                                             -2.208234   data arrival time
---------------------------------------------------------------------------------------------
                                              0.408156   slack (MET)


Startpoint: _1057_ (rising edge-triggered flip-flop clocked by clk)
Endpoint: _1057_ (rising edge-triggered flip-flop clocked by clk)
Path Group: clk
Path Type: min

Fanout         Cap        Slew       Delay        Time   Description
---------------------------------------------------------------------------------------------
                                  0.000000    0.000000   clock clk (rise edge)
                                  0.000000    0.000000   clock source latency
   202    0.502531    2.236611    1.460758    1.460758 ^ clk (in)
                                                         clk (net)
                      2.236676    0.000000    1.460758 ^ _1057_/CLK (sky130_fd_sc_hd__dfrtp_2)
     2    0.004322    0.046612    0.627298    2.088057 ^ _1057_/Q (sky130_fd_sc_hd__dfrtp_2)
                                                         coeff0[5] (net)
                      0.046612    0.000005    2.088061 ^ _0558_/A0 (sky130_fd_sc_hd__mux2_1)
     1    0.002259    0.038517    0.105112    2.193173 ^ _0558_/X (sky130_fd_sc_hd__mux2_1)
                                                         _0014_ (net)
                      0.038517    0.000002    2.193176 ^ _1057_/D (sky130_fd_sc_hd__dfrtp_2)
                                              2.193176   data arrival time

                                  0.000000    0.000000   clock clk (rise edge)
                                  0.000000    0.000000   clock source latency
   202    0.502531    2.236611    1.614522    1.614522 ^ clk (in)
                                                         clk (net)
                      2.236676    0.000000    1.614522 ^ _1057_/CLK (sky130_fd_sc_hd__dfrtp_2)
                                  0.250000    1.864522   clock uncertainty
                                 -0.153764    1.710758   clock reconvergence pessimism
                                  0.074237    1.784995   library hold time
                                              1.784995   data required time
---------------------------------------------------------------------------------------------
                                              1.784995   data required time
                                             -2.193176   data arrival time
---------------------------------------------------------------------------------------------
                                              0.408181   slack (MET)


Startpoint: _1090_ (rising edge-triggered flip-flop clocked by clk)
Endpoint: _1090_ (rising edge-triggered flip-flop clocked by clk)
Path Group: clk
Path Type: min

Fanout         Cap        Slew       Delay        Time   Description
---------------------------------------------------------------------------------------------
                                  0.000000    0.000000   clock clk (rise edge)
                                  0.000000    0.000000   clock source latency
   202    0.502531    2.236611    1.455132    1.455132 ^ clk (in)
                                                         clk (net)
                      2.236622    0.000000    1.455132 ^ _1090_/CLK (sky130_fd_sc_hd__dfrtp_2)
     2    0.004087    0.045487    0.625975    2.081107 ^ _1090_/Q (sky130_fd_sc_hd__dfrtp_2)
                                                         coeff4[6] (net)
                      0.045487    0.000006    2.081114 ^ _0597_/A1 (sky130_fd_sc_hd__mux2_1)
     1    0.002161    0.037785    0.106659    2.187773 ^ _0597_/X (sky130_fd_sc_hd__mux2_1)
                                                         _0047_ (net)
                      0.037785    0.000001    2.187774 ^ _1090_/D (sky130_fd_sc_hd__dfrtp_2)
                                              2.187774   data arrival time

                                  0.000000    0.000000   clock clk (rise edge)
                                  0.000000    0.000000   clock source latency
   202    0.502531    2.236611    1.608304    1.608304 ^ clk (in)
                                                         clk (net)
                      2.236622    0.000000    1.608304 ^ _1090_/CLK (sky130_fd_sc_hd__dfrtp_2)
                                  0.250000    1.858304   clock uncertainty
                                 -0.153172    1.705132   clock reconvergence pessimism
                                  0.074372    1.779505   library hold time
                                              1.779505   data required time
---------------------------------------------------------------------------------------------
                                              1.779505   data required time
                                             -2.187774   data arrival time
---------------------------------------------------------------------------------------------
                                              0.408269   slack (MET)


Startpoint: _1105_ (rising edge-triggered flip-flop clocked by clk)
Endpoint: _1105_ (rising edge-triggered flip-flop clocked by clk)
Path Group: clk
Path Type: min

Fanout         Cap        Slew       Delay        Time   Description
---------------------------------------------------------------------------------------------
                                  0.000000    0.000000   clock clk (rise edge)
                                  0.000000    0.000000   clock source latency
   202    0.502531    2.236611    1.457465    1.457465 ^ clk (in)
                                                         clk (net)
                      2.236639    0.000000    1.457465 ^ _1105_/CLK (sky130_fd_sc_hd__dfrtp_2)
     2    0.003880    0.044495    0.624814    2.082278 ^ _1105_/Q (sky130_fd_sc_hd__dfrtp_2)
                                                         coeff6[5] (net)
                      0.044495    0.000004    2.082283 ^ _0614_/A1 (sky130_fd_sc_hd__mux2_1)
     1    0.002353    0.039305    0.107789    2.190072 ^ _0614_/X (sky130_fd_sc_hd__mux2_1)
                                                         _0062_ (net)
                      0.039305    0.000004    2.190075 ^ _1105_/D (sky130_fd_sc_hd__dfrtp_2)
                                              2.190075   data arrival time

                                  0.000000    0.000000   clock clk (rise edge)
                                  0.000000    0.000000   clock source latency
   202    0.502531    2.236611    1.610882    1.610882 ^ clk (in)
                                                         clk (net)
                      2.236639    0.000000    1.610882 ^ _1105_/CLK (sky130_fd_sc_hd__dfrtp_2)
                                  0.250000    1.860882   clock uncertainty
                                 -0.153417    1.707465   clock reconvergence pessimism
                                  0.074089    1.781554   library hold time
                                              1.781554   data required time
---------------------------------------------------------------------------------------------
                                              1.781554   data required time
                                             -2.190075   data arrival time
---------------------------------------------------------------------------------------------
                                              0.408522   slack (MET)


Startpoint: _1200_ (rising edge-triggered flip-flop clocked by clk)
Endpoint: _1200_ (rising edge-triggered flip-flop clocked by clk)
Path Group: clk
Path Type: min

Fanout         Cap        Slew       Delay        Time   Description
---------------------------------------------------------------------------------------------
                                  0.000000    0.000000   clock clk (rise edge)
                                  0.000000    0.000000   clock source latency
   202    0.502531    2.236611    1.475668    1.475668 ^ clk (in)
                                                         clk (net)
                      2.237042    0.000000    1.475668 ^ _1200_/CLK (sky130_fd_sc_hd__dfrtp_2)
     2    0.004224    0.046145    0.626791    2.102459 ^ _1200_/Q (sky130_fd_sc_hd__dfrtp_2)
                                                         add_stage1.a[4] (net)
                      0.046145    0.000005    2.102463 ^ _0988_/A1 (sky130_fd_sc_hd__mux2_1)
     1    0.002077    0.037102    0.106238    2.208702 ^ _0988_/X (sky130_fd_sc_hd__mux2_1)
                                                         _0157_ (net)
                      0.037102    0.000000    2.208702 ^ _1200_/D (sky130_fd_sc_hd__dfrtp_2)
                                              2.208702   data arrival time

                                  0.000000    0.000000   clock clk (rise edge)
                                  0.000000    0.000000   clock source latency
   202    0.502531    2.236611    1.631002    1.631002 ^ clk (in)
                                                         clk (net)
                      2.237042    0.000000    1.631002 ^ _1200_/CLK (sky130_fd_sc_hd__dfrtp_2)
                                  0.250000    1.881002   clock uncertainty
                                 -0.155333    1.725668   clock reconvergence pessimism
                                  0.074511    1.800179   library hold time
                                              1.800179   data required time
---------------------------------------------------------------------------------------------
                                              1.800179   data required time
                                             -2.208702   data arrival time
---------------------------------------------------------------------------------------------
                                              0.408523   slack (MET)


Startpoint: _1106_ (rising edge-triggered flip-flop clocked by clk)
Endpoint: _1106_ (rising edge-triggered flip-flop clocked by clk)
Path Group: clk
Path Type: min

Fanout         Cap        Slew       Delay        Time   Description
---------------------------------------------------------------------------------------------
                                  0.000000    0.000000   clock clk (rise edge)
                                  0.000000    0.000000   clock source latency
   202    0.502531    2.236611    1.454566    1.454566 ^ clk (in)
                                                         clk (net)
                      2.236619    0.000000    1.454566 ^ _1106_/CLK (sky130_fd_sc_hd__dfrtp_2)
     2    0.004085    0.045477    0.625964    2.080530 ^ _1106_/Q (sky130_fd_sc_hd__dfrtp_2)
                                                         coeff6[6] (net)
                      0.045477    0.000004    2.080533 ^ _0615_/A1 (sky130_fd_sc_hd__mux2_1)
     1    0.002198    0.038075    0.106933    2.187467 ^ _0615_/X (sky130_fd_sc_hd__mux2_1)
                                                         _0063_ (net)
                      0.038075    0.000002    2.187469 ^ _1106_/D (sky130_fd_sc_hd__dfrtp_2)
                                              2.187469   data arrival time

                                  0.000000    0.000000   clock clk (rise edge)
                                  0.000000    0.000000   clock source latency
   202    0.502531    2.236611    1.607678    1.607678 ^ clk (in)
                                                         clk (net)
                      2.236619    0.000000    1.607678 ^ _1106_/CLK (sky130_fd_sc_hd__dfrtp_2)
                                  0.250000    1.857678   clock uncertainty
                                 -0.153112    1.704566   clock reconvergence pessimism
                                  0.074318    1.778884   library hold time
                                              1.778884   data required time
---------------------------------------------------------------------------------------------
                                              1.778884   data required time
                                             -2.187469   data arrival time
---------------------------------------------------------------------------------------------
                                              0.408584   slack (MET)


Startpoint: _1059_ (rising edge-triggered flip-flop clocked by clk)
Endpoint: _1059_ (rising edge-triggered flip-flop clocked by clk)
Path Group: clk
Path Type: min

Fanout         Cap        Slew       Delay        Time   Description
---------------------------------------------------------------------------------------------
                                  0.000000    0.000000   clock clk (rise edge)
                                  0.000000    0.000000   clock source latency
   202    0.502531    2.236611    1.464006    1.464006 ^ clk (in)
                                                         clk (net)
                      2.236728    0.000000    1.464006 ^ _1059_/CLK (sky130_fd_sc_hd__dfrtp_2)
     2    0.004639    0.047975    0.628596    2.092602 ^ _1059_/Q (sky130_fd_sc_hd__dfrtp_2)
                                                         coeff0[7] (net)
                      0.047975    0.000005    2.092608 ^ _0560_/A0 (sky130_fd_sc_hd__mux2_1)
     1    0.002114    0.037373    0.104457    2.197064 ^ _0560_/X (sky130_fd_sc_hd__mux2_1)
                                                         _0016_ (net)
                      0.037373    0.000001    2.197066 ^ _1059_/D (sky130_fd_sc_hd__dfrtp_2)
                                              2.197066   data arrival time

                                  0.000000    0.000000   clock clk (rise edge)
                                  0.000000    0.000000   clock source latency
   202    0.502531    2.236611    1.618112    1.618112 ^ clk (in)
                                                         clk (net)
                      2.236728    0.000000    1.618112 ^ _1059_/CLK (sky130_fd_sc_hd__dfrtp_2)
                                  0.250000    1.868112   clock uncertainty
                                 -0.154106    1.714006   clock reconvergence pessimism
                                  0.074452    1.788458   library hold time
                                              1.788458   data required time
---------------------------------------------------------------------------------------------
                                              1.788458   data required time
                                             -2.197066   data arrival time
---------------------------------------------------------------------------------------------
                                              0.408607   slack (MET)


Startpoint: _1198_ (rising edge-triggered flip-flop clocked by clk)
Endpoint: _1198_ (rising edge-triggered flip-flop clocked by clk)
Path Group: clk
Path Type: min

Fanout         Cap        Slew       Delay        Time   Description
---------------------------------------------------------------------------------------------
                                  0.000000    0.000000   clock clk (rise edge)
                                  0.000000    0.000000   clock source latency
   202    0.502531    2.236611    1.475187    1.475187 ^ clk (in)
                                                         clk (net)
                      2.237025    0.000000    1.475187 ^ _1198_/CLK (sky130_fd_sc_hd__dfrtp_2)
     2    0.004253    0.046284    0.626951    2.102138 ^ _1198_/Q (sky130_fd_sc_hd__dfrtp_2)
                                                         add_stage1.a[2] (net)
                      0.046284    0.000005    2.102143 ^ _0977_/A1 (sky130_fd_sc_hd__mux2_1)
     1    0.002065    0.037005    0.106190    2.208333 ^ _0977_/X (sky130_fd_sc_hd__mux2_1)
                                                         _0155_ (net)
                      0.037005    0.000000    2.208333 ^ _1198_/D (sky130_fd_sc_hd__dfrtp_2)
                                              2.208333   data arrival time

                                  0.000000    0.000000   clock clk (rise edge)
                                  0.000000    0.000000   clock source latency
   202    0.502531    2.236611    1.630469    1.630469 ^ clk (in)
                                                         clk (net)
                      2.237025    0.000000    1.630469 ^ _1198_/CLK (sky130_fd_sc_hd__dfrtp_2)
                                  0.250000    1.880469   clock uncertainty
                                 -0.155283    1.725187   clock reconvergence pessimism
                                  0.074529    1.799715   library hold time
                                              1.799715   data required time
---------------------------------------------------------------------------------------------
                                              1.799715   data required time
                                             -2.208333   data arrival time
---------------------------------------------------------------------------------------------
                                              0.408618   slack (MET)


Startpoint: _1247_ (rising edge-triggered flip-flop clocked by clk)
Endpoint: _1247_ (rising edge-triggered flip-flop clocked by clk)
Path Group: clk
Path Type: min

Fanout         Cap        Slew       Delay        Time   Description
---------------------------------------------------------------------------------------------
                                  0.000000    0.000000   clock clk (rise edge)
                                  0.000000    0.000000   clock source latency
   202    0.502531    2.236611    1.466536    1.466536 ^ clk (in)
                                                         clk (net)
                      2.236779    0.000000    1.466536 ^ _1247_/CLK (sky130_fd_sc_hd__dfrtp_2)
     2    0.004627    0.047925    0.628554    2.095090 ^ _1247_/Q (sky130_fd_sc_hd__dfrtp_2)
                                                         window0[1] (net)
                      0.047925    0.000005    2.095095 ^ _1045_/A0 (sky130_fd_sc_hd__mux2_1)
     1    0.002113    0.037881    0.104428    2.199524 ^ _1045_/X (sky130_fd_sc_hd__mux2_1)
                                                         _0197_ (net)
                      0.037881    0.000001    2.199525 ^ _1247_/D (sky130_fd_sc_hd__dfrtp_2)
                                              2.199525   data arrival time

                                  0.000000    0.000000   clock clk (rise edge)
                                  0.000000    0.000000   clock source latency
   202    0.502531    2.236611    1.620908    1.620908 ^ clk (in)
                                                         clk (net)
                      2.236779    0.000000    1.620908 ^ _1247_/CLK (sky130_fd_sc_hd__dfrtp_2)
                                  0.250000    1.870908   clock uncertainty
                                 -0.154372    1.716536   clock reconvergence pessimism
                                  0.074358    1.790895   library hold time
                                              1.790895   data required time
---------------------------------------------------------------------------------------------
                                              1.790895   data required time
                                             -2.199525   data arrival time
---------------------------------------------------------------------------------------------
                                              0.408630   slack (MET)


Startpoint: _1202_ (rising edge-triggered flip-flop clocked by clk)
Endpoint: _1202_ (rising edge-triggered flip-flop clocked by clk)
Path Group: clk
Path Type: min

Fanout         Cap        Slew       Delay        Time   Description
---------------------------------------------------------------------------------------------
                                  0.000000    0.000000   clock clk (rise edge)
                                  0.000000    0.000000   clock source latency
   202    0.502531    2.236611    1.475735    1.475735 ^ clk (in)
                                                         clk (net)
                      2.237044    0.000000    1.475735 ^ _1202_/CLK (sky130_fd_sc_hd__dfrtp_2)
     2    0.004194    0.046000    0.626620    2.102355 ^ _1202_/Q (sky130_fd_sc_hd__dfrtp_2)
                                                         add_stage1.a[6] (net)
                      0.046000    0.000006    2.102361 ^ _1000_/A1 (sky130_fd_sc_hd__mux2_1)
     1    0.002113    0.037387    0.106463    2.208824 ^ _1000_/X (sky130_fd_sc_hd__mux2_1)
                                                         _0159_ (net)
                      0.037387    0.000001    2.208825 ^ _1202_/D (sky130_fd_sc_hd__dfrtp_2)
                                              2.208825   data arrival time

                                  0.000000    0.000000   clock clk (rise edge)
                                  0.000000    0.000000   clock source latency
   202    0.502531    2.236611    1.631075    1.631075 ^ clk (in)
                                                         clk (net)
                      2.237044    0.000000    1.631075 ^ _1202_/CLK (sky130_fd_sc_hd__dfrtp_2)
                                  0.250000    1.881075   clock uncertainty
                                 -0.155341    1.725735   clock reconvergence pessimism
                                  0.074458    1.800192   library hold time
                                              1.800192   data required time
---------------------------------------------------------------------------------------------
                                              1.800192   data required time
                                             -2.208825   data arrival time
---------------------------------------------------------------------------------------------
                                              0.408633   slack (MET)


Startpoint: _1075_ (rising edge-triggered flip-flop clocked by clk)
Endpoint: _1075_ (rising edge-triggered flip-flop clocked by clk)
Path Group: clk
Path Type: min

Fanout         Cap        Slew       Delay        Time   Description
---------------------------------------------------------------------------------------------
                                  0.000000    0.000000   clock clk (rise edge)
                                  0.000000    0.000000   clock source latency
   202    0.502531    2.236611    1.464227    1.464227 ^ clk (in)
                                                         clk (net)
                      2.236732    0.000000    1.464227 ^ _1075_/CLK (sky130_fd_sc_hd__dfrtp_2)
     2    0.004588    0.047757    0.628390    2.092618 ^ _1075_/Q (sky130_fd_sc_hd__dfrtp_2)
                                                         coeff2[7] (net)
                      0.047757    0.000004    2.092622 ^ _0578_/A0 (sky130_fd_sc_hd__mux2_1)
     1    0.002149    0.037643    0.104647    2.197268 ^ _0578_/X (sky130_fd_sc_hd__mux2_1)
                                                         _0032_ (net)
                      0.037643    0.000001    2.197270 ^ _1075_/D (sky130_fd_sc_hd__dfrtp_2)
                                              2.197270   data arrival time

                                  0.000000    0.000000   clock clk (rise edge)
                                  0.000000    0.000000   clock source latency
   202    0.502531    2.236611    1.618357    1.618357 ^ clk (in)
                                                         clk (net)
                      2.236732    0.000000    1.618357 ^ _1075_/CLK (sky130_fd_sc_hd__dfrtp_2)
                                  0.250000    1.868357   clock uncertainty
                                 -0.154129    1.714227   clock reconvergence pessimism
                                  0.074402    1.788629   library hold time
                                              1.788629   data required time
---------------------------------------------------------------------------------------------
                                              1.788629   data required time
                                             -2.197270   data arrival time
---------------------------------------------------------------------------------------------
                                              0.408640   slack (MET)


Startpoint: _1103_ (rising edge-triggered flip-flop clocked by clk)
Endpoint: _1103_ (rising edge-triggered flip-flop clocked by clk)
Path Group: clk
Path Type: min

Fanout         Cap        Slew       Delay        Time   Description
---------------------------------------------------------------------------------------------
                                  0.000000    0.000000   clock clk (rise edge)
                                  0.000000    0.000000   clock source latency
   202    0.502531    2.236611    1.454540    1.454540 ^ clk (in)
                                                         clk (net)
                      2.236619    0.000000    1.454540 ^ _1103_/CLK (sky130_fd_sc_hd__dfrtp_2)
     2    0.004132    0.045705    0.626231    2.080771 ^ _1103_/Q (sky130_fd_sc_hd__dfrtp_2)
                                                         coeff6[3] (net)
                      0.045705    0.000004    2.080775 ^ _0612_/A1 (sky130_fd_sc_hd__mux2_1)
     1    0.002197    0.038071    0.107004    2.187778 ^ _0612_/X (sky130_fd_sc_hd__mux2_1)
                                                         _0060_ (net)
                      0.038071    0.000002    2.187780 ^ _1103_/D (sky130_fd_sc_hd__dfrtp_2)
                                              2.187780   data arrival time

                                  0.000000    0.000000   clock clk (rise edge)
                                  0.000000    0.000000   clock source latency
   202    0.502531    2.236611    1.607649    1.607649 ^ clk (in)
                                                         clk (net)
                      2.236619    0.000000    1.607649 ^ _1103_/CLK (sky130_fd_sc_hd__dfrtp_2)
                                  0.250000    1.857649   clock uncertainty
                                 -0.153109    1.704540   clock reconvergence pessimism
                                  0.074319    1.778859   library hold time
                                              1.778859   data required time
---------------------------------------------------------------------------------------------
                                              1.778859   data required time
                                             -2.187780   data arrival time
---------------------------------------------------------------------------------------------
                                              0.408921   slack (MET)


Startpoint: _1066_ (rising edge-triggered flip-flop clocked by clk)
Endpoint: _1066_ (rising edge-triggered flip-flop clocked by clk)
Path Group: clk
Path Type: min

Fanout         Cap        Slew       Delay        Time   Description
---------------------------------------------------------------------------------------------
                                  0.000000    0.000000   clock clk (rise edge)
                                  0.000000    0.000000   clock source latency
   202    0.502531    2.236611    1.454586    1.454586 ^ clk (in)
                                                         clk (net)
                      2.236619    0.000000    1.454586 ^ _1066_/CLK (sky130_fd_sc_hd__dfrtp_2)
     2    0.004671    0.048114    0.628716    2.083302 ^ _1066_/Q (sky130_fd_sc_hd__dfrtp_2)
                                                         coeff1[6] (net)
                      0.048114    0.000003    2.083306 ^ _0568_/A0 (sky130_fd_sc_hd__mux2_1)
     1    0.002152    0.037670    0.104793    2.188098 ^ _0568_/X (sky130_fd_sc_hd__mux2_1)
                                                         _0023_ (net)
                      0.037670    0.000001    2.188100 ^ _1066_/D (sky130_fd_sc_hd__dfrtp_2)
                                              2.188100   data arrival time

                                  0.000000    0.000000   clock clk (rise edge)
                                  0.000000    0.000000   clock source latency
   202    0.502531    2.236611    1.607700    1.607700 ^ clk (in)
                                                         clk (net)
                      2.236619    0.000000    1.607700 ^ _1066_/CLK (sky130_fd_sc_hd__dfrtp_2)
                                  0.250000    1.857700   clock uncertainty
                                 -0.153114    1.704586   clock reconvergence pessimism
                                  0.074394    1.778980   library hold time
                                              1.778980   data required time
---------------------------------------------------------------------------------------------
                                              1.778980   data required time
                                             -2.188100   data arrival time
---------------------------------------------------------------------------------------------
                                              0.409120   slack (MET)


Startpoint: _1067_ (rising edge-triggered flip-flop clocked by clk)
Endpoint: _1067_ (rising edge-triggered flip-flop clocked by clk)
Path Group: clk
Path Type: min

Fanout         Cap        Slew       Delay        Time   Description
---------------------------------------------------------------------------------------------
                                  0.000000    0.000000   clock clk (rise edge)
                                  0.000000    0.000000   clock source latency
   202    0.502531    2.236611    1.463888    1.463888 ^ clk (in)
                                                         clk (net)
                      2.236726    0.000000    1.463888 ^ _1067_/CLK (sky130_fd_sc_hd__dfrtp_2)
     2    0.004558    0.047629    0.628268    2.092155 ^ _1067_/Q (sky130_fd_sc_hd__dfrtp_2)
                                                         coeff1[7] (net)
                      0.047629    0.000002    2.092158 ^ _0569_/A0 (sky130_fd_sc_hd__mux2_1)
     1    0.002230    0.038281    0.105222    2.197380 ^ _0569_/X (sky130_fd_sc_hd__mux2_1)
                                                         _0024_ (net)
                      0.038281    0.000002    2.197382 ^ _1067_/D (sky130_fd_sc_hd__dfrtp_2)
                                              2.197382   data arrival time

                                  0.000000    0.000000   clock clk (rise edge)
                                  0.000000    0.000000   clock source latency
   202    0.502531    2.236611    1.617981    1.617981 ^ clk (in)
                                                         clk (net)
                      2.236726    0.000000    1.617981 ^ _1067_/CLK (sky130_fd_sc_hd__dfrtp_2)
                                  0.250000    1.867981   clock uncertainty
                                 -0.154093    1.713888   clock reconvergence pessimism
                                  0.074282    1.788170   library hold time
                                              1.788170   data required time
---------------------------------------------------------------------------------------------
                                              1.788170   data required time
                                             -2.197382   data arrival time
---------------------------------------------------------------------------------------------
                                              0.409212   slack (MET)


Startpoint: _1077_ (rising edge-triggered flip-flop clocked by clk)
Endpoint: _1077_ (rising edge-triggered flip-flop clocked by clk)
Path Group: clk
Path Type: min

Fanout         Cap        Slew       Delay        Time   Description
---------------------------------------------------------------------------------------------
                                  0.000000    0.000000   clock clk (rise edge)
                                  0.000000    0.000000   clock source latency
   202    0.502531    2.236611    1.465680    1.465680 ^ clk (in)
                                                         clk (net)
                      2.236761    0.000000    1.465680 ^ _1077_/CLK (sky130_fd_sc_hd__dfrtp_2)
     2    0.004776    0.048566    0.629160    2.094840 ^ _1077_/Q (sky130_fd_sc_hd__dfrtp_2)
                                                         coeff3[1] (net)
                      0.048566    0.000009    2.094849 ^ _0582_/A0 (sky130_fd_sc_hd__mux2_1)
     1    0.002097    0.037234    0.104522    2.199371 ^ _0582_/X (sky130_fd_sc_hd__mux2_1)
                                                         _0034_ (net)
                      0.037234    0.000000    2.199372 ^ _1077_/D (sky130_fd_sc_hd__dfrtp_2)
                                              2.199372   data arrival time

                                  0.000000    0.000000   clock clk (rise edge)
                                  0.000000    0.000000   clock source latency
   202    0.502531    2.236611    1.619962    1.619962 ^ clk (in)
                                                         clk (net)
                      2.236761    0.000000    1.619962 ^ _1077_/CLK (sky130_fd_sc_hd__dfrtp_2)
                                  0.250000    1.869962   clock uncertainty
                                 -0.154282    1.715680   clock reconvergence pessimism
                                  0.074479    1.790159   library hold time
                                              1.790159   data required time
---------------------------------------------------------------------------------------------
                                              1.790159   data required time
                                             -2.199372   data arrival time
---------------------------------------------------------------------------------------------
                                              0.409213   slack (MET)


Startpoint: _1095_ (rising edge-triggered flip-flop clocked by clk)
Endpoint: _1095_ (rising edge-triggered flip-flop clocked by clk)
Path Group: clk
Path Type: min

Fanout         Cap        Slew       Delay        Time   Description
---------------------------------------------------------------------------------------------
                                  0.000000    0.000000   clock clk (rise edge)
                                  0.000000    0.000000   clock source latency
   202    0.502531    2.236611    1.455755    1.455755 ^ clk (in)
                                                         clk (net)
                      2.236626    0.000000    1.455755 ^ _1095_/CLK (sky130_fd_sc_hd__dfrtp_2)
     2    0.004078    0.045443    0.625924    2.081679 ^ _1095_/Q (sky130_fd_sc_hd__dfrtp_2)
                                                         coeff5[3] (net)
                      0.045443    0.000003    2.081682 ^ _0603_/A1 (sky130_fd_sc_hd__mux2_1)
     1    0.002289    0.038799    0.107615    2.189297 ^ _0603_/X (sky130_fd_sc_hd__mux2_1)
                                                         _0052_ (net)
                      0.038799    0.000003    2.189300 ^ _1095_/D (sky130_fd_sc_hd__dfrtp_2)
                                              2.189300   data arrival time

                                  0.000000    0.000000   clock clk (rise edge)
                                  0.000000    0.000000   clock source latency
   202    0.502531    2.236611    1.608992    1.608992 ^ clk (in)
                                                         clk (net)
                      2.236626    0.000000    1.608992 ^ _1095_/CLK (sky130_fd_sc_hd__dfrtp_2)
                                  0.250000    1.858992   clock uncertainty
                                 -0.153237    1.705755   clock reconvergence pessimism
                                  0.074183    1.779938   library hold time
                                              1.779938   data required time
---------------------------------------------------------------------------------------------
                                              1.779938   data required time
                                             -2.189300   data arrival time
---------------------------------------------------------------------------------------------
                                              0.409362   slack (MET)


Startpoint: _1071_ (rising edge-triggered flip-flop clocked by clk)
Endpoint: _1071_ (rising edge-triggered flip-flop clocked by clk)
Path Group: clk
Path Type: min

Fanout         Cap        Slew       Delay        Time   Description
---------------------------------------------------------------------------------------------
                                  0.000000    0.000000   clock clk (rise edge)
                                  0.000000    0.000000   clock source latency
   202    0.502531    2.236611    1.455096    1.455096 ^ clk (in)
                                                         clk (net)
                      2.236622    0.000000    1.455096 ^ _1071_/CLK (sky130_fd_sc_hd__dfrtp_2)
     2    0.004657    0.048054    0.628661    2.083756 ^ _1071_/Q (sky130_fd_sc_hd__dfrtp_2)
                                                         coeff2[3] (net)
                      0.048054    0.000004    2.083761 ^ _0574_/A0 (sky130_fd_sc_hd__mux2_1)
     1    0.002194    0.038002    0.105090    2.188851 ^ _0574_/X (sky130_fd_sc_hd__mux2_1)
                                                         _0028_ (net)
                      0.038002    0.000002    2.188853 ^ _1071_/D (sky130_fd_sc_hd__dfrtp_2)
                                              2.188853   data arrival time

                                  0.000000    0.000000   clock clk (rise edge)
                                  0.000000    0.000000   clock source latency
   202    0.502531    2.236611    1.608264    1.608264 ^ clk (in)
                                                         clk (net)
                      2.236622    0.000000    1.608264 ^ _1071_/CLK (sky130_fd_sc_hd__dfrtp_2)
                                  0.250000    1.858264   clock uncertainty
                                 -0.153168    1.705096   clock reconvergence pessimism
                                  0.074332    1.779428   library hold time
                                              1.779428   data required time
---------------------------------------------------------------------------------------------
                                              1.779428   data required time
                                             -2.188853   data arrival time
---------------------------------------------------------------------------------------------
                                              0.409425   slack (MET)


Startpoint: _1062_ (rising edge-triggered flip-flop clocked by clk)
Endpoint: _1062_ (rising edge-triggered flip-flop clocked by clk)
Path Group: clk
Path Type: min

Fanout         Cap        Slew       Delay        Time   Description
---------------------------------------------------------------------------------------------
                                  0.000000    0.000000   clock clk (rise edge)
                                  0.000000    0.000000   clock source latency
   202    0.502531    2.236611    1.463359    1.463359 ^ clk (in)
                                                         clk (net)
                      2.236717    0.000000    1.463359 ^ _1062_/CLK (sky130_fd_sc_hd__dfrtp_2)
     2    0.004610    0.047853    0.628480    2.091839 ^ _1062_/Q (sky130_fd_sc_hd__dfrtp_2)
                                                         coeff1[2] (net)
                      0.047853    0.000007    2.091846 ^ _0564_/A0 (sky130_fd_sc_hd__mux2_1)
     1    0.002242    0.038380    0.105391    2.197237 ^ _0564_/X (sky130_fd_sc_hd__mux2_1)
                                                         _0019_ (net)
                      0.038380    0.000002    2.197239 ^ _1062_/D (sky130_fd_sc_hd__dfrtp_2)
                                              2.197239   data arrival time

                                  0.000000    0.000000   clock clk (rise edge)
                                  0.000000    0.000000   clock source latency
   202    0.502531    2.236611    1.617397    1.617397 ^ clk (in)
                                                         clk (net)
                      2.236717    0.000000    1.617397 ^ _1062_/CLK (sky130_fd_sc_hd__dfrtp_2)
                                  0.250000    1.867397   clock uncertainty
                                 -0.154038    1.713359   clock reconvergence pessimism
                                  0.074264    1.787623   library hold time
                                              1.787623   data required time
---------------------------------------------------------------------------------------------
                                              1.787623   data required time
                                             -2.197239   data arrival time
---------------------------------------------------------------------------------------------
                                              0.409616   slack (MET)


Startpoint: _1201_ (rising edge-triggered flip-flop clocked by clk)
Endpoint: _1201_ (rising edge-triggered flip-flop clocked by clk)
Path Group: clk
Path Type: min

Fanout         Cap        Slew       Delay        Time   Description
---------------------------------------------------------------------------------------------
                                  0.000000    0.000000   clock clk (rise edge)
                                  0.000000    0.000000   clock source latency
   202    0.502531    2.236611    1.475651    1.475651 ^ clk (in)
                                                         clk (net)
                      2.237041    0.000000    1.475651 ^ _1201_/CLK (sky130_fd_sc_hd__dfrtp_2)
     2    0.004371    0.046824    0.627537    2.103188 ^ _1201_/Q (sky130_fd_sc_hd__dfrtp_2)
                                                         add_stage1.a[5] (net)
                      0.046824    0.000006    2.103194 ^ _0994_/A1 (sky130_fd_sc_hd__mux2_1)
     1    0.002091    0.037212    0.106565    2.209759 ^ _0994_/X (sky130_fd_sc_hd__mux2_1)
                                                         _0158_ (net)
                      0.037212    0.000000    2.209759 ^ _1201_/D (sky130_fd_sc_hd__dfrtp_2)
                                              2.209759   data arrival time

                                  0.000000    0.000000   clock clk (rise edge)
                                  0.000000    0.000000   clock source latency
   202    0.502531    2.236611    1.630983    1.630983 ^ clk (in)
                                                         clk (net)
                      2.237041    0.000000    1.630983 ^ _1201_/CLK (sky130_fd_sc_hd__dfrtp_2)
                                  0.250000    1.880983   clock uncertainty
                                 -0.155332    1.725651   clock reconvergence pessimism
                                  0.074490    1.800142   library hold time
                                              1.800142   data required time
---------------------------------------------------------------------------------------------
                                              1.800142   data required time
                                             -2.209759   data arrival time
---------------------------------------------------------------------------------------------
                                              0.409618   slack (MET)


Startpoint: _1082_ (rising edge-triggered flip-flop clocked by clk)
Endpoint: _1082_ (rising edge-triggered flip-flop clocked by clk)
Path Group: clk
Path Type: min

Fanout         Cap        Slew       Delay        Time   Description
---------------------------------------------------------------------------------------------
                                  0.000000    0.000000   clock clk (rise edge)
                                  0.000000    0.000000   clock source latency
   202    0.502531    2.236611    1.455118    1.455118 ^ clk (in)
                                                         clk (net)
                      2.236622    0.000000    1.455118 ^ _1082_/CLK (sky130_fd_sc_hd__dfrtp_2)
     2    0.004709    0.048276    0.628871    2.083989 ^ _1082_/Q (sky130_fd_sc_hd__dfrtp_2)
                                                         coeff3[6] (net)
                      0.048276    0.000003    2.083992 ^ _0587_/A0 (sky130_fd_sc_hd__mux2_1)
     1    0.002186    0.037936    0.105102    2.189095 ^ _0587_/X (sky130_fd_sc_hd__mux2_1)
                                                         _0039_ (net)
                      0.037936    0.000002    2.189096 ^ _1082_/D (sky130_fd_sc_hd__dfrtp_2)
                                              2.189096   data arrival time

                                  0.000000    0.000000   clock clk (rise edge)
                                  0.000000    0.000000   clock source latency
   202    0.502531    2.236611    1.608288    1.608288 ^ clk (in)
                                                         clk (net)
                      2.236622    0.000000    1.608288 ^ _1082_/CLK (sky130_fd_sc_hd__dfrtp_2)
                                  0.250000    1.858288   clock uncertainty
                                 -0.153170    1.705118   clock reconvergence pessimism
                                  0.074344    1.779462   library hold time
                                              1.779462   data required time
---------------------------------------------------------------------------------------------
                                              1.779462   data required time
                                             -2.189096   data arrival time
---------------------------------------------------------------------------------------------
                                              0.409634   slack (MET)


Startpoint: _1079_ (rising edge-triggered flip-flop clocked by clk)
Endpoint: _1079_ (rising edge-triggered flip-flop clocked by clk)
Path Group: clk
Path Type: min

Fanout         Cap        Slew       Delay        Time   Description
---------------------------------------------------------------------------------------------
                                  0.000000    0.000000   clock clk (rise edge)
                                  0.000000    0.000000   clock source latency
   202    0.502531    2.236611    1.455761    1.455761 ^ clk (in)
                                                         clk (net)
                      2.236626    0.000000    1.455761 ^ _1079_/CLK (sky130_fd_sc_hd__dfrtp_2)
     2    0.004564    0.047653    0.628280    2.084041 ^ _1079_/Q (sky130_fd_sc_hd__dfrtp_2)
                                                         coeff3[3] (net)
                      0.047653    0.000004    2.084045 ^ _0584_/A0 (sky130_fd_sc_hd__mux2_1)
     1    0.002303    0.038864    0.105791    2.189836 ^ _0584_/X (sky130_fd_sc_hd__mux2_1)
                                                         _0036_ (net)
                      0.038864    0.000003    2.189839 ^ _1079_/D (sky130_fd_sc_hd__dfrtp_2)
                                              2.189839   data arrival time

                                  0.000000    0.000000   clock clk (rise edge)
                                  0.000000    0.000000   clock source latency
   202    0.502531    2.236611    1.608999    1.608999 ^ clk (in)
                                                         clk (net)
                      2.236626    0.000000    1.608999 ^ _1079_/CLK (sky130_fd_sc_hd__dfrtp_2)
                                  0.250000    1.858999   clock uncertainty
                                 -0.153238    1.705761   clock reconvergence pessimism
                                  0.074171    1.779932   library hold time
                                              1.779932   data required time
---------------------------------------------------------------------------------------------
                                              1.779932   data required time
                                             -2.189839   data arrival time
---------------------------------------------------------------------------------------------
                                              0.409907   slack (MET)


Startpoint: _1063_ (rising edge-triggered flip-flop clocked by clk)
Endpoint: _1063_ (rising edge-triggered flip-flop clocked by clk)
Path Group: clk
Path Type: min

Fanout         Cap        Slew       Delay        Time   Description
---------------------------------------------------------------------------------------------
                                  0.000000    0.000000   clock clk (rise edge)
                                  0.000000    0.000000   clock source latency
   202    0.502531    2.236611    1.455798    1.455798 ^ clk (in)
                                                         clk (net)
                      2.236626    0.000000    1.455798 ^ _1063_/CLK (sky130_fd_sc_hd__dfrtp_2)
     2    0.004736    0.048393    0.628982    2.084781 ^ _1063_/Q (sky130_fd_sc_hd__dfrtp_2)
                                                         coeff1[3] (net)
                      0.048393    0.000007    2.084788 ^ _0565_/A0 (sky130_fd_sc_hd__mux2_1)
     1    0.002200    0.038045    0.105245    2.190033 ^ _0565_/X (sky130_fd_sc_hd__mux2_1)
                                                         _0020_ (net)
                      0.038045    0.000002    2.190035 ^ _1063_/D (sky130_fd_sc_hd__dfrtp_2)
                                              2.190035   data arrival time

                                  0.000000    0.000000   clock clk (rise edge)
                                  0.000000    0.000000   clock source latency
   202    0.502531    2.236611    1.609040    1.609040 ^ clk (in)
                                                         clk (net)
                      2.236626    0.000000    1.609040 ^ _1063_/CLK (sky130_fd_sc_hd__dfrtp_2)
                                  0.250000    1.859040   clock uncertainty
                                 -0.153242    1.705798   clock reconvergence pessimism
                                  0.074324    1.780122   library hold time
                                              1.780122   data required time
---------------------------------------------------------------------------------------------
                                              1.780122   data required time
                                             -2.190035   data arrival time
---------------------------------------------------------------------------------------------
                                              0.409913   slack (MET)


Startpoint: _1251_ (rising edge-triggered flip-flop clocked by clk)
Endpoint: _1251_ (rising edge-triggered flip-flop clocked by clk)
Path Group: clk
Path Type: min

Fanout         Cap        Slew       Delay        Time   Description
---------------------------------------------------------------------------------------------
                                  0.000000    0.000000   clock clk (rise edge)
                                  0.000000    0.000000   clock source latency
   202    0.502531    2.236611    1.455700    1.455700 ^ clk (in)
                                                         clk (net)
                      2.236625    0.000000    1.455700 ^ _1251_/CLK (sky130_fd_sc_hd__dfrtp_2)
     2    0.004547    0.047580    0.628212    2.083912 ^ _1251_/Q (sky130_fd_sc_hd__dfrtp_2)
                                                         window0[5] (net)
                      0.047580    0.000004    2.083915 ^ _1049_/A0 (sky130_fd_sc_hd__mux2_1)
     1    0.002338    0.039639    0.106035    2.189950 ^ _1049_/X (sky130_fd_sc_hd__mux2_1)
                                                         _0201_ (net)
                      0.039639    0.000003    2.189954 ^ _1251_/D (sky130_fd_sc_hd__dfrtp_2)
                                              2.189954   data arrival time

                                  0.000000    0.000000   clock clk (rise edge)
                                  0.000000    0.000000   clock source latency
   202    0.502531    2.236611    1.608932    1.608932 ^ clk (in)
                                                         clk (net)
                      2.236625    0.000000    1.608932 ^ _1251_/CLK (sky130_fd_sc_hd__dfrtp_2)
                                  0.250000    1.858932   clock uncertainty
                                 -0.153232    1.705700   clock reconvergence pessimism
                                  0.074026    1.779726   library hold time
                                              1.779726   data required time
---------------------------------------------------------------------------------------------
                                              1.779726   data required time
                                             -2.189954   data arrival time
---------------------------------------------------------------------------------------------
                                              0.410228   slack (MET)


Startpoint: _1081_ (rising edge-triggered flip-flop clocked by clk)
Endpoint: _1081_ (rising edge-triggered flip-flop clocked by clk)
Path Group: clk
Path Type: min

Fanout         Cap        Slew       Delay        Time   Description
---------------------------------------------------------------------------------------------
                                  0.000000    0.000000   clock clk (rise edge)
                                  0.000000    0.000000   clock source latency
   202    0.502531    2.236611    1.457794    1.457794 ^ clk (in)
                                                         clk (net)
                      2.236642    0.000000    1.457794 ^ _1081_/CLK (sky130_fd_sc_hd__dfrtp_2)
     2    0.004688    0.048186    0.628788    2.086582 ^ _1081_/Q (sky130_fd_sc_hd__dfrtp_2)
                                                         coeff3[5] (net)
                      0.048186    0.000005    2.086587 ^ _0586_/A0 (sky130_fd_sc_hd__mux2_1)
     1    0.002265    0.038563    0.105677    2.192264 ^ _0586_/X (sky130_fd_sc_hd__mux2_1)
                                                         _0038_ (net)
                      0.038563    0.000002    2.192266 ^ _1081_/D (sky130_fd_sc_hd__dfrtp_2)
                                              2.192266   data arrival time

                                  0.000000    0.000000   clock clk (rise edge)
                                  0.000000    0.000000   clock source latency
   202    0.502531    2.236611    1.611246    1.611246 ^ clk (in)
                                                         clk (net)
                      2.236642    0.000000    1.611246 ^ _1081_/CLK (sky130_fd_sc_hd__dfrtp_2)
                                  0.250000    1.861246   clock uncertainty
                                 -0.153452    1.707794   clock reconvergence pessimism
                                  0.074227    1.782021   library hold time
                                              1.782021   data required time
---------------------------------------------------------------------------------------------
                                              1.782021   data required time
                                             -2.192266   data arrival time
---------------------------------------------------------------------------------------------
                                              0.410245   slack (MET)


Startpoint: _1076_ (rising edge-triggered flip-flop clocked by clk)
Endpoint: _1076_ (rising edge-triggered flip-flop clocked by clk)
Path Group: clk
Path Type: min

Fanout         Cap        Slew       Delay        Time   Description
---------------------------------------------------------------------------------------------
                                  0.000000    0.000000   clock clk (rise edge)
                                  0.000000    0.000000   clock source latency
   202    0.502531    2.236611    1.462643    1.462643 ^ clk (in)
                                                         clk (net)
                      2.236704    0.000000    1.462643 ^ _1076_/CLK (sky130_fd_sc_hd__dfrtp_2)
     2    0.004677    0.048139    0.628749    2.091393 ^ _1076_/Q (sky130_fd_sc_hd__dfrtp_2)
                                                         coeff3[0] (net)
                      0.048139    0.000004    2.091396 ^ _0581_/A0 (sky130_fd_sc_hd__mux2_1)
     1    0.002284    0.038714    0.105806    2.197203 ^ _0581_/X (sky130_fd_sc_hd__mux2_1)
                                                         _0033_ (net)
                      0.038714    0.000003    2.197206 ^ _1076_/D (sky130_fd_sc_hd__dfrtp_2)
                                              2.197206   data arrival time

                                  0.000000    0.000000   clock clk (rise edge)
                                  0.000000    0.000000   clock source latency
   202    0.502531    2.236611    1.616605    1.616605 ^ clk (in)
                                                         clk (net)
                      2.236704    0.000000    1.616605 ^ _1076_/CLK (sky130_fd_sc_hd__dfrtp_2)
                                  0.250000    1.866605   clock uncertainty
                                 -0.153962    1.712643   clock reconvergence pessimism
                                  0.074201    1.786844   library hold time
                                              1.786844   data required time
---------------------------------------------------------------------------------------------
                                              1.786844   data required time
                                             -2.197206   data arrival time
---------------------------------------------------------------------------------------------
                                              0.410362   slack (MET)


Startpoint: _1080_ (rising edge-triggered flip-flop clocked by clk)
Endpoint: _1080_ (rising edge-triggered flip-flop clocked by clk)
Path Group: clk
Path Type: min

Fanout         Cap        Slew       Delay        Time   Description
---------------------------------------------------------------------------------------------
                                  0.000000    0.000000   clock clk (rise edge)
                                  0.000000    0.000000   clock source latency
   202    0.502531    2.236611    1.460497    1.460497 ^ clk (in)
                                                         clk (net)
                      2.236673    0.000000    1.460497 ^ _1080_/CLK (sky130_fd_sc_hd__dfrtp_2)
     2    0.004841    0.048846    0.629417    2.089914 ^ _1080_/Q (sky130_fd_sc_hd__dfrtp_2)
                                                         coeff3[4] (net)
                      0.048846    0.000003    2.089917 ^ _0585_/A0 (sky130_fd_sc_hd__mux2_1)
     1    0.002290    0.038761    0.106083    2.195999 ^ _0585_/X (sky130_fd_sc_hd__mux2_1)
                                                         _0037_ (net)
                      0.038761    0.000003    2.196002 ^ _1080_/D (sky130_fd_sc_hd__dfrtp_2)
                                              2.196002   data arrival time

                                  0.000000    0.000000   clock clk (rise edge)
                                  0.000000    0.000000   clock source latency
   202    0.502531    2.236611    1.614233    1.614233 ^ clk (in)
                                                         clk (net)
                      2.236673    0.000000    1.614233 ^ _1080_/CLK (sky130_fd_sc_hd__dfrtp_2)
                                  0.250000    1.864233   clock uncertainty
                                 -0.153736    1.710497   clock reconvergence pessimism
                                  0.074191    1.784688   library hold time
                                              1.784688   data required time
---------------------------------------------------------------------------------------------
                                              1.784688   data required time
                                             -2.196002   data arrival time
---------------------------------------------------------------------------------------------
                                              0.411314   slack (MET)


Startpoint: _1058_ (rising edge-triggered flip-flop clocked by clk)
Endpoint: _1058_ (rising edge-triggered flip-flop clocked by clk)
Path Group: clk
Path Type: min

Fanout         Cap        Slew       Delay        Time   Description
---------------------------------------------------------------------------------------------
                                  0.000000    0.000000   clock clk (rise edge)
                                  0.000000    0.000000   clock source latency
   202    0.502531    2.236611    1.462913    1.462913 ^ clk (in)
                                                         clk (net)
                      2.236709    0.000000    1.462913 ^ _1058_/CLK (sky130_fd_sc_hd__dfrtp_2)
     2    0.005243    0.048439    0.631055    2.093968 ^ _1058_/Q (sky130_fd_sc_hd__dfrtp_2)
                                                         coeff0[6] (net)
                      0.048439    0.000006    2.093974 ^ _0559_/A0 (sky130_fd_sc_hd__mux2_1)
     1    0.002169    0.037804    0.105024    2.198998 ^ _0559_/X (sky130_fd_sc_hd__mux2_1)
                                                         _0015_ (net)
                      0.037804    0.000002    2.199000 ^ _1058_/D (sky130_fd_sc_hd__dfrtp_2)
                                              2.199000   data arrival time

                                  0.000000    0.000000   clock clk (rise edge)
                                  0.000000    0.000000   clock source latency
   202    0.502531    2.236611    1.616904    1.616904 ^ clk (in)
                                                         clk (net)
                      2.236709    0.000000    1.616904 ^ _1058_/CLK (sky130_fd_sc_hd__dfrtp_2)
                                  0.250000    1.866904   clock uncertainty
                                 -0.153991    1.712913   clock reconvergence pessimism
                                  0.074371    1.787284   library hold time
                                              1.787284   data required time
---------------------------------------------------------------------------------------------
                                              1.787284   data required time
                                             -2.199000   data arrival time
---------------------------------------------------------------------------------------------
                                              0.411716   slack (MET)


Startpoint: _1112_ (rising edge-triggered flip-flop clocked by clk)
Endpoint: _1112_ (rising edge-triggered flip-flop clocked by clk)
Path Group: clk
Path Type: min

Fanout         Cap        Slew       Delay        Time   Description
---------------------------------------------------------------------------------------------
                                  0.000000    0.000000   clock clk (rise edge)
                                  0.000000    0.000000   clock source latency
   202    0.502531    2.236611    1.462246    1.462246 ^ clk (in)
                                                         clk (net)
                      2.236698    0.000000    1.462246 ^ _1112_/CLK (sky130_fd_sc_hd__dfrtp_2)
     2    0.004837    0.048827    0.629401    2.091647 ^ _1112_/Q (sky130_fd_sc_hd__dfrtp_2)
                                                         coeff7[4] (net)
                      0.048827    0.000006    2.091652 ^ _0622_/A1 (sky130_fd_sc_hd__mux2_1)
     1    0.002117    0.037399    0.107417    2.199069 ^ _0622_/X (sky130_fd_sc_hd__mux2_1)
                                                         _0069_ (net)
                      0.037399    0.000000    2.199070 ^ _1112_/D (sky130_fd_sc_hd__dfrtp_2)
                                              2.199070   data arrival time

                                  0.000000    0.000000   clock clk (rise edge)
                                  0.000000    0.000000   clock source latency
   202    0.502531    2.236611    1.616166    1.616166 ^ clk (in)
                                                         clk (net)
                      2.236698    0.000000    1.616166 ^ _1112_/CLK (sky130_fd_sc_hd__dfrtp_2)
                                  0.250000    1.866166   clock uncertainty
                                 -0.153921    1.712246   clock reconvergence pessimism
                                  0.074446    1.786692   library hold time
                                              1.786692   data required time
---------------------------------------------------------------------------------------------
                                              1.786692   data required time
                                             -2.199070   data arrival time
---------------------------------------------------------------------------------------------
                                              0.412378   slack (MET)


Startpoint: _1096_ (rising edge-triggered flip-flop clocked by clk)
Endpoint: _1096_ (rising edge-triggered flip-flop clocked by clk)
Path Group: clk
Path Type: min

Fanout         Cap        Slew       Delay        Time   Description
---------------------------------------------------------------------------------------------
                                  0.000000    0.000000   clock clk (rise edge)
                                  0.000000    0.000000   clock source latency
   202    0.502531    2.236611    1.462167    1.462167 ^ clk (in)
                                                         clk (net)
                      2.236697    0.000000    1.462167 ^ _1096_/CLK (sky130_fd_sc_hd__dfrtp_2)
     2    0.004779    0.048580    0.629167    2.091334 ^ _1096_/Q (sky130_fd_sc_hd__dfrtp_2)
                                                         coeff5[4] (net)
                      0.048580    0.000006    2.091339 ^ _0604_/A1 (sky130_fd_sc_hd__mux2_1)
     1    0.002153    0.037723    0.107611    2.198951 ^ _0604_/X (sky130_fd_sc_hd__mux2_1)
                                                         _0053_ (net)
                      0.037723    0.000001    2.198952 ^ _1096_/D (sky130_fd_sc_hd__dfrtp_2)
                                              2.198952   data arrival time

                                  0.000000    0.000000   clock clk (rise edge)
                                  0.000000    0.000000   clock source latency
   202    0.502531    2.236611    1.616079    1.616079 ^ clk (in)
                                                         clk (net)
                      2.236697    0.000000    1.616079 ^ _1096_/CLK (sky130_fd_sc_hd__dfrtp_2)
                                  0.250000    1.866079   clock uncertainty
                                 -0.153912    1.712167   clock reconvergence pessimism
                                  0.074386    1.786553   library hold time
                                              1.786553   data required time
---------------------------------------------------------------------------------------------
                                              1.786553   data required time
                                             -2.198952   data arrival time
---------------------------------------------------------------------------------------------
                                              0.412399   slack (MET)


Startpoint: _1065_ (rising edge-triggered flip-flop clocked by clk)
Endpoint: _1065_ (rising edge-triggered flip-flop clocked by clk)
Path Group: clk
Path Type: min

Fanout         Cap        Slew       Delay        Time   Description
---------------------------------------------------------------------------------------------
                                  0.000000    0.000000   clock clk (rise edge)
                                  0.000000    0.000000   clock source latency
   202    0.502531    2.236611    1.458373    1.458373 ^ clk (in)
                                                         clk (net)
                      2.236648    0.000000    1.458373 ^ _1065_/CLK (sky130_fd_sc_hd__dfrtp_2)
     2    0.005133    0.048039    0.630599    2.088972 ^ _1065_/Q (sky130_fd_sc_hd__dfrtp_2)
                                                         coeff1[5] (net)
                      0.048039    0.000006    2.088978 ^ _0567_/A0 (sky130_fd_sc_hd__mux2_1)
     1    0.002340    0.039151    0.106194    2.195171 ^ _0567_/X (sky130_fd_sc_hd__mux2_1)
                                                         _0022_ (net)
                      0.039151    0.000003    2.195174 ^ _1065_/D (sky130_fd_sc_hd__dfrtp_2)
                                              2.195174   data arrival time

                                  0.000000    0.000000   clock clk (rise edge)
                                  0.000000    0.000000   clock source latency
   202    0.502531    2.236611    1.611886    1.611886 ^ clk (in)
                                                         clk (net)
                      2.236648    0.000000    1.611886 ^ _1065_/CLK (sky130_fd_sc_hd__dfrtp_2)
                                  0.250000    1.861886   clock uncertainty
                                 -0.153513    1.708373   clock reconvergence pessimism
                                  0.074118    1.782490   library hold time
                                              1.782490   data required time
---------------------------------------------------------------------------------------------
                                              1.782490   data required time
                                             -2.195174   data arrival time
---------------------------------------------------------------------------------------------
                                              0.412684   slack (MET)


Startpoint: _1098_ (rising edge-triggered flip-flop clocked by clk)
Endpoint: _1098_ (rising edge-triggered flip-flop clocked by clk)
Path Group: clk
Path Type: min

Fanout         Cap        Slew       Delay        Time   Description
---------------------------------------------------------------------------------------------
                                  0.000000    0.000000   clock clk (rise edge)
                                  0.000000    0.000000   clock source latency
   202    0.502531    2.236611    1.454587    1.454587 ^ clk (in)
                                                         clk (net)
                      2.236619    0.000000    1.454587 ^ _1098_/CLK (sky130_fd_sc_hd__dfrtp_2)
     2    0.004871    0.048974    0.629532    2.084119 ^ _1098_/Q (sky130_fd_sc_hd__dfrtp_2)
                                                         coeff5[6] (net)
                      0.048974    0.000005    2.084124 ^ _0606_/A1 (sky130_fd_sc_hd__mux2_1)
     1    0.002150    0.037700    0.107718    2.191842 ^ _0606_/X (sky130_fd_sc_hd__mux2_1)
                                                         _0055_ (net)
                      0.037700    0.000001    2.191844 ^ _1098_/D (sky130_fd_sc_hd__dfrtp_2)
                                              2.191844   data arrival time

                                  0.000000    0.000000   clock clk (rise edge)
                                  0.000000    0.000000   clock source latency
   202    0.502531    2.236611    1.607701    1.607701 ^ clk (in)
                                                         clk (net)
                      2.236619    0.000000    1.607701 ^ _1098_/CLK (sky130_fd_sc_hd__dfrtp_2)
                                  0.250000    1.857701   clock uncertainty
                                 -0.153114    1.704587   clock reconvergence pessimism
                                  0.074388    1.778975   library hold time
                                              1.778975   data required time
---------------------------------------------------------------------------------------------
                                              1.778975   data required time
                                             -2.191844   data arrival time
---------------------------------------------------------------------------------------------
                                              0.412869   slack (MET)


Startpoint: _1092_ (rising edge-triggered flip-flop clocked by clk)
Endpoint: _1092_ (rising edge-triggered flip-flop clocked by clk)
Path Group: clk
Path Type: min

Fanout         Cap        Slew       Delay        Time   Description
---------------------------------------------------------------------------------------------
                                  0.000000    0.000000   clock clk (rise edge)
                                  0.000000    0.000000   clock source latency
   202    0.502531    2.236611    1.462375    1.462375 ^ clk (in)
                                                         clk (net)
                      2.236700    0.000000    1.462375 ^ _1092_/CLK (sky130_fd_sc_hd__dfrtp_2)
     2    0.004854    0.048901    0.629472    2.091847 ^ _1092_/Q (sky130_fd_sc_hd__dfrtp_2)
                                                         coeff5[0] (net)
                      0.048901    0.000004    2.091851 ^ _0600_/A1 (sky130_fd_sc_hd__mux2_1)
     1    0.002183    0.037958    0.107942    2.199793 ^ _0600_/X (sky130_fd_sc_hd__mux2_1)
                                                         _0049_ (net)
                      0.037958    0.000002    2.199794 ^ _1092_/D (sky130_fd_sc_hd__dfrtp_2)
                                              2.199794   data arrival time

                                  0.000000    0.000000   clock clk (rise edge)
                                  0.000000    0.000000   clock source latency
   202    0.502531    2.236611    1.616309    1.616309 ^ clk (in)
                                                         clk (net)
                      2.236700    0.000000    1.616309 ^ _1092_/CLK (sky130_fd_sc_hd__dfrtp_2)
                                  0.250000    1.866309   clock uncertainty
                                 -0.153934    1.712375   clock reconvergence pessimism
                                  0.074342    1.786717   library hold time
                                              1.786717   data required time
---------------------------------------------------------------------------------------------
                                              1.786717   data required time
                                             -2.199794   data arrival time
---------------------------------------------------------------------------------------------
                                              0.413077   slack (MET)


Startpoint: _1088_ (rising edge-triggered flip-flop clocked by clk)
Endpoint: _1088_ (rising edge-triggered flip-flop clocked by clk)
Path Group: clk
Path Type: min

Fanout         Cap        Slew       Delay        Time   Description
---------------------------------------------------------------------------------------------
                                  0.000000    0.000000   clock clk (rise edge)
                                  0.000000    0.000000   clock source latency
   202    0.502531    2.236611    1.461972    1.461972 ^ clk (in)
                                                         clk (net)
                      2.236694    0.000000    1.461972 ^ _1088_/CLK (sky130_fd_sc_hd__dfrtp_2)
     2    0.004880    0.049011    0.629575    2.091547 ^ _1088_/Q (sky130_fd_sc_hd__dfrtp_2)
                                                         coeff4[4] (net)
                      0.049011    0.000003    2.091550 ^ _0595_/A1 (sky130_fd_sc_hd__mux2_1)
     1    0.002177    0.037913    0.107934    2.199484 ^ _0595_/X (sky130_fd_sc_hd__mux2_1)
                                                         _0045_ (net)
                      0.037913    0.000001    2.199485 ^ _1088_/D (sky130_fd_sc_hd__dfrtp_2)
                                              2.199485   data arrival time

                                  0.000000    0.000000   clock clk (rise edge)
                                  0.000000    0.000000   clock source latency
   202    0.502531    2.236611    1.615863    1.615863 ^ clk (in)
                                                         clk (net)
                      2.236694    0.000000    1.615863 ^ _1088_/CLK (sky130_fd_sc_hd__dfrtp_2)
                                  0.250000    1.865863   clock uncertainty
                                 -0.153892    1.711972   clock reconvergence pessimism
                                  0.074350    1.786322   library hold time
                                              1.786322   data required time
---------------------------------------------------------------------------------------------
                                              1.786322   data required time
                                             -2.199485   data arrival time
---------------------------------------------------------------------------------------------
                                              0.413163   slack (MET)


Startpoint: _1099_ (rising edge-triggered flip-flop clocked by clk)
Endpoint: _1099_ (rising edge-triggered flip-flop clocked by clk)
Path Group: clk
Path Type: min

Fanout         Cap        Slew       Delay        Time   Description
---------------------------------------------------------------------------------------------
                                  0.000000    0.000000   clock clk (rise edge)
                                  0.000000    0.000000   clock source latency
   202    0.502531    2.236611    1.464048    1.464048 ^ clk (in)
                                                         clk (net)
                      2.236729    0.000000    1.464048 ^ _1099_/CLK (sky130_fd_sc_hd__dfrtp_2)
     2    0.004952    0.049323    0.629875    2.093922 ^ _1099_/Q (sky130_fd_sc_hd__dfrtp_2)
                                                         coeff5[7] (net)
                      0.049323    0.000003    2.093926 ^ _0607_/A1 (sky130_fd_sc_hd__mux2_1)
     1    0.002134    0.037568    0.107707    2.201632 ^ _0607_/X (sky130_fd_sc_hd__mux2_1)
                                                         _0056_ (net)
                      0.037568    0.000001    2.201634 ^ _1099_/D (sky130_fd_sc_hd__dfrtp_2)
                                              2.201634   data arrival time

                                  0.000000    0.000000   clock clk (rise edge)
                                  0.000000    0.000000   clock source latency
   202    0.502531    2.236611    1.618158    1.618158 ^ clk (in)
                                                         clk (net)
                      2.236729    0.000000    1.618158 ^ _1099_/CLK (sky130_fd_sc_hd__dfrtp_2)
                                  0.250000    1.868158   clock uncertainty
                                 -0.154110    1.714048   clock reconvergence pessimism
                                  0.074416    1.788463   library hold time
                                              1.788463   data required time
---------------------------------------------------------------------------------------------
                                              1.788463   data required time
                                             -2.201634   data arrival time
---------------------------------------------------------------------------------------------
                                              0.413171   slack (MET)


Startpoint: _1069_ (rising edge-triggered flip-flop clocked by clk)
Endpoint: _1069_ (rising edge-triggered flip-flop clocked by clk)
Path Group: clk
Path Type: min

Fanout         Cap        Slew       Delay        Time   Description
---------------------------------------------------------------------------------------------
                                  0.000000    0.000000   clock clk (rise edge)
                                  0.000000    0.000000   clock source latency
   202    0.502531    2.236611    1.465037    1.465037 ^ clk (in)
                                                         clk (net)
                      2.236748    0.000000    1.465037 ^ _1069_/CLK (sky130_fd_sc_hd__dfstp_2)
     2    0.003733    0.024216    0.628014    2.093050 v _1069_/Q (sky130_fd_sc_hd__dfstp_2)
                                                         coeff2[1] (net)
                      0.024216    0.000003    2.093053 v _0572_/A0 (sky130_fd_sc_hd__mux2_1)
     1    0.002294    0.053005    0.252210    2.345263 v _0572_/X (sky130_fd_sc_hd__mux2_1)
                                                         _0026_ (net)
                      0.053005    0.000000    2.345264 v _1069_/D (sky130_fd_sc_hd__dfstp_2)
                                              2.345264   data arrival time

                                  0.000000    0.000000   clock clk (rise edge)
                                  0.000000    0.000000   clock source latency
   202    0.502531    2.236611    1.619251    1.619251 ^ clk (in)
                                                         clk (net)
                      2.236748    0.000000    1.619251 ^ _1069_/CLK (sky130_fd_sc_hd__dfstp_2)
                                  0.250000    1.869251   clock uncertainty
                                 -0.154214    1.715037   clock reconvergence pessimism
                                  0.216931    1.931967   library hold time
                                              1.931967   data required time
---------------------------------------------------------------------------------------------
                                              1.931967   data required time
                                             -2.345264   data arrival time
---------------------------------------------------------------------------------------------
                                              0.413296   slack (MET)


Startpoint: _1113_ (rising edge-triggered flip-flop clocked by clk)
Endpoint: _1113_ (rising edge-triggered flip-flop clocked by clk)
Path Group: clk
Path Type: min

Fanout         Cap        Slew       Delay        Time   Description
---------------------------------------------------------------------------------------------
                                  0.000000    0.000000   clock clk (rise edge)
                                  0.000000    0.000000   clock source latency
   202    0.502531    2.236611    1.461188    1.461188 ^ clk (in)
                                                         clk (net)
                      2.236682    0.000000    1.461188 ^ _1113_/CLK (sky130_fd_sc_hd__dfrtp_2)
     2    0.004842    0.048849    0.629421    2.090609 ^ _1113_/Q (sky130_fd_sc_hd__dfrtp_2)
                                                         coeff7[5] (net)
                      0.048849    0.000006    2.090614 ^ _0623_/A1 (sky130_fd_sc_hd__mux2_1)
     1    0.002223    0.038237    0.108225    2.198839 ^ _0623_/X (sky130_fd_sc_hd__mux2_1)
                                                         _0070_ (net)
                      0.038237    0.000002    2.198841 ^ _1113_/D (sky130_fd_sc_hd__dfrtp_2)
                                              2.198841   data arrival time

                                  0.000000    0.000000   clock clk (rise edge)
                                  0.000000    0.000000   clock source latency
   202    0.502531    2.236611    1.614997    1.614997 ^ clk (in)
                                                         clk (net)
                      2.236682    0.000000    1.614997 ^ _1113_/CLK (sky130_fd_sc_hd__dfrtp_2)
                                  0.250000    1.864997   clock uncertainty
                                 -0.153809    1.711188   clock reconvergence pessimism
                                  0.074289    1.785477   library hold time
                                              1.785477   data required time
---------------------------------------------------------------------------------------------
                                              1.785477   data required time
                                             -2.198841   data arrival time
---------------------------------------------------------------------------------------------
                                              0.413364   slack (MET)


Startpoint: _1061_ (rising edge-triggered flip-flop clocked by clk)
Endpoint: _1061_ (rising edge-triggered flip-flop clocked by clk)
Path Group: clk
Path Type: min

Fanout         Cap        Slew       Delay        Time   Description
---------------------------------------------------------------------------------------------
                                  0.000000    0.000000   clock clk (rise edge)
                                  0.000000    0.000000   clock source latency
   202    0.502531    2.236611    1.465259    1.465259 ^ clk (in)
                                                         clk (net)
                      2.236753    0.000000    1.465259 ^ _1061_/CLK (sky130_fd_sc_hd__dfstp_2)
     2    0.003776    0.024319    0.628151    2.093410 v _1061_/Q (sky130_fd_sc_hd__dfstp_2)
                                                         coeff1[1] (net)
                      0.024319    0.000005    2.093415 v _0563_/A0 (sky130_fd_sc_hd__mux2_1)
     1    0.002289    0.052975    0.252194    2.345609 v _0563_/X (sky130_fd_sc_hd__mux2_1)
                                                         _0018_ (net)
                      0.052975    0.000000    2.345610 v _1061_/D (sky130_fd_sc_hd__dfstp_2)
                                              2.345610   data arrival time

                                  0.000000    0.000000   clock clk (rise edge)
                                  0.000000    0.000000   clock source latency
   202    0.502531    2.236611    1.619497    1.619497 ^ clk (in)
                                                         clk (net)
                      2.236753    0.000000    1.619497 ^ _1061_/CLK (sky130_fd_sc_hd__dfstp_2)
                                  0.250000    1.869497   clock uncertainty
                                 -0.154238    1.715259   clock reconvergence pessimism
                                  0.216940    1.932199   library hold time
                                              1.932199   data required time
---------------------------------------------------------------------------------------------
                                              1.932199   data required time
                                             -2.345610   data arrival time
---------------------------------------------------------------------------------------------
                                              0.413410   slack (MET)


Startpoint: _1197_ (rising edge-triggered flip-flop clocked by clk)
Endpoint: _1197_ (rising edge-triggered flip-flop clocked by clk)
Path Group: clk
Path Type: min

Fanout         Cap        Slew       Delay        Time   Description
---------------------------------------------------------------------------------------------
                                  0.000000    0.000000   clock clk (rise edge)
                                  0.000000    0.000000   clock source latency
   202    0.502531    2.236611    1.473475    1.473475 ^ clk (in)
                                                         clk (net)
                      2.236968    0.000000    1.473475 ^ _1197_/CLK (sky130_fd_sc_hd__dfrtp_2)
     2    0.004754    0.044488    0.653621    2.127096 v _1197_/Q (sky130_fd_sc_hd__dfrtp_2)
                                                         add_stage1.a[1] (net)
                      0.044488    0.000010    2.127106 v _0971_/A1 (sky130_fd_sc_hd__a22o_2)
     1    0.002102    0.035608    0.212171    2.339277 v _0971_/X (sky130_fd_sc_hd__a22o_2)
                                                         _0154_ (net)
                      0.035608    0.000002    2.339278 v _1197_/D (sky130_fd_sc_hd__dfrtp_2)
                                              2.339278   data arrival time

                                  0.000000    0.000000   clock clk (rise edge)
                                  0.000000    0.000000   clock source latency
   202    0.502531    2.236611    1.628577    1.628577 ^ clk (in)
                                                         clk (net)
                      2.236968    0.000000    1.628577 ^ _1197_/CLK (sky130_fd_sc_hd__dfrtp_2)
                                  0.250000    1.878577   clock uncertainty
                                 -0.155102    1.723475   clock reconvergence pessimism
                                  0.202329    1.925804   library hold time
                                              1.925804   data required time
---------------------------------------------------------------------------------------------
                                              1.925804   data required time
                                             -2.339278   data arrival time
---------------------------------------------------------------------------------------------
                                              0.413475   slack (MET)


Startpoint: _1089_ (rising edge-triggered flip-flop clocked by clk)
Endpoint: _1089_ (rising edge-triggered flip-flop clocked by clk)
Path Group: clk
Path Type: min

Fanout         Cap        Slew       Delay        Time   Description
---------------------------------------------------------------------------------------------
                                  0.000000    0.000000   clock clk (rise edge)
                                  0.000000    0.000000   clock source latency
   202    0.502531    2.236611    1.460732    1.460732 ^ clk (in)
                                                         clk (net)
                      2.236676    0.000000    1.460732 ^ _1089_/CLK (sky130_fd_sc_hd__dfrtp_2)
     2    0.004827    0.048785    0.629359    2.090091 ^ _1089_/Q (sky130_fd_sc_hd__dfrtp_2)
                                                         coeff4[5] (net)
                      0.048785    0.000005    2.090096 ^ _0596_/A1 (sky130_fd_sc_hd__mux2_1)
     1    0.002253    0.038513    0.108435    2.198531 ^ _0596_/X (sky130_fd_sc_hd__mux2_1)
                                                         _0046_ (net)
                      0.038513    0.000002    2.198534 ^ _1089_/D (sky130_fd_sc_hd__dfrtp_2)
                                              2.198534   data arrival time

                                  0.000000    0.000000   clock clk (rise edge)
                                  0.000000    0.000000   clock source latency
   202    0.502531    2.236611    1.614493    1.614493 ^ clk (in)
                                                         clk (net)
                      2.236676    0.000000    1.614493 ^ _1089_/CLK (sky130_fd_sc_hd__dfrtp_2)
                                  0.250000    1.864493   clock uncertainty
                                 -0.153761    1.710732   clock reconvergence pessimism
                                  0.074238    1.784970   library hold time
                                              1.784970   data required time
---------------------------------------------------------------------------------------------
                                              1.784970   data required time
                                             -2.198534   data arrival time
---------------------------------------------------------------------------------------------
                                              0.413564   slack (MET)


Startpoint: _1091_ (rising edge-triggered flip-flop clocked by clk)
Endpoint: _1091_ (rising edge-triggered flip-flop clocked by clk)
Path Group: clk
Path Type: min

Fanout         Cap        Slew       Delay        Time   Description
---------------------------------------------------------------------------------------------
                                  0.000000    0.000000   clock clk (rise edge)
                                  0.000000    0.000000   clock source latency
   202    0.502531    2.236611    1.464228    1.464228 ^ clk (in)
                                                         clk (net)
                      2.236732    0.000000    1.464228 ^ _1091_/CLK (sky130_fd_sc_hd__dfrtp_2)
     2    0.004986    0.049469    0.630014    2.094242 ^ _1091_/Q (sky130_fd_sc_hd__dfrtp_2)
                                                         coeff4[7] (net)
                      0.049469    0.000006    2.094248 ^ _0598_/A1 (sky130_fd_sc_hd__mux2_1)
     1    0.002167    0.037834    0.108009    2.202256 ^ _0598_/X (sky130_fd_sc_hd__mux2_1)
                                                         _0048_ (net)
                      0.037834    0.000001    2.202258 ^ _1091_/D (sky130_fd_sc_hd__dfrtp_2)
                                              2.202258   data arrival time

                                  0.000000    0.000000   clock clk (rise edge)
                                  0.000000    0.000000   clock source latency
   202    0.502531    2.236611    1.618357    1.618357 ^ clk (in)
                                                         clk (net)
                      2.236732    0.000000    1.618357 ^ _1091_/CLK (sky130_fd_sc_hd__dfrtp_2)
                                  0.250000    1.868357   clock uncertainty
                                 -0.154129    1.714228   clock reconvergence pessimism
                                  0.074366    1.788594   library hold time
                                              1.788594   data required time
---------------------------------------------------------------------------------------------
                                              1.788594   data required time
                                             -2.202258   data arrival time
---------------------------------------------------------------------------------------------
                                              0.413664   slack (MET)


Startpoint: _1107_ (rising edge-triggered flip-flop clocked by clk)
Endpoint: _1107_ (rising edge-triggered flip-flop clocked by clk)
Path Group: clk
Path Type: min

Fanout         Cap        Slew       Delay        Time   Description
---------------------------------------------------------------------------------------------
                                  0.000000    0.000000   clock clk (rise edge)
                                  0.000000    0.000000   clock source latency
   202    0.502531    2.236611    1.463862    1.463862 ^ clk (in)
                                                         clk (net)
                      2.236726    0.000000    1.463862 ^ _1107_/CLK (sky130_fd_sc_hd__dfrtp_2)
     2    0.004994    0.049500    0.630043    2.093905 ^ _1107_/Q (sky130_fd_sc_hd__dfrtp_2)
                                                         coeff6[7] (net)
                      0.049500    0.000003    2.093908 ^ _0616_/A1 (sky130_fd_sc_hd__mux2_1)
     1    0.002180    0.037933    0.108114    2.202022 ^ _0616_/X (sky130_fd_sc_hd__mux2_1)
                                                         _0064_ (net)
                      0.037933    0.000002    2.202024 ^ _1107_/D (sky130_fd_sc_hd__dfrtp_2)
                                              2.202024   data arrival time

                                  0.000000    0.000000   clock clk (rise edge)
                                  0.000000    0.000000   clock source latency
   202    0.502531    2.236611    1.617953    1.617953 ^ clk (in)
                                                         clk (net)
                      2.236726    0.000000    1.617953 ^ _1107_/CLK (sky130_fd_sc_hd__dfrtp_2)
                                  0.250000    1.867953   clock uncertainty
                                 -0.154091    1.713862   clock reconvergence pessimism
                                  0.074347    1.788210   library hold time
                                              1.788210   data required time
---------------------------------------------------------------------------------------------
                                              1.788210   data required time
                                             -2.202024   data arrival time
---------------------------------------------------------------------------------------------
                                              0.413814   slack (MET)


Startpoint: _1085_ (rising edge-triggered flip-flop clocked by clk)
Endpoint: _1085_ (rising edge-triggered flip-flop clocked by clk)
Path Group: clk
Path Type: min

Fanout         Cap        Slew       Delay        Time   Description
---------------------------------------------------------------------------------------------
                                  0.000000    0.000000   clock clk (rise edge)
                                  0.000000    0.000000   clock source latency
   202    0.502531    2.236611    1.465033    1.465033 ^ clk (in)
                                                         clk (net)
                      2.236748    0.000000    1.465033 ^ _1085_/CLK (sky130_fd_sc_hd__dfrtp_2)
     2    0.005234    0.050533    0.631025    2.096058 ^ _1085_/Q (sky130_fd_sc_hd__dfrtp_2)
                                                         coeff4[1] (net)
                      0.050533    0.000004    2.096062 ^ _0592_/A1 (sky130_fd_sc_hd__mux2_1)
     1    0.002040    0.036832    0.107398    2.203460 ^ _0592_/X (sky130_fd_sc_hd__mux2_1)
                                                         _0042_ (net)
                      0.036832    0.000000    2.203461 ^ _1085_/D (sky130_fd_sc_hd__dfrtp_2)
                                              2.203461   data arrival time

                                  0.000000    0.000000   clock clk (rise edge)
                                  0.000000    0.000000   clock source latency
   202    0.502531    2.236611    1.619247    1.619247 ^ clk (in)
                                                         clk (net)
                      2.236748    0.000000    1.619247 ^ _1085_/CLK (sky130_fd_sc_hd__dfrtp_2)
                                  0.250000    1.869247   clock uncertainty
                                 -0.154214    1.715033   clock reconvergence pessimism
                                  0.074554    1.789586   library hold time
                                              1.789586   data required time
---------------------------------------------------------------------------------------------
                                              1.789586   data required time
                                             -2.203461   data arrival time
---------------------------------------------------------------------------------------------
                                              0.413874   slack (MET)


Startpoint: _1087_ (rising edge-triggered flip-flop clocked by clk)
Endpoint: _1087_ (rising edge-triggered flip-flop clocked by clk)
Path Group: clk
Path Type: min

Fanout         Cap        Slew       Delay        Time   Description
---------------------------------------------------------------------------------------------
                                  0.000000    0.000000   clock clk (rise edge)
                                  0.000000    0.000000   clock source latency
   202    0.502531    2.236611    1.455101    1.455101 ^ clk (in)
                                                         clk (net)
                      2.236622    0.000000    1.455101 ^ _1087_/CLK (sky130_fd_sc_hd__dfrtp_2)
     2    0.004999    0.049524    0.630055    2.085156 ^ _1087_/Q (sky130_fd_sc_hd__dfrtp_2)
                                                         coeff4[3] (net)
                      0.049524    0.000007    2.085163 ^ _0594_/A1 (sky130_fd_sc_hd__mux2_1)
     1    0.002218    0.038235    0.108411    2.193573 ^ _0594_/X (sky130_fd_sc_hd__mux2_1)
                                                         _0044_ (net)
                      0.038235    0.000002    2.193575 ^ _1087_/D (sky130_fd_sc_hd__dfrtp_2)
                                              2.193575   data arrival time

                                  0.000000    0.000000   clock clk (rise edge)
                                  0.000000    0.000000   clock source latency
   202    0.502531    2.236611    1.608270    1.608270 ^ clk (in)
                                                         clk (net)
                      2.236622    0.000000    1.608270 ^ _1087_/CLK (sky130_fd_sc_hd__dfrtp_2)
                                  0.250000    1.858270   clock uncertainty
                                 -0.153168    1.705101   clock reconvergence pessimism
                                  0.074288    1.779389   library hold time
                                              1.779389   data required time
---------------------------------------------------------------------------------------------
                                              1.779389   data required time
                                             -2.193575   data arrival time
---------------------------------------------------------------------------------------------
                                              0.414186   slack (MET)


Startpoint: _1115_ (rising edge-triggered flip-flop clocked by clk)
Endpoint: _1115_ (rising edge-triggered flip-flop clocked by clk)
Path Group: clk
Path Type: min

Fanout         Cap        Slew       Delay        Time   Description
---------------------------------------------------------------------------------------------
                                  0.000000    0.000000   clock clk (rise edge)
                                  0.000000    0.000000   clock source latency
   202    0.502531    2.236611    1.463914    1.463914 ^ clk (in)
                                                         clk (net)
                      2.236727    0.000000    1.463914 ^ _1115_/CLK (sky130_fd_sc_hd__dfrtp_2)
     2    0.005204    0.050404    0.630900    2.094814 ^ _1115_/Q (sky130_fd_sc_hd__dfrtp_2)
                                                         coeff7[7] (net)
                      0.050404    0.000003    2.094817 ^ _0625_/A1 (sky130_fd_sc_hd__mux2_1)
     1    0.002132    0.037518    0.108046    2.202864 ^ _0625_/X (sky130_fd_sc_hd__mux2_1)
                                                         _0072_ (net)
                      0.037518    0.000001    2.202865 ^ _1115_/D (sky130_fd_sc_hd__dfrtp_2)
                                              2.202865   data arrival time

                                  0.000000    0.000000   clock clk (rise edge)
                                  0.000000    0.000000   clock source latency
   202    0.502531    2.236611    1.618010    1.618010 ^ clk (in)
                                                         clk (net)
                      2.236727    0.000000    1.618010 ^ _1115_/CLK (sky130_fd_sc_hd__dfrtp_2)
                                  0.250000    1.868010   clock uncertainty
                                 -0.154096    1.713914   clock reconvergence pessimism
                                  0.074425    1.788339   library hold time
                                              1.788339   data required time
---------------------------------------------------------------------------------------------
                                              1.788339   data required time
                                             -2.202865   data arrival time
---------------------------------------------------------------------------------------------
                                              0.414526   slack (MET)


Startpoint: _1052_ (rising edge-triggered flip-flop clocked by clk)
Endpoint: _1052_ (rising edge-triggered flip-flop clocked by clk)
Path Group: clk
Path Type: min

Fanout         Cap        Slew       Delay        Time   Description
---------------------------------------------------------------------------------------------
                                  0.000000    0.000000   clock clk (rise edge)
                                  0.000000    0.000000   clock source latency
   202    0.502531    2.236611    1.462386    1.462386 ^ clk (in)
                                                         clk (net)
                      2.236701    0.000000    1.462386 ^ _1052_/CLK (sky130_fd_sc_hd__dfstp_2)
     2    0.004048    0.024960    0.629000    2.091386 v _1052_/Q (sky130_fd_sc_hd__dfstp_2)
                                                         coeff0[0] (net)
                      0.024960    0.000004    2.091390 v _0553_/A0 (sky130_fd_sc_hd__mux2_1)
     1    0.002399    0.053638    0.253358    2.344747 v _0553_/X (sky130_fd_sc_hd__mux2_1)
                                                         _0009_ (net)
                      0.053638    0.000002    2.344749 v _1052_/D (sky130_fd_sc_hd__dfstp_2)
                                              2.344749   data arrival time

                                  0.000000    0.000000   clock clk (rise edge)
                                  0.000000    0.000000   clock source latency
   202    0.502531    2.236611    1.616321    1.616321 ^ clk (in)
                                                         clk (net)
                      2.236701    0.000000    1.616321 ^ _1052_/CLK (sky130_fd_sc_hd__dfstp_2)
                                  0.250000    1.866321   clock uncertainty
                                 -0.153935    1.712386   clock reconvergence pessimism
                                  0.216739    1.929126   library hold time
                                              1.929126   data required time
---------------------------------------------------------------------------------------------
                                              1.929126   data required time
                                             -2.344749   data arrival time
---------------------------------------------------------------------------------------------
                                              0.415623   slack (MET)


Startpoint: _1078_ (rising edge-triggered flip-flop clocked by clk)
Endpoint: _1078_ (rising edge-triggered flip-flop clocked by clk)
Path Group: clk
Path Type: min

Fanout         Cap        Slew       Delay        Time   Description
---------------------------------------------------------------------------------------------
                                  0.000000    0.000000   clock clk (rise edge)
                                  0.000000    0.000000   clock source latency
   202    0.502531    2.236611    1.463349    1.463349 ^ clk (in)
                                                         clk (net)
                      2.236717    0.000000    1.463349 ^ _1078_/CLK (sky130_fd_sc_hd__dfstp_2)
     2    0.004097    0.025075    0.629155    2.092504 v _1078_/Q (sky130_fd_sc_hd__dfstp_2)
                                                         coeff3[2] (net)
                      0.025075    0.000004    2.092507 v _0583_/A0 (sky130_fd_sc_hd__mux2_1)
     1    0.002464    0.054034    0.253976    2.346483 v _0583_/X (sky130_fd_sc_hd__mux2_1)
                                                         _0035_ (net)
                      0.054034    0.000002    2.346486 v _1078_/D (sky130_fd_sc_hd__dfstp_2)
                                              2.346486   data arrival time

                                  0.000000    0.000000   clock clk (rise edge)
                                  0.000000    0.000000   clock source latency
   202    0.502531    2.236611    1.617385    1.617385 ^ clk (in)
                                                         clk (net)
                      2.236717    0.000000    1.617385 ^ _1078_/CLK (sky130_fd_sc_hd__dfstp_2)
                                  0.250000    1.867385   clock uncertainty
                                 -0.154037    1.713349   clock reconvergence pessimism
                                  0.216623    1.929971   library hold time
                                              1.929971   data required time
---------------------------------------------------------------------------------------------
                                              1.929971   data required time
                                             -2.346486   data arrival time
---------------------------------------------------------------------------------------------
                                              0.416515   slack (MET)


Startpoint: _1068_ (rising edge-triggered flip-flop clocked by clk)
Endpoint: _1068_ (rising edge-triggered flip-flop clocked by clk)
Path Group: clk
Path Type: min

Fanout         Cap        Slew       Delay        Time   Description
---------------------------------------------------------------------------------------------
                                  0.000000    0.000000   clock clk (rise edge)
                                  0.000000    0.000000   clock source latency
   202    0.502531    2.236611    1.463109    1.463109 ^ clk (in)
                                                         clk (net)
                      2.236712    0.000000    1.463109 ^ _1068_/CLK (sky130_fd_sc_hd__dfstp_2)
     2    0.004251    0.025438    0.629638    2.092747 v _1068_/Q (sky130_fd_sc_hd__dfstp_2)
                                                         coeff2[0] (net)
                      0.025438    0.000003    2.092750 v _0571_/A0 (sky130_fd_sc_hd__mux2_1)
     1    0.002411    0.053712    0.253604    2.346354 v _0571_/X (sky130_fd_sc_hd__mux2_1)
                                                         _0025_ (net)
                      0.053712    0.000002    2.346356 v _1068_/D (sky130_fd_sc_hd__dfstp_2)
                                              2.346356   data arrival time

                                  0.000000    0.000000   clock clk (rise edge)
                                  0.000000    0.000000   clock source latency
   202    0.502531    2.236611    1.617120    1.617120 ^ clk (in)
                                                         clk (net)
                      2.236712    0.000000    1.617120 ^ _1068_/CLK (sky130_fd_sc_hd__dfstp_2)
                                  0.250000    1.867120   clock uncertainty
                                 -0.154011    1.713109   clock reconvergence pessimism
                                  0.216718    1.929827   library hold time
                                              1.929827   data required time
---------------------------------------------------------------------------------------------
                                              1.929827   data required time
                                             -2.346356   data arrival time
---------------------------------------------------------------------------------------------
                                              0.416529   slack (MET)


Startpoint: _1244_ (rising edge-triggered flip-flop clocked by clk)
Endpoint: _1238_ (rising edge-triggered flip-flop clocked by clk)
Path Group: clk
Path Type: min

Fanout         Cap        Slew       Delay        Time   Description
---------------------------------------------------------------------------------------------
                                  0.000000    0.000000   clock clk (rise edge)
                                  0.000000    0.000000   clock source latency
   202    0.502531    2.236611    1.473148    1.473148 ^ clk (in)
                                                         clk (net)
                      2.236957    0.000000    1.473148 ^ _1244_/CLK (sky130_fd_sc_hd__dfrtp_2)
     3    0.009215    0.067641    0.647275    2.120423 ^ _1244_/Q (sky130_fd_sc_hd__dfrtp_2)
                                                         phase[5] (net)
                      0.067641    0.000018    2.120441 ^ _0530_/D (sky130_fd_sc_hd__or4_2)
     1    0.006051    0.042570    0.113835    2.234276 ^ _0530_/X (sky130_fd_sc_hd__or4_2)
                                                         _0207_ (net)
                      0.042570    0.000029    2.234305 ^ _0531_/C (sky130_fd_sc_hd__nor3_2)
    11    0.044660    0.107231    0.097542    2.331847 v _0531_/Y (sky130_fd_sc_hd__nor3_2)
                                                         _0208_ (net)
                      0.107231    0.000171    2.332018 v _1042_/A1 (sky130_fd_sc_hd__a21oi_2)
     1    0.004966    0.094671    0.141003    2.473022 ^ _1042_/Y (sky130_fd_sc_hd__a21oi_2)
                                                         _0524_ (net)
                      0.094671    0.000005    2.473027 ^ _1043_/B (sky130_fd_sc_hd__nor2_2)
     1    0.002190    0.023985    0.033286    2.506313 v _1043_/Y (sky130_fd_sc_hd__nor2_2)
                                                         _0195_ (net)
                      0.023985    0.000002    2.506315 v _1238_/D (sky130_fd_sc_hd__dfrtp_2)
                                              2.506315   data arrival time

                                  0.000000    0.000000   clock clk (rise edge)
                                  0.000000    0.000000   clock source latency
   202    0.502531    2.236611    1.626849    1.626849 ^ clk (in)
                                                         clk (net)
                      2.236919    0.000000    1.626849 ^ _1238_/CLK (sky130_fd_sc_hd__dfrtp_2)
                                  0.250000    1.876849   clock uncertainty
                                  0.000000    1.876849   clock reconvergence pessimism
                                  0.206829    2.083678   library hold time
                                              2.083678   data required time
---------------------------------------------------------------------------------------------
                                              2.083678   data required time
                                             -2.506315   data arrival time
---------------------------------------------------------------------------------------------
                                              0.422637   slack (MET)


Startpoint: _1050_ (rising edge-triggered flip-flop clocked by clk)
Endpoint: _1050_ (rising edge-triggered flip-flop clocked by clk)
Path Group: clk
Path Type: min

Fanout         Cap        Slew       Delay        Time   Description
---------------------------------------------------------------------------------------------
                                  0.000000    0.000000   clock clk (rise edge)
                                  0.000000    0.000000   clock source latency
   202    0.502531    2.236611    1.455048    1.455048 ^ clk (in)
                                                         clk (net)
                      2.236621    0.000000    1.455048 ^ _1050_/CLK (sky130_fd_sc_hd__dfrtp_2)
     2    0.007318    0.056501    0.639491    2.094539 ^ _1050_/Q (sky130_fd_sc_hd__dfrtp_2)
                                                         window0[6] (net)
                      0.056501    0.000007    2.094547 ^ _0549_/A0 (sky130_fd_sc_hd__mux2_1)
     1    0.002263    0.039054    0.108383    2.202930 ^ _0549_/X (sky130_fd_sc_hd__mux2_1)
                                                         _0007_ (net)
                      0.039054    0.000002    2.202932 ^ _1050_/D (sky130_fd_sc_hd__dfrtp_2)
                                              2.202932   data arrival time

                                  0.000000    0.000000   clock clk (rise edge)
                                  0.000000    0.000000   clock source latency
   202    0.502531    2.236611    1.608211    1.608211 ^ clk (in)
                                                         clk (net)
                      2.236621    0.000000    1.608211 ^ _1050_/CLK (sky130_fd_sc_hd__dfrtp_2)
                                  0.250000    1.858211   clock uncertainty
                                 -0.153163    1.705048   clock reconvergence pessimism
                                  0.074135    1.779183   library hold time
                                              1.779183   data required time
---------------------------------------------------------------------------------------------
                                              1.779183   data required time
                                             -2.202932   data arrival time
---------------------------------------------------------------------------------------------
                                              0.423749   slack (MET)


Startpoint: _1109_ (rising edge-triggered flip-flop clocked by clk)
Endpoint: _1109_ (rising edge-triggered flip-flop clocked by clk)
Path Group: clk
Path Type: min

Fanout         Cap        Slew       Delay        Time   Description
---------------------------------------------------------------------------------------------
                                  0.000000    0.000000   clock clk (rise edge)
                                  0.000000    0.000000   clock source latency
   202    0.502531    2.236611    1.462474    1.462474 ^ clk (in)
                                                         clk (net)
                      2.236702    0.000000    1.462474 ^ _1109_/CLK (sky130_fd_sc_hd__dfrtp_2)
     2    0.006961    0.057954    0.638060    2.100534 ^ _1109_/Q (sky130_fd_sc_hd__dfrtp_2)
                                                         coeff7[1] (net)
                      0.057954    0.000004    2.100538 ^ _0619_/A1 (sky130_fd_sc_hd__mux2_1)
     1    0.002098    0.037248    0.110237    2.210775 ^ _0619_/X (sky130_fd_sc_hd__mux2_1)
                                                         _0066_ (net)
                      0.037248    0.000000    2.210776 ^ _1109_/D (sky130_fd_sc_hd__dfrtp_2)
                                              2.210776   data arrival time

                                  0.000000    0.000000   clock clk (rise edge)
                                  0.000000    0.000000   clock source latency
   202    0.502531    2.236611    1.616419    1.616419 ^ clk (in)
                                                         clk (net)
                      2.236702    0.000000    1.616419 ^ _1109_/CLK (sky130_fd_sc_hd__dfrtp_2)
                                  0.250000    1.866419   clock uncertainty
                                 -0.153945    1.712474   clock reconvergence pessimism
                                  0.074475    1.786949   library hold time
                                              1.786949   data required time
---------------------------------------------------------------------------------------------
                                              1.786949   data required time
                                             -2.210776   data arrival time
---------------------------------------------------------------------------------------------
                                              0.423827   slack (MET)


Startpoint: _1108_ (rising edge-triggered flip-flop clocked by clk)
Endpoint: _1108_ (rising edge-triggered flip-flop clocked by clk)
Path Group: clk
Path Type: min

Fanout         Cap        Slew       Delay        Time   Description
---------------------------------------------------------------------------------------------
                                  0.000000    0.000000   clock clk (rise edge)
                                  0.000000    0.000000   clock source latency
   202    0.502531    2.236611    1.462413    1.462413 ^ clk (in)
                                                         clk (net)
                      2.236701    0.000000    1.462413 ^ _1108_/CLK (sky130_fd_sc_hd__dfrtp_2)
     2    0.006906    0.057717    0.637835    2.100248 ^ _1108_/Q (sky130_fd_sc_hd__dfrtp_2)
                                                         coeff7[0] (net)
                      0.057717    0.000008    2.100256 ^ _0618_/A1 (sky130_fd_sc_hd__mux2_1)
     1    0.002148    0.037648    0.110542    2.210799 ^ _0618_/X (sky130_fd_sc_hd__mux2_1)
                                                         _0065_ (net)
                      0.037648    0.000001    2.210800 ^ _1108_/D (sky130_fd_sc_hd__dfrtp_2)
                                              2.210800   data arrival time

                                  0.000000    0.000000   clock clk (rise edge)
                                  0.000000    0.000000   clock source latency
   202    0.502531    2.236611    1.616351    1.616351 ^ clk (in)
                                                         clk (net)
                      2.236701    0.000000    1.616351 ^ _1108_/CLK (sky130_fd_sc_hd__dfrtp_2)
                                  0.250000    1.866351   clock uncertainty
                                 -0.153938    1.712413   clock reconvergence pessimism
                                  0.074400    1.786813   library hold time
                                              1.786813   data required time
---------------------------------------------------------------------------------------------
                                              1.786813   data required time
                                             -2.210800   data arrival time
---------------------------------------------------------------------------------------------
                                              0.423987   slack (MET)


Startpoint: _1110_ (rising edge-triggered flip-flop clocked by clk)
Endpoint: _1110_ (rising edge-triggered flip-flop clocked by clk)
Path Group: clk
Path Type: min

Fanout         Cap        Slew       Delay        Time   Description
---------------------------------------------------------------------------------------------
                                  0.000000    0.000000   clock clk (rise edge)
                                  0.000000    0.000000   clock source latency
   202    0.502531    2.236611    1.463419    1.463419 ^ clk (in)
                                                         clk (net)
                      2.236718    0.000000    1.463419 ^ _1110_/CLK (sky130_fd_sc_hd__dfrtp_2)
     2    0.006800    0.057264    0.637407    2.100826 ^ _1110_/Q (sky130_fd_sc_hd__dfrtp_2)
                                                         coeff7[2] (net)
                      0.057264    0.000004    2.100830 ^ _0620_/A1 (sky130_fd_sc_hd__mux2_1)
     1    0.002217    0.038190    0.110914    2.211744 ^ _0620_/X (sky130_fd_sc_hd__mux2_1)
                                                         _0067_ (net)
                      0.038190    0.000002    2.211746 ^ _1110_/D (sky130_fd_sc_hd__dfrtp_2)
                                              2.211746   data arrival time

                                  0.000000    0.000000   clock clk (rise edge)
                                  0.000000    0.000000   clock source latency
   202    0.502531    2.236611    1.617463    1.617463 ^ clk (in)
                                                         clk (net)
                      2.236718    0.000000    1.617463 ^ _1110_/CLK (sky130_fd_sc_hd__dfrtp_2)
                                  0.250000    1.867463   clock uncertainty
                                 -0.154044    1.713419   clock reconvergence pessimism
                                  0.074299    1.787718   library hold time
                                              1.787718   data required time
---------------------------------------------------------------------------------------------
                                              1.787718   data required time
                                             -2.211746   data arrival time
---------------------------------------------------------------------------------------------
                                              0.424028   slack (MET)


Startpoint: _1114_ (rising edge-triggered flip-flop clocked by clk)
Endpoint: _1114_ (rising edge-triggered flip-flop clocked by clk)
Path Group: clk
Path Type: min

Fanout         Cap        Slew       Delay        Time   Description
---------------------------------------------------------------------------------------------
                                  0.000000    0.000000   clock clk (rise edge)
                                  0.000000    0.000000   clock source latency
   202    0.502531    2.236611    1.462903    1.462903 ^ clk (in)
                                                         clk (net)
                      2.236709    0.000000    1.462903 ^ _1114_/CLK (sky130_fd_sc_hd__dfrtp_2)
     2    0.007073    0.058436    0.638517    2.101420 ^ _1114_/Q (sky130_fd_sc_hd__dfrtp_2)
                                                         coeff7[6] (net)
                      0.058436    0.000008    2.101429 ^ _0624_/A1 (sky130_fd_sc_hd__mux2_1)
     1    0.002172    0.037837    0.110954    2.212383 ^ _0624_/X (sky130_fd_sc_hd__mux2_1)
                                                         _0071_ (net)
                      0.037837    0.000002    2.212384 ^ _1114_/D (sky130_fd_sc_hd__dfrtp_2)
                                              2.212384   data arrival time

                                  0.000000    0.000000   clock clk (rise edge)
                                  0.000000    0.000000   clock source latency
   202    0.502531    2.236611    1.616893    1.616893 ^ clk (in)
                                                         clk (net)
                      2.236709    0.000000    1.616893 ^ _1114_/CLK (sky130_fd_sc_hd__dfrtp_2)
                                  0.250000    1.866893   clock uncertainty
                                 -0.153990    1.712903   clock reconvergence pessimism
                                  0.074365    1.787268   library hold time
                                              1.787268   data required time
---------------------------------------------------------------------------------------------
                                              1.787268   data required time
                                             -2.212384   data arrival time
---------------------------------------------------------------------------------------------
                                              0.425116   slack (MET)


Startpoint: _1084_ (rising edge-triggered flip-flop clocked by clk)
Endpoint: _1084_ (rising edge-triggered flip-flop clocked by clk)
Path Group: clk
Path Type: min

Fanout         Cap        Slew       Delay        Time   Description
---------------------------------------------------------------------------------------------
                                  0.000000    0.000000   clock clk (rise edge)
                                  0.000000    0.000000   clock source latency
   202    0.502531    2.236611    1.463110    1.463110 ^ clk (in)
                                                         clk (net)
                      2.236712    0.000000    1.463110 ^ _1084_/CLK (sky130_fd_sc_hd__dfstp_2)
     2    0.003641    0.024001    0.627724    2.090833 v _1084_/Q (sky130_fd_sc_hd__dfstp_2)
                                                         coeff4[0] (net)
                      0.024001    0.000005    2.090838 v _0591_/A1 (sky130_fd_sc_hd__mux2_1)
     1    0.002423    0.053819    0.264423    2.355261 v _0591_/X (sky130_fd_sc_hd__mux2_1)
                                                         _0041_ (net)
                      0.053819    0.000002    2.355263 v _1084_/D (sky130_fd_sc_hd__dfstp_2)
                                              2.355263   data arrival time

                                  0.000000    0.000000   clock clk (rise edge)
                                  0.000000    0.000000   clock source latency
   202    0.502531    2.236611    1.617121    1.617121 ^ clk (in)
                                                         clk (net)
                      2.236712    0.000000    1.617121 ^ _1084_/CLK (sky130_fd_sc_hd__dfstp_2)
                                  0.250000    1.867121   clock uncertainty
                                 -0.154011    1.713110   clock reconvergence pessimism
                                  0.216686    1.929796   library hold time
                                              1.929796   data required time
---------------------------------------------------------------------------------------------
                                              1.929796   data required time
                                             -2.355263   data arrival time
---------------------------------------------------------------------------------------------
                                              0.425467   slack (MET)


Startpoint: _1100_ (rising edge-triggered flip-flop clocked by clk)
Endpoint: _1100_ (rising edge-triggered flip-flop clocked by clk)
Path Group: clk
Path Type: min

Fanout         Cap        Slew       Delay        Time   Description
---------------------------------------------------------------------------------------------
                                  0.000000    0.000000   clock clk (rise edge)
                                  0.000000    0.000000   clock source latency
   202    0.502531    2.236611    1.462359    1.462359 ^ clk (in)
                                                         clk (net)
                      2.236700    0.000000    1.462359 ^ _1100_/CLK (sky130_fd_sc_hd__dfstp_2)
     2    0.003669    0.024067    0.627810    2.090169 v _1100_/Q (sky130_fd_sc_hd__dfstp_2)
                                                         coeff6[0] (net)
                      0.024067    0.000003    2.090173 v _0609_/A1 (sky130_fd_sc_hd__mux2_1)
     1    0.002436    0.053894    0.264552    2.354724 v _0609_/X (sky130_fd_sc_hd__mux2_1)
                                                         _0057_ (net)
                      0.053894    0.000002    2.354727 v _1100_/D (sky130_fd_sc_hd__dfstp_2)
                                              2.354727   data arrival time

                                  0.000000    0.000000   clock clk (rise edge)
                                  0.000000    0.000000   clock source latency
   202    0.502531    2.236611    1.616292    1.616292 ^ clk (in)
                                                         clk (net)
                      2.236700    0.000000    1.616292 ^ _1100_/CLK (sky130_fd_sc_hd__dfstp_2)
                                  0.250000    1.866292   clock uncertainty
                                 -0.153933    1.712359   clock reconvergence pessimism
                                  0.216663    1.929022   library hold time
                                              1.929022   data required time
---------------------------------------------------------------------------------------------
                                              1.929022   data required time
                                             -2.354727   data arrival time
---------------------------------------------------------------------------------------------
                                              0.425704   slack (MET)


Startpoint: _1094_ (rising edge-triggered flip-flop clocked by clk)
Endpoint: _1094_ (rising edge-triggered flip-flop clocked by clk)
Path Group: clk
Path Type: min

Fanout         Cap        Slew       Delay        Time   Description
---------------------------------------------------------------------------------------------
                                  0.000000    0.000000   clock clk (rise edge)
                                  0.000000    0.000000   clock source latency
   202    0.502531    2.236611    1.463328    1.463328 ^ clk (in)
                                                         clk (net)
                      2.236716    0.000000    1.463328 ^ _1094_/CLK (sky130_fd_sc_hd__dfstp_2)
     2    0.003736    0.024223    0.628020    2.091348 v _1094_/Q (sky130_fd_sc_hd__dfstp_2)
                                                         coeff5[2] (net)
                      0.024223    0.000004    2.091352 v _0602_/A1 (sky130_fd_sc_hd__mux2_1)
     1    0.002543    0.054539    0.265557    2.356908 v _0602_/X (sky130_fd_sc_hd__mux2_1)
                                                         _0051_ (net)
                      0.054539    0.000004    2.356912 v _1094_/D (sky130_fd_sc_hd__dfstp_2)
                                              2.356912   data arrival time

                                  0.000000    0.000000   clock clk (rise edge)
                                  0.000000    0.000000   clock source latency
   202    0.502531    2.236611    1.617363    1.617363 ^ clk (in)
                                                         clk (net)
                      2.236716    0.000000    1.617363 ^ _1094_/CLK (sky130_fd_sc_hd__dfstp_2)
                                  0.250000    1.867363   clock uncertainty
                                 -0.154034    1.713328   clock reconvergence pessimism
                                  0.216473    1.929801   library hold time
                                              1.929801   data required time
---------------------------------------------------------------------------------------------
                                              1.929801   data required time
                                             -2.356912   data arrival time
---------------------------------------------------------------------------------------------
                                              0.427111   slack (MET)


Startpoint: _1093_ (rising edge-triggered flip-flop clocked by clk)
Endpoint: _1093_ (rising edge-triggered flip-flop clocked by clk)
Path Group: clk
Path Type: min

Fanout         Cap        Slew       Delay        Time   Description
---------------------------------------------------------------------------------------------
                                  0.000000    0.000000   clock clk (rise edge)
                                  0.000000    0.000000   clock source latency
   202    0.502531    2.236611    1.462461    1.462461 ^ clk (in)
                                                         clk (net)
                      2.236701    0.000000    1.462461 ^ _1093_/CLK (sky130_fd_sc_hd__dfstp_2)
     2    0.004409    0.025775    0.630005    2.092466 v _1093_/Q (sky130_fd_sc_hd__dfstp_2)
                                                         coeff5[1] (net)
                      0.025775    0.000003    2.092469 v _0601_/A1 (sky130_fd_sc_hd__mux2_1)
     1    0.002409    0.053733    0.264741    2.357210 v _0601_/X (sky130_fd_sc_hd__mux2_1)
                                                         _0050_ (net)
                      0.053733    0.000002    2.357212 v _1093_/D (sky130_fd_sc_hd__dfstp_2)
                                              2.357212   data arrival time

                                  0.000000    0.000000   clock clk (rise edge)
                                  0.000000    0.000000   clock source latency
   202    0.502531    2.236611    1.616404    1.616404 ^ clk (in)
                                                         clk (net)
                      2.236701    0.000000    1.616404 ^ _1093_/CLK (sky130_fd_sc_hd__dfstp_2)
                                  0.250000    1.866404   clock uncertainty
                                 -0.153943    1.712461   clock reconvergence pessimism
                                  0.216711    1.929172   library hold time
                                              1.929172   data required time
---------------------------------------------------------------------------------------------
                                              1.929172   data required time
                                             -2.357212   data arrival time
---------------------------------------------------------------------------------------------
                                              0.428040   slack (MET)


Startpoint: _1102_ (rising edge-triggered flip-flop clocked by clk)
Endpoint: _1102_ (rising edge-triggered flip-flop clocked by clk)
Path Group: clk
Path Type: min

Fanout         Cap        Slew       Delay        Time   Description
---------------------------------------------------------------------------------------------
                                  0.000000    0.000000   clock clk (rise edge)
                                  0.000000    0.000000   clock source latency
   202    0.502531    2.236611    1.463387    1.463387 ^ clk (in)
                                                         clk (net)
                      2.236717    0.000000    1.463387 ^ _1102_/CLK (sky130_fd_sc_hd__dfstp_2)
     2    0.004350    0.025650    0.629875    2.093262 v _1102_/Q (sky130_fd_sc_hd__dfstp_2)
                                                         coeff6[2] (net)
                      0.025650    0.000003    2.093265 v _0611_/A1 (sky130_fd_sc_hd__mux2_1)
     1    0.002444    0.053947    0.265029    2.358294 v _0611_/X (sky130_fd_sc_hd__mux2_1)
                                                         _0059_ (net)
                      0.053947    0.000002    2.358296 v _1102_/D (sky130_fd_sc_hd__dfstp_2)
                                              2.358296   data arrival time

                                  0.000000    0.000000   clock clk (rise edge)
                                  0.000000    0.000000   clock source latency
   202    0.502531    2.236611    1.617427    1.617427 ^ clk (in)
                                                         clk (net)
                      2.236717    0.000000    1.617427 ^ _1102_/CLK (sky130_fd_sc_hd__dfstp_2)
                                  0.250000    1.867427   clock uncertainty
                                 -0.154041    1.713387   clock reconvergence pessimism
                                  0.216649    1.930036   library hold time
                                              1.930036   data required time
---------------------------------------------------------------------------------------------
                                              1.930036   data required time
                                             -2.358296   data arrival time
---------------------------------------------------------------------------------------------
                                              0.428261   slack (MET)


Startpoint: _1086_ (rising edge-triggered flip-flop clocked by clk)
Endpoint: _1086_ (rising edge-triggered flip-flop clocked by clk)
Path Group: clk
Path Type: min

Fanout         Cap        Slew       Delay        Time   Description
---------------------------------------------------------------------------------------------
                                  0.000000    0.000000   clock clk (rise edge)
                                  0.000000    0.000000   clock source latency
   202    0.502531    2.236611    1.463343    1.463343 ^ clk (in)
                                                         clk (net)
                      2.236717    0.000000    1.463343 ^ _1086_/CLK (sky130_fd_sc_hd__dfstp_2)
     2    0.004220    0.025363    0.629540    2.092883 v _1086_/Q (sky130_fd_sc_hd__dfstp_2)
                                                         coeff4[2] (net)
                      0.025363    0.000002    2.092885 v _0593_/A1 (sky130_fd_sc_hd__mux2_1)
     1    0.002485    0.054189    0.265320    2.358206 v _0593_/X (sky130_fd_sc_hd__mux2_1)
                                                         _0043_ (net)
                      0.054189    0.000003    2.358208 v _1086_/D (sky130_fd_sc_hd__dfstp_2)
                                              2.358208   data arrival time

                                  0.000000    0.000000   clock clk (rise edge)
                                  0.000000    0.000000   clock source latency
   202    0.502531    2.236611    1.617379    1.617379 ^ clk (in)
                                                         clk (net)
                      2.236717    0.000000    1.617379 ^ _1086_/CLK (sky130_fd_sc_hd__dfstp_2)
                                  0.250000    1.867379   clock uncertainty
                                 -0.154036    1.713343   clock reconvergence pessimism
                                  0.216577    1.929920   library hold time
                                              1.929920   data required time
---------------------------------------------------------------------------------------------
                                              1.929920   data required time
                                             -2.358208   data arrival time
---------------------------------------------------------------------------------------------
                                              0.428288   slack (MET)


Startpoint: _1101_ (rising edge-triggered flip-flop clocked by clk)
Endpoint: _1101_ (rising edge-triggered flip-flop clocked by clk)
Path Group: clk
Path Type: min

Fanout         Cap        Slew       Delay        Time   Description
---------------------------------------------------------------------------------------------
                                  0.000000    0.000000   clock clk (rise edge)
                                  0.000000    0.000000   clock source latency
   202    0.502531    2.236611    1.462462    1.462462 ^ clk (in)
                                                         clk (net)
                      2.236701    0.000000    1.462462 ^ _1101_/CLK (sky130_fd_sc_hd__dfstp_2)
     2    0.004614    0.026210    0.630466    2.092928 v _1101_/Q (sky130_fd_sc_hd__dfstp_2)
                                                         coeff6[1] (net)
                      0.026210    0.000003    2.092931 v _0610_/A1 (sky130_fd_sc_hd__mux2_1)
     1    0.002386    0.053593    0.264642    2.357573 v _0610_/X (sky130_fd_sc_hd__mux2_1)
                                                         _0058_ (net)
                      0.053593    0.000002    2.357574 v _1101_/D (sky130_fd_sc_hd__dfstp_2)
                                              2.357574   data arrival time

                                  0.000000    0.000000   clock clk (rise edge)
                                  0.000000    0.000000   clock source latency
   202    0.502531    2.236611    1.616405    1.616405 ^ clk (in)
                                                         clk (net)
                      2.236701    0.000000    1.616405 ^ _1101_/CLK (sky130_fd_sc_hd__dfstp_2)
                                  0.250000    1.866405   clock uncertainty
                                 -0.153943    1.712462   clock reconvergence pessimism
                                  0.216753    1.929215   library hold time
                                              1.929215   data required time
---------------------------------------------------------------------------------------------
                                              1.929215   data required time
                                             -2.357574   data arrival time
---------------------------------------------------------------------------------------------
                                              0.428360   slack (MET)


Startpoint: _1111_ (rising edge-triggered flip-flop clocked by clk)
Endpoint: _1111_ (rising edge-triggered flip-flop clocked by clk)
Path Group: clk
Path Type: min

Fanout         Cap        Slew       Delay        Time   Description
---------------------------------------------------------------------------------------------
                                  0.000000    0.000000   clock clk (rise edge)
                                  0.000000    0.000000   clock source latency
   202    0.502531    2.236611    1.455828    1.455828 ^ clk (in)
                                                         clk (net)
                      2.236626    0.000000    1.455828 ^ _1111_/CLK (sky130_fd_sc_hd__dfstp_2)
     2    0.006194    0.029555    0.633995    2.089823 v _1111_/Q (sky130_fd_sc_hd__dfstp_2)
                                                         coeff7[3] (net)
                      0.029555    0.000007    2.089829 v _0621_/A1 (sky130_fd_sc_hd__mux2_1)
     1    0.002430    0.053873    0.265883    2.355713 v _0621_/X (sky130_fd_sc_hd__mux2_1)
                                                         _0068_ (net)
                      0.053873    0.000002    2.355715 v _1111_/D (sky130_fd_sc_hd__dfstp_2)
                                              2.355715   data arrival time

                                  0.000000    0.000000   clock clk (rise edge)
                                  0.000000    0.000000   clock source latency
   202    0.502531    2.236611    1.609073    1.609073 ^ clk (in)
                                                         clk (net)
                      2.236626    0.000000    1.609073 ^ _1111_/CLK (sky130_fd_sc_hd__dfstp_2)
                                  0.250000    1.859073   clock uncertainty
                                 -0.153245    1.705828   clock reconvergence pessimism
                                  0.216664    1.922492   library hold time
                                              1.922492   data required time
---------------------------------------------------------------------------------------------
                                              1.922492   data required time
                                             -2.355715   data arrival time
---------------------------------------------------------------------------------------------
                                              0.433223   slack (MET)


Startpoint: _1184_ (rising edge-triggered flip-flop clocked by clk)
Endpoint: _1184_ (rising edge-triggered flip-flop clocked by clk)
Path Group: clk
Path Type: min

Fanout         Cap        Slew       Delay        Time   Description
---------------------------------------------------------------------------------------------
                                  0.000000    0.000000   clock clk (rise edge)
                                  0.000000    0.000000   clock source latency
   202    0.502531    2.236611    1.475269    1.475269 ^ clk (in)
                                                         clk (net)
                      2.237028    0.000000    1.475269 ^ _1184_/CLK (sky130_fd_sc_hd__dfrtp_2)
     3    0.009153    0.067378    0.647032    2.122301 ^ _1184_/Q (sky130_fd_sc_hd__dfrtp_2)
                                                         add_stage0.add1.b[0] (net)
                      0.067378    0.000005    2.122306 ^ _0826_/A1 (sky130_fd_sc_hd__mux2_1)
     1    0.002101    0.037298    0.113306    2.235612 ^ _0826_/X (sky130_fd_sc_hd__mux2_1)
                                                         _0141_ (net)
                      0.037298    0.000000    2.235613 ^ _1184_/D (sky130_fd_sc_hd__dfrtp_2)
                                              2.235613   data arrival time

                                  0.000000    0.000000   clock clk (rise edge)
                                  0.000000    0.000000   clock source latency
   202    0.502531    2.236611    1.630561    1.630561 ^ clk (in)
                                                         clk (net)
                      2.237028    0.000000    1.630561 ^ _1184_/CLK (sky130_fd_sc_hd__dfrtp_2)
                                  0.250000    1.880560   clock uncertainty
                                 -0.155291    1.725269   clock reconvergence pessimism
                                  0.074474    1.799743   library hold time
                                              1.799743   data required time
---------------------------------------------------------------------------------------------
                                              1.799743   data required time
                                             -2.235613   data arrival time
---------------------------------------------------------------------------------------------
                                              0.435870   slack (MET)


Startpoint: _1250_ (rising edge-triggered flip-flop clocked by clk)
Endpoint: _1250_ (rising edge-triggered flip-flop clocked by clk)
Path Group: clk
Path Type: min

Fanout         Cap        Slew       Delay        Time   Description
---------------------------------------------------------------------------------------------
                                  0.000000    0.000000   clock clk (rise edge)
                                  0.000000    0.000000   clock source latency
   202    0.502531    2.236611    1.461806    1.461806 ^ clk (in)
                                                         clk (net)
                      2.236691    0.000000    1.461806 ^ _1250_/CLK (sky130_fd_sc_hd__dfrtp_2)
     2    0.009970    0.068938    0.650289    2.112095 ^ _1250_/Q (sky130_fd_sc_hd__dfrtp_2)
                                                         window0[4] (net)
                      0.068938    0.000006    2.112101 ^ _1048_/A0 (sky130_fd_sc_hd__mux2_1)
     1    0.002105    0.037824    0.111247    2.223348 ^ _1048_/X (sky130_fd_sc_hd__mux2_1)
                                                         _0200_ (net)
                      0.037824    0.000001    2.223349 ^ _1250_/D (sky130_fd_sc_hd__dfrtp_2)
                                              2.223349   data arrival time

                                  0.000000    0.000000   clock clk (rise edge)
                                  0.000000    0.000000   clock source latency
   202    0.502531    2.236611    1.615680    1.615680 ^ clk (in)
                                                         clk (net)
                      2.236691    0.000000    1.615680 ^ _1250_/CLK (sky130_fd_sc_hd__dfrtp_2)
                                  0.250000    1.865680   clock uncertainty
                                 -0.153874    1.711806   clock reconvergence pessimism
                                  0.074367    1.786173   library hold time
                                              1.786173   data required time
---------------------------------------------------------------------------------------------
                                              1.786173   data required time
                                             -2.223349   data arrival time
---------------------------------------------------------------------------------------------
                                              0.437176   slack (MET)


Startpoint: _1185_ (rising edge-triggered flip-flop clocked by clk)
Endpoint: _1185_ (rising edge-triggered flip-flop clocked by clk)
Path Group: clk
Path Type: min

Fanout         Cap        Slew       Delay        Time   Description
---------------------------------------------------------------------------------------------
                                  0.000000    0.000000   clock clk (rise edge)
                                  0.000000    0.000000   clock source latency
   202    0.502531    2.236611    1.475332    1.475332 ^ clk (in)
                                                         clk (net)
                      2.237030    0.000000    1.475332 ^ _1185_/CLK (sky130_fd_sc_hd__dfrtp_2)
     3    0.009839    0.068341    0.649812    2.125144 ^ _1185_/Q (sky130_fd_sc_hd__dfrtp_2)
                                                         add_stage0.add1.b[1] (net)
                      0.068341    0.000007    2.125151 ^ _0868_/A1 (sky130_fd_sc_hd__mux2_1)
     1    0.002144    0.037634    0.113938    2.239089 ^ _0868_/X (sky130_fd_sc_hd__mux2_1)
                                                         _0142_ (net)
                      0.037634    0.000002    2.239090 ^ _1185_/D (sky130_fd_sc_hd__dfrtp_2)
                                              2.239090   data arrival time

                                  0.000000    0.000000   clock clk (rise edge)
                                  0.000000    0.000000   clock source latency
   202    0.502531    2.236611    1.630631    1.630631 ^ clk (in)
                                                         clk (net)
                      2.237030    0.000000    1.630631 ^ _1185_/CLK (sky130_fd_sc_hd__dfrtp_2)
                                  0.250000    1.880631   clock uncertainty
                                 -0.155298    1.725332   clock reconvergence pessimism
                                  0.074411    1.799744   library hold time
                                              1.799744   data required time
---------------------------------------------------------------------------------------------
                                              1.799744   data required time
                                             -2.239090   data arrival time
---------------------------------------------------------------------------------------------
                                              0.439346   slack (MET)


Startpoint: _1186_ (rising edge-triggered flip-flop clocked by clk)
Endpoint: _1186_ (rising edge-triggered flip-flop clocked by clk)
Path Group: clk
Path Type: min

Fanout         Cap        Slew       Delay        Time   Description
---------------------------------------------------------------------------------------------
                                  0.000000    0.000000   clock clk (rise edge)
                                  0.000000    0.000000   clock source latency
   202    0.502531    2.236611    1.475591    1.475591 ^ clk (in)
                                                         clk (net)
                      2.237039    0.000000    1.475591 ^ _1186_/CLK (sky130_fd_sc_hd__dfrtp_2)
     3    0.010693    0.072174    0.653282    2.128873 ^ _1186_/Q (sky130_fd_sc_hd__dfrtp_2)
                                                         add_stage0.add1.b[2] (net)
                      0.072174    0.000006    2.128879 ^ _0918_/A1 (sky130_fd_sc_hd__mux2_1)
     1    0.002035    0.036775    0.114352    2.243231 ^ _0918_/X (sky130_fd_sc_hd__mux2_1)
                                                         _0143_ (net)
                      0.036775    0.000000    2.243232 ^ _1186_/D (sky130_fd_sc_hd__dfrtp_2)
                                              2.243232   data arrival time

                                  0.000000    0.000000   clock clk (rise edge)
                                  0.000000    0.000000   clock source latency
   202    0.502531    2.236611    1.630917    1.630917 ^ clk (in)
                                                         clk (net)
                      2.237039    0.000000    1.630917 ^ _1186_/CLK (sky130_fd_sc_hd__dfrtp_2)
                                  0.250000    1.880917   clock uncertainty
                                 -0.155325    1.725591   clock reconvergence pessimism
                                  0.074572    1.800163   library hold time
                                              1.800163   data required time
---------------------------------------------------------------------------------------------
                                              1.800163   data required time
                                             -2.243232   data arrival time
---------------------------------------------------------------------------------------------
                                              0.443068   slack (MET)


Startpoint: _1187_ (rising edge-triggered flip-flop clocked by clk)
Endpoint: _1187_ (rising edge-triggered flip-flop clocked by clk)
Path Group: clk
Path Type: min

Fanout         Cap        Slew       Delay        Time   Description
---------------------------------------------------------------------------------------------
                                  0.000000    0.000000   clock clk (rise edge)
                                  0.000000    0.000000   clock source latency
   202    0.502531    2.236611    1.475593    1.475593 ^ clk (in)
                                                         clk (net)
                      2.237039    0.000000    1.475593 ^ _1187_/CLK (sky130_fd_sc_hd__dfrtp_2)
     2    0.012397    0.081317    0.660256    2.135849 ^ _1187_/Q (sky130_fd_sc_hd__dfrtp_2)
                                                         add_stage0.add1.b[3] (net)
                      0.081317    0.000008    2.135857 ^ _0953_/A1 (sky130_fd_sc_hd__mux2_1)
     1    0.002022    0.036673    0.117204    2.253061 ^ _0953_/X (sky130_fd_sc_hd__mux2_1)
                                                         _0144_ (net)
                      0.036673    0.000000    2.253061 ^ _1187_/D (sky130_fd_sc_hd__dfrtp_2)
                                              2.253061   data arrival time

                                  0.000000    0.000000   clock clk (rise edge)
                                  0.000000    0.000000   clock source latency
   202    0.502531    2.236611    1.630919    1.630919 ^ clk (in)
                                                         clk (net)
                      2.237039    0.000000    1.630919 ^ _1187_/CLK (sky130_fd_sc_hd__dfrtp_2)
                                  0.250000    1.880919   clock uncertainty
                                 -0.155326    1.725593   clock reconvergence pessimism
                                  0.074591    1.800184   library hold time
                                              1.800184   data required time
---------------------------------------------------------------------------------------------
                                              1.800184   data required time
                                             -2.253061   data arrival time
---------------------------------------------------------------------------------------------
                                              0.452877   slack (MET)


Startpoint: _1181_ (rising edge-triggered flip-flop clocked by clk)
Endpoint: _1181_ (rising edge-triggered flip-flop clocked by clk)
Path Group: clk
Path Type: min

Fanout         Cap        Slew       Delay        Time   Description
---------------------------------------------------------------------------------------------
                                  0.000000    0.000000   clock clk (rise edge)
                                  0.000000    0.000000   clock source latency
   202    0.502531    2.236611    1.473683    1.473683 ^ clk (in)
                                                         clk (net)
                      2.236974    0.000000    1.473683 ^ _1181_/CLK (sky130_fd_sc_hd__dfrtp_2)
     4    0.015724    0.092462    0.671304    2.144987 ^ _1181_/Q (sky130_fd_sc_hd__dfrtp_2)
                                                         add_stage0.add0.b[1] (net)
                      0.092462    0.000006    2.144993 ^ _0733_/A1 (sky130_fd_sc_hd__mux2_1)
     1    0.002166    0.037812    0.121890    2.266883 ^ _0733_/X (sky130_fd_sc_hd__mux2_1)
                                                         _0138_ (net)
                      0.037812    0.000002    2.266886 ^ _1181_/D (sky130_fd_sc_hd__dfrtp_2)
                                              2.266886   data arrival time

                                  0.000000    0.000000   clock clk (rise edge)
                                  0.000000    0.000000   clock source latency
   202    0.502531    2.236611    1.628808    1.628808 ^ clk (in)
                                                         clk (net)
                      2.236974    0.000000    1.628808 ^ _1181_/CLK (sky130_fd_sc_hd__dfrtp_2)
                                  0.250000    1.878808   clock uncertainty
                                 -0.155124    1.723683   clock reconvergence pessimism
                                  0.074376    1.798060   library hold time
                                              1.798060   data required time
---------------------------------------------------------------------------------------------
                                              1.798060   data required time
                                             -2.266886   data arrival time
---------------------------------------------------------------------------------------------
                                              0.468826   slack (MET)


Startpoint: _1183_ (rising edge-triggered flip-flop clocked by clk)
Endpoint: _1183_ (rising edge-triggered flip-flop clocked by clk)
Path Group: clk
Path Type: min

Fanout         Cap        Slew       Delay        Time   Description
---------------------------------------------------------------------------------------------
                                  0.000000    0.000000   clock clk (rise edge)
                                  0.000000    0.000000   clock source latency
   202    0.502531    2.236611    1.474737    1.474737 ^ clk (in)
                                                         clk (net)
                      2.237010    0.000000    1.474737 ^ _1183_/CLK (sky130_fd_sc_hd__dfrtp_2)
     3    0.017417    0.099688    0.676866    2.151603 ^ _1183_/Q (sky130_fd_sc_hd__dfrtp_2)
                                                         add_stage0.add0.b[3] (net)
                      0.099688    0.000005    2.151608 ^ _0789_/A1 (sky130_fd_sc_hd__mux2_1)
     1    0.002123    0.037471    0.123896    2.275503 ^ _0789_/X (sky130_fd_sc_hd__mux2_1)
                                                         _0140_ (net)
                      0.037471    0.000001    2.275504 ^ _1183_/D (sky130_fd_sc_hd__dfrtp_2)
                                              2.275504   data arrival time

                                  0.000000    0.000000   clock clk (rise edge)
                                  0.000000    0.000000   clock source latency
   202    0.502531    2.236611    1.629972    1.629972 ^ clk (in)
                                                         clk (net)
                      2.237010    0.000000    1.629972 ^ _1183_/CLK (sky130_fd_sc_hd__dfrtp_2)
                                  0.250000    1.879972   clock uncertainty
                                 -0.155235    1.724737   clock reconvergence pessimism
                                  0.074441    1.799178   library hold time
                                              1.799178   data required time
---------------------------------------------------------------------------------------------
                                              1.799178   data required time
                                             -2.275504   data arrival time
---------------------------------------------------------------------------------------------
                                              0.476326   slack (MET)


Startpoint: _1180_ (rising edge-triggered flip-flop clocked by clk)
Endpoint: _1180_ (rising edge-triggered flip-flop clocked by clk)
Path Group: clk
Path Type: min

Fanout         Cap        Slew       Delay        Time   Description
---------------------------------------------------------------------------------------------
                                  0.000000    0.000000   clock clk (rise edge)
                                  0.000000    0.000000   clock source latency
   202    0.502531    2.236611    1.473531    1.473531 ^ clk (in)
                                                         clk (net)
                      2.236969    0.000000    1.473531 ^ _1180_/CLK (sky130_fd_sc_hd__dfrtp_2)
     4    0.018273    0.103389    0.679593    2.153125 ^ _1180_/Q (sky130_fd_sc_hd__dfrtp_2)
                                                         add_stage0.add0.b[0] (net)
                      0.103389    0.000006    2.153131 ^ _0713_/A1 (sky130_fd_sc_hd__mux2_1)
     1    0.002159    0.037755    0.125361    2.278492 ^ _0713_/X (sky130_fd_sc_hd__mux2_1)
                                                         _0137_ (net)
                      0.037755    0.000002    2.278494 ^ _1180_/D (sky130_fd_sc_hd__dfrtp_2)
                                              2.278494   data arrival time

                                  0.000000    0.000000   clock clk (rise edge)
                                  0.000000    0.000000   clock source latency
   202    0.502531    2.236611    1.628640    1.628640 ^ clk (in)
                                                         clk (net)
                      2.236969    0.000000    1.628640 ^ _1180_/CLK (sky130_fd_sc_hd__dfrtp_2)
                                  0.250000    1.878640   clock uncertainty
                                 -0.155108    1.723531   clock reconvergence pessimism
                                  0.074387    1.797918   library hold time
                                              1.797918   data required time
---------------------------------------------------------------------------------------------
                                              1.797918   data required time
                                             -2.278494   data arrival time
---------------------------------------------------------------------------------------------
                                              0.480575   slack (MET)


Startpoint: _1245_ (rising edge-triggered flip-flop clocked by clk)
Endpoint: _1237_ (rising edge-triggered flip-flop clocked by clk)
Path Group: clk
Path Type: min

Fanout         Cap        Slew       Delay        Time   Description
---------------------------------------------------------------------------------------------
                                  0.000000    0.000000   clock clk (rise edge)
                                  0.000000    0.000000   clock source latency
   202    0.502531    2.236611    1.473010    1.473010 ^ clk (in)
                                                         clk (net)
                      2.236953    0.000000    1.473010 ^ _1245_/CLK (sky130_fd_sc_hd__dfrtp_2)
     9    0.040068    0.119636    0.743431    2.216441 v _1245_/Q (sky130_fd_sc_hd__dfrtp_2)
                                                         mac_busy (net)
                      0.119636    0.000084    2.216525 v _1037_/A1 (sky130_fd_sc_hd__a21o_2)
     2    0.005257    0.037684    0.209335    2.425860 v _1037_/X (sky130_fd_sc_hd__a21o_2)
                                                         _0521_ (net)
                      0.037684    0.000010    2.425869 v _1041_/A2 (sky130_fd_sc_hd__a21bo_2)
     1    0.002237    0.033399    0.189351    2.615221 v _1041_/X (sky130_fd_sc_hd__a21bo_2)
                                                         _0194_ (net)
                      0.033399    0.000003    2.615224 v _1237_/D (sky130_fd_sc_hd__dfrtp_2)
                                              2.615224   data arrival time

                                  0.000000    0.000000   clock clk (rise edge)
                                  0.000000    0.000000   clock source latency
   202    0.502531    2.236611    1.626834    1.626834 ^ clk (in)
                                                         clk (net)
                      2.236919    0.000000    1.626834 ^ _1237_/CLK (sky130_fd_sc_hd__dfrtp_2)
                                  0.250000    1.876834   clock uncertainty
                                  0.000000    1.876834   clock reconvergence pessimism
                                  0.203181    2.080015   library hold time
                                              2.080015   data required time
---------------------------------------------------------------------------------------------
                                              2.080015   data required time
                                             -2.615224   data arrival time
---------------------------------------------------------------------------------------------
                                              0.535209   slack (MET)


Startpoint: _1245_ (rising edge-triggered flip-flop clocked by clk)
Endpoint: _1236_ (rising edge-triggered flip-flop clocked by clk)
Path Group: clk
Path Type: min

Fanout         Cap        Slew       Delay        Time   Description
---------------------------------------------------------------------------------------------
                                  0.000000    0.000000   clock clk (rise edge)
                                  0.000000    0.000000   clock source latency
   202    0.502531    2.236611    1.473010    1.473010 ^ clk (in)
                                                         clk (net)
                      2.236953    0.000000    1.473010 ^ _1245_/CLK (sky130_fd_sc_hd__dfrtp_2)
     9    0.040068    0.119636    0.743431    2.216441 v _1245_/Q (sky130_fd_sc_hd__dfrtp_2)
                                                         mac_busy (net)
                      0.119636    0.000084    2.216525 v _1037_/A1 (sky130_fd_sc_hd__a21o_2)
     2    0.005257    0.037684    0.209335    2.425860 v _1037_/X (sky130_fd_sc_hd__a21o_2)
                                                         _0521_ (net)
                      0.037684    0.000014    2.425874 v _1039_/A2 (sky130_fd_sc_hd__a21bo_2)
     1    0.002287    0.033561    0.189579    2.615452 v _1039_/X (sky130_fd_sc_hd__a21bo_2)
                                                         _0193_ (net)
                      0.033561    0.000004    2.615456 v _1236_/D (sky130_fd_sc_hd__dfrtp_2)
                                              2.615456   data arrival time

                                  0.000000    0.000000   clock clk (rise edge)
                                  0.000000    0.000000   clock source latency
   202    0.502531    2.236611    1.626882    1.626882 ^ clk (in)
                                                         clk (net)
                      2.236920    0.000000    1.626882 ^ _1236_/CLK (sky130_fd_sc_hd__dfrtp_2)
                                  0.250000    1.876882   clock uncertainty
                                  0.000000    1.876882   clock reconvergence pessimism
                                  0.203118    2.080000   library hold time
                                              2.080000   data required time
---------------------------------------------------------------------------------------------
                                              2.080000   data required time
                                             -2.615456   data arrival time
---------------------------------------------------------------------------------------------
                                              0.535457   slack (MET)


Startpoint: _1244_ (rising edge-triggered flip-flop clocked by clk)
Endpoint: _1245_ (rising edge-triggered flip-flop clocked by clk)
Path Group: clk
Path Type: min

Fanout         Cap        Slew       Delay        Time   Description
---------------------------------------------------------------------------------------------
                                  0.000000    0.000000   clock clk (rise edge)
                                  0.000000    0.000000   clock source latency
   202    0.502531    2.236611    1.473148    1.473148 ^ clk (in)
                                                         clk (net)
                      2.236957    0.000000    1.473148 ^ _1244_/CLK (sky130_fd_sc_hd__dfrtp_2)
     3    0.009215    0.067641    0.647275    2.120423 ^ _1244_/Q (sky130_fd_sc_hd__dfrtp_2)
                                                         phase[5] (net)
                      0.067641    0.000018    2.120441 ^ _0530_/D (sky130_fd_sc_hd__or4_2)
     1    0.006051    0.042570    0.113835    2.234276 ^ _0530_/X (sky130_fd_sc_hd__or4_2)
                                                         _0207_ (net)
                      0.042570    0.000029    2.234305 ^ _0531_/C (sky130_fd_sc_hd__nor3_2)
    11    0.044660    0.107231    0.097542    2.331847 v _0531_/Y (sky130_fd_sc_hd__nor3_2)
                                                         _0208_ (net)
                      0.107231    0.000121    2.331969 v _0535_/A (sky130_fd_sc_hd__nand2_2)
     9    0.045934    0.238312    0.214485    2.546453 ^ _0535_/Y (sky130_fd_sc_hd__nand2_2)
                                                         _0212_ (net)
                      0.238312    0.000222    2.546675 ^ _0536_/B (sky130_fd_sc_hd__and2_2)
     1    0.002160    0.034641    0.167012    2.713687 ^ _0536_/X (sky130_fd_sc_hd__and2_2)
                                                         _0000_ (net)
                      0.034641    0.000002    2.713689 ^ _1245_/D (sky130_fd_sc_hd__dfrtp_2)
                                              2.713689   data arrival time

                                  0.000000    0.000000   clock clk (rise edge)
                                  0.000000    0.000000   clock source latency
   202    0.502531    2.236611    1.628064    1.628064 ^ clk (in)
                                                         clk (net)
                      2.236953    0.000000    1.628064 ^ _1245_/CLK (sky130_fd_sc_hd__dfrtp_2)
                                  0.250000    1.878064   clock uncertainty
                                  0.000000    1.878064   clock reconvergence pessimism
                                  0.074969    1.953032   library hold time
                                              1.953032   data required time
---------------------------------------------------------------------------------------------
                                              1.953032   data required time
                                             -2.713689   data arrival time
---------------------------------------------------------------------------------------------
                                              0.760657   slack (MET)


Startpoint: rst_n (input port clocked by clk)
Endpoint: _1234_ (removal check against rising-edge clock clk)
Path Group: asynchronous
Path Type: min

Fanout         Cap        Slew       Delay        Time   Description
---------------------------------------------------------------------------------------------
                                  0.000000    0.000000   clock clk (rise edge)
                                  0.000000    0.000000   clock network delay (propagated)
                                  4.000000    4.000000 ^ input external delay
   202    0.854704    3.798108    2.465729    6.465729 ^ rst_n (in)
                                                         rst_n (net)
                      3.798113    0.000000    6.465729 ^ _1234_/RESET_B (sky130_fd_sc_hd__dfrtp_2)
                                              6.465729   data arrival time

                                  0.000000    0.000000   clock clk (rise edge)
                                  0.000000    0.000000   clock source latency
   202    0.502531    2.236611    1.631151    1.631151 ^ clk (in)
                                                         clk (net)
                      2.237047    0.000000    1.631151 ^ _1234_/CLK (sky130_fd_sc_hd__dfrtp_2)
                                  0.250000    1.881151   clock uncertainty
                                  0.000000    1.881151   clock reconvergence pessimism
                                  1.586698    3.467849   library removal time
                                              3.467849   data required time
---------------------------------------------------------------------------------------------
                                              3.467849   data required time
                                             -6.465729   data arrival time
---------------------------------------------------------------------------------------------
                                              2.997880   slack (MET)


Startpoint: rst_n (input port clocked by clk)
Endpoint: _1225_ (removal check against rising-edge clock clk)
Path Group: asynchronous
Path Type: min

Fanout         Cap        Slew       Delay        Time   Description
---------------------------------------------------------------------------------------------
                                  0.000000    0.000000   clock clk (rise edge)
                                  0.000000    0.000000   clock network delay (propagated)
                                  4.000000    4.000000 ^ input external delay
   202    0.854704    3.798108    2.466279    6.466279 ^ rst_n (in)
                                                         rst_n (net)
                      3.798115    0.000000    6.466279 ^ _1225_/RESET_B (sky130_fd_sc_hd__dfrtp_2)
                                              6.466279   data arrival time

                                  0.000000    0.000000   clock clk (rise edge)
                                  0.000000    0.000000   clock source latency
   202    0.502531    2.236611    1.631121    1.631121 ^ clk (in)
                                                         clk (net)
                      2.237046    0.000000    1.631121 ^ _1225_/CLK (sky130_fd_sc_hd__dfrtp_2)
                                  0.250000    1.881121   clock uncertainty
                                  0.000000    1.881121   clock reconvergence pessimism
                                  1.586699    3.467819   library removal time
                                              3.467819   data required time
---------------------------------------------------------------------------------------------
                                              3.467819   data required time
                                             -6.466279   data arrival time
---------------------------------------------------------------------------------------------
                                              2.998459   slack (MET)


Startpoint: rst_n (input port clocked by clk)
Endpoint: _1233_ (removal check against rising-edge clock clk)
Path Group: asynchronous
Path Type: min

Fanout         Cap        Slew       Delay        Time   Description
---------------------------------------------------------------------------------------------
                                  0.000000    0.000000   clock clk (rise edge)
                                  0.000000    0.000000   clock network delay (propagated)
                                  4.000000    4.000000 ^ input external delay
   202    0.854704    3.798108    2.466480    6.466479 ^ rst_n (in)
                                                         rst_n (net)
                      3.798115    0.000000    6.466479 ^ _1233_/RESET_B (sky130_fd_sc_hd__dfrtp_2)
                                              6.466479   data arrival time

                                  0.000000    0.000000   clock clk (rise edge)
                                  0.000000    0.000000   clock source latency
   202    0.502531    2.236611    1.631135    1.631135 ^ clk (in)
                                                         clk (net)
                      2.237046    0.000000    1.631135 ^ _1233_/CLK (sky130_fd_sc_hd__dfrtp_2)
                                  0.250000    1.881135   clock uncertainty
                                  0.000000    1.881135   clock reconvergence pessimism
                                  1.586699    3.467834   library removal time
                                              3.467834   data required time
---------------------------------------------------------------------------------------------
                                              3.467834   data required time
                                             -6.466479   data arrival time
---------------------------------------------------------------------------------------------
                                              2.998645   slack (MET)


Startpoint: rst_n (input port clocked by clk)
Endpoint: _1232_ (removal check against rising-edge clock clk)
Path Group: asynchronous
Path Type: min

Fanout         Cap        Slew       Delay        Time   Description
---------------------------------------------------------------------------------------------
                                  0.000000    0.000000   clock clk (rise edge)
                                  0.000000    0.000000   clock network delay (propagated)
                                  4.000000    4.000000 ^ input external delay
   202    0.854704    3.798108    2.466684    6.466684 ^ rst_n (in)
                                                         rst_n (net)
                      3.798116    0.000000    6.466684 ^ _1232_/RESET_B (sky130_fd_sc_hd__dfrtp_2)
                                              6.466684   data arrival time

                                  0.000000    0.000000   clock clk (rise edge)
                                  0.000000    0.000000   clock source latency
   202    0.502531    2.236611    1.631130    1.631130 ^ clk (in)
                                                         clk (net)
                      2.237046    0.000000    1.631130 ^ _1232_/CLK (sky130_fd_sc_hd__dfrtp_2)
                                  0.250000    1.881130   clock uncertainty
                                  0.000000    1.881130   clock reconvergence pessimism
                                  1.586699    3.467829   library removal time
                                              3.467829   data required time
---------------------------------------------------------------------------------------------
                                              3.467829   data required time
                                             -6.466684   data arrival time
---------------------------------------------------------------------------------------------
                                              2.998855   slack (MET)


Startpoint: rst_n (input port clocked by clk)
Endpoint: _1224_ (removal check against rising-edge clock clk)
Path Group: asynchronous
Path Type: min

Fanout         Cap        Slew       Delay        Time   Description
---------------------------------------------------------------------------------------------
                                  0.000000    0.000000   clock clk (rise edge)
                                  0.000000    0.000000   clock network delay (propagated)
                                  4.000000    4.000000 ^ input external delay
   202    0.854704    3.798108    2.466668    6.466668 ^ rst_n (in)
                                                         rst_n (net)
                      3.798116    0.000000    6.466668 ^ _1224_/RESET_B (sky130_fd_sc_hd__dfrtp_2)
                                              6.466668   data arrival time

                                  0.000000    0.000000   clock clk (rise edge)
                                  0.000000    0.000000   clock source latency
   202    0.502531    2.236611    1.631106    1.631106 ^ clk (in)
                                                         clk (net)
                      2.237046    0.000000    1.631106 ^ _1224_/CLK (sky130_fd_sc_hd__dfrtp_2)
                                  0.250000    1.881106   clock uncertainty
                                  0.000000    1.881106   clock reconvergence pessimism
                                  1.586699    3.467805   library removal time
                                              3.467805   data required time
---------------------------------------------------------------------------------------------
                                              3.467805   data required time
                                             -6.466668   data arrival time
---------------------------------------------------------------------------------------------
                                              2.998863   slack (MET)


Startpoint: rst_n (input port clocked by clk)
Endpoint: _1216_ (removal check against rising-edge clock clk)
Path Group: asynchronous
Path Type: min

Fanout         Cap        Slew       Delay        Time   Description
---------------------------------------------------------------------------------------------
                                  0.000000    0.000000   clock clk (rise edge)
                                  0.000000    0.000000   clock network delay (propagated)
                                  4.000000    4.000000 ^ input external delay
   202    0.854704    3.798108    2.466701    6.466701 ^ rst_n (in)
                                                         rst_n (net)
                      3.798116    0.000000    6.466701 ^ _1216_/RESET_B (sky130_fd_sc_hd__dfrtp_2)
                                              6.466701   data arrival time

                                  0.000000    0.000000   clock clk (rise edge)
                                  0.000000    0.000000   clock source latency
   202    0.502531    2.236611    1.631071    1.631071 ^ clk (in)
                                                         clk (net)
                      2.237044    0.000000    1.631071 ^ _1216_/CLK (sky130_fd_sc_hd__dfrtp_2)
                                  0.250000    1.881071   clock uncertainty
                                  0.000000    1.881071   clock reconvergence pessimism
                                  1.586699    3.467769   library removal time
                                              3.467769   data required time
---------------------------------------------------------------------------------------------
                                              3.467769   data required time
                                             -6.466701   data arrival time
---------------------------------------------------------------------------------------------
                                              2.998932   slack (MET)


Startpoint: rst_n (input port clocked by clk)
Endpoint: _1208_ (removal check against rising-edge clock clk)
Path Group: asynchronous
Path Type: min

Fanout         Cap        Slew       Delay        Time   Description
---------------------------------------------------------------------------------------------
                                  0.000000    0.000000   clock clk (rise edge)
                                  0.000000    0.000000   clock network delay (propagated)
                                  4.000000    4.000000 ^ input external delay
   202    0.854704    3.798108    2.466718    6.466718 ^ rst_n (in)
                                                         rst_n (net)
                      3.798116    0.000000    6.466718 ^ _1208_/RESET_B (sky130_fd_sc_hd__dfrtp_2)
                                              6.466718   data arrival time

                                  0.000000    0.000000   clock clk (rise edge)
                                  0.000000    0.000000   clock source latency
   202    0.502531    2.236611    1.631037    1.631037 ^ clk (in)
                                                         clk (net)
                      2.237043    0.000000    1.631037 ^ _1208_/CLK (sky130_fd_sc_hd__dfrtp_2)
                                  0.250000    1.881037   clock uncertainty
                                  0.000000    1.881037   clock reconvergence pessimism
                                  1.586699    3.467736   library removal time
                                              3.467736   data required time
---------------------------------------------------------------------------------------------
                                              3.467736   data required time
                                             -6.466718   data arrival time
---------------------------------------------------------------------------------------------
                                              2.998982   slack (MET)


Startpoint: rst_n (input port clocked by clk)
Endpoint: _1200_ (removal check against rising-edge clock clk)
Path Group: asynchronous
Path Type: min

Fanout         Cap        Slew       Delay        Time   Description
---------------------------------------------------------------------------------------------
                                  0.000000    0.000000   clock clk (rise edge)
                                  0.000000    0.000000   clock network delay (propagated)
                                  4.000000    4.000000 ^ input external delay
   202    0.854704    3.798108    2.466727    6.466726 ^ rst_n (in)
                                                         rst_n (net)
                      3.798116    0.000000    6.466726 ^ _1200_/RESET_B (sky130_fd_sc_hd__dfrtp_2)
                                              6.466726   data arrival time

                                  0.000000    0.000000   clock clk (rise edge)
                                  0.000000    0.000000   clock source latency
   202    0.502531    2.236611    1.631002    1.631002 ^ clk (in)
                                                         clk (net)
                      2.237042    0.000000    1.631002 ^ _1200_/CLK (sky130_fd_sc_hd__dfrtp_2)
                                  0.250000    1.881002   clock uncertainty
                                  0.000000    1.881002   clock reconvergence pessimism
                                  1.586699    3.467700   library removal time
                                              3.467700   data required time
---------------------------------------------------------------------------------------------
                                              3.467700   data required time
                                             -6.466726   data arrival time
---------------------------------------------------------------------------------------------
                                              2.999026   slack (MET)


Startpoint: rst_n (input port clocked by clk)
Endpoint: _1231_ (removal check against rising-edge clock clk)
Path Group: asynchronous
Path Type: min

Fanout         Cap        Slew       Delay        Time   Description
---------------------------------------------------------------------------------------------
                                  0.000000    0.000000   clock clk (rise edge)
                                  0.000000    0.000000   clock network delay (propagated)
                                  4.000000    4.000000 ^ input external delay
   202    0.854704    3.798108    2.467273    6.467273 ^ rst_n (in)
                                                         rst_n (net)
                      3.798118    0.000000    6.467273 ^ _1231_/RESET_B (sky130_fd_sc_hd__dfrtp_2)
                                              6.467273   data arrival time

                                  0.000000    0.000000   clock clk (rise edge)
                                  0.000000    0.000000   clock source latency
   202    0.502531    2.236611    1.630595    1.630595 ^ clk (in)
                                                         clk (net)
                      2.237029    0.000000    1.630595 ^ _1231_/CLK (sky130_fd_sc_hd__dfrtp_2)
                                  0.250000    1.880595   clock uncertainty
                                  0.000000    1.880595   clock reconvergence pessimism
                                  1.586698    3.467293   library removal time
                                              3.467293   data required time
---------------------------------------------------------------------------------------------
                                              3.467293   data required time
                                             -6.467273   data arrival time
---------------------------------------------------------------------------------------------
                                              2.999979   slack (MET)


Startpoint: rst_n (input port clocked by clk)
Endpoint: _1223_ (removal check against rising-edge clock clk)
Path Group: asynchronous
Path Type: min

Fanout         Cap        Slew       Delay        Time   Description
---------------------------------------------------------------------------------------------
                                  0.000000    0.000000   clock clk (rise edge)
                                  0.000000    0.000000   clock network delay (propagated)
                                  4.000000    4.000000 ^ input external delay
   202    0.854704    3.798108    2.467344    6.467344 ^ rst_n (in)
                                                         rst_n (net)
                      3.798119    0.000000    6.467344 ^ _1223_/RESET_B (sky130_fd_sc_hd__dfrtp_2)
                                              6.467344   data arrival time

                                  0.000000    0.000000   clock clk (rise edge)
                                  0.000000    0.000000   clock source latency
   202    0.502531    2.236611    1.630584    1.630584 ^ clk (in)
                                                         clk (net)
                      2.237029    0.000000    1.630584 ^ _1223_/CLK (sky130_fd_sc_hd__dfrtp_2)
                                  0.250000    1.880584   clock uncertainty
                                  0.000000    1.880584   clock reconvergence pessimism
                                  1.586698    3.467282   library removal time
                                              3.467282   data required time
---------------------------------------------------------------------------------------------
                                              3.467282   data required time
                                             -6.467344   data arrival time
---------------------------------------------------------------------------------------------
                                              3.000062   slack (MET)


Startpoint: rst_n (input port clocked by clk)
Endpoint: _1222_ (removal check against rising-edge clock clk)
Path Group: asynchronous
Path Type: min

Fanout         Cap        Slew       Delay        Time   Description
---------------------------------------------------------------------------------------------
                                  0.000000    0.000000   clock clk (rise edge)
                                  0.000000    0.000000   clock network delay (propagated)
                                  4.000000    4.000000 ^ input external delay
   202    0.854704    3.798108    2.467353    6.467353 ^ rst_n (in)
                                                         rst_n (net)
                      3.798119    0.000000    6.467353 ^ _1222_/RESET_B (sky130_fd_sc_hd__dfrtp_2)
                                              6.467353   data arrival time

                                  0.000000    0.000000   clock clk (rise edge)
                                  0.000000    0.000000   clock source latency
   202    0.502531    2.236611    1.630582    1.630582 ^ clk (in)
                                                         clk (net)
                      2.237029    0.000000    1.630582 ^ _1222_/CLK (sky130_fd_sc_hd__dfrtp_2)
                                  0.250000    1.880582   clock uncertainty
                                  0.000000    1.880582   clock reconvergence pessimism
                                  1.586698    3.467280   library removal time
                                              3.467280   data required time
---------------------------------------------------------------------------------------------
                                              3.467280   data required time
                                             -6.467353   data arrival time
---------------------------------------------------------------------------------------------
                                              3.000073   slack (MET)


Startpoint: rst_n (input port clocked by clk)
Endpoint: _1214_ (removal check against rising-edge clock clk)
Path Group: asynchronous
Path Type: min

Fanout         Cap        Slew       Delay        Time   Description
---------------------------------------------------------------------------------------------
                                  0.000000    0.000000   clock clk (rise edge)
                                  0.000000    0.000000   clock network delay (propagated)
                                  4.000000    4.000000 ^ input external delay
   202    0.854704    3.798108    2.467362    6.467362 ^ rst_n (in)
                                                         rst_n (net)
                      3.798119    0.000000    6.467362 ^ _1214_/RESET_B (sky130_fd_sc_hd__dfrtp_2)
                                              6.467362   data arrival time

                                  0.000000    0.000000   clock clk (rise edge)
                                  0.000000    0.000000   clock source latency
   202    0.502531    2.236611    1.630555    1.630555 ^ clk (in)
                                                         clk (net)
                      2.237028    0.000000    1.630555 ^ _1214_/CLK (sky130_fd_sc_hd__dfrtp_2)
                                  0.250000    1.880555   clock uncertainty
                                  0.000000    1.880555   clock reconvergence pessimism
                                  1.586698    3.467253   library removal time
                                              3.467253   data required time
---------------------------------------------------------------------------------------------
                                              3.467253   data required time
                                             -6.467362   data arrival time
---------------------------------------------------------------------------------------------
                                              3.000109   slack (MET)


Startpoint: rst_n (input port clocked by clk)
Endpoint: _1230_ (removal check against rising-edge clock clk)
Path Group: asynchronous
Path Type: min

Fanout         Cap        Slew       Delay        Time   Description
---------------------------------------------------------------------------------------------
                                  0.000000    0.000000   clock clk (rise edge)
                                  0.000000    0.000000   clock network delay (propagated)
                                  4.000000    4.000000 ^ input external delay
   202    0.854704    3.798108    2.467443    6.467443 ^ rst_n (in)
                                                         rst_n (net)
                      3.798119    0.000000    6.467443 ^ _1230_/RESET_B (sky130_fd_sc_hd__dfrtp_2)
                                              6.467443   data arrival time

                                  0.000000    0.000000   clock clk (rise edge)
                                  0.000000    0.000000   clock source latency
   202    0.502531    2.236611    1.630592    1.630592 ^ clk (in)
                                                         clk (net)
                      2.237029    0.000000    1.630592 ^ _1230_/CLK (sky130_fd_sc_hd__dfrtp_2)
                                  0.250000    1.880592   clock uncertainty
                                  0.000000    1.880592   clock reconvergence pessimism
                                  1.586698    3.467290   library removal time
                                              3.467290   data required time
---------------------------------------------------------------------------------------------
                                              3.467290   data required time
                                             -6.467443   data arrival time
---------------------------------------------------------------------------------------------
                                              3.000153   slack (MET)


Startpoint: rst_n (input port clocked by clk)
Endpoint: _1215_ (removal check against rising-edge clock clk)
Path Group: asynchronous
Path Type: min

Fanout         Cap        Slew       Delay        Time   Description
---------------------------------------------------------------------------------------------
                                  0.000000    0.000000   clock clk (rise edge)
                                  0.000000    0.000000   clock network delay (propagated)
                                  4.000000    4.000000 ^ input external delay
   202    0.854704    3.798108    2.467425    6.467424 ^ rst_n (in)
                                                         rst_n (net)
                      3.798119    0.000000    6.467424 ^ _1215_/RESET_B (sky130_fd_sc_hd__dfrtp_2)
                                              6.467424   data arrival time

                                  0.000000    0.000000   clock clk (rise edge)
                                  0.000000    0.000000   clock source latency
   202    0.502531    2.236611    1.630542    1.630542 ^ clk (in)
                                                         clk (net)
                      2.237027    0.000000    1.630542 ^ _1215_/CLK (sky130_fd_sc_hd__dfrtp_2)
                                  0.250000    1.880542   clock uncertainty
                                  0.000000    1.880542   clock reconvergence pessimism
                                  1.586698    3.467239   library removal time
                                              3.467239   data required time
---------------------------------------------------------------------------------------------
                                              3.467239   data required time
                                             -6.467424   data arrival time
---------------------------------------------------------------------------------------------
                                              3.000185   slack (MET)


Startpoint: rst_n (input port clocked by clk)
Endpoint: _1206_ (removal check against rising-edge clock clk)
Path Group: asynchronous
Path Type: min

Fanout         Cap        Slew       Delay        Time   Description
---------------------------------------------------------------------------------------------
                                  0.000000    0.000000   clock clk (rise edge)
                                  0.000000    0.000000   clock network delay (propagated)
                                  4.000000    4.000000 ^ input external delay
   202    0.854704    3.798108    2.467485    6.467485 ^ rst_n (in)
                                                         rst_n (net)
                      3.798119    0.000000    6.467485 ^ _1206_/RESET_B (sky130_fd_sc_hd__dfrtp_2)
                                              6.467485   data arrival time

                                  0.000000    0.000000   clock clk (rise edge)
                                  0.000000    0.000000   clock source latency
   202    0.502531    2.236611    1.630511    1.630511 ^ clk (in)
                                                         clk (net)
                      2.237026    0.000000    1.630511 ^ _1206_/CLK (sky130_fd_sc_hd__dfrtp_2)
                                  0.250000    1.880511   clock uncertainty
                                  0.000000    1.880511   clock reconvergence pessimism
                                  1.586698    3.467209   library removal time
                                              3.467209   data required time
---------------------------------------------------------------------------------------------
                                              3.467209   data required time
                                             -6.467485   data arrival time
---------------------------------------------------------------------------------------------
                                              3.000276   slack (MET)


Startpoint: rst_n (input port clocked by clk)
Endpoint: _1207_ (removal check against rising-edge clock clk)
Path Group: asynchronous
Path Type: min

Fanout         Cap        Slew       Delay        Time   Description
---------------------------------------------------------------------------------------------
                                  0.000000    0.000000   clock clk (rise edge)
                                  0.000000    0.000000   clock network delay (propagated)
                                  4.000000    4.000000 ^ input external delay
   202    0.854704    3.798108    2.467497    6.467497 ^ rst_n (in)
                                                         rst_n (net)
                      3.798119    0.000000    6.467497 ^ _1207_/RESET_B (sky130_fd_sc_hd__dfrtp_2)
                                              6.467497   data arrival time

                                  0.000000    0.000000   clock clk (rise edge)
                                  0.000000    0.000000   clock source latency
   202    0.502531    2.236611    1.630498    1.630498 ^ clk (in)
                                                         clk (net)
                      2.237026    0.000000    1.630498 ^ _1207_/CLK (sky130_fd_sc_hd__dfrtp_2)
                                  0.250000    1.880498   clock uncertainty
                                  0.000000    1.880498   clock reconvergence pessimism
                                  1.586698    3.467196   library removal time
                                              3.467196   data required time
---------------------------------------------------------------------------------------------
                                              3.467196   data required time
                                             -6.467497   data arrival time
---------------------------------------------------------------------------------------------
                                              3.000301   slack (MET)


Startpoint: rst_n (input port clocked by clk)
Endpoint: _1198_ (removal check against rising-edge clock clk)
Path Group: asynchronous
Path Type: min

Fanout         Cap        Slew       Delay        Time   Description
---------------------------------------------------------------------------------------------
                                  0.000000    0.000000   clock clk (rise edge)
                                  0.000000    0.000000   clock network delay (propagated)
                                  4.000000    4.000000 ^ input external delay
   202    0.854704    3.798108    2.467516    6.467516 ^ rst_n (in)
                                                         rst_n (net)
                      3.798119    0.000000    6.467516 ^ _1198_/RESET_B (sky130_fd_sc_hd__dfrtp_2)
                                              6.467516   data arrival time

                                  0.000000    0.000000   clock clk (rise edge)
                                  0.000000    0.000000   clock source latency
   202    0.502531    2.236611    1.630469    1.630469 ^ clk (in)
                                                         clk (net)
                      2.237025    0.000000    1.630469 ^ _1198_/CLK (sky130_fd_sc_hd__dfrtp_2)
                                  0.250000    1.880469   clock uncertainty
                                  0.000000    1.880469   clock reconvergence pessimism
                                  1.586698    3.467167   library removal time
                                              3.467167   data required time
---------------------------------------------------------------------------------------------
                                              3.467167   data required time
                                             -6.467516   data arrival time
---------------------------------------------------------------------------------------------
                                              3.000349   slack (MET)


Startpoint: rst_n (input port clocked by clk)
Endpoint: _1190_ (removal check against rising-edge clock clk)
Path Group: asynchronous
Path Type: min

Fanout         Cap        Slew       Delay        Time   Description
---------------------------------------------------------------------------------------------
                                  0.000000    0.000000   clock clk (rise edge)
                                  0.000000    0.000000   clock network delay (propagated)
                                  4.000000    4.000000 ^ input external delay
   202    0.854704    3.798108    2.467536    6.467536 ^ rst_n (in)
                                                         rst_n (net)
                      3.798120    0.000000    6.467536 ^ _1190_/RESET_B (sky130_fd_sc_hd__dfrtp_2)
                                              6.467536   data arrival time

                                  0.000000    0.000000   clock clk (rise edge)
                                  0.000000    0.000000   clock source latency
   202    0.502531    2.236611    1.630407    1.630407 ^ clk (in)
                                                         clk (net)
                      2.237023    0.000000    1.630407 ^ _1190_/CLK (sky130_fd_sc_hd__dfrtp_2)
                                  0.250000    1.880407   clock uncertainty
                                  0.000000    1.880407   clock reconvergence pessimism
                                  1.586698    3.467104   library removal time
                                              3.467104   data required time
---------------------------------------------------------------------------------------------
                                              3.467104   data required time
                                             -6.467536   data arrival time
---------------------------------------------------------------------------------------------
                                              3.000432   slack (MET)


Startpoint: rst_n (input port clocked by clk)
Endpoint: _1217_ (removal check against rising-edge clock clk)
Path Group: asynchronous
Path Type: min

Fanout         Cap        Slew       Delay        Time   Description
---------------------------------------------------------------------------------------------
                                  0.000000    0.000000   clock clk (rise edge)
                                  0.000000    0.000000   clock network delay (propagated)
                                  4.000000    4.000000 ^ input external delay
   202    0.854704    3.798108    2.468181    6.468181 ^ rst_n (in)
                                                         rst_n (net)
                      3.798122    0.000000    6.468181 ^ _1217_/RESET_B (sky130_fd_sc_hd__dfrtp_2)
                                              6.468181   data arrival time

                                  0.000000    0.000000   clock clk (rise edge)
                                  0.000000    0.000000   clock source latency
   202    0.502531    2.236611    1.631002    1.631002 ^ clk (in)
                                                         clk (net)
                      2.237042    0.000000    1.631002 ^ _1217_/CLK (sky130_fd_sc_hd__dfrtp_2)
                                  0.250000    1.881002   clock uncertainty
                                  0.000000    1.881002   clock reconvergence pessimism
                                  1.586700    3.467702   library removal time
                                              3.467702   data required time
---------------------------------------------------------------------------------------------
                                              3.467702   data required time
                                             -6.468181   data arrival time
---------------------------------------------------------------------------------------------
                                              3.000479   slack (MET)


Startpoint: rst_n (input port clocked by clk)
Endpoint: _1191_ (removal check against rising-edge clock clk)
Path Group: asynchronous
Path Type: min

Fanout         Cap        Slew       Delay        Time   Description
---------------------------------------------------------------------------------------------
                                  0.000000    0.000000   clock clk (rise edge)
                                  0.000000    0.000000   clock network delay (propagated)
                                  4.000000    4.000000 ^ input external delay
   202    0.854704    3.798108    2.467555    6.467555 ^ rst_n (in)
                                                         rst_n (net)
                      3.798120    0.000000    6.467555 ^ _1191_/RESET_B (sky130_fd_sc_hd__dfrtp_2)
                                              6.467555   data arrival time

                                  0.000000    0.000000   clock clk (rise edge)
                                  0.000000    0.000000   clock source latency
   202    0.502531    2.236611    1.630291    1.630291 ^ clk (in)
                                                         clk (net)
                      2.237020    0.000000    1.630291 ^ _1191_/CLK (sky130_fd_sc_hd__dfrtp_2)
                                  0.250000    1.880291   clock uncertainty
                                  0.000000    1.880291   clock reconvergence pessimism
                                  1.586697    3.466988   library removal time
                                              3.466988   data required time
---------------------------------------------------------------------------------------------
                                              3.466988   data required time
                                             -6.467555   data arrival time
---------------------------------------------------------------------------------------------
                                              3.000566   slack (MET)


Startpoint: rst_n (input port clocked by clk)
Endpoint: _1209_ (removal check against rising-edge clock clk)
Path Group: asynchronous
Path Type: min

Fanout         Cap        Slew       Delay        Time   Description
---------------------------------------------------------------------------------------------
                                  0.000000    0.000000   clock clk (rise edge)
                                  0.000000    0.000000   clock network delay (propagated)
                                  4.000000    4.000000 ^ input external delay
   202    0.854704    3.798108    2.468659    6.468658 ^ rst_n (in)
                                                         rst_n (net)
                      3.798125    0.000000    6.468658 ^ _1209_/RESET_B (sky130_fd_sc_hd__dfrtp_2)
                                              6.468658   data arrival time

                                  0.000000    0.000000   clock clk (rise edge)
                                  0.000000    0.000000   clock source latency
   202    0.502531    2.236611    1.630998    1.630998 ^ clk (in)
                                                         clk (net)
                      2.237042    0.000000    1.630998 ^ _1209_/CLK (sky130_fd_sc_hd__dfrtp_2)
                                  0.250000    1.880998   clock uncertainty
                                  0.000000    1.880998   clock reconvergence pessimism
                                  1.586701    3.467699   library removal time
                                              3.467699   data required time
---------------------------------------------------------------------------------------------
                                              3.467699   data required time
                                             -6.468658   data arrival time
---------------------------------------------------------------------------------------------
                                              3.000960   slack (MET)


Startpoint: rst_n (input port clocked by clk)
Endpoint: _1226_ (removal check against rising-edge clock clk)
Path Group: asynchronous
Path Type: min

Fanout         Cap        Slew       Delay        Time   Description
---------------------------------------------------------------------------------------------
                                  0.000000    0.000000   clock clk (rise edge)
                                  0.000000    0.000000   clock network delay (propagated)
                                  4.000000    4.000000 ^ input external delay
   202    0.854704    3.798108    2.468812    6.468812 ^ rst_n (in)
                                                         rst_n (net)
                      3.798126    0.000000    6.468812 ^ _1226_/RESET_B (sky130_fd_sc_hd__dfrtp_2)
                                              6.468812   data arrival time

                                  0.000000    0.000000   clock clk (rise edge)
                                  0.000000    0.000000   clock source latency
   202    0.502531    2.236611    1.631107    1.631107 ^ clk (in)
                                                         clk (net)
                      2.237046    0.000000    1.631107 ^ _1226_/CLK (sky130_fd_sc_hd__dfrtp_2)
                                  0.250000    1.881107   clock uncertainty
                                  0.000000    1.881107   clock reconvergence pessimism
                                  1.586701    3.467809   library removal time
                                              3.467809   data required time
---------------------------------------------------------------------------------------------
                                              3.467809   data required time
                                             -6.468812   data arrival time
---------------------------------------------------------------------------------------------
                                              3.001003   slack (MET)


Startpoint: rst_n (input port clocked by clk)
Endpoint: _1201_ (removal check against rising-edge clock clk)
Path Group: asynchronous
Path Type: min

Fanout         Cap        Slew       Delay        Time   Description
---------------------------------------------------------------------------------------------
                                  0.000000    0.000000   clock clk (rise edge)
                                  0.000000    0.000000   clock network delay (propagated)
                                  4.000000    4.000000 ^ input external delay
   202    0.854704    3.798108    2.469330    6.469330 ^ rst_n (in)
                                                         rst_n (net)
                      3.798129    0.000000    6.469330 ^ _1201_/RESET_B (sky130_fd_sc_hd__dfrtp_2)
                                              6.469330   data arrival time

                                  0.000000    0.000000   clock clk (rise edge)
                                  0.000000    0.000000   clock source latency
   202    0.502531    2.236611    1.630983    1.630983 ^ clk (in)
                                                         clk (net)
                      2.237041    0.000000    1.630983 ^ _1201_/CLK (sky130_fd_sc_hd__dfrtp_2)
                                  0.250000    1.880983   clock uncertainty
                                  0.000000    1.880983   clock reconvergence pessimism
                                  1.586702    3.467685   library removal time
                                              3.467685   data required time
---------------------------------------------------------------------------------------------
                                              3.467685   data required time
                                             -6.469330   data arrival time
---------------------------------------------------------------------------------------------
                                              3.001646   slack (MET)


Startpoint: rst_n (input port clocked by clk)
Endpoint: _1228_ (removal check against rising-edge clock clk)
Path Group: asynchronous
Path Type: min

Fanout         Cap        Slew       Delay        Time   Description
---------------------------------------------------------------------------------------------
                                  0.000000    0.000000   clock clk (rise edge)
                                  0.000000    0.000000   clock network delay (propagated)
                                  4.000000    4.000000 ^ input external delay
   202    0.854704    3.798108    2.467750    6.467750 ^ rst_n (in)
                                                         rst_n (net)
                      3.798120    0.000000    6.467750 ^ _1228_/RESET_B (sky130_fd_sc_hd__dfrtp_2)
                                              6.467750   data arrival time

                                  0.000000    0.000000   clock clk (rise edge)
                                  0.000000    0.000000   clock source latency
   202    0.502531    2.236611    1.628668    1.628668 ^ clk (in)
                                                         clk (net)
                      2.236970    0.000000    1.628668 ^ _1228_/CLK (sky130_fd_sc_hd__dfrtp_2)
                                  0.250000    1.878668   clock uncertainty
                                  0.000000    1.878668   clock reconvergence pessimism
                                  1.586693    3.465361   library removal time
                                              3.465361   data required time
---------------------------------------------------------------------------------------------
                                              3.465361   data required time
                                             -6.467750   data arrival time
---------------------------------------------------------------------------------------------
                                              3.002388   slack (MET)


Startpoint: rst_n (input port clocked by clk)
Endpoint: _1229_ (removal check against rising-edge clock clk)
Path Group: asynchronous
Path Type: min

Fanout         Cap        Slew       Delay        Time   Description
---------------------------------------------------------------------------------------------
                                  0.000000    0.000000   clock clk (rise edge)
                                  0.000000    0.000000   clock network delay (propagated)
                                  4.000000    4.000000 ^ input external delay
   202    0.854704    3.798108    2.467747    6.467747 ^ rst_n (in)
                                                         rst_n (net)
                      3.798120    0.000000    6.467747 ^ _1229_/RESET_B (sky130_fd_sc_hd__dfrtp_2)
                                              6.467747   data arrival time

                                  0.000000    0.000000   clock clk (rise edge)
                                  0.000000    0.000000   clock source latency
   202    0.502531    2.236611    1.628667    1.628667 ^ clk (in)
                                                         clk (net)
                      2.236970    0.000000    1.628667 ^ _1229_/CLK (sky130_fd_sc_hd__dfrtp_2)
                                  0.250000    1.878667   clock uncertainty
                                  0.000000    1.878667   clock reconvergence pessimism
                                  1.586693    3.465360   library removal time
                                              3.465360   data required time
---------------------------------------------------------------------------------------------
                                              3.465360   data required time
                                             -6.467747   data arrival time
---------------------------------------------------------------------------------------------
                                              3.002387   slack (MET)


Startpoint: rst_n (input port clocked by clk)
Endpoint: _1221_ (removal check against rising-edge clock clk)
Path Group: asynchronous
Path Type: min

Fanout         Cap        Slew       Delay        Time   Description
---------------------------------------------------------------------------------------------
                                  0.000000    0.000000   clock clk (rise edge)
                                  0.000000    0.000000   clock network delay (propagated)
                                  4.000000    4.000000 ^ input external delay
   202    0.854704    3.798108    2.467858    6.467857 ^ rst_n (in)
                                                         rst_n (net)
                      3.798121    0.000000    6.467857 ^ _1221_/RESET_B (sky130_fd_sc_hd__dfrtp_2)
                                              6.467857   data arrival time

                                  0.000000    0.000000   clock clk (rise edge)
                                  0.000000    0.000000   clock source latency
   202    0.502531    2.236611    1.628650    1.628650 ^ clk (in)
                                                         clk (net)
                      2.236970    0.000000    1.628650 ^ _1221_/CLK (sky130_fd_sc_hd__dfrtp_2)
                                  0.250000    1.878650   clock uncertainty
                                  0.000000    1.878650   clock reconvergence pessimism
                                  1.586693    3.465343   library removal time
                                              3.465343   data required time
---------------------------------------------------------------------------------------------
                                              3.465343   data required time
                                             -6.467857   data arrival time
---------------------------------------------------------------------------------------------
                                              3.002515   slack (MET)


Startpoint: rst_n (input port clocked by clk)
Endpoint: _1213_ (removal check against rising-edge clock clk)
Path Group: asynchronous
Path Type: min

Fanout         Cap        Slew       Delay        Time   Description
---------------------------------------------------------------------------------------------
                                  0.000000    0.000000   clock clk (rise edge)
                                  0.000000    0.000000   clock network delay (propagated)
                                  4.000000    4.000000 ^ input external delay
   202    0.854704    3.798108    2.467922    6.467922 ^ rst_n (in)
                                                         rst_n (net)
                      3.798121    0.000000    6.467922 ^ _1213_/RESET_B (sky130_fd_sc_hd__dfrtp_2)
                                              6.467922   data arrival time

                                  0.000000    0.000000   clock clk (rise edge)
                                  0.000000    0.000000   clock source latency
   202    0.502531    2.236611    1.628629    1.628629 ^ clk (in)
                                                         clk (net)
                      2.236969    0.000000    1.628629 ^ _1213_/CLK (sky130_fd_sc_hd__dfrtp_2)
                                  0.250000    1.878630   clock uncertainty
                                  0.000000    1.878630   clock reconvergence pessimism
                                  1.586693    3.465323   library removal time
                                              3.465323   data required time
---------------------------------------------------------------------------------------------
                                              3.465323   data required time
                                             -6.467922   data arrival time
---------------------------------------------------------------------------------------------
                                              3.002599   slack (MET)


Startpoint: rst_n (input port clocked by clk)
Endpoint: _1205_ (removal check against rising-edge clock clk)
Path Group: asynchronous
Path Type: min

Fanout         Cap        Slew       Delay        Time   Description
---------------------------------------------------------------------------------------------
                                  0.000000    0.000000   clock clk (rise edge)
                                  0.000000    0.000000   clock network delay (propagated)
                                  4.000000    4.000000 ^ input external delay
   202    0.854704    3.798108    2.467955    6.467955 ^ rst_n (in)
                                                         rst_n (net)
                      3.798121    0.000000    6.467955 ^ _1205_/RESET_B (sky130_fd_sc_hd__dfrtp_2)
                                              6.467955   data arrival time

                                  0.000000    0.000000   clock clk (rise edge)
                                  0.000000    0.000000   clock source latency
   202    0.502531    2.236611    1.628609    1.628609 ^ clk (in)
                                                         clk (net)
                      2.236969    0.000000    1.628609 ^ _1205_/CLK (sky130_fd_sc_hd__dfrtp_2)
                                  0.250000    1.878609   clock uncertainty
                                  0.000000    1.878609   clock reconvergence pessimism
                                  1.586693    3.465302   library removal time
                                              3.465302   data required time
---------------------------------------------------------------------------------------------
                                              3.465302   data required time
                                             -6.467955   data arrival time
---------------------------------------------------------------------------------------------
                                              3.002653   slack (MET)


Startpoint: rst_n (input port clocked by clk)
Endpoint: _1218_ (removal check against rising-edge clock clk)
Path Group: asynchronous
Path Type: min

Fanout         Cap        Slew       Delay        Time   Description
---------------------------------------------------------------------------------------------
                                  0.000000    0.000000   clock clk (rise edge)
                                  0.000000    0.000000   clock network delay (propagated)
                                  4.000000    4.000000 ^ input external delay
   202    0.854704    3.798108    2.470507    6.470508 ^ rst_n (in)
                                                         rst_n (net)
                      3.798136    0.000000    6.470508 ^ _1218_/RESET_B (sky130_fd_sc_hd__dfrtp_2)
                                              6.470508   data arrival time

                                  0.000000    0.000000   clock clk (rise edge)
                                  0.000000    0.000000   clock source latency
   202    0.502531    2.236611    1.631099    1.631099 ^ clk (in)
                                                         clk (net)
                      2.237045    0.000000    1.631099 ^ _1218_/CLK (sky130_fd_sc_hd__dfrtp_2)
                                  0.250000    1.881099   clock uncertainty
                                  0.000000    1.881099   clock reconvergence pessimism
                                  1.586704    3.467803   library removal time
                                              3.467803   data required time
---------------------------------------------------------------------------------------------
                                              3.467803   data required time
                                             -6.470508   data arrival time
---------------------------------------------------------------------------------------------
                                              3.002704   slack (MET)


Startpoint: rst_n (input port clocked by clk)
Endpoint: _1220_ (removal check against rising-edge clock clk)
Path Group: asynchronous
Path Type: min

Fanout         Cap        Slew       Delay        Time   Description
---------------------------------------------------------------------------------------------
                                  0.000000    0.000000   clock clk (rise edge)
                                  0.000000    0.000000   clock network delay (propagated)
                                  4.000000    4.000000 ^ input external delay
   202    0.854704    3.798108    2.467943    6.467943 ^ rst_n (in)
                                                         rst_n (net)
                      3.798121    0.000000    6.467943 ^ _1220_/RESET_B (sky130_fd_sc_hd__dfrtp_2)
                                              6.467943   data arrival time

                                  0.000000    0.000000   clock clk (rise edge)
                                  0.000000    0.000000   clock source latency
   202    0.502531    2.236611    1.628546    1.628546 ^ clk (in)
                                                         clk (net)
                      2.236967    0.000000    1.628546 ^ _1220_/CLK (sky130_fd_sc_hd__dfrtp_2)
                                  0.250000    1.878546   clock uncertainty
                                  0.000000    1.878546   clock reconvergence pessimism
                                  1.586693    3.465240   library removal time
                                              3.465240   data required time
---------------------------------------------------------------------------------------------
                                              3.465240   data required time
                                             -6.467943   data arrival time
---------------------------------------------------------------------------------------------
                                              3.002703   slack (MET)


Startpoint: rst_n (input port clocked by clk)
Endpoint: _1197_ (removal check against rising-edge clock clk)
Path Group: asynchronous
Path Type: min

Fanout         Cap        Slew       Delay        Time   Description
---------------------------------------------------------------------------------------------
                                  0.000000    0.000000   clock clk (rise edge)
                                  0.000000    0.000000   clock network delay (propagated)
                                  4.000000    4.000000 ^ input external delay
   202    0.854704    3.798108    2.467986    6.467986 ^ rst_n (in)
                                                         rst_n (net)
                      3.798121    0.000000    6.467986 ^ _1197_/RESET_B (sky130_fd_sc_hd__dfrtp_2)
                                              6.467986   data arrival time

                                  0.000000    0.000000   clock clk (rise edge)
                                  0.000000    0.000000   clock source latency
   202    0.502531    2.236611    1.628577    1.628577 ^ clk (in)
                                                         clk (net)
                      2.236968    0.000000    1.628577 ^ _1197_/CLK (sky130_fd_sc_hd__dfrtp_2)
                                  0.250000    1.878577   clock uncertainty
                                  0.000000    1.878577   clock reconvergence pessimism
                                  1.586693    3.465270   library removal time
                                              3.465270   data required time
---------------------------------------------------------------------------------------------
                                              3.465270   data required time
                                             -6.467986   data arrival time
---------------------------------------------------------------------------------------------
                                              3.002716   slack (MET)


Startpoint: rst_n (input port clocked by clk)
Endpoint: _1212_ (removal check against rising-edge clock clk)
Path Group: asynchronous
Path Type: min

Fanout         Cap        Slew       Delay        Time   Description
---------------------------------------------------------------------------------------------
                                  0.000000    0.000000   clock clk (rise edge)
                                  0.000000    0.000000   clock network delay (propagated)
                                  4.000000    4.000000 ^ input external delay
   202    0.854704    3.798108    2.467977    6.467977 ^ rst_n (in)
                                                         rst_n (net)
                      3.798121    0.000000    6.467977 ^ _1212_/RESET_B (sky130_fd_sc_hd__dfrtp_2)
                                              6.467977   data arrival time

                                  0.000000    0.000000   clock clk (rise edge)
                                  0.000000    0.000000   clock source latency
   202    0.502531    2.236611    1.628540    1.628540 ^ clk (in)
                                                         clk (net)
                      2.236967    0.000000    1.628540 ^ _1212_/CLK (sky130_fd_sc_hd__dfrtp_2)
                                  0.250000    1.878540   clock uncertainty
                                  0.000000    1.878540   clock reconvergence pessimism
                                  1.586693    3.465233   library removal time
                                              3.465233   data required time
---------------------------------------------------------------------------------------------
                                              3.465233   data required time
                                             -6.467977   data arrival time
---------------------------------------------------------------------------------------------
                                              3.002744   slack (MET)


Startpoint: rst_n (input port clocked by clk)
Endpoint: _1204_ (removal check against rising-edge clock clk)
Path Group: asynchronous
Path Type: min

Fanout         Cap        Slew       Delay        Time   Description
---------------------------------------------------------------------------------------------
                                  0.000000    0.000000   clock clk (rise edge)
                                  0.000000    0.000000   clock network delay (propagated)
                                  4.000000    4.000000 ^ input external delay
   202    0.854704    3.798108    2.467993    6.467993 ^ rst_n (in)
                                                         rst_n (net)
                      3.798121    0.000000    6.467993 ^ _1204_/RESET_B (sky130_fd_sc_hd__dfrtp_2)
                                              6.467993   data arrival time

                                  0.000000    0.000000   clock clk (rise edge)
                                  0.000000    0.000000   clock source latency
   202    0.502531    2.236611    1.628530    1.628530 ^ clk (in)
                                                         clk (net)
                      2.236966    0.000000    1.628530 ^ _1204_/CLK (sky130_fd_sc_hd__dfrtp_2)
                                  0.250000    1.878530   clock uncertainty
                                  0.000000    1.878530   clock reconvergence pessimism
                                  1.586693    3.465223   library removal time
                                              3.465223   data required time
---------------------------------------------------------------------------------------------
                                              3.465223   data required time
                                             -6.467993   data arrival time
---------------------------------------------------------------------------------------------
                                              3.002770   slack (MET)


Startpoint: rst_n (input port clocked by clk)
Endpoint: _1196_ (removal check against rising-edge clock clk)
Path Group: asynchronous
Path Type: min

Fanout         Cap        Slew       Delay        Time   Description
---------------------------------------------------------------------------------------------
                                  0.000000    0.000000   clock clk (rise edge)
                                  0.000000    0.000000   clock network delay (propagated)
                                  4.000000    4.000000 ^ input external delay
   202    0.854704    3.798108    2.468002    6.468002 ^ rst_n (in)
                                                         rst_n (net)
                      3.798121    0.000000    6.468002 ^ _1196_/RESET_B (sky130_fd_sc_hd__dfrtp_2)
                                              6.468002   data arrival time

                                  0.000000    0.000000   clock clk (rise edge)
                                  0.000000    0.000000   clock source latency
   202    0.502531    2.236611    1.628499    1.628499 ^ clk (in)
                                                         clk (net)
                      2.236965    0.000000    1.628499 ^ _1196_/CLK (sky130_fd_sc_hd__dfrtp_2)
                                  0.250000    1.878499   clock uncertainty
                                  0.000000    1.878499   clock reconvergence pessimism
                                  1.586693    3.465192   library removal time
                                              3.465192   data required time
---------------------------------------------------------------------------------------------
                                              3.465192   data required time
                                             -6.468002   data arrival time
---------------------------------------------------------------------------------------------
                                              3.002810   slack (MET)


Startpoint: rst_n (input port clocked by clk)
Endpoint: _1188_ (removal check against rising-edge clock clk)
Path Group: asynchronous
Path Type: min

Fanout         Cap        Slew       Delay        Time   Description
---------------------------------------------------------------------------------------------
                                  0.000000    0.000000   clock clk (rise edge)
                                  0.000000    0.000000   clock network delay (propagated)
                                  4.000000    4.000000 ^ input external delay
   202    0.854704    3.798108    2.468027    6.468027 ^ rst_n (in)
                                                         rst_n (net)
                      3.798122    0.000000    6.468027 ^ _1188_/RESET_B (sky130_fd_sc_hd__dfrtp_2)
                                              6.468027   data arrival time

                                  0.000000    0.000000   clock clk (rise edge)
                                  0.000000    0.000000   clock source latency
   202    0.502531    2.236611    1.628413    1.628413 ^ clk (in)
                                                         clk (net)
                      2.236963    0.000000    1.628413 ^ _1188_/CLK (sky130_fd_sc_hd__dfrtp_2)
                                  0.250000    1.878413   clock uncertainty
                                  0.000000    1.878413   clock reconvergence pessimism
                                  1.586693    3.465106   library removal time
                                              3.465106   data required time
---------------------------------------------------------------------------------------------
                                              3.465106   data required time
                                             -6.468027   data arrival time
---------------------------------------------------------------------------------------------
                                              3.002921   slack (MET)


Startpoint: rst_n (input port clocked by clk)
Endpoint: _1189_ (removal check against rising-edge clock clk)
Path Group: asynchronous
Path Type: min

Fanout         Cap        Slew       Delay        Time   Description
---------------------------------------------------------------------------------------------
                                  0.000000    0.000000   clock clk (rise edge)
                                  0.000000    0.000000   clock network delay (propagated)
                                  4.000000    4.000000 ^ input external delay
   202    0.854704    3.798108    2.468017    6.468017 ^ rst_n (in)
                                                         rst_n (net)
                      3.798121    0.000000    6.468017 ^ _1189_/RESET_B (sky130_fd_sc_hd__dfrtp_2)
                                              6.468017   data arrival time

                                  0.000000    0.000000   clock clk (rise edge)
                                  0.000000    0.000000   clock source latency
   202    0.502531    2.236611    1.628403    1.628403 ^ clk (in)
                                                         clk (net)
                      2.236963    0.000000    1.628403 ^ _1189_/CLK (sky130_fd_sc_hd__dfrtp_2)
                                  0.250000    1.878403   clock uncertainty
                                  0.000000    1.878403   clock reconvergence pessimism
                                  1.586693    3.465096   library removal time
                                              3.465096   data required time
---------------------------------------------------------------------------------------------
                                              3.465096   data required time
                                             -6.468017   data arrival time
---------------------------------------------------------------------------------------------
                                              3.002921   slack (MET)


Startpoint: rst_n (input port clocked by clk)
Endpoint: _1193_ (removal check against rising-edge clock clk)
Path Group: asynchronous
Path Type: min

Fanout         Cap        Slew       Delay        Time   Description
---------------------------------------------------------------------------------------------
                                  0.000000    0.000000   clock clk (rise edge)
                                  0.000000    0.000000   clock network delay (propagated)
                                  4.000000    4.000000 ^ input external delay
   202    0.854704    3.798108    2.470652    6.470652 ^ rst_n (in)
                                                         rst_n (net)
                      3.798137    0.000000    6.470652 ^ _1193_/RESET_B (sky130_fd_sc_hd__dfrtp_2)
                                              6.470652   data arrival time

                                  0.000000    0.000000   clock clk (rise edge)
                                  0.000000    0.000000   clock source latency
   202    0.502531    2.236611    1.630857    1.630857 ^ clk (in)
                                                         clk (net)
                      2.237037    0.000000    1.630857 ^ _1193_/CLK (sky130_fd_sc_hd__dfrtp_2)
                                  0.250000    1.880857   clock uncertainty
                                  0.000000    1.880857   clock reconvergence pessimism
                                  1.586703    3.467561   library removal time
                                              3.467561   data required time
---------------------------------------------------------------------------------------------
                                              3.467561   data required time
                                             -6.470652   data arrival time
---------------------------------------------------------------------------------------------
                                              3.003091   slack (MET)


Startpoint: rst_n (input port clocked by clk)
Endpoint: _1210_ (removal check against rising-edge clock clk)
Path Group: asynchronous
Path Type: min

Fanout         Cap        Slew       Delay        Time   Description
---------------------------------------------------------------------------------------------
                                  0.000000    0.000000   clock clk (rise edge)
                                  0.000000    0.000000   clock network delay (propagated)
                                  4.000000    4.000000 ^ input external delay
   202    0.854704    3.798108    2.471516    6.471517 ^ rst_n (in)
                                                         rst_n (net)
                      3.798143    0.000000    6.471517 ^ _1210_/RESET_B (sky130_fd_sc_hd__dfrtp_2)
                                              6.471517   data arrival time

                                  0.000000    0.000000   clock clk (rise edge)
                                  0.000000    0.000000   clock source latency
   202    0.502531    2.236611    1.631089    1.631089 ^ clk (in)
                                                         clk (net)
                      2.237045    0.000000    1.631089 ^ _1210_/CLK (sky130_fd_sc_hd__dfrtp_2)
                                  0.250000    1.881089   clock uncertainty
                                  0.000000    1.881089   clock reconvergence pessimism
                                  1.586706    3.467795   library removal time
                                              3.467795   data required time
---------------------------------------------------------------------------------------------
                                              3.467795   data required time
                                             -6.471517   data arrival time
---------------------------------------------------------------------------------------------
                                              3.003722   slack (MET)


Startpoint: rst_n (input port clocked by clk)
Endpoint: _1192_ (removal check against rising-edge clock clk)
Path Group: asynchronous
Path Type: min

Fanout         Cap        Slew       Delay        Time   Description
---------------------------------------------------------------------------------------------
                                  0.000000    0.000000   clock clk (rise edge)
                                  0.000000    0.000000   clock network delay (propagated)
                                  4.000000    4.000000 ^ input external delay
   202    0.854704    3.798108    2.471586    6.471586 ^ rst_n (in)
                                                         rst_n (net)
                      3.798144    0.000000    6.471586 ^ _1192_/RESET_B (sky130_fd_sc_hd__dfrtp_2)
                                              6.471586   data arrival time

                                  0.000000    0.000000   clock clk (rise edge)
                                  0.000000    0.000000   clock source latency
   202    0.502531    2.236611    1.630697    1.630697 ^ clk (in)
                                                         clk (net)
                      2.237032    0.000000    1.630697 ^ _1192_/CLK (sky130_fd_sc_hd__dfrtp_2)
                                  0.250000    1.880697   clock uncertainty
                                  0.000000    1.880697   clock reconvergence pessimism
                                  1.586705    3.467402   library removal time
                                              3.467402   data required time
---------------------------------------------------------------------------------------------
                                              3.467402   data required time
                                             -6.471586   data arrival time
---------------------------------------------------------------------------------------------
                                              3.004184   slack (MET)


Startpoint: rst_n (input port clocked by clk)
Endpoint: _1202_ (removal check against rising-edge clock clk)
Path Group: asynchronous
Path Type: min

Fanout         Cap        Slew       Delay        Time   Description
---------------------------------------------------------------------------------------------
                                  0.000000    0.000000   clock clk (rise edge)
                                  0.000000    0.000000   clock network delay (propagated)
                                  4.000000    4.000000 ^ input external delay
   202    0.854704    3.798108    2.472356    6.472356 ^ rst_n (in)
                                                         rst_n (net)
                      3.798150    0.000000    6.472356 ^ _1202_/RESET_B (sky130_fd_sc_hd__dfrtp_2)
                                              6.472356   data arrival time

                                  0.000000    0.000000   clock clk (rise edge)
                                  0.000000    0.000000   clock source latency
   202    0.502531    2.236611    1.631075    1.631075 ^ clk (in)
                                                         clk (net)
                      2.237044    0.000000    1.631075 ^ _1202_/CLK (sky130_fd_sc_hd__dfrtp_2)
                                  0.250000    1.881075   clock uncertainty
                                  0.000000    1.881075   clock reconvergence pessimism
                                  1.586707    3.467782   library removal time
                                              3.467782   data required time
---------------------------------------------------------------------------------------------
                                              3.467782   data required time
                                             -6.472356   data arrival time
---------------------------------------------------------------------------------------------
                                              3.004573   slack (MET)


Startpoint: rst_n (input port clocked by clk)
Endpoint: _1185_ (removal check against rising-edge clock clk)
Path Group: asynchronous
Path Type: min

Fanout         Cap        Slew       Delay        Time   Description
---------------------------------------------------------------------------------------------
                                  0.000000    0.000000   clock clk (rise edge)
                                  0.000000    0.000000   clock network delay (propagated)
                                  4.000000    4.000000 ^ input external delay
   202    0.854704    3.798108    2.472218    6.472218 ^ rst_n (in)
                                                         rst_n (net)
                      3.798149    0.000000    6.472218 ^ _1185_/RESET_B (sky130_fd_sc_hd__dfrtp_2)
                                              6.472218   data arrival time

                                  0.000000    0.000000   clock clk (rise edge)
                                  0.000000    0.000000   clock source latency
   202    0.502531    2.236611    1.630631    1.630631 ^ clk (in)
                                                         clk (net)
                      2.237030    0.000000    1.630631 ^ _1185_/CLK (sky130_fd_sc_hd__dfrtp_2)
                                  0.250000    1.880631   clock uncertainty
                                  0.000000    1.880631   clock reconvergence pessimism
                                  1.586706    3.467336   library removal time
                                              3.467336   data required time
---------------------------------------------------------------------------------------------
                                              3.467336   data required time
                                             -6.472218   data arrival time
---------------------------------------------------------------------------------------------
                                              3.004881   slack (MET)


Startpoint: rst_n (input port clocked by clk)
Endpoint: _1184_ (removal check against rising-edge clock clk)
Path Group: asynchronous
Path Type: min

Fanout         Cap        Slew       Delay        Time   Description
---------------------------------------------------------------------------------------------
                                  0.000000    0.000000   clock clk (rise edge)
                                  0.000000    0.000000   clock network delay (propagated)
                                  4.000000    4.000000 ^ input external delay
   202    0.854704    3.798108    2.472255    6.472255 ^ rst_n (in)
                                                         rst_n (net)
                      3.798149    0.000000    6.472255 ^ _1184_/RESET_B (sky130_fd_sc_hd__dfrtp_2)
                                              6.472255   data arrival time

                                  0.000000    0.000000   clock clk (rise edge)
                                  0.000000    0.000000   clock source latency
   202    0.502531    2.236611    1.630561    1.630561 ^ clk (in)
                                                         clk (net)
                      2.237028    0.000000    1.630561 ^ _1184_/CLK (sky130_fd_sc_hd__dfrtp_2)
                                  0.250000    1.880560   clock uncertainty
                                  0.000000    1.880560   clock reconvergence pessimism
                                  1.586706    3.467266   library removal time
                                              3.467266   data required time
---------------------------------------------------------------------------------------------
                                              3.467266   data required time
                                             -6.472255   data arrival time
---------------------------------------------------------------------------------------------
                                              3.004989   slack (MET)


Startpoint: rst_n (input port clocked by clk)
Endpoint: _1194_ (removal check against rising-edge clock clk)
Path Group: asynchronous
Path Type: min

Fanout         Cap        Slew       Delay        Time   Description
---------------------------------------------------------------------------------------------
                                  0.000000    0.000000   clock clk (rise edge)
                                  0.000000    0.000000   clock network delay (propagated)
                                  4.000000    4.000000 ^ input external delay
   202    0.854704    3.798108    2.474338    6.474338 ^ rst_n (in)
                                                         rst_n (net)
                      3.798168    0.000000    6.474338 ^ _1194_/RESET_B (sky130_fd_sc_hd__dfrtp_2)
                                              6.474338   data arrival time

                                  0.000000    0.000000   clock clk (rise edge)
                                  0.000000    0.000000   clock source latency
   202    0.502531    2.236611    1.631033    1.631033 ^ clk (in)
                                                         clk (net)
                      2.237043    0.000000    1.631033 ^ _1194_/CLK (sky130_fd_sc_hd__dfrtp_2)
                                  0.250000    1.881033   clock uncertainty
                                  0.000000    1.881033   clock reconvergence pessimism
                                  1.586712    3.467744   library removal time
                                              3.467744   data required time
---------------------------------------------------------------------------------------------
                                              3.467744   data required time
                                             -6.474338   data arrival time
---------------------------------------------------------------------------------------------
                                              3.006594   slack (MET)


Startpoint: rst_n (input port clocked by clk)
Endpoint: _1183_ (removal check against rising-edge clock clk)
Path Group: asynchronous
Path Type: min

Fanout         Cap        Slew       Delay        Time   Description
---------------------------------------------------------------------------------------------
                                  0.000000    0.000000   clock clk (rise edge)
                                  0.000000    0.000000   clock network delay (propagated)
                                  4.000000    4.000000 ^ input external delay
   202    0.854704    3.798108    2.473532    6.473532 ^ rst_n (in)
                                                         rst_n (net)
                      3.798161    0.000000    6.473532 ^ _1183_/RESET_B (sky130_fd_sc_hd__dfrtp_2)
                                              6.473532   data arrival time

                                  0.000000    0.000000   clock clk (rise edge)
                                  0.000000    0.000000   clock source latency
   202    0.502531    2.236611    1.629972    1.629972 ^ clk (in)
                                                         clk (net)
                      2.237010    0.000000    1.629972 ^ _1183_/CLK (sky130_fd_sc_hd__dfrtp_2)
                                  0.250000    1.879972   clock uncertainty
                                  0.000000    1.879972   clock reconvergence pessimism
                                  1.586707    3.466679   library removal time
                                              3.466679   data required time
---------------------------------------------------------------------------------------------
                                              3.466679   data required time
                                             -6.473532   data arrival time
---------------------------------------------------------------------------------------------
                                              3.006853   slack (MET)


Startpoint: rst_n (input port clocked by clk)
Endpoint: _1182_ (removal check against rising-edge clock clk)
Path Group: asynchronous
Path Type: min

Fanout         Cap        Slew       Delay        Time   Description
---------------------------------------------------------------------------------------------
                                  0.000000    0.000000   clock clk (rise edge)
                                  0.000000    0.000000   clock network delay (propagated)
                                  4.000000    4.000000 ^ input external delay
   202    0.854704    3.798108    2.473690    6.473690 ^ rst_n (in)
                                                         rst_n (net)
                      3.798162    0.000000    6.473690 ^ _1182_/RESET_B (sky130_fd_sc_hd__dfrtp_2)
                                              6.473690   data arrival time

                                  0.000000    0.000000   clock clk (rise edge)
                                  0.000000    0.000000   clock source latency
   202    0.502531    2.236611    1.629774    1.629774 ^ clk (in)
                                                         clk (net)
                      2.237004    0.000000    1.629774 ^ _1182_/CLK (sky130_fd_sc_hd__dfrtp_2)
                                  0.250000    1.879774   clock uncertainty
                                  0.000000    1.879774   clock reconvergence pessimism
                                  1.586707    3.466480   library removal time
                                              3.466480   data required time
---------------------------------------------------------------------------------------------
                                              3.466480   data required time
                                             -6.473690   data arrival time
---------------------------------------------------------------------------------------------
                                              3.007210   slack (MET)


Startpoint: rst_n (input port clocked by clk)
Endpoint: _1199_ (removal check against rising-edge clock clk)
Path Group: asynchronous
Path Type: min

Fanout         Cap        Slew       Delay        Time   Description
---------------------------------------------------------------------------------------------
                                  0.000000    0.000000   clock clk (rise edge)
                                  0.000000    0.000000   clock network delay (propagated)
                                  4.000000    4.000000 ^ input external delay
   202    0.854704    3.798108    2.474092    6.474092 ^ rst_n (in)
                                                         rst_n (net)
                      3.798166    0.000000    6.474092 ^ _1199_/RESET_B (sky130_fd_sc_hd__dfrtp_2)
                                              6.474092   data arrival time

                                  0.000000    0.000000   clock clk (rise edge)
                                  0.000000    0.000000   clock source latency
   202    0.502531    2.236611    1.629526    1.629526 ^ clk (in)
                                                         clk (net)
                      2.236996    0.000000    1.629526 ^ _1199_/CLK (sky130_fd_sc_hd__dfrtp_2)
                                  0.250000    1.879526   clock uncertainty
                                  0.000000    1.879526   clock reconvergence pessimism
                                  1.586707    3.466233   library removal time
                                              3.466233   data required time
---------------------------------------------------------------------------------------------
                                              3.466233   data required time
                                             -6.474092   data arrival time
---------------------------------------------------------------------------------------------
                                              3.007859   slack (MET)


Startpoint: rst_n (input port clocked by clk)
Endpoint: _1203_ (removal check against rising-edge clock clk)
Path Group: asynchronous
Path Type: min

Fanout         Cap        Slew       Delay        Time   Description
---------------------------------------------------------------------------------------------
                                  0.000000    0.000000   clock clk (rise edge)
                                  0.000000    0.000000   clock network delay (propagated)
                                  4.000000    4.000000 ^ input external delay
   202    0.854704    3.798108    2.475853    6.475853 ^ rst_n (in)
                                                         rst_n (net)
                      3.798185    0.000000    6.475853 ^ _1203_/RESET_B (sky130_fd_sc_hd__dfrtp_2)
                                              6.475853   data arrival time

                                  0.000000    0.000000   clock clk (rise edge)
                                  0.000000    0.000000   clock source latency
   202    0.502531    2.236611    1.630990    1.630990 ^ clk (in)
                                                         clk (net)
                      2.237042    0.000000    1.630990 ^ _1203_/CLK (sky130_fd_sc_hd__dfrtp_2)
                                  0.250000    1.880990   clock uncertainty
                                  0.000000    1.880990   clock reconvergence pessimism
                                  1.586716    3.467706   library removal time
                                              3.467706   data required time
---------------------------------------------------------------------------------------------
                                              3.467706   data required time
                                             -6.475853   data arrival time
---------------------------------------------------------------------------------------------
                                              3.008147   slack (MET)


Startpoint: rst_n (input port clocked by clk)
Endpoint: _1211_ (removal check against rising-edge clock clk)
Path Group: asynchronous
Path Type: min

Fanout         Cap        Slew       Delay        Time   Description
---------------------------------------------------------------------------------------------
                                  0.000000    0.000000   clock clk (rise edge)
                                  0.000000    0.000000   clock network delay (propagated)
                                  4.000000    4.000000 ^ input external delay
   202    0.854704    3.798108    2.476357    6.476357 ^ rst_n (in)
                                                         rst_n (net)
                      3.798190    0.000000    6.476357 ^ _1211_/RESET_B (sky130_fd_sc_hd__dfrtp_2)
                                              6.476357   data arrival time

                                  0.000000    0.000000   clock clk (rise edge)
                                  0.000000    0.000000   clock source latency
   202    0.502531    2.236611    1.630973    1.630973 ^ clk (in)
                                                         clk (net)
                      2.237041    0.000000    1.630973 ^ _1211_/CLK (sky130_fd_sc_hd__dfrtp_2)
                                  0.250000    1.880973   clock uncertainty
                                  0.000000    1.880973   clock reconvergence pessimism
                                  1.586717    3.467690   library removal time
                                              3.467690   data required time
---------------------------------------------------------------------------------------------
                                              3.467690   data required time
                                             -6.476357   data arrival time
---------------------------------------------------------------------------------------------
                                              3.008667   slack (MET)


Startpoint: rst_n (input port clocked by clk)
Endpoint: _1242_ (removal check against rising-edge clock clk)
Path Group: asynchronous
Path Type: min

Fanout         Cap        Slew       Delay        Time   Description
---------------------------------------------------------------------------------------------
                                  0.000000    0.000000   clock clk (rise edge)
                                  0.000000    0.000000   clock network delay (propagated)
                                  4.000000    4.000000 ^ input external delay
   202    0.854704    3.798108    2.474850    6.474850 ^ rst_n (in)
                                                         rst_n (net)
                      3.798173    0.000000    6.474850 ^ _1242_/RESET_B (sky130_fd_sc_hd__dfrtp_2)
                                              6.474850   data arrival time

                                  0.000000    0.000000   clock clk (rise edge)
                                  0.000000    0.000000   clock source latency
   202    0.502531    2.236611    1.628569    1.628569 ^ clk (in)
                                                         clk (net)
                      2.236968    0.000000    1.628569 ^ _1242_/CLK (sky130_fd_sc_hd__dfrtp_2)
                                  0.250000    1.878568   clock uncertainty
                                  0.000000    1.878568   clock reconvergence pessimism
                                  1.586706    3.465274   library removal time
                                              3.465274   data required time
---------------------------------------------------------------------------------------------
                                              3.465274   data required time
                                             -6.474850   data arrival time
---------------------------------------------------------------------------------------------
                                              3.009576   slack (MET)


Startpoint: rst_n (input port clocked by clk)
Endpoint: _1181_ (removal check against rising-edge clock clk)
Path Group: asynchronous
Path Type: min

Fanout         Cap        Slew       Delay        Time   Description
---------------------------------------------------------------------------------------------
                                  0.000000    0.000000   clock clk (rise edge)
                                  0.000000    0.000000   clock network delay (propagated)
                                  4.000000    4.000000 ^ input external delay
   202    0.854704    3.798108    2.475425    6.475425 ^ rst_n (in)
                                                         rst_n (net)
                      3.798180    0.000000    6.475425 ^ _1181_/RESET_B (sky130_fd_sc_hd__dfrtp_2)
                                              6.475425   data arrival time

                                  0.000000    0.000000   clock clk (rise edge)
                                  0.000000    0.000000   clock source latency
   202    0.502531    2.236611    1.628808    1.628808 ^ clk (in)
                                                         clk (net)
                      2.236974    0.000000    1.628808 ^ _1181_/CLK (sky130_fd_sc_hd__dfrtp_2)
                                  0.250000    1.878808   clock uncertainty
                                  0.000000    1.878808   clock reconvergence pessimism
                                  1.586708    3.465516   library removal time
                                              3.465516   data required time
---------------------------------------------------------------------------------------------
                                              3.465516   data required time
                                             -6.475425   data arrival time
---------------------------------------------------------------------------------------------
                                              3.009909   slack (MET)


Startpoint: rst_n (input port clocked by clk)
Endpoint: _1240_ (removal check against rising-edge clock clk)
Path Group: asynchronous
Path Type: min

Fanout         Cap        Slew       Delay        Time   Description
---------------------------------------------------------------------------------------------
                                  0.000000    0.000000   clock clk (rise edge)
                                  0.000000    0.000000   clock network delay (propagated)
                                  4.000000    4.000000 ^ input external delay
   202    0.854704    3.798108    2.474912    6.474912 ^ rst_n (in)
                                                         rst_n (net)
                      3.798174    0.000000    6.474912 ^ _1240_/RESET_B (sky130_fd_sc_hd__dfrtp_2)
                                              6.474912   data arrival time

                                  0.000000    0.000000   clock clk (rise edge)
                                  0.000000    0.000000   clock source latency
   202    0.502531    2.236611    1.628218    1.628218 ^ clk (in)
                                                         clk (net)
                      2.236957    0.000000    1.628218 ^ _1240_/CLK (sky130_fd_sc_hd__dfrtp_2)
                                  0.250000    1.878218   clock uncertainty
                                  0.000000    1.878218   clock reconvergence pessimism
                                  1.586705    3.464924   library removal time
                                              3.464924   data required time
---------------------------------------------------------------------------------------------
                                              3.464924   data required time
                                             -6.474912   data arrival time
---------------------------------------------------------------------------------------------
                                              3.009989   slack (MET)


Startpoint: rst_n (input port clocked by clk)
Endpoint: _1244_ (removal check against rising-edge clock clk)
Path Group: asynchronous
Path Type: min

Fanout         Cap        Slew       Delay        Time   Description
---------------------------------------------------------------------------------------------
                                  0.000000    0.000000   clock clk (rise edge)
                                  0.000000    0.000000   clock network delay (propagated)
                                  4.000000    4.000000 ^ input external delay
   202    0.854704    3.798108    2.474912    6.474912 ^ rst_n (in)
                                                         rst_n (net)
                      3.798174    0.000000    6.474912 ^ _1244_/RESET_B (sky130_fd_sc_hd__dfrtp_2)
                                              6.474912   data arrival time

                                  0.000000    0.000000   clock clk (rise edge)
                                  0.000000    0.000000   clock source latency
   202    0.502531    2.236611    1.628217    1.628217 ^ clk (in)
                                                         clk (net)
                      2.236957    0.000000    1.628217 ^ _1244_/CLK (sky130_fd_sc_hd__dfrtp_2)
                                  0.250000    1.878217   clock uncertainty
                                  0.000000    1.878217   clock reconvergence pessimism
                                  1.586705    3.464922   library removal time
                                              3.464922   data required time
---------------------------------------------------------------------------------------------
                                              3.464922   data required time
                                             -6.474912   data arrival time
---------------------------------------------------------------------------------------------
                                              3.009990   slack (MET)


Startpoint: rst_n (input port clocked by clk)
Endpoint: _1241_ (removal check against rising-edge clock clk)
Path Group: asynchronous
Path Type: min

Fanout         Cap        Slew       Delay        Time   Description
---------------------------------------------------------------------------------------------
                                  0.000000    0.000000   clock clk (rise edge)
                                  0.000000    0.000000   clock network delay (propagated)
                                  4.000000    4.000000 ^ input external delay
   202    0.854704    3.798108    2.474911    6.474912 ^ rst_n (in)
                                                         rst_n (net)
                      3.798174    0.000000    6.474912 ^ _1241_/RESET_B (sky130_fd_sc_hd__dfrtp_2)
                                              6.474912   data arrival time

                                  0.000000    0.000000   clock clk (rise edge)
                                  0.000000    0.000000   clock source latency
   202    0.502531    2.236611    1.628211    1.628211 ^ clk (in)
                                                         clk (net)
                      2.236957    0.000000    1.628211 ^ _1241_/CLK (sky130_fd_sc_hd__dfrtp_2)
                                  0.250000    1.878211   clock uncertainty
                                  0.000000    1.878211   clock reconvergence pessimism
                                  1.586705    3.464916   library removal time
                                              3.464916   data required time
---------------------------------------------------------------------------------------------
                                              3.464916   data required time
                                             -6.474912   data arrival time
---------------------------------------------------------------------------------------------
                                              3.009995   slack (MET)


Startpoint: rst_n (input port clocked by clk)
Endpoint: _1219_ (removal check against rising-edge clock clk)
Path Group: asynchronous
Path Type: min

Fanout         Cap        Slew       Delay        Time   Description
---------------------------------------------------------------------------------------------
                                  0.000000    0.000000   clock clk (rise edge)
                                  0.000000    0.000000   clock network delay (propagated)
                                  4.000000    4.000000 ^ input external delay
   202    0.854704    3.798108    2.477676    6.477676 ^ rst_n (in)
                                                         rst_n (net)
                      3.798206    0.000000    6.477676 ^ _1219_/RESET_B (sky130_fd_sc_hd__dfrtp_2)
                                              6.477676   data arrival time

                                  0.000000    0.000000   clock clk (rise edge)
                                  0.000000    0.000000   clock source latency
   202    0.502531    2.236611    1.630921    1.630921 ^ clk (in)
                                                         clk (net)
                      2.237040    0.000000    1.630921 ^ _1219_/CLK (sky130_fd_sc_hd__dfrtp_2)
                                  0.250000    1.880921   clock uncertainty
                                  0.000000    1.880921   clock reconvergence pessimism
                                  1.586721    3.467642   library removal time
                                              3.467642   data required time
---------------------------------------------------------------------------------------------
                                              3.467642   data required time
                                             -6.477676   data arrival time
---------------------------------------------------------------------------------------------
                                              3.010034   slack (MET)


Startpoint: rst_n (input port clocked by clk)
Endpoint: _1180_ (removal check against rising-edge clock clk)
Path Group: asynchronous
Path Type: min

Fanout         Cap        Slew       Delay        Time   Description
---------------------------------------------------------------------------------------------
                                  0.000000    0.000000   clock clk (rise edge)
                                  0.000000    0.000000   clock network delay (propagated)
                                  4.000000    4.000000 ^ input external delay
   202    0.854704    3.798108    2.475439    6.475439 ^ rst_n (in)
                                                         rst_n (net)
                      3.798180    0.000000    6.475439 ^ _1180_/RESET_B (sky130_fd_sc_hd__dfrtp_2)
                                              6.475439   data arrival time

                                  0.000000    0.000000   clock clk (rise edge)
                                  0.000000    0.000000   clock source latency
   202    0.502531    2.236611    1.628640    1.628640 ^ clk (in)
                                                         clk (net)
                      2.236969    0.000000    1.628640 ^ _1180_/CLK (sky130_fd_sc_hd__dfrtp_2)
                                  0.250000    1.878640   clock uncertainty
                                  0.000000    1.878640   clock reconvergence pessimism
                                  1.586708    3.465348   library removal time
                                              3.465348   data required time
---------------------------------------------------------------------------------------------
                                              3.465348   data required time
                                             -6.475439   data arrival time
---------------------------------------------------------------------------------------------
                                              3.010091   slack (MET)


Startpoint: rst_n (input port clocked by clk)
Endpoint: _1235_ (removal check against rising-edge clock clk)
Path Group: asynchronous
Path Type: min

Fanout         Cap        Slew       Delay        Time   Description
---------------------------------------------------------------------------------------------
                                  0.000000    0.000000   clock clk (rise edge)
                                  0.000000    0.000000   clock network delay (propagated)
                                  4.000000    4.000000 ^ input external delay
   202    0.854704    3.798108    2.478415    6.478415 ^ rst_n (in)
                                                         rst_n (net)
                      3.798216    0.000000    6.478415 ^ _1235_/RESET_B (sky130_fd_sc_hd__dfrtp_2)
                                              6.478415   data arrival time

                                  0.000000    0.000000   clock clk (rise edge)
                                  0.000000    0.000000   clock source latency
   202    0.502531    2.236611    1.630894    1.630894 ^ clk (in)
                                                         clk (net)
                      2.237039    0.000000    1.630894 ^ _1235_/CLK (sky130_fd_sc_hd__dfrtp_2)
                                  0.250000    1.880894   clock uncertainty
                                  0.000000    1.880894   clock reconvergence pessimism
                                  1.586723    3.467617   library removal time
                                              3.467617   data required time
---------------------------------------------------------------------------------------------
                                              3.467617   data required time
                                             -6.478415   data arrival time
---------------------------------------------------------------------------------------------
                                              3.010798   slack (MET)


Startpoint: rst_n (input port clocked by clk)
Endpoint: _1227_ (removal check against rising-edge clock clk)
Path Group: asynchronous
Path Type: min

Fanout         Cap        Slew       Delay        Time   Description
---------------------------------------------------------------------------------------------
                                  0.000000    0.000000   clock clk (rise edge)
                                  0.000000    0.000000   clock network delay (propagated)
                                  4.000000    4.000000 ^ input external delay
   202    0.854704    3.798108    2.478696    6.478695 ^ rst_n (in)
                                                         rst_n (net)
                      3.798220    0.000000    6.478695 ^ _1227_/RESET_B (sky130_fd_sc_hd__dfrtp_2)
                                              6.478695   data arrival time

                                  0.000000    0.000000   clock clk (rise edge)
                                  0.000000    0.000000   clock source latency
   202    0.502531    2.236611    1.630895    1.630895 ^ clk (in)
                                                         clk (net)
                      2.237039    0.000000    1.630895 ^ _1227_/CLK (sky130_fd_sc_hd__dfrtp_2)
                                  0.250000    1.880895   clock uncertainty
                                  0.000000    1.880895   clock reconvergence pessimism
                                  1.586724    3.467619   library removal time
                                              3.467619   data required time
---------------------------------------------------------------------------------------------
                                              3.467619   data required time
                                             -6.478695   data arrival time
---------------------------------------------------------------------------------------------
                                              3.011077   slack (MET)


Startpoint: rst_n (input port clocked by clk)
Endpoint: _1195_ (removal check against rising-edge clock clk)
Path Group: asynchronous
Path Type: min

Fanout         Cap        Slew       Delay        Time   Description
---------------------------------------------------------------------------------------------
                                  0.000000    0.000000   clock clk (rise edge)
                                  0.000000    0.000000   clock network delay (propagated)
                                  4.000000    4.000000 ^ input external delay
   202    0.854704    3.798108    2.478918    6.478918 ^ rst_n (in)
                                                         rst_n (net)
                      3.798223    0.000000    6.478918 ^ _1195_/RESET_B (sky130_fd_sc_hd__dfrtp_2)
                                              6.478918   data arrival time

                                  0.000000    0.000000   clock clk (rise edge)
                                  0.000000    0.000000   clock source latency
   202    0.502531    2.236611    1.630898    1.630898 ^ clk (in)
                                                         clk (net)
                      2.237039    0.000000    1.630898 ^ _1195_/CLK (sky130_fd_sc_hd__dfrtp_2)
                                  0.250000    1.880898   clock uncertainty
                                  0.000000    1.880898   clock reconvergence pessimism
                                  1.586725    3.467623   library removal time
                                              3.467623   data required time
---------------------------------------------------------------------------------------------
                                              3.467623   data required time
                                             -6.478918   data arrival time
---------------------------------------------------------------------------------------------
                                              3.011295   slack (MET)


Startpoint: rst_n (input port clocked by clk)
Endpoint: _1245_ (removal check against rising-edge clock clk)
Path Group: asynchronous
Path Type: min

Fanout         Cap        Slew       Delay        Time   Description
---------------------------------------------------------------------------------------------
                                  0.000000    0.000000   clock clk (rise edge)
                                  0.000000    0.000000   clock network delay (propagated)
                                  4.000000    4.000000 ^ input external delay
   202    0.854704    3.798108    2.476104    6.476104 ^ rst_n (in)
                                                         rst_n (net)
                      3.798187    0.000000    6.476104 ^ _1245_/RESET_B (sky130_fd_sc_hd__dfrtp_2)
                                              6.476104   data arrival time

                                  0.000000    0.000000   clock clk (rise edge)
                                  0.000000    0.000000   clock source latency
   202    0.502531    2.236611    1.628064    1.628064 ^ clk (in)
                                                         clk (net)
                      2.236953    0.000000    1.628064 ^ _1245_/CLK (sky130_fd_sc_hd__dfrtp_2)
                                  0.250000    1.878064   clock uncertainty
                                  0.000000    1.878064   clock reconvergence pessimism
                                  1.586708    3.464772   library removal time
                                              3.464772   data required time
---------------------------------------------------------------------------------------------
                                              3.464772   data required time
                                             -6.476104   data arrival time
---------------------------------------------------------------------------------------------
                                              3.011333   slack (MET)


Startpoint: rst_n (input port clocked by clk)
Endpoint: _1243_ (removal check against rising-edge clock clk)
Path Group: asynchronous
Path Type: min

Fanout         Cap        Slew       Delay        Time   Description
---------------------------------------------------------------------------------------------
                                  0.000000    0.000000   clock clk (rise edge)
                                  0.000000    0.000000   clock network delay (propagated)
                                  4.000000    4.000000 ^ input external delay
   202    0.854704    3.798108    2.476238    6.476237 ^ rst_n (in)
                                                         rst_n (net)
                      3.798189    0.000000    6.476237 ^ _1243_/RESET_B (sky130_fd_sc_hd__dfrtp_2)
                                              6.476237   data arrival time

                                  0.000000    0.000000   clock clk (rise edge)
                                  0.000000    0.000000   clock source latency
   202    0.502531    2.236611    1.627928    1.627928 ^ clk (in)
                                                         clk (net)
                      2.236949    0.000000    1.627928 ^ _1243_/CLK (sky130_fd_sc_hd__dfrtp_2)
                                  0.250000    1.877928   clock uncertainty
                                  0.000000    1.877928   clock reconvergence pessimism
                                  1.586708    3.464637   library removal time
                                              3.464637   data required time
---------------------------------------------------------------------------------------------
                                              3.464637   data required time
                                             -6.476237   data arrival time
---------------------------------------------------------------------------------------------
                                              3.011601   slack (MET)


Startpoint: rst_n (input port clocked by clk)
Endpoint: _1186_ (removal check against rising-edge clock clk)
Path Group: asynchronous
Path Type: min

Fanout         Cap        Slew       Delay        Time   Description
---------------------------------------------------------------------------------------------
                                  0.000000    0.000000   clock clk (rise edge)
                                  0.000000    0.000000   clock network delay (propagated)
                                  4.000000    4.000000 ^ input external delay
   202    0.854704    3.798108    2.480668    6.480668 ^ rst_n (in)
                                                         rst_n (net)
                      3.798249    0.000000    6.480668 ^ _1186_/RESET_B (sky130_fd_sc_hd__dfrtp_2)
                                              6.480668   data arrival time

                                  0.000000    0.000000   clock clk (rise edge)
                                  0.000000    0.000000   clock source latency
   202    0.502531    2.236611    1.630917    1.630917 ^ clk (in)
                                                         clk (net)
                      2.237039    0.000000    1.630917 ^ _1186_/CLK (sky130_fd_sc_hd__dfrtp_2)
                                  0.250000    1.880917   clock uncertainty
                                  0.000000    1.880917   clock reconvergence pessimism
                                  1.586731    3.467648   library removal time
                                              3.467648   data required time
---------------------------------------------------------------------------------------------
                                              3.467648   data required time
                                             -6.480668   data arrival time
---------------------------------------------------------------------------------------------
                                              3.013020   slack (MET)


Startpoint: rst_n (input port clocked by clk)
Endpoint: _1236_ (removal check against rising-edge clock clk)
Path Group: asynchronous
Path Type: min

Fanout         Cap        Slew       Delay        Time   Description
---------------------------------------------------------------------------------------------
                                  0.000000    0.000000   clock clk (rise edge)
                                  0.000000    0.000000   clock network delay (propagated)
                                  4.000000    4.000000 ^ input external delay
   202    0.854704    3.798108    2.477028    6.477028 ^ rst_n (in)
                                                         rst_n (net)
                      3.798198    0.000000    6.477028 ^ _1236_/RESET_B (sky130_fd_sc_hd__dfrtp_2)
                                              6.477028   data arrival time

                                  0.000000    0.000000   clock clk (rise edge)
                                  0.000000    0.000000   clock source latency
   202    0.502531    2.236611    1.626882    1.626882 ^ clk (in)
                                                         clk (net)
                      2.236920    0.000000    1.626882 ^ _1236_/CLK (sky130_fd_sc_hd__dfrtp_2)
                                  0.250000    1.876882   clock uncertainty
                                  0.000000    1.876882   clock reconvergence pessimism
                                  1.586708    3.463589   library removal time
                                              3.463589   data required time
---------------------------------------------------------------------------------------------
                                              3.463589   data required time
                                             -6.477028   data arrival time
---------------------------------------------------------------------------------------------
                                              3.013438   slack (MET)


Startpoint: rst_n (input port clocked by clk)
Endpoint: _1187_ (removal check against rising-edge clock clk)
Path Group: asynchronous
Path Type: min

Fanout         Cap        Slew       Delay        Time   Description
---------------------------------------------------------------------------------------------
                                  0.000000    0.000000   clock clk (rise edge)
                                  0.000000    0.000000   clock network delay (propagated)
                                  4.000000    4.000000 ^ input external delay
   202    0.854704    3.798108    2.481119    6.481119 ^ rst_n (in)
                                                         rst_n (net)
                      3.798256    0.000000    6.481119 ^ _1187_/RESET_B (sky130_fd_sc_hd__dfrtp_2)
                                              6.481119   data arrival time

                                  0.000000    0.000000   clock clk (rise edge)
                                  0.000000    0.000000   clock source latency
   202    0.502531    2.236611    1.630919    1.630919 ^ clk (in)
                                                         clk (net)
                      2.237039    0.000000    1.630919 ^ _1187_/CLK (sky130_fd_sc_hd__dfrtp_2)
                                  0.250000    1.880919   clock uncertainty
                                  0.000000    1.880919   clock reconvergence pessimism
                                  1.586733    3.467652   library removal time
                                              3.467652   data required time
---------------------------------------------------------------------------------------------
                                              3.467652   data required time
                                             -6.481119   data arrival time
---------------------------------------------------------------------------------------------
                                              3.013467   slack (MET)


Startpoint: rst_n (input port clocked by clk)
Endpoint: _1237_ (removal check against rising-edge clock clk)
Path Group: asynchronous
Path Type: min

Fanout         Cap        Slew       Delay        Time   Description
---------------------------------------------------------------------------------------------
                                  0.000000    0.000000   clock clk (rise edge)
                                  0.000000    0.000000   clock network delay (propagated)
                                  4.000000    4.000000 ^ input external delay
   202    0.854704    3.798108    2.477125    6.477125 ^ rst_n (in)
                                                         rst_n (net)
                      3.798200    0.000000    6.477125 ^ _1237_/RESET_B (sky130_fd_sc_hd__dfrtp_2)
                                              6.477125   data arrival time

                                  0.000000    0.000000   clock clk (rise edge)
                                  0.000000    0.000000   clock source latency
   202    0.502531    2.236611    1.626834    1.626834 ^ clk (in)
                                                         clk (net)
                      2.236919    0.000000    1.626834 ^ _1237_/CLK (sky130_fd_sc_hd__dfrtp_2)
                                  0.250000    1.876834   clock uncertainty
                                  0.000000    1.876834   clock reconvergence pessimism
                                  1.586708    3.463542   library removal time
                                              3.463542   data required time
---------------------------------------------------------------------------------------------
                                              3.463542   data required time
                                             -6.477125   data arrival time
---------------------------------------------------------------------------------------------
                                              3.013582   slack (MET)


Startpoint: rst_n (input port clocked by clk)
Endpoint: _1238_ (removal check against rising-edge clock clk)
Path Group: asynchronous
Path Type: min

Fanout         Cap        Slew       Delay        Time   Description
---------------------------------------------------------------------------------------------
                                  0.000000    0.000000   clock clk (rise edge)
                                  0.000000    0.000000   clock network delay (propagated)
                                  4.000000    4.000000 ^ input external delay
   202    0.854704    3.798108    2.477223    6.477223 ^ rst_n (in)
                                                         rst_n (net)
                      3.798201    0.000000    6.477223 ^ _1238_/RESET_B (sky130_fd_sc_hd__dfrtp_2)
                                              6.477223   data arrival time

                                  0.000000    0.000000   clock clk (rise edge)
                                  0.000000    0.000000   clock source latency
   202    0.502531    2.236611    1.626849    1.626849 ^ clk (in)
                                                         clk (net)
                      2.236919    0.000000    1.626849 ^ _1238_/CLK (sky130_fd_sc_hd__dfrtp_2)
                                  0.250000    1.876849   clock uncertainty
                                  0.000000    1.876849   clock reconvergence pessimism
                                  1.586708    3.463557   library removal time
                                              3.463557   data required time
---------------------------------------------------------------------------------------------
                                              3.463557   data required time
                                             -6.477223   data arrival time
---------------------------------------------------------------------------------------------
                                              3.013665   slack (MET)


Startpoint: rst_n (input port clocked by clk)
Endpoint: _1133_ (removal check against rising-edge clock clk)
Path Group: asynchronous
Path Type: min

Fanout         Cap        Slew       Delay        Time   Description
---------------------------------------------------------------------------------------------
                                  0.000000    0.000000   clock clk (rise edge)
                                  0.000000    0.000000   clock network delay (propagated)
                                  4.000000    4.000000 ^ input external delay
   202    0.854704    3.798108    2.477619    6.477619 ^ rst_n (in)
                                                         rst_n (net)
                      3.798206    0.000000    6.477619 ^ _1133_/RESET_B (sky130_fd_sc_hd__dfrtp_2)
                                              6.477619   data arrival time

                                  0.000000    0.000000   clock clk (rise edge)
                                  0.000000    0.000000   clock source latency
   202    0.502531    2.236611    1.625863    1.625863 ^ clk (in)
                                                         clk (net)
                      2.236893    0.000000    1.625863 ^ _1133_/CLK (sky130_fd_sc_hd__dfrtp_2)
                                  0.250000    1.875863   clock uncertainty
                                  0.000000    1.875863   clock reconvergence pessimism
                                  1.586707    3.462570   library removal time
                                              3.462570   data required time
---------------------------------------------------------------------------------------------
                                              3.462570   data required time
                                             -6.477619   data arrival time
---------------------------------------------------------------------------------------------
                                              3.015048   slack (MET)


Startpoint: rst_n (input port clocked by clk)
Endpoint: _1141_ (removal check against rising-edge clock clk)
Path Group: asynchronous
Path Type: min

Fanout         Cap        Slew       Delay        Time   Description
---------------------------------------------------------------------------------------------
                                  0.000000    0.000000   clock clk (rise edge)
                                  0.000000    0.000000   clock network delay (propagated)
                                  4.000000    4.000000 ^ input external delay
   202    0.854704    3.798108    2.477667    6.477666 ^ rst_n (in)
                                                         rst_n (net)
                      3.798206    0.000000    6.477666 ^ _1141_/RESET_B (sky130_fd_sc_hd__dfrtp_2)
                                              6.477666   data arrival time

                                  0.000000    0.000000   clock clk (rise edge)
                                  0.000000    0.000000   clock source latency
   202    0.502531    2.236611    1.625771    1.625771 ^ clk (in)
                                                         clk (net)
                      2.236891    0.000000    1.625771 ^ _1141_/CLK (sky130_fd_sc_hd__dfrtp_2)
                                  0.250000    1.875771   clock uncertainty
                                  0.000000    1.875771   clock reconvergence pessimism
                                  1.586707    3.462479   library removal time
                                              3.462479   data required time
---------------------------------------------------------------------------------------------
                                              3.462479   data required time
                                             -6.477666   data arrival time
---------------------------------------------------------------------------------------------
                                              3.015188   slack (MET)


Startpoint: rst_n (input port clocked by clk)
Endpoint: _1165_ (removal check against rising-edge clock clk)
Path Group: asynchronous
Path Type: min

Fanout         Cap        Slew       Delay        Time   Description
---------------------------------------------------------------------------------------------
                                  0.000000    0.000000   clock clk (rise edge)
                                  0.000000    0.000000   clock network delay (propagated)
                                  4.000000    4.000000 ^ input external delay
   202    0.854704    3.798108    2.477309    6.477309 ^ rst_n (in)
                                                         rst_n (net)
                      3.798202    0.000000    6.477309 ^ _1165_/RESET_B (sky130_fd_sc_hd__dfrtp_2)
                                              6.477309   data arrival time

                                  0.000000    0.000000   clock clk (rise edge)
                                  0.000000    0.000000   clock source latency
   202    0.502531    2.236611    1.625239    1.625239 ^ clk (in)
                                                         clk (net)
                      2.236877    0.000000    1.625239 ^ _1165_/CLK (sky130_fd_sc_hd__dfrtp_2)
                                  0.250000    1.875239   clock uncertainty
                                  0.000000    1.875239   clock reconvergence pessimism
                                  1.586705    3.461944   library removal time
                                              3.461944   data required time
---------------------------------------------------------------------------------------------
                                              3.461944   data required time
                                             -6.477309   data arrival time
---------------------------------------------------------------------------------------------
                                              3.015365   slack (MET)


Startpoint: rst_n (input port clocked by clk)
Endpoint: _1173_ (removal check against rising-edge clock clk)
Path Group: asynchronous
Path Type: min

Fanout         Cap        Slew       Delay        Time   Description
---------------------------------------------------------------------------------------------
                                  0.000000    0.000000   clock clk (rise edge)
                                  0.000000    0.000000   clock network delay (propagated)
                                  4.000000    4.000000 ^ input external delay
   202    0.854704    3.798108    2.477314    6.477314 ^ rst_n (in)
                                                         rst_n (net)
                      3.798202    0.000000    6.477314 ^ _1173_/RESET_B (sky130_fd_sc_hd__dfrtp_2)
                                              6.477314   data arrival time

                                  0.000000    0.000000   clock clk (rise edge)
                                  0.000000    0.000000   clock source latency
   202    0.502531    2.236611    1.625238    1.625238 ^ clk (in)
                                                         clk (net)
                      2.236877    0.000000    1.625238 ^ _1173_/CLK (sky130_fd_sc_hd__dfrtp_2)
                                  0.250000    1.875238   clock uncertainty
                                  0.000000    1.875238   clock reconvergence pessimism
                                  1.586705    3.461943   library removal time
                                              3.461943   data required time
---------------------------------------------------------------------------------------------
                                              3.461943   data required time
                                             -6.477314   data arrival time
---------------------------------------------------------------------------------------------
                                              3.015371   slack (MET)


Startpoint: rst_n (input port clocked by clk)
Endpoint: _1157_ (removal check against rising-edge clock clk)
Path Group: asynchronous
Path Type: min

Fanout         Cap        Slew       Delay        Time   Description
---------------------------------------------------------------------------------------------
                                  0.000000    0.000000   clock clk (rise edge)
                                  0.000000    0.000000   clock network delay (propagated)
                                  4.000000    4.000000 ^ input external delay
   202    0.854704    3.798108    2.477319    6.477318 ^ rst_n (in)
                                                         rst_n (net)
                      3.798202    0.000000    6.477318 ^ _1157_/RESET_B (sky130_fd_sc_hd__dfrtp_2)
                                              6.477318   data arrival time

                                  0.000000    0.000000   clock clk (rise edge)
                                  0.000000    0.000000   clock source latency
   202    0.502531    2.236611    1.625231    1.625231 ^ clk (in)
                                                         clk (net)
                      2.236877    0.000000    1.625231 ^ _1157_/CLK (sky130_fd_sc_hd__dfrtp_2)
                                  0.250000    1.875231   clock uncertainty
                                  0.000000    1.875231   clock reconvergence pessimism
                                  1.586705    3.461936   library removal time
                                              3.461936   data required time
---------------------------------------------------------------------------------------------
                                              3.461936   data required time
                                             -6.477318   data arrival time
---------------------------------------------------------------------------------------------
                                              3.015383   slack (MET)


Startpoint: rst_n (input port clocked by clk)
Endpoint: _1125_ (removal check against rising-edge clock clk)
Path Group: asynchronous
Path Type: min

Fanout         Cap        Slew       Delay        Time   Description
---------------------------------------------------------------------------------------------
                                  0.000000    0.000000   clock clk (rise edge)
                                  0.000000    0.000000   clock network delay (propagated)
                                  4.000000    4.000000 ^ input external delay
   202    0.854704    3.798108    2.477860    6.477860 ^ rst_n (in)
                                                         rst_n (net)
                      3.798209    0.000000    6.477860 ^ _1125_/RESET_B (sky130_fd_sc_hd__dfrtp_2)
                                              6.477860   data arrival time

                                  0.000000    0.000000   clock clk (rise edge)
                                  0.000000    0.000000   clock source latency
   202    0.502531    2.236611    1.625395    1.625395 ^ clk (in)
                                                         clk (net)
                      2.236881    0.000000    1.625395 ^ _1125_/CLK (sky130_fd_sc_hd__dfrtp_2)
                                  0.250000    1.875395   clock uncertainty
                                  0.000000    1.875395   clock reconvergence pessimism
                                  1.586707    3.462102   library removal time
                                              3.462102   data required time
---------------------------------------------------------------------------------------------
                                              3.462102   data required time
                                             -6.477860   data arrival time
---------------------------------------------------------------------------------------------
                                              3.015758   slack (MET)


Startpoint: rst_n (input port clocked by clk)
Endpoint: _1149_ (removal check against rising-edge clock clk)
Path Group: asynchronous
Path Type: min

Fanout         Cap        Slew       Delay        Time   Description
---------------------------------------------------------------------------------------------
                                  0.000000    0.000000   clock clk (rise edge)
                                  0.000000    0.000000   clock network delay (propagated)
                                  4.000000    4.000000 ^ input external delay
   202    0.854704    3.798108    2.477971    6.477971 ^ rst_n (in)
                                                         rst_n (net)
                      3.798210    0.000000    6.477971 ^ _1149_/RESET_B (sky130_fd_sc_hd__dfrtp_2)
                                              6.477971   data arrival time

                                  0.000000    0.000000   clock clk (rise edge)
                                  0.000000    0.000000   clock source latency
   202    0.502531    2.236611    1.625168    1.625168 ^ clk (in)
                                                         clk (net)
                      2.236875    0.000000    1.625168 ^ _1149_/CLK (sky130_fd_sc_hd__dfrtp_2)
                                  0.250000    1.875168   clock uncertainty
                                  0.000000    1.875168   clock reconvergence pessimism
                                  1.586707    3.461875   library removal time
                                              3.461875   data required time
---------------------------------------------------------------------------------------------
                                              3.461875   data required time
                                             -6.477971   data arrival time
---------------------------------------------------------------------------------------------
                                              3.016096   slack (MET)


Startpoint: rst_n (input port clocked by clk)
Endpoint: _1160_ (removal check against rising-edge clock clk)
Path Group: asynchronous
Path Type: min

Fanout         Cap        Slew       Delay        Time   Description
---------------------------------------------------------------------------------------------
                                  0.000000    0.000000   clock clk (rise edge)
                                  0.000000    0.000000   clock network delay (propagated)
                                  4.000000    4.000000 ^ input external delay
   202    0.854704    3.798108    2.478314    6.478314 ^ rst_n (in)
                                                         rst_n (net)
                      3.798215    0.000000    6.478314 ^ _1160_/RESET_B (sky130_fd_sc_hd__dfrtp_2)
                                              6.478314   data arrival time

                                  0.000000    0.000000   clock clk (rise edge)
                                  0.000000    0.000000   clock source latency
   202    0.502531    2.236611    1.624371    1.624371 ^ clk (in)
                                                         clk (net)
                      2.236856    0.000000    1.624371 ^ _1160_/CLK (sky130_fd_sc_hd__dfrtp_2)
                                  0.250000    1.874371   clock uncertainty
                                  0.000000    1.874371   clock reconvergence pessimism
                                  1.586706    3.461077   library removal time
                                              3.461077   data required time
---------------------------------------------------------------------------------------------
                                              3.461077   data required time
                                             -6.478314   data arrival time
---------------------------------------------------------------------------------------------
                                              3.017237   slack (MET)


Startpoint: rst_n (input port clocked by clk)
Endpoint: _1152_ (removal check against rising-edge clock clk)
Path Group: asynchronous
Path Type: min

Fanout         Cap        Slew       Delay        Time   Description
---------------------------------------------------------------------------------------------
                                  0.000000    0.000000   clock clk (rise edge)
                                  0.000000    0.000000   clock network delay (propagated)
                                  4.000000    4.000000 ^ input external delay
   202    0.854704    3.798108    2.478426    6.478426 ^ rst_n (in)
                                                         rst_n (net)
                      3.798217    0.000000    6.478426 ^ _1152_/RESET_B (sky130_fd_sc_hd__dfrtp_2)
                                              6.478426   data arrival time

                                  0.000000    0.000000   clock clk (rise edge)
                                  0.000000    0.000000   clock source latency
   202    0.502531    2.236611    1.624049    1.624049 ^ clk (in)
                                                         clk (net)
                      2.236848    0.000000    1.624049 ^ _1152_/CLK (sky130_fd_sc_hd__dfrtp_2)
                                  0.250000    1.874049   clock uncertainty
                                  0.000000    1.874049   clock reconvergence pessimism
                                  1.586706    3.460755   library removal time
                                              3.460755   data required time
---------------------------------------------------------------------------------------------
                                              3.460755   data required time
                                             -6.478426   data arrival time
---------------------------------------------------------------------------------------------
                                              3.017671   slack (MET)


Startpoint: rst_n (input port clocked by clk)
Endpoint: _1168_ (removal check against rising-edge clock clk)
Path Group: asynchronous
Path Type: min

Fanout         Cap        Slew       Delay        Time   Description
---------------------------------------------------------------------------------------------
                                  0.000000    0.000000   clock clk (rise edge)
                                  0.000000    0.000000   clock network delay (propagated)
                                  4.000000    4.000000 ^ input external delay
   202    0.854704    3.798108    2.478511    6.478511 ^ rst_n (in)
                                                         rst_n (net)
                      3.798217    0.000000    6.478511 ^ _1168_/RESET_B (sky130_fd_sc_hd__dfrtp_2)
                                              6.478511   data arrival time

                                  0.000000    0.000000   clock clk (rise edge)
                                  0.000000    0.000000   clock source latency
   202    0.502531    2.236611    1.623900    1.623900 ^ clk (in)
                                                         clk (net)
                      2.236845    0.000000    1.623900 ^ _1168_/CLK (sky130_fd_sc_hd__dfrtp_2)
                                  0.250000    1.873900   clock uncertainty
                                  0.000000    1.873900   clock reconvergence pessimism
                                  1.586706    3.460606   library removal time
                                              3.460606   data required time
---------------------------------------------------------------------------------------------
                                              3.460606   data required time
                                             -6.478511   data arrival time
---------------------------------------------------------------------------------------------
                                              3.017905   slack (MET)


Startpoint: rst_n (input port clocked by clk)
Endpoint: _1176_ (removal check against rising-edge clock clk)
Path Group: asynchronous
Path Type: min

Fanout         Cap        Slew       Delay        Time   Description
---------------------------------------------------------------------------------------------
                                  0.000000    0.000000   clock clk (rise edge)
                                  0.000000    0.000000   clock network delay (propagated)
                                  4.000000    4.000000 ^ input external delay
   202    0.854704    3.798108    2.478548    6.478548 ^ rst_n (in)
                                                         rst_n (net)
                      3.798218    0.000000    6.478548 ^ _1176_/RESET_B (sky130_fd_sc_hd__dfrtp_2)
                                              6.478548   data arrival time

                                  0.000000    0.000000   clock clk (rise edge)
                                  0.000000    0.000000   clock source latency
   202    0.502531    2.236611    1.623905    1.623905 ^ clk (in)
                                                         clk (net)
                      2.236845    0.000000    1.623905 ^ _1176_/CLK (sky130_fd_sc_hd__dfrtp_2)
                                  0.250000    1.873905   clock uncertainty
                                  0.000000    1.873905   clock reconvergence pessimism
                                  1.586706    3.460611   library removal time
                                              3.460611   data required time
---------------------------------------------------------------------------------------------
                                              3.460611   data required time
                                             -6.478548   data arrival time
---------------------------------------------------------------------------------------------
                                              3.017936   slack (MET)


Startpoint: rst_n (input port clocked by clk)
Endpoint: _1144_ (removal check against rising-edge clock clk)
Path Group: asynchronous
Path Type: min

Fanout         Cap        Slew       Delay        Time   Description
---------------------------------------------------------------------------------------------
                                  0.000000    0.000000   clock clk (rise edge)
                                  0.000000    0.000000   clock network delay (propagated)
                                  4.000000    4.000000 ^ input external delay
   202    0.854704    3.798108    2.478583    6.478583 ^ rst_n (in)
                                                         rst_n (net)
                      3.798218    0.000000    6.478583 ^ _1144_/RESET_B (sky130_fd_sc_hd__dfrtp_2)
                                              6.478583   data arrival time

                                  0.000000    0.000000   clock clk (rise edge)
                                  0.000000    0.000000   clock source latency
   202    0.502531    2.236611    1.623474    1.623474 ^ clk (in)
                                                         clk (net)
                      2.236835    0.000000    1.623474 ^ _1144_/CLK (sky130_fd_sc_hd__dfrtp_2)
                                  0.250000    1.873473   clock uncertainty
                                  0.000000    1.873473   clock reconvergence pessimism
                                  1.586705    3.460178   library removal time
                                              3.460178   data required time
---------------------------------------------------------------------------------------------
                                              3.460178   data required time
                                             -6.478583   data arrival time
---------------------------------------------------------------------------------------------
                                              3.018405   slack (MET)


Startpoint: rst_n (input port clocked by clk)
Endpoint: _1136_ (removal check against rising-edge clock clk)
Path Group: asynchronous
Path Type: min

Fanout         Cap        Slew       Delay        Time   Description
---------------------------------------------------------------------------------------------
                                  0.000000    0.000000   clock clk (rise edge)
                                  0.000000    0.000000   clock network delay (propagated)
                                  4.000000    4.000000 ^ input external delay
   202    0.854704    3.798108    2.478731    6.478731 ^ rst_n (in)
                                                         rst_n (net)
                      3.798220    0.000000    6.478731 ^ _1136_/RESET_B (sky130_fd_sc_hd__dfrtp_2)
                                              6.478731   data arrival time

                                  0.000000    0.000000   clock clk (rise edge)
                                  0.000000    0.000000   clock source latency
   202    0.502531    2.236611    1.622885    1.622885 ^ clk (in)
                                                         clk (net)
                      2.236821    0.000000    1.622885 ^ _1136_/CLK (sky130_fd_sc_hd__dfrtp_2)
                                  0.250000    1.872885   clock uncertainty
                                  0.000000    1.872885   clock reconvergence pessimism
                                  1.586704    3.459590   library removal time
                                              3.459590   data required time
---------------------------------------------------------------------------------------------
                                              3.459590   data required time
                                             -6.478731   data arrival time
---------------------------------------------------------------------------------------------
                                              3.019140   slack (MET)


Startpoint: rst_n (input port clocked by clk)
Endpoint: _1128_ (removal check against rising-edge clock clk)
Path Group: asynchronous
Path Type: min

Fanout         Cap        Slew       Delay        Time   Description
---------------------------------------------------------------------------------------------
                                  0.000000    0.000000   clock clk (rise edge)
                                  0.000000    0.000000   clock network delay (propagated)
                                  4.000000    4.000000 ^ input external delay
   202    0.854704    3.798108    2.478753    6.478753 ^ rst_n (in)
                                                         rst_n (net)
                      3.798221    0.000000    6.478753 ^ _1128_/RESET_B (sky130_fd_sc_hd__dfrtp_2)
                                              6.478753   data arrival time

                                  0.000000    0.000000   clock clk (rise edge)
                                  0.000000    0.000000   clock source latency
   202    0.502531    2.236611    1.622777    1.622777 ^ clk (in)
                                                         clk (net)
                      2.236819    0.000000    1.622777 ^ _1128_/CLK (sky130_fd_sc_hd__dfrtp_2)
                                  0.250000    1.872777   clock uncertainty
                                  0.000000    1.872777   clock reconvergence pessimism
                                  1.586704    3.459482   library removal time
                                              3.459482   data required time
---------------------------------------------------------------------------------------------
                                              3.459482   data required time
                                             -6.478753   data arrival time
---------------------------------------------------------------------------------------------
                                              3.019271   slack (MET)


Startpoint: rst_n (input port clocked by clk)
Endpoint: _1120_ (removal check against rising-edge clock clk)
Path Group: asynchronous
Path Type: min

Fanout         Cap        Slew       Delay        Time   Description
---------------------------------------------------------------------------------------------
                                  0.000000    0.000000   clock clk (rise edge)
                                  0.000000    0.000000   clock network delay (propagated)
                                  4.000000    4.000000 ^ input external delay
   202    0.854704    3.798108    2.478848    6.478848 ^ rst_n (in)
                                                         rst_n (net)
                      3.798222    0.000000    6.478848 ^ _1120_/RESET_B (sky130_fd_sc_hd__dfrtp_2)
                                              6.478848   data arrival time

                                  0.000000    0.000000   clock clk (rise edge)
                                  0.000000    0.000000   clock source latency
   202    0.502531    2.236611    1.622312    1.622312 ^ clk (in)
                                                         clk (net)
                      2.236809    0.000000    1.622312 ^ _1120_/CLK (sky130_fd_sc_hd__dfrtp_2)
                                  0.250000    1.872312   clock uncertainty
                                  0.000000    1.872312   clock reconvergence pessimism
                                  1.586704    3.459016   library removal time
                                              3.459016   data required time
---------------------------------------------------------------------------------------------
                                              3.459016   data required time
                                             -6.478848   data arrival time
---------------------------------------------------------------------------------------------
                                              3.019832   slack (MET)


Startpoint: rst_n (input port clocked by clk)
Endpoint: _1117_ (removal check against rising-edge clock clk)
Path Group: asynchronous
Path Type: min

Fanout         Cap        Slew       Delay        Time   Description
---------------------------------------------------------------------------------------------
                                  0.000000    0.000000   clock clk (rise edge)
                                  0.000000    0.000000   clock network delay (propagated)
                                  4.000000    4.000000 ^ input external delay
   202    0.854704    3.798108    2.478915    6.478915 ^ rst_n (in)
                                                         rst_n (net)
                      3.798223    0.000000    6.478915 ^ _1117_/RESET_B (sky130_fd_sc_hd__dfrtp_2)
                                              6.478915   data arrival time

                                  0.000000    0.000000   clock clk (rise edge)
                                  0.000000    0.000000   clock source latency
   202    0.502531    2.236611    1.621950    1.621950 ^ clk (in)
                                                         clk (net)
                      2.236801    0.000000    1.621950 ^ _1117_/CLK (sky130_fd_sc_hd__dfrtp_2)
                                  0.250000    1.871950   clock uncertainty
                                  0.000000    1.871950   clock reconvergence pessimism
                                  1.586703    3.458653   library removal time
                                              3.458653   data required time
---------------------------------------------------------------------------------------------
                                              3.458653   data required time
                                             -6.478915   data arrival time
---------------------------------------------------------------------------------------------
                                              3.020262   slack (MET)


Startpoint: rst_n (input port clocked by clk)
Endpoint: _1164_ (removal check against rising-edge clock clk)
Path Group: asynchronous
Path Type: min

Fanout         Cap        Slew       Delay        Time   Description
---------------------------------------------------------------------------------------------
                                  0.000000    0.000000   clock clk (rise edge)
                                  0.000000    0.000000   clock network delay (propagated)
                                  4.000000    4.000000 ^ input external delay
   202    0.854704    3.798108    2.478636    6.478636 ^ rst_n (in)
                                                         rst_n (net)
                      3.798219    0.000000    6.478636 ^ _1164_/RESET_B (sky130_fd_sc_hd__dfrtp_2)
                                              6.478636   data arrival time

                                  0.000000    0.000000   clock clk (rise edge)
                                  0.000000    0.000000   clock source latency
   202    0.502531    2.236611    1.621601    1.621601 ^ clk (in)
                                                         clk (net)
                      2.236794    0.000000    1.621601 ^ _1164_/CLK (sky130_fd_sc_hd__dfrtp_2)
                                  0.250000    1.871601   clock uncertainty
                                  0.000000    1.871601   clock reconvergence pessimism
                                  1.586702    3.458303   library removal time
                                              3.458303   data required time
---------------------------------------------------------------------------------------------
                                              3.458303   data required time
                                             -6.478636   data arrival time
---------------------------------------------------------------------------------------------
                                              3.020333   slack (MET)


Startpoint: rst_n (input port clocked by clk)
Endpoint: _1172_ (removal check against rising-edge clock clk)
Path Group: asynchronous
Path Type: min

Fanout         Cap        Slew       Delay        Time   Description
---------------------------------------------------------------------------------------------
                                  0.000000    0.000000   clock clk (rise edge)
                                  0.000000    0.000000   clock network delay (propagated)
                                  4.000000    4.000000 ^ input external delay
   202    0.854704    3.798108    2.478636    6.478636 ^ rst_n (in)
                                                         rst_n (net)
                      3.798219    0.000000    6.478636 ^ _1172_/RESET_B (sky130_fd_sc_hd__dfrtp_2)
                                              6.478636   data arrival time

                                  0.000000    0.000000   clock clk (rise edge)
                                  0.000000    0.000000   clock source latency
   202    0.502531    2.236611    1.621603    1.621603 ^ clk (in)
                                                         clk (net)
                      2.236794    0.000000    1.621603 ^ _1172_/CLK (sky130_fd_sc_hd__dfrtp_2)
                                  0.250000    1.871603   clock uncertainty
                                  0.000000    1.871603   clock reconvergence pessimism
                                  1.586702    3.458304   library removal time
                                              3.458304   data required time
---------------------------------------------------------------------------------------------
                                              3.458304   data required time
                                             -6.478636   data arrival time
---------------------------------------------------------------------------------------------
                                              3.020331   slack (MET)


Startpoint: rst_n (input port clocked by clk)
Endpoint: _1156_ (removal check against rising-edge clock clk)
Path Group: asynchronous
Path Type: min

Fanout         Cap        Slew       Delay        Time   Description
---------------------------------------------------------------------------------------------
                                  0.000000    0.000000   clock clk (rise edge)
                                  0.000000    0.000000   clock network delay (propagated)
                                  4.000000    4.000000 ^ input external delay
   202    0.854704    3.798108    2.478640    6.478640 ^ rst_n (in)
                                                         rst_n (net)
                      3.798219    0.000000    6.478640 ^ _1156_/RESET_B (sky130_fd_sc_hd__dfrtp_2)
                                              6.478640   data arrival time

                                  0.000000    0.000000   clock clk (rise edge)
                                  0.000000    0.000000   clock source latency
   202    0.502531    2.236611    1.621598    1.621598 ^ clk (in)
                                                         clk (net)
                      2.236794    0.000000    1.621598 ^ _1156_/CLK (sky130_fd_sc_hd__dfrtp_2)
                                  0.250000    1.871598   clock uncertainty
                                  0.000000    1.871598   clock reconvergence pessimism
                                  1.586702    3.458300   library removal time
                                              3.458300   data required time
---------------------------------------------------------------------------------------------
                                              3.458300   data required time
                                             -6.478640   data arrival time
---------------------------------------------------------------------------------------------
                                              3.020340   slack (MET)


Startpoint: rst_n (input port clocked by clk)
Endpoint: _1148_ (removal check against rising-edge clock clk)
Path Group: asynchronous
Path Type: min

Fanout         Cap        Slew       Delay        Time   Description
---------------------------------------------------------------------------------------------
                                  0.000000    0.000000   clock clk (rise edge)
                                  0.000000    0.000000   clock network delay (propagated)
                                  4.000000    4.000000 ^ input external delay
   202    0.854704    3.798108    2.479155    6.479155 ^ rst_n (in)
                                                         rst_n (net)
                      3.798226    0.000000    6.479155 ^ _1148_/RESET_B (sky130_fd_sc_hd__dfrtp_2)
                                              6.479155   data arrival time

                                  0.000000    0.000000   clock clk (rise edge)
                                  0.000000    0.000000   clock source latency
   202    0.502531    2.236611    1.621568    1.621568 ^ clk (in)
                                                         clk (net)
                      2.236793    0.000000    1.621568 ^ _1148_/CLK (sky130_fd_sc_hd__dfrtp_2)
                                  0.250000    1.871568   clock uncertainty
                                  0.000000    1.871568   clock reconvergence pessimism
                                  1.586703    3.458271   library removal time
                                              3.458271   data required time
---------------------------------------------------------------------------------------------
                                              3.458271   data required time
                                             -6.479155   data arrival time
---------------------------------------------------------------------------------------------
                                              3.020884   slack (MET)


Startpoint: rst_n (input port clocked by clk)
Endpoint: _1140_ (removal check against rising-edge clock clk)
Path Group: asynchronous
Path Type: min

Fanout         Cap        Slew       Delay        Time   Description
---------------------------------------------------------------------------------------------
                                  0.000000    0.000000   clock clk (rise edge)
                                  0.000000    0.000000   clock network delay (propagated)
                                  4.000000    4.000000 ^ input external delay
   202    0.854704    3.798108    2.479152    6.479152 ^ rst_n (in)
                                                         rst_n (net)
                      3.798226    0.000000    6.479152 ^ _1140_/RESET_B (sky130_fd_sc_hd__dfrtp_2)
                                              6.479152   data arrival time

                                  0.000000    0.000000   clock clk (rise edge)
                                  0.000000    0.000000   clock source latency
   202    0.502531    2.236611    1.621556    1.621556 ^ clk (in)
                                                         clk (net)
                      2.236793    0.000000    1.621556 ^ _1140_/CLK (sky130_fd_sc_hd__dfrtp_2)
                                  0.250000    1.871556   clock uncertainty
                                  0.000000    1.871556   clock reconvergence pessimism
                                  1.586703    3.458259   library removal time
                                              3.458259   data required time
---------------------------------------------------------------------------------------------
                                              3.458259   data required time
                                             -6.479152   data arrival time
---------------------------------------------------------------------------------------------
                                              3.020893   slack (MET)


Startpoint: rst_n (input port clocked by clk)
Endpoint: _1132_ (removal check against rising-edge clock clk)
Path Group: asynchronous
Path Type: min

Fanout         Cap        Slew       Delay        Time   Description
---------------------------------------------------------------------------------------------
                                  0.000000    0.000000   clock clk (rise edge)
                                  0.000000    0.000000   clock network delay (propagated)
                                  4.000000    4.000000 ^ input external delay
   202    0.854704    3.798108    2.479134    6.479134 ^ rst_n (in)
                                                         rst_n (net)
                      3.798226    0.000000    6.479134 ^ _1132_/RESET_B (sky130_fd_sc_hd__dfrtp_2)
                                              6.479134   data arrival time

                                  0.000000    0.000000   clock clk (rise edge)
                                  0.000000    0.000000   clock source latency
   202    0.502531    2.236611    1.621530    1.621530 ^ clk (in)
                                                         clk (net)
                      2.236792    0.000000    1.621530 ^ _1132_/CLK (sky130_fd_sc_hd__dfrtp_2)
                                  0.250000    1.871530   clock uncertainty
                                  0.000000    1.871530   clock reconvergence pessimism
                                  1.586703    3.458233   library removal time
                                              3.458233   data required time
---------------------------------------------------------------------------------------------
                                              3.458233   data required time
                                             -6.479134   data arrival time
---------------------------------------------------------------------------------------------
                                              3.020900   slack (MET)


Startpoint: rst_n (input port clocked by clk)
Endpoint: _1124_ (removal check against rising-edge clock clk)
Path Group: asynchronous
Path Type: min

Fanout         Cap        Slew       Delay        Time   Description
---------------------------------------------------------------------------------------------
                                  0.000000    0.000000   clock clk (rise edge)
                                  0.000000    0.000000   clock network delay (propagated)
                                  4.000000    4.000000 ^ input external delay
   202    0.854704    3.798108    2.479078    6.479078 ^ rst_n (in)
                                                         rst_n (net)
                      3.798225    0.000000    6.479078 ^ _1124_/RESET_B (sky130_fd_sc_hd__dfrtp_2)
                                              6.479078   data arrival time

                                  0.000000    0.000000   clock clk (rise edge)
                                  0.000000    0.000000   clock source latency
   202    0.502531    2.236611    1.621458    1.621458 ^ clk (in)
                                                         clk (net)
                      2.236791    0.000000    1.621458 ^ _1124_/CLK (sky130_fd_sc_hd__dfrtp_2)
                                  0.250000    1.871458   clock uncertainty
                                  0.000000    1.871458   clock reconvergence pessimism
                                  1.586703    3.458161   library removal time
                                              3.458161   data required time
---------------------------------------------------------------------------------------------
                                              3.458161   data required time
                                             -6.479078   data arrival time
---------------------------------------------------------------------------------------------
                                              3.020917   slack (MET)


Startpoint: rst_n (input port clocked by clk)
Endpoint: _1116_ (removal check against rising-edge clock clk)
Path Group: asynchronous
Path Type: min

Fanout         Cap        Slew       Delay        Time   Description
---------------------------------------------------------------------------------------------
                                  0.000000    0.000000   clock clk (rise edge)
                                  0.000000    0.000000   clock network delay (propagated)
                                  4.000000    4.000000 ^ input external delay
   202    0.854704    3.798108    2.479016    6.479016 ^ rst_n (in)
                                                         rst_n (net)
                      3.798224    0.000000    6.479016 ^ _1116_/RESET_B (sky130_fd_sc_hd__dfrtp_2)
                                              6.479016   data arrival time

                                  0.000000    0.000000   clock clk (rise edge)
                                  0.000000    0.000000   clock source latency
   202    0.502531    2.236611    1.621389    1.621389 ^ clk (in)
                                                         clk (net)
                      2.236789    0.000000    1.621389 ^ _1116_/CLK (sky130_fd_sc_hd__dfrtp_2)
                                  0.250000    1.871389   clock uncertainty
                                  0.000000    1.871389   clock reconvergence pessimism
                                  1.586702    3.458091   library removal time
                                              3.458091   data required time
---------------------------------------------------------------------------------------------
                                              3.458091   data required time
                                             -6.479016   data arrival time
---------------------------------------------------------------------------------------------
                                              3.020925   slack (MET)


Startpoint: rst_n (input port clocked by clk)
Endpoint: _1247_ (removal check against rising-edge clock clk)
Path Group: asynchronous
Path Type: min

Fanout         Cap        Slew       Delay        Time   Description
---------------------------------------------------------------------------------------------
                                  0.000000    0.000000   clock clk (rise edge)
                                  0.000000    0.000000   clock network delay (propagated)
                                  4.000000    4.000000 ^ input external delay
   202    0.854704    3.798108    2.479040    6.479040 ^ rst_n (in)
                                                         rst_n (net)
                      3.798225    0.000000    6.479040 ^ _1247_/RESET_B (sky130_fd_sc_hd__dfrtp_2)
                                              6.479040   data arrival time

                                  0.000000    0.000000   clock clk (rise edge)
                                  0.000000    0.000000   clock source latency
   202    0.502531    2.236611    1.620908    1.620908 ^ clk (in)
                                                         clk (net)
                      2.236779    0.000000    1.620908 ^ _1247_/CLK (sky130_fd_sc_hd__dfrtp_2)
                                  0.250000    1.870908   clock uncertainty
                                  0.000000    1.870908   clock reconvergence pessimism
                                  1.586702    3.457610   library removal time
                                              3.457610   data required time
---------------------------------------------------------------------------------------------
                                              3.457610   data required time
                                             -6.479040   data arrival time
---------------------------------------------------------------------------------------------
                                              3.021430   slack (MET)


Startpoint: rst_n (input port clocked by clk)
Endpoint: _1246_ (removal check against rising-edge clock clk)
Path Group: asynchronous
Path Type: min

Fanout         Cap        Slew       Delay        Time   Description
---------------------------------------------------------------------------------------------
                                  0.000000    0.000000   clock clk (rise edge)
                                  0.000000    0.000000   clock network delay (propagated)
                                  4.000000    4.000000 ^ input external delay
   202    0.854704    3.798108    2.479059    6.479059 ^ rst_n (in)
                                                         rst_n (net)
                      3.798225    0.000000    6.479059 ^ _1246_/RESET_B (sky130_fd_sc_hd__dfrtp_2)
                                              6.479059   data arrival time

                                  0.000000    0.000000   clock clk (rise edge)
                                  0.000000    0.000000   clock source latency
   202    0.502531    2.236611    1.620509    1.620509 ^ clk (in)
                                                         clk (net)
                      2.236772    0.000000    1.620509 ^ _1246_/CLK (sky130_fd_sc_hd__dfrtp_2)
                                  0.250000    1.870509   clock uncertainty
                                  0.000000    1.870509   clock reconvergence pessimism
                                  1.586701    3.457210   library removal time
                                              3.457210   data required time
---------------------------------------------------------------------------------------------
                                              3.457210   data required time
                                             -6.479059   data arrival time
---------------------------------------------------------------------------------------------
                                              3.021849   slack (MET)


Startpoint: rst_n (input port clocked by clk)
Endpoint: _1077_ (removal check against rising-edge clock clk)
Path Group: asynchronous
Path Type: min

Fanout         Cap        Slew       Delay        Time   Description
---------------------------------------------------------------------------------------------
                                  0.000000    0.000000   clock clk (rise edge)
                                  0.000000    0.000000   clock network delay (propagated)
                                  4.000000    4.000000 ^ input external delay
   202    0.854704    3.798108    2.479086    6.479086 ^ rst_n (in)
                                                         rst_n (net)
                      3.798225    0.000000    6.479086 ^ _1077_/RESET_B (sky130_fd_sc_hd__dfrtp_2)
                                              6.479086   data arrival time

                                  0.000000    0.000000   clock clk (rise edge)
                                  0.000000    0.000000   clock source latency
   202    0.502531    2.236611    1.619962    1.619962 ^ clk (in)
                                                         clk (net)
                      2.236761    0.000000    1.619962 ^ _1077_/CLK (sky130_fd_sc_hd__dfrtp_2)
                                  0.250000    1.869962   clock uncertainty
                                  0.000000    1.869962   clock reconvergence pessimism
                                  1.586700    3.456662   library removal time
                                              3.456662   data required time
---------------------------------------------------------------------------------------------
                                              3.456662   data required time
                                             -6.479086   data arrival time
---------------------------------------------------------------------------------------------
                                              3.022424   slack (MET)


Startpoint: rst_n (input port clocked by clk)
Endpoint: _1174_ (removal check against rising-edge clock clk)
Path Group: asynchronous
Path Type: min

Fanout         Cap        Slew       Delay        Time   Description
---------------------------------------------------------------------------------------------
                                  0.000000    0.000000   clock clk (rise edge)
                                  0.000000    0.000000   clock network delay (propagated)
                                  4.000000    4.000000 ^ input external delay
   202    0.854704    3.798108    2.490623    6.490623 ^ rst_n (in)
                                                         rst_n (net)
                      3.798444    0.000000    6.490623 ^ _1174_/RESET_B (sky130_fd_sc_hd__dfrtp_2)
                                              6.490623   data arrival time

                                  0.000000    0.000000   clock clk (rise edge)
                                  0.000000    0.000000   clock source latency
   202    0.502531    2.236611    1.618820    1.618820 ^ clk (in)
                                                         clk (net)
                      2.236740    0.000000    1.618820 ^ _1174_/CLK (sky130_fd_sc_hd__dfrtp_2)
                                  0.250000    1.868820   clock uncertainty
                                  0.000000    1.868820   clock reconvergence pessimism
                                  1.586753    3.455573   library removal time
                                              3.455573   data required time
---------------------------------------------------------------------------------------------
                                              3.455573   data required time
                                             -6.490623   data arrival time
---------------------------------------------------------------------------------------------
                                              3.035051   slack (MET)


Startpoint: rst_n (input port clocked by clk)
Endpoint: _1166_ (removal check against rising-edge clock clk)
Path Group: asynchronous
Path Type: min

Fanout         Cap        Slew       Delay        Time   Description
---------------------------------------------------------------------------------------------
                                  0.000000    0.000000   clock clk (rise edge)
                                  0.000000    0.000000   clock network delay (propagated)
                                  4.000000    4.000000 ^ input external delay
   202    0.854704    3.798108    2.490827    6.490827 ^ rst_n (in)
                                                         rst_n (net)
                      3.798449    0.000000    6.490827 ^ _1166_/RESET_B (sky130_fd_sc_hd__dfrtp_2)
                                              6.490827   data arrival time

                                  0.000000    0.000000   clock clk (rise edge)
                                  0.000000    0.000000   clock source latency
   202    0.502531    2.236611    1.618819    1.618819 ^ clk (in)
                                                         clk (net)
                      2.236740    0.000000    1.618819 ^ _1166_/CLK (sky130_fd_sc_hd__dfrtp_2)
                                  0.250000    1.868819   clock uncertainty
                                  0.000000    1.868819   clock reconvergence pessimism
                                  1.586754    3.455573   library removal time
                                              3.455573   data required time
---------------------------------------------------------------------------------------------
                                              3.455573   data required time
                                             -6.490827   data arrival time
---------------------------------------------------------------------------------------------
                                              3.035254   slack (MET)


Startpoint: rst_n (input port clocked by clk)
Endpoint: _1158_ (removal check against rising-edge clock clk)
Path Group: asynchronous
Path Type: min

Fanout         Cap        Slew       Delay        Time   Description
---------------------------------------------------------------------------------------------
                                  0.000000    0.000000   clock clk (rise edge)
                                  0.000000    0.000000   clock network delay (propagated)
                                  4.000000    4.000000 ^ input external delay
   202    0.854704    3.798108    2.491894    6.491893 ^ rst_n (in)
                                                         rst_n (net)
                      3.798475    0.000000    6.491893 ^ _1158_/RESET_B (sky130_fd_sc_hd__dfrtp_2)
                                              6.491893   data arrival time

                                  0.000000    0.000000   clock clk (rise edge)
                                  0.000000    0.000000   clock source latency
   202    0.502531    2.236611    1.618808    1.618808 ^ clk (in)
                                                         clk (net)
                      2.236740    0.000000    1.618808 ^ _1158_/CLK (sky130_fd_sc_hd__dfrtp_2)
                                  0.250000    1.868808   clock uncertainty
                                  0.000000    1.868808   clock reconvergence pessimism
                                  1.586760    3.455568   library removal time
                                              3.455568   data required time
---------------------------------------------------------------------------------------------
                                              3.455568   data required time
                                             -6.491893   data arrival time
---------------------------------------------------------------------------------------------
                                              3.036325   slack (MET)


Startpoint: rst_n (input port clocked by clk)
Endpoint: _1150_ (removal check against rising-edge clock clk)
Path Group: asynchronous
Path Type: min

Fanout         Cap        Slew       Delay        Time   Description
---------------------------------------------------------------------------------------------
                                  0.000000    0.000000   clock clk (rise edge)
                                  0.000000    0.000000   clock network delay (propagated)
                                  4.000000    4.000000 ^ input external delay
   202    0.854704    3.798108    2.494297    6.494297 ^ rst_n (in)
                                                         rst_n (net)
                      3.798537    0.000000    6.494297 ^ _1150_/RESET_B (sky130_fd_sc_hd__dfrtp_2)
                                              6.494297   data arrival time

                                  0.000000    0.000000   clock clk (rise edge)
                                  0.000000    0.000000   clock source latency
   202    0.502531    2.236611    1.618765    1.618765 ^ clk (in)
                                                         clk (net)
                      2.236739    0.000000    1.618765 ^ _1150_/CLK (sky130_fd_sc_hd__dfrtp_2)
                                  0.250000    1.868765   clock uncertainty
                                  0.000000    1.868765   clock reconvergence pessimism
                                  1.586776    3.455541   library removal time
                                              3.455541   data required time
---------------------------------------------------------------------------------------------
                                              3.455541   data required time
                                             -6.494297   data arrival time
---------------------------------------------------------------------------------------------
                                              3.038756   slack (MET)


Startpoint: rst_n (input port clocked by clk)
Endpoint: _1142_ (removal check against rising-edge clock clk)
Path Group: asynchronous
Path Type: min

Fanout         Cap        Slew       Delay        Time   Description
---------------------------------------------------------------------------------------------
                                  0.000000    0.000000   clock clk (rise edge)
                                  0.000000    0.000000   clock network delay (propagated)
                                  4.000000    4.000000 ^ input external delay
   202    0.854704    3.798108    2.494533    6.494533 ^ rst_n (in)
                                                         rst_n (net)
                      3.798544    0.000000    6.494533 ^ _1142_/RESET_B (sky130_fd_sc_hd__dfrtp_2)
                                              6.494533   data arrival time

                                  0.000000    0.000000   clock clk (rise edge)
                                  0.000000    0.000000   clock source latency
   202    0.502531    2.236611    1.618760    1.618760 ^ clk (in)
                                                         clk (net)
                      2.236739    0.000000    1.618760 ^ _1142_/CLK (sky130_fd_sc_hd__dfrtp_2)
                                  0.250000    1.868760   clock uncertainty
                                  0.000000    1.868760   clock reconvergence pessimism
                                  1.586777    3.455537   library removal time
                                              3.455537   data required time
---------------------------------------------------------------------------------------------
                                              3.455537   data required time
                                             -6.494533   data arrival time
---------------------------------------------------------------------------------------------
                                              3.038996   slack (MET)


Startpoint: rst_n (input port clocked by clk)
Endpoint: _1134_ (removal check against rising-edge clock clk)
Path Group: asynchronous
Path Type: min

Fanout         Cap        Slew       Delay        Time   Description
---------------------------------------------------------------------------------------------
                                  0.000000    0.000000   clock clk (rise edge)
                                  0.000000    0.000000   clock network delay (propagated)
                                  4.000000    4.000000 ^ input external delay
   202    0.854704    3.798108    2.494788    6.494789 ^ rst_n (in)
                                                         rst_n (net)
                      3.798551    0.000000    6.494789 ^ _1134_/RESET_B (sky130_fd_sc_hd__dfrtp_2)
                                              6.494789   data arrival time

                                  0.000000    0.000000   clock clk (rise edge)
                                  0.000000    0.000000   clock source latency
   202    0.502531    2.236611    1.618753    1.618753 ^ clk (in)
                                                         clk (net)
                      2.236739    0.000000    1.618753 ^ _1134_/CLK (sky130_fd_sc_hd__dfrtp_2)
                                  0.250000    1.868753   clock uncertainty
                                  0.000000    1.868753   clock reconvergence pessimism
                                  1.586779    3.455532   library removal time
                                              3.455532   data required time
---------------------------------------------------------------------------------------------
                                              3.455532   data required time
                                             -6.494789   data arrival time
---------------------------------------------------------------------------------------------
                                              3.039256   slack (MET)


Startpoint: rst_n (input port clocked by clk)
Endpoint: _1126_ (removal check against rising-edge clock clk)
Path Group: asynchronous
Path Type: min

Fanout         Cap        Slew       Delay        Time   Description
---------------------------------------------------------------------------------------------
                                  0.000000    0.000000   clock clk (rise edge)
                                  0.000000    0.000000   clock network delay (propagated)
                                  4.000000    4.000000 ^ input external delay
   202    0.854704    3.798108    2.495449    6.495449 ^ rst_n (in)
                                                         rst_n (net)
                      3.798569    0.000000    6.495449 ^ _1126_/RESET_B (sky130_fd_sc_hd__dfrtp_2)
                                              6.495449   data arrival time

                                  0.000000    0.000000   clock clk (rise edge)
                                  0.000000    0.000000   clock source latency
   202    0.502531    2.236611    1.618730    1.618730 ^ clk (in)
                                                         clk (net)
                      2.236739    0.000000    1.618730 ^ _1126_/CLK (sky130_fd_sc_hd__dfrtp_2)
                                  0.250000    1.868730   clock uncertainty
                                  0.000000    1.868730   clock reconvergence pessimism
                                  1.586783    3.455514   library removal time
                                              3.455514   data required time
---------------------------------------------------------------------------------------------
                                              3.455514   data required time
                                             -6.495449   data arrival time
---------------------------------------------------------------------------------------------
                                              3.039935   slack (MET)


Startpoint: rst_n (input port clocked by clk)
Endpoint: _1179_ (removal check against rising-edge clock clk)
Path Group: asynchronous
Path Type: min

Fanout         Cap        Slew       Delay        Time   Description
---------------------------------------------------------------------------------------------
                                  0.000000    0.000000   clock clk (rise edge)
                                  0.000000    0.000000   clock network delay (propagated)
                                  4.000000    4.000000 ^ input external delay
   202    0.854704    3.798108    2.495005    6.495005 ^ rst_n (in)
                                                         rst_n (net)
                      3.798557    0.000000    6.495005 ^ _1179_/RESET_B (sky130_fd_sc_hd__dfrtp_2)
                                              6.495005   data arrival time

                                  0.000000    0.000000   clock clk (rise edge)
                                  0.000000    0.000000   clock source latency
   202    0.502531    2.236611    1.618245    1.618245 ^ clk (in)
                                                         clk (net)
                      2.236730    0.000000    1.618245 ^ _1179_/CLK (sky130_fd_sc_hd__dfrtp_2)
                                  0.250000    1.868245   clock uncertainty
                                  0.000000    1.868245   clock reconvergence pessimism
                                  1.586780    3.455024   library removal time
                                              3.455024   data required time
---------------------------------------------------------------------------------------------
                                              3.455024   data required time
                                             -6.495005   data arrival time
---------------------------------------------------------------------------------------------
                                              3.039980   slack (MET)


Startpoint: rst_n (input port clocked by clk)
Endpoint: _1171_ (removal check against rising-edge clock clk)
Path Group: asynchronous
Path Type: min

Fanout         Cap        Slew       Delay        Time   Description
---------------------------------------------------------------------------------------------
                                  0.000000    0.000000   clock clk (rise edge)
                                  0.000000    0.000000   clock network delay (propagated)
                                  4.000000    4.000000 ^ input external delay
   202    0.854704    3.798108    2.495015    6.495015 ^ rst_n (in)
                                                         rst_n (net)
                      3.798557    0.000000    6.495015 ^ _1171_/RESET_B (sky130_fd_sc_hd__dfrtp_2)
                                              6.495015   data arrival time

                                  0.000000    0.000000   clock clk (rise edge)
                                  0.000000    0.000000   clock source latency
   202    0.502531    2.236611    1.618243    1.618243 ^ clk (in)
                                                         clk (net)
                      2.236730    0.000000    1.618243 ^ _1171_/CLK (sky130_fd_sc_hd__dfrtp_2)
                                  0.250000    1.868243   clock uncertainty
                                  0.000000    1.868243   clock reconvergence pessimism
                                  1.586780    3.455022   library removal time
                                              3.455022   data required time
---------------------------------------------------------------------------------------------
                                              3.455022   data required time
                                             -6.495015   data arrival time
---------------------------------------------------------------------------------------------
                                              3.039993   slack (MET)


Startpoint: rst_n (input port clocked by clk)
Endpoint: _1163_ (removal check against rising-edge clock clk)
Path Group: asynchronous
Path Type: min

Fanout         Cap        Slew       Delay        Time   Description
---------------------------------------------------------------------------------------------
                                  0.000000    0.000000   clock clk (rise edge)
                                  0.000000    0.000000   clock network delay (propagated)
                                  4.000000    4.000000 ^ input external delay
   202    0.854704    3.798108    2.495018    6.495018 ^ rst_n (in)
                                                         rst_n (net)
                      3.798557    0.000000    6.495018 ^ _1163_/RESET_B (sky130_fd_sc_hd__dfrtp_2)
                                              6.495018   data arrival time

                                  0.000000    0.000000   clock clk (rise edge)
                                  0.000000    0.000000   clock source latency
   202    0.502531    2.236611    1.618237    1.618237 ^ clk (in)
                                                         clk (net)
                      2.236730    0.000000    1.618237 ^ _1163_/CLK (sky130_fd_sc_hd__dfrtp_2)
                                  0.250000    1.868237   clock uncertainty
                                  0.000000    1.868237   clock reconvergence pessimism
                                  1.586780    3.455017   library removal time
                                              3.455017   data required time
---------------------------------------------------------------------------------------------
                                              3.455017   data required time
                                             -6.495018   data arrival time
---------------------------------------------------------------------------------------------
                                              3.040001   slack (MET)


Startpoint: rst_n (input port clocked by clk)
Endpoint: _1131_ (removal check against rising-edge clock clk)
Path Group: asynchronous
Path Type: min

Fanout         Cap        Slew       Delay        Time   Description
---------------------------------------------------------------------------------------------
                                  0.000000    0.000000   clock clk (rise edge)
                                  0.000000    0.000000   clock network delay (propagated)
                                  4.000000    4.000000 ^ input external delay
   202    0.854704    3.798108    2.497512    6.497511 ^ rst_n (in)
                                                         rst_n (net)
                      3.798629    0.000000    6.497511 ^ _1131_/RESET_B (sky130_fd_sc_hd__dfrtp_2)
                                              6.497511   data arrival time

                                  0.000000    0.000000   clock clk (rise edge)
                                  0.000000    0.000000   clock source latency
   202    0.502531    2.236611    1.618648    1.618648 ^ clk (in)
                                                         clk (net)
                      2.236737    0.000000    1.618648 ^ _1131_/CLK (sky130_fd_sc_hd__dfrtp_2)
                                  0.250000    1.868648   clock uncertainty
                                  0.000000    1.868648   clock reconvergence pessimism
                                  1.586798    3.455446   library removal time
                                              3.455446   data required time
---------------------------------------------------------------------------------------------
                                              3.455446   data required time
                                             -6.497511   data arrival time
---------------------------------------------------------------------------------------------
                                              3.042066   slack (MET)


Startpoint: rst_n (input port clocked by clk)
Endpoint: _1139_ (removal check against rising-edge clock clk)
Path Group: asynchronous
Path Type: min

Fanout         Cap        Slew       Delay        Time   Description
---------------------------------------------------------------------------------------------
                                  0.000000    0.000000   clock clk (rise edge)
                                  0.000000    0.000000   clock network delay (propagated)
                                  4.000000    4.000000 ^ input external delay
   202    0.854704    3.798108    2.497660    6.497660 ^ rst_n (in)
                                                         rst_n (net)
                      3.798634    0.000000    6.497660 ^ _1139_/RESET_B (sky130_fd_sc_hd__dfrtp_2)
                                              6.497660   data arrival time

                                  0.000000    0.000000   clock clk (rise edge)
                                  0.000000    0.000000   clock source latency
   202    0.502531    2.236611    1.618652    1.618652 ^ clk (in)
                                                         clk (net)
                      2.236737    0.000000    1.618652 ^ _1139_/CLK (sky130_fd_sc_hd__dfrtp_2)
                                  0.250000    1.868652   clock uncertainty
                                  0.000000    1.868652   clock reconvergence pessimism
                                  1.586799    3.455451   library removal time
                                              3.455451   data required time
---------------------------------------------------------------------------------------------
                                              3.455451   data required time
                                             -6.497660   data arrival time
---------------------------------------------------------------------------------------------
                                              3.042209   slack (MET)


Startpoint: rst_n (input port clocked by clk)
Endpoint: _1123_ (removal check against rising-edge clock clk)
Path Group: asynchronous
Path Type: min

Fanout         Cap        Slew       Delay        Time   Description
---------------------------------------------------------------------------------------------
                                  0.000000    0.000000   clock clk (rise edge)
                                  0.000000    0.000000   clock network delay (propagated)
                                  4.000000    4.000000 ^ input external delay
   202    0.854704    3.798108    2.497651    6.497651 ^ rst_n (in)
                                                         rst_n (net)
                      3.798633    0.000000    6.497651 ^ _1123_/RESET_B (sky130_fd_sc_hd__dfrtp_2)
                                              6.497651   data arrival time

                                  0.000000    0.000000   clock clk (rise edge)
                                  0.000000    0.000000   clock source latency
   202    0.502531    2.236611    1.618627    1.618627 ^ clk (in)
                                                         clk (net)
                      2.236737    0.000000    1.618627 ^ _1123_/CLK (sky130_fd_sc_hd__dfrtp_2)
                                  0.250000    1.868627   clock uncertainty
                                  0.000000    1.868627   clock reconvergence pessimism
                                  1.586799    3.455426   library removal time
                                              3.455426   data required time
---------------------------------------------------------------------------------------------
                                              3.455426   data required time
                                             -6.497651   data arrival time
---------------------------------------------------------------------------------------------
                                              3.042225   slack (MET)


Startpoint: rst_n (input port clocked by clk)
Endpoint: _1051_ (removal check against rising-edge clock clk)
Path Group: asynchronous
Path Type: min

Fanout         Cap        Slew       Delay        Time   Description
---------------------------------------------------------------------------------------------
                                  0.000000    0.000000   clock clk (rise edge)
                                  0.000000    0.000000   clock network delay (propagated)
                                  4.000000    4.000000 ^ input external delay
   202    0.854704    3.798108    2.498263    6.498263 ^ rst_n (in)
                                                         rst_n (net)
                      3.798652    0.000000    6.498263 ^ _1051_/RESET_B (sky130_fd_sc_hd__dfrtp_2)
                                              6.498263   data arrival time

                                  0.000000    0.000000   clock clk (rise edge)
                                  0.000000    0.000000   clock source latency
   202    0.502531    2.236611    1.618576    1.618576 ^ clk (in)
                                                         clk (net)
                      2.236736    0.000000    1.618576 ^ _1051_/CLK (sky130_fd_sc_hd__dfrtp_2)
                                  0.250000    1.868576   clock uncertainty
                                  0.000000    1.868576   clock reconvergence pessimism
                                  1.586804    3.455380   library removal time
                                              3.455380   data required time
---------------------------------------------------------------------------------------------
                                              3.455380   data required time
                                             -6.498263   data arrival time
---------------------------------------------------------------------------------------------
                                              3.042884   slack (MET)


Startpoint: rst_n (input port clocked by clk)
Endpoint: _1147_ (removal check against rising-edge clock clk)
Path Group: asynchronous
Path Type: min

Fanout         Cap        Slew       Delay        Time   Description
---------------------------------------------------------------------------------------------
                                  0.000000    0.000000   clock clk (rise edge)
                                  0.000000    0.000000   clock network delay (propagated)
                                  4.000000    4.000000 ^ input external delay
   202    0.854704    3.798108    2.498015    6.498015 ^ rst_n (in)
                                                         rst_n (net)
                      3.798644    0.000000    6.498015 ^ _1147_/RESET_B (sky130_fd_sc_hd__dfrtp_2)
                                              6.498015   data arrival time

                                  0.000000    0.000000   clock clk (rise edge)
                                  0.000000    0.000000   clock source latency
   202    0.502531    2.236611    1.618191    1.618191 ^ clk (in)
                                                         clk (net)
                      2.236730    0.000000    1.618191 ^ _1147_/CLK (sky130_fd_sc_hd__dfrtp_2)
                                  0.250000    1.868191   clock uncertainty
                                  0.000000    1.868191   clock reconvergence pessimism
                                  1.586801    3.454993   library removal time
                                              3.454993   data required time
---------------------------------------------------------------------------------------------
                                              3.454993   data required time
                                             -6.498015   data arrival time
---------------------------------------------------------------------------------------------
                                              3.043022   slack (MET)


Startpoint: rst_n (input port clocked by clk)
Endpoint: _1155_ (removal check against rising-edge clock clk)
Path Group: asynchronous
Path Type: min

Fanout         Cap        Slew       Delay        Time   Description
---------------------------------------------------------------------------------------------
                                  0.000000    0.000000   clock clk (rise edge)
                                  0.000000    0.000000   clock network delay (propagated)
                                  4.000000    4.000000 ^ input external delay
   202    0.854704    3.798108    2.498122    6.498122 ^ rst_n (in)
                                                         rst_n (net)
                      3.798647    0.000000    6.498122 ^ _1155_/RESET_B (sky130_fd_sc_hd__dfrtp_2)
                                              6.498122   data arrival time

                                  0.000000    0.000000   clock clk (rise edge)
                                  0.000000    0.000000   clock source latency
   202    0.502531    2.236611    1.618204    1.618204 ^ clk (in)
                                                         clk (net)
                      2.236730    0.000000    1.618204 ^ _1155_/CLK (sky130_fd_sc_hd__dfrtp_2)
                                  0.250000    1.868204   clock uncertainty
                                  0.000000    1.868204   clock reconvergence pessimism
                                  1.586802    3.455006   library removal time
                                              3.455006   data required time
---------------------------------------------------------------------------------------------
                                              3.455006   data required time
                                             -6.498122   data arrival time
---------------------------------------------------------------------------------------------
                                              3.043116   slack (MET)


Startpoint: rst_n (input port clocked by clk)
Endpoint: _1085_ (removal check against rising-edge clock clk)
Path Group: asynchronous
Path Type: min

Fanout         Cap        Slew       Delay        Time   Description
---------------------------------------------------------------------------------------------
                                  0.000000    0.000000   clock clk (rise edge)
                                  0.000000    0.000000   clock network delay (propagated)
                                  4.000000    4.000000 ^ input external delay
   202    0.854704    3.798108    2.499272    6.499272 ^ rst_n (in)
                                                         rst_n (net)
                      3.798683    0.000000    6.499272 ^ _1085_/RESET_B (sky130_fd_sc_hd__dfrtp_2)
                                              6.499272   data arrival time

                                  0.000000    0.000000   clock clk (rise edge)
                                  0.000000    0.000000   clock source latency
   202    0.502531    2.236611    1.619247    1.619247 ^ clk (in)
                                                         clk (net)
                      2.236748    0.000000    1.619247 ^ _1085_/CLK (sky130_fd_sc_hd__dfrtp_2)
                                  0.250000    1.869247   clock uncertainty
                                  0.000000    1.869247   clock reconvergence pessimism
                                  1.586812    3.456059   library removal time
                                              3.456059   data required time
---------------------------------------------------------------------------------------------
                                              3.456059   data required time
                                             -6.499272   data arrival time
---------------------------------------------------------------------------------------------
                                              3.043213   slack (MET)


Startpoint: rst_n (input port clocked by clk)
Endpoint: _1083_ (removal check against rising-edge clock clk)
Path Group: asynchronous
Path Type: min

Fanout         Cap        Slew       Delay        Time   Description
---------------------------------------------------------------------------------------------
                                  0.000000    0.000000   clock clk (rise edge)
                                  0.000000    0.000000   clock network delay (propagated)
                                  4.000000    4.000000 ^ input external delay
   202    0.854704    3.798108    2.498527    6.498527 ^ rst_n (in)
                                                         rst_n (net)
                      3.798660    0.000000    6.498527 ^ _1083_/RESET_B (sky130_fd_sc_hd__dfrtp_2)
                                              6.498527   data arrival time

                                  0.000000    0.000000   clock clk (rise edge)
                                  0.000000    0.000000   clock source latency
   202    0.502531    2.236611    1.618116    1.618116 ^ clk (in)
                                                         clk (net)
                      2.236728    0.000000    1.618116 ^ _1083_/CLK (sky130_fd_sc_hd__dfrtp_2)
                                  0.250000    1.868116   clock uncertainty
                                  0.000000    1.868116   clock reconvergence pessimism
                                  1.586805    3.454921   library removal time
                                              3.454921   data required time
---------------------------------------------------------------------------------------------
                                              3.454921   data required time
                                             -6.498527   data arrival time
---------------------------------------------------------------------------------------------
                                              3.043607   slack (MET)


Startpoint: rst_n (input port clocked by clk)
Endpoint: _1059_ (removal check against rising-edge clock clk)
Path Group: asynchronous
Path Type: min

Fanout         Cap        Slew       Delay        Time   Description
---------------------------------------------------------------------------------------------
                                  0.000000    0.000000   clock clk (rise edge)
                                  0.000000    0.000000   clock network delay (propagated)
                                  4.000000    4.000000 ^ input external delay
   202    0.854704    3.798108    2.498542    6.498542 ^ rst_n (in)
                                                         rst_n (net)
                      3.798660    0.000000    6.498542 ^ _1059_/RESET_B (sky130_fd_sc_hd__dfrtp_2)
                                              6.498542   data arrival time

                                  0.000000    0.000000   clock clk (rise edge)
                                  0.000000    0.000000   clock source latency
   202    0.502531    2.236611    1.618112    1.618112 ^ clk (in)
                                                         clk (net)
                      2.236728    0.000000    1.618112 ^ _1059_/CLK (sky130_fd_sc_hd__dfrtp_2)
                                  0.250000    1.868112   clock uncertainty
                                  0.000000    1.868112   clock reconvergence pessimism
                                  1.586805    3.454917   library removal time
                                              3.454917   data required time
---------------------------------------------------------------------------------------------
                                              3.454917   data required time
                                             -6.498542   data arrival time
---------------------------------------------------------------------------------------------
                                              3.043625   slack (MET)


Startpoint: rst_n (input port clocked by clk)
Endpoint: _1118_ (removal check against rising-edge clock clk)
Path Group: asynchronous
Path Type: min

Fanout         Cap        Slew       Delay        Time   Description
---------------------------------------------------------------------------------------------
                                  0.000000    0.000000   clock clk (rise edge)
                                  0.000000    0.000000   clock network delay (propagated)
                                  4.000000    4.000000 ^ input external delay
   202    0.854704    3.798108    2.499274    6.499274 ^ rst_n (in)
                                                         rst_n (net)
                      3.798683    0.000000    6.499274 ^ _1118_/RESET_B (sky130_fd_sc_hd__dfrtp_2)
                                              6.499274   data arrival time

                                  0.000000    0.000000   clock clk (rise edge)
                                  0.000000    0.000000   clock source latency
   202    0.502531    2.236611    1.618483    1.618483 ^ clk (in)
                                                         clk (net)
                      2.236734    0.000000    1.618483 ^ _1118_/CLK (sky130_fd_sc_hd__dfrtp_2)
                                  0.250000    1.868483   clock uncertainty
                                  0.000000    1.868483   clock reconvergence pessimism
                                  1.586811    3.455294   library removal time
                                              3.455294   data required time
---------------------------------------------------------------------------------------------
                                              3.455294   data required time
                                             -6.499274   data arrival time
---------------------------------------------------------------------------------------------
                                              3.043980   slack (MET)


Startpoint: rst_n (input port clocked by clk)
Endpoint: _1248_ (removal check against rising-edge clock clk)
Path Group: asynchronous
Path Type: min

Fanout         Cap        Slew       Delay        Time   Description
---------------------------------------------------------------------------------------------
                                  0.000000    0.000000   clock clk (rise edge)
                                  0.000000    0.000000   clock network delay (propagated)
                                  4.000000    4.000000 ^ input external delay
   202    0.854704    3.798108    2.499847    6.499847 ^ rst_n (in)
                                                         rst_n (net)
                      3.798701    0.000000    6.499847 ^ _1248_/RESET_B (sky130_fd_sc_hd__dfrtp_2)
                                              6.499847   data arrival time

                                  0.000000    0.000000   clock clk (rise edge)
                                  0.000000    0.000000   clock source latency
   202    0.502531    2.236611    1.618423    1.618423 ^ clk (in)
                                                         clk (net)
                      2.236733    0.000000    1.618423 ^ _1248_/CLK (sky130_fd_sc_hd__dfrtp_2)
                                  0.250000    1.868423   clock uncertainty
                                  0.000000    1.868423   clock reconvergence pessimism
                                  1.586816    3.455239   library removal time
                                              3.455239   data required time
---------------------------------------------------------------------------------------------
                                              3.455239   data required time
                                             -6.499847   data arrival time
---------------------------------------------------------------------------------------------
                                              3.044608   slack (MET)


Startpoint: rst_n (input port clocked by clk)
Endpoint: _1075_ (removal check against rising-edge clock clk)
Path Group: asynchronous
Path Type: min

Fanout         Cap        Slew       Delay        Time   Description
---------------------------------------------------------------------------------------------
                                  0.000000    0.000000   clock clk (rise edge)
                                  0.000000    0.000000   clock network delay (propagated)
                                  4.000000    4.000000 ^ input external delay
   202    0.854704    3.798108    2.499977    6.499977 ^ rst_n (in)
                                                         rst_n (net)
                      3.798705    0.000000    6.499977 ^ _1075_/RESET_B (sky130_fd_sc_hd__dfrtp_2)
                                              6.499977   data arrival time

                                  0.000000    0.000000   clock clk (rise edge)
                                  0.000000    0.000000   clock source latency
   202    0.502531    2.236611    1.618357    1.618357 ^ clk (in)
                                                         clk (net)
                      2.236732    0.000000    1.618357 ^ _1075_/CLK (sky130_fd_sc_hd__dfrtp_2)
                                  0.250000    1.868357   clock uncertainty
                                  0.000000    1.868357   clock reconvergence pessimism
                                  1.586817    3.455173   library removal time
                                              3.455173   data required time
---------------------------------------------------------------------------------------------
                                              3.455173   data required time
                                             -6.499977   data arrival time
---------------------------------------------------------------------------------------------
                                              3.044803   slack (MET)


Startpoint: rst_n (input port clocked by clk)
Endpoint: _1091_ (removal check against rising-edge clock clk)
Path Group: asynchronous
Path Type: min

Fanout         Cap        Slew       Delay        Time   Description
---------------------------------------------------------------------------------------------
                                  0.000000    0.000000   clock clk (rise edge)
                                  0.000000    0.000000   clock network delay (propagated)
                                  4.000000    4.000000 ^ input external delay
   202    0.854704    3.798108    2.499978    6.499978 ^ rst_n (in)
                                                         rst_n (net)
                      3.798705    0.000000    6.499978 ^ _1091_/RESET_B (sky130_fd_sc_hd__dfrtp_2)
                                              6.499978   data arrival time

                                  0.000000    0.000000   clock clk (rise edge)
                                  0.000000    0.000000   clock source latency
   202    0.502531    2.236611    1.618357    1.618357 ^ clk (in)
                                                         clk (net)
                      2.236732    0.000000    1.618357 ^ _1091_/CLK (sky130_fd_sc_hd__dfrtp_2)
                                  0.250000    1.868357   clock uncertainty
                                  0.000000    1.868357   clock reconvergence pessimism
                                  1.586817    3.455174   library removal time
                                              3.455174   data required time
---------------------------------------------------------------------------------------------
                                              3.455174   data required time
                                             -6.499978   data arrival time
---------------------------------------------------------------------------------------------
                                              3.044804   slack (MET)


Startpoint: rst_n (input port clocked by clk)
Endpoint: _1099_ (removal check against rising-edge clock clk)
Path Group: asynchronous
Path Type: min

Fanout         Cap        Slew       Delay        Time   Description
---------------------------------------------------------------------------------------------
                                  0.000000    0.000000   clock clk (rise edge)
                                  0.000000    0.000000   clock network delay (propagated)
                                  4.000000    4.000000 ^ input external delay
   202    0.854704    3.798108    2.500141    6.500141 ^ rst_n (in)
                                                         rst_n (net)
                      3.798710    0.000000    6.500141 ^ _1099_/RESET_B (sky130_fd_sc_hd__dfrtp_2)
                                              6.500141   data arrival time

                                  0.000000    0.000000   clock clk (rise edge)
                                  0.000000    0.000000   clock source latency
   202    0.502531    2.236611    1.618158    1.618158 ^ clk (in)
                                                         clk (net)
                      2.236729    0.000000    1.618158 ^ _1099_/CLK (sky130_fd_sc_hd__dfrtp_2)
                                  0.250000    1.868158   clock uncertainty
                                  0.000000    1.868158   clock reconvergence pessimism
                                  1.586818    3.454975   library removal time
                                              3.454975   data required time
---------------------------------------------------------------------------------------------
                                              3.454975   data required time
                                             -6.500141   data arrival time
---------------------------------------------------------------------------------------------
                                              3.045166   slack (MET)


Startpoint: rst_n (input port clocked by clk)
Endpoint: _1115_ (removal check against rising-edge clock clk)
Path Group: asynchronous
Path Type: min

Fanout         Cap        Slew       Delay        Time   Description
---------------------------------------------------------------------------------------------
                                  0.000000    0.000000   clock clk (rise edge)
                                  0.000000    0.000000   clock network delay (propagated)
                                  4.000000    4.000000 ^ input external delay
   202    0.854704    3.798108    2.500252    6.500252 ^ rst_n (in)
                                                         rst_n (net)
                      3.798714    0.000000    6.500252 ^ _1115_/RESET_B (sky130_fd_sc_hd__dfrtp_2)
                                              6.500252   data arrival time

                                  0.000000    0.000000   clock clk (rise edge)
                                  0.000000    0.000000   clock source latency
   202    0.502531    2.236611    1.618010    1.618010 ^ clk (in)
                                                         clk (net)
                      2.236727    0.000000    1.618010 ^ _1115_/CLK (sky130_fd_sc_hd__dfrtp_2)
                                  0.250000    1.868010   clock uncertainty
                                  0.000000    1.868010   clock reconvergence pessimism
                                  1.586818    3.454829   library removal time
                                              3.454829   data required time
---------------------------------------------------------------------------------------------
                                              3.454829   data required time
                                             -6.500252   data arrival time
---------------------------------------------------------------------------------------------
                                              3.045423   slack (MET)


Startpoint: rst_n (input port clocked by clk)
Endpoint: _1067_ (removal check against rising-edge clock clk)
Path Group: asynchronous
Path Type: min

Fanout         Cap        Slew       Delay        Time   Description
---------------------------------------------------------------------------------------------
                                  0.000000    0.000000   clock clk (rise edge)
                                  0.000000    0.000000   clock network delay (propagated)
                                  4.000000    4.000000 ^ input external delay
   202    0.854704    3.798108    2.500254    6.500254 ^ rst_n (in)
                                                         rst_n (net)
                      3.798714    0.000000    6.500254 ^ _1067_/RESET_B (sky130_fd_sc_hd__dfrtp_2)
                                              6.500254   data arrival time

                                  0.000000    0.000000   clock clk (rise edge)
                                  0.000000    0.000000   clock source latency
   202    0.502531    2.236611    1.617981    1.617981 ^ clk (in)
                                                         clk (net)
                      2.236726    0.000000    1.617981 ^ _1067_/CLK (sky130_fd_sc_hd__dfrtp_2)
                                  0.250000    1.867981   clock uncertainty
                                  0.000000    1.867981   clock reconvergence pessimism
                                  1.586818    3.454799   library removal time
                                              3.454799   data required time
---------------------------------------------------------------------------------------------
                                              3.454799   data required time
                                             -6.500254   data arrival time
---------------------------------------------------------------------------------------------
                                              3.045455   slack (MET)


Startpoint: rst_n (input port clocked by clk)
Endpoint: _1107_ (removal check against rising-edge clock clk)
Path Group: asynchronous
Path Type: min

Fanout         Cap        Slew       Delay        Time   Description
---------------------------------------------------------------------------------------------
                                  0.000000    0.000000   clock clk (rise edge)
                                  0.000000    0.000000   clock network delay (propagated)
                                  4.000000    4.000000 ^ input external delay
   202    0.854704    3.798108    2.500264    6.500264 ^ rst_n (in)
                                                         rst_n (net)
                      3.798714    0.000000    6.500264 ^ _1107_/RESET_B (sky130_fd_sc_hd__dfrtp_2)
                                              6.500264   data arrival time

                                  0.000000    0.000000   clock clk (rise edge)
                                  0.000000    0.000000   clock source latency
   202    0.502531    2.236611    1.617953    1.617953 ^ clk (in)
                                                         clk (net)
                      2.236726    0.000000    1.617953 ^ _1107_/CLK (sky130_fd_sc_hd__dfrtp_2)
                                  0.250000    1.867953   clock uncertainty
                                  0.000000    1.867953   clock reconvergence pessimism
                                  1.586818    3.454771   library removal time
                                              3.454771   data required time
---------------------------------------------------------------------------------------------
                                              3.454771   data required time
                                             -6.500264   data arrival time
---------------------------------------------------------------------------------------------
                                              3.045492   slack (MET)


Startpoint: rst_n (input port clocked by clk)
Endpoint: _1053_ (removal check against rising-edge clock clk)
Path Group: asynchronous
Path Type: min

Fanout         Cap        Slew       Delay        Time   Description
---------------------------------------------------------------------------------------------
                                  0.000000    0.000000   clock clk (rise edge)
                                  0.000000    0.000000   clock network delay (propagated)
                                  4.000000    4.000000 ^ input external delay
   202    0.854704    3.798108    2.498998    6.498998 ^ rst_n (in)
                                                         rst_n (net)
                      3.798674    0.000000    6.498998 ^ _1053_/RESET_B (sky130_fd_sc_hd__dfrtp_2)
                                              6.498998   data arrival time

                                  0.000000    0.000000   clock clk (rise edge)
                                  0.000000    0.000000   clock source latency
   202    0.502531    2.236611    1.616429    1.616429 ^ clk (in)
                                                         clk (net)
                      2.236702    0.000000    1.616429 ^ _1053_/CLK (sky130_fd_sc_hd__dfrtp_2)
                                  0.250000    1.866429   clock uncertainty
                                  0.000000    1.866429   clock reconvergence pessimism
                                  1.586806    3.453235   library removal time
                                              3.453235   data required time
---------------------------------------------------------------------------------------------
                                              3.453235   data required time
                                             -6.498998   data arrival time
---------------------------------------------------------------------------------------------
                                              3.045763   slack (MET)


Startpoint: rst_n (input port clocked by clk)
Endpoint: _1054_ (removal check against rising-edge clock clk)
Path Group: asynchronous
Path Type: min

Fanout         Cap        Slew       Delay        Time   Description
---------------------------------------------------------------------------------------------
                                  0.000000    0.000000   clock clk (rise edge)
                                  0.000000    0.000000   clock network delay (propagated)
                                  4.000000    4.000000 ^ input external delay
   202    0.854704    3.798108    2.500332    6.500332 ^ rst_n (in)
                                                         rst_n (net)
                      3.798717    0.000000    6.500332 ^ _1054_/RESET_B (sky130_fd_sc_hd__dfrtp_2)
                                              6.500332   data arrival time

                                  0.000000    0.000000   clock clk (rise edge)
                                  0.000000    0.000000   clock source latency
   202    0.502531    2.236611    1.617646    1.617646 ^ clk (in)
                                                         clk (net)
                      2.236721    0.000000    1.617646 ^ _1054_/CLK (sky130_fd_sc_hd__dfrtp_2)
                                  0.250000    1.867646   clock uncertainty
                                  0.000000    1.867646   clock reconvergence pessimism
                                  1.586818    3.454465   library removal time
                                              3.454465   data required time
---------------------------------------------------------------------------------------------
                                              3.454465   data required time
                                             -6.500332   data arrival time
---------------------------------------------------------------------------------------------
                                              3.045867   slack (MET)


Startpoint: rst_n (input port clocked by clk)
Endpoint: _1060_ (removal check against rising-edge clock clk)
Path Group: asynchronous
Path Type: min

Fanout         Cap        Slew       Delay        Time   Description
---------------------------------------------------------------------------------------------
                                  0.000000    0.000000   clock clk (rise edge)
                                  0.000000    0.000000   clock network delay (propagated)
                                  4.000000    4.000000 ^ input external delay
   202    0.854704    3.798108    2.499877    6.499877 ^ rst_n (in)
                                                         rst_n (net)
                      3.798702    0.000000    6.499877 ^ _1060_/RESET_B (sky130_fd_sc_hd__dfrtp_2)
                                              6.499877   data arrival time

                                  0.000000    0.000000   clock clk (rise edge)
                                  0.000000    0.000000   clock source latency
   202    0.502531    2.236611    1.617113    1.617113 ^ clk (in)
                                                         clk (net)
                      2.236712    0.000000    1.617113 ^ _1060_/CLK (sky130_fd_sc_hd__dfrtp_2)
                                  0.250000    1.867113   clock uncertainty
                                  0.000000    1.867113   clock reconvergence pessimism
                                  1.586814    3.453927   library removal time
                                              3.453927   data required time
---------------------------------------------------------------------------------------------
                                              3.453927   data required time
                                             -6.499877   data arrival time
---------------------------------------------------------------------------------------------
                                              3.045951   slack (MET)


Startpoint: rst_n (input port clocked by clk)
Endpoint: _1109_ (removal check against rising-edge clock clk)
Path Group: asynchronous
Path Type: min

Fanout         Cap        Slew       Delay        Time   Description
---------------------------------------------------------------------------------------------
                                  0.000000    0.000000   clock clk (rise edge)
                                  0.000000    0.000000   clock network delay (propagated)
                                  4.000000    4.000000 ^ input external delay
   202    0.854704    3.798108    2.499225    6.499225 ^ rst_n (in)
                                                         rst_n (net)
                      3.798681    0.000000    6.499225 ^ _1109_/RESET_B (sky130_fd_sc_hd__dfrtp_2)
                                              6.499225   data arrival time

                                  0.000000    0.000000   clock clk (rise edge)
                                  0.000000    0.000000   clock source latency
   202    0.502531    2.236611    1.616419    1.616419 ^ clk (in)
                                                         clk (net)
                      2.236702    0.000000    1.616419 ^ _1109_/CLK (sky130_fd_sc_hd__dfrtp_2)
                                  0.250000    1.866419   clock uncertainty
                                  0.000000    1.866419   clock reconvergence pessimism
                                  1.586808    3.453227   library removal time
                                              3.453227   data required time
---------------------------------------------------------------------------------------------
                                              3.453227   data required time
                                             -6.499225   data arrival time
---------------------------------------------------------------------------------------------
                                              3.045998   slack (MET)


Startpoint: rst_n (input port clocked by clk)
Endpoint: _1110_ (removal check against rising-edge clock clk)
Path Group: asynchronous
Path Type: min

Fanout         Cap        Slew       Delay        Time   Description
---------------------------------------------------------------------------------------------
                                  0.000000    0.000000   clock clk (rise edge)
                                  0.000000    0.000000   clock network delay (propagated)
                                  4.000000    4.000000 ^ input external delay
   202    0.854704    3.798108    2.500360    6.500360 ^ rst_n (in)
                                                         rst_n (net)
                      3.798717    0.000000    6.500360 ^ _1110_/RESET_B (sky130_fd_sc_hd__dfrtp_2)
                                              6.500360   data arrival time

                                  0.000000    0.000000   clock clk (rise edge)
                                  0.000000    0.000000   clock source latency
   202    0.502531    2.236611    1.617463    1.617463 ^ clk (in)
                                                         clk (net)
                      2.236718    0.000000    1.617463 ^ _1110_/CLK (sky130_fd_sc_hd__dfrtp_2)
                                  0.250000    1.867463   clock uncertainty
                                  0.000000    1.867463   clock reconvergence pessimism
                                  1.586818    3.454281   library removal time
                                              3.454281   data required time
---------------------------------------------------------------------------------------------
                                              3.454281   data required time
                                             -6.500360   data arrival time
---------------------------------------------------------------------------------------------
                                              3.046079   slack (MET)


Startpoint: rst_n (input port clocked by clk)
Endpoint: _1108_ (removal check against rising-edge clock clk)
Path Group: asynchronous
Path Type: min

Fanout         Cap        Slew       Delay        Time   Description
---------------------------------------------------------------------------------------------
                                  0.000000    0.000000   clock clk (rise edge)
                                  0.000000    0.000000   clock network delay (propagated)
                                  4.000000    4.000000 ^ input external delay
   202    0.854704    3.798108    2.499576    6.499576 ^ rst_n (in)
                                                         rst_n (net)
                      3.798692    0.000000    6.499576 ^ _1108_/RESET_B (sky130_fd_sc_hd__dfrtp_2)
                                              6.499576   data arrival time

                                  0.000000    0.000000   clock clk (rise edge)
                                  0.000000    0.000000   clock source latency
   202    0.502531    2.236611    1.616351    1.616351 ^ clk (in)
                                                         clk (net)
                      2.236701    0.000000    1.616351 ^ _1108_/CLK (sky130_fd_sc_hd__dfrtp_2)
                                  0.250000    1.866351   clock uncertainty
                                  0.000000    1.866351   clock reconvergence pessimism
                                  1.586811    3.453162   library removal time
                                              3.453162   data required time
---------------------------------------------------------------------------------------------
                                              3.453162   data required time
                                             -6.499576   data arrival time
---------------------------------------------------------------------------------------------
                                              3.046414   slack (MET)


Startpoint: rst_n (input port clocked by clk)
Endpoint: _1076_ (removal check against rising-edge clock clk)
Path Group: asynchronous
Path Type: min

Fanout         Cap        Slew       Delay        Time   Description
---------------------------------------------------------------------------------------------
                                  0.000000    0.000000   clock clk (rise edge)
                                  0.000000    0.000000   clock network delay (propagated)
                                  4.000000    4.000000 ^ input external delay
   202    0.854704    3.798108    2.499900    6.499900 ^ rst_n (in)
                                                         rst_n (net)
                      3.798703    0.000000    6.499900 ^ _1076_/RESET_B (sky130_fd_sc_hd__dfrtp_2)
                                              6.499900   data arrival time

                                  0.000000    0.000000   clock clk (rise edge)
                                  0.000000    0.000000   clock source latency
   202    0.502531    2.236611    1.616605    1.616605 ^ clk (in)
                                                         clk (net)
                      2.236704    0.000000    1.616605 ^ _1076_/CLK (sky130_fd_sc_hd__dfrtp_2)
                                  0.250000    1.866605   clock uncertainty
                                  0.000000    1.866605   clock reconvergence pessimism
                                  1.586813    3.453419   library removal time
                                              3.453419   data required time
---------------------------------------------------------------------------------------------
                                              3.453419   data required time
                                             -6.499900   data arrival time
---------------------------------------------------------------------------------------------
                                              3.046481   slack (MET)


Startpoint: rst_n (input port clocked by clk)
Endpoint: _1092_ (removal check against rising-edge clock clk)
Path Group: asynchronous
Path Type: min

Fanout         Cap        Slew       Delay        Time   Description
---------------------------------------------------------------------------------------------
                                  0.000000    0.000000   clock clk (rise edge)
                                  0.000000    0.000000   clock network delay (propagated)
                                  4.000000    4.000000 ^ input external delay
   202    0.854704    3.798108    2.499627    6.499627 ^ rst_n (in)
                                                         rst_n (net)
                      3.798694    0.000000    6.499627 ^ _1092_/RESET_B (sky130_fd_sc_hd__dfrtp_2)
                                              6.499627   data arrival time

                                  0.000000    0.000000   clock clk (rise edge)
                                  0.000000    0.000000   clock source latency
   202    0.502531    2.236611    1.616309    1.616309 ^ clk (in)
                                                         clk (net)
                      2.236700    0.000000    1.616309 ^ _1092_/CLK (sky130_fd_sc_hd__dfrtp_2)
                                  0.250000    1.866309   clock uncertainty
                                  0.000000    1.866309   clock reconvergence pessimism
                                  1.586811    3.453120   library removal time
                                              3.453120   data required time
---------------------------------------------------------------------------------------------
                                              3.453120   data required time
                                             -6.499627   data arrival time
---------------------------------------------------------------------------------------------
                                              3.046507   slack (MET)


Startpoint: rst_n (input port clocked by clk)
Endpoint: _1070_ (removal check against rising-edge clock clk)
Path Group: asynchronous
Path Type: min

Fanout         Cap        Slew       Delay        Time   Description
---------------------------------------------------------------------------------------------
                                  0.000000    0.000000   clock clk (rise edge)
                                  0.000000    0.000000   clock network delay (propagated)
                                  4.000000    4.000000 ^ input external delay
   202    0.854704    3.798108    2.501337    6.501337 ^ rst_n (in)
                                                         rst_n (net)
                      3.798749    0.000000    6.501337 ^ _1070_/RESET_B (sky130_fd_sc_hd__dfrtp_2)
                                              6.501337   data arrival time

                                  0.000000    0.000000   clock clk (rise edge)
                                  0.000000    0.000000   clock source latency
   202    0.502531    2.236611    1.617396    1.617396 ^ clk (in)
                                                         clk (net)
                      2.236717    0.000000    1.617396 ^ _1070_/CLK (sky130_fd_sc_hd__dfrtp_2)
                                  0.250000    1.867396   clock uncertainty
                                  0.000000    1.867396   clock reconvergence pessimism
                                  1.586826    3.454222   library removal time
                                              3.454222   data required time
---------------------------------------------------------------------------------------------
                                              3.454222   data required time
                                             -6.501337   data arrival time
---------------------------------------------------------------------------------------------
                                              3.047115   slack (MET)


Startpoint: rst_n (input port clocked by clk)
Endpoint: _1062_ (removal check against rising-edge clock clk)
Path Group: asynchronous
Path Type: min

Fanout         Cap        Slew       Delay        Time   Description
---------------------------------------------------------------------------------------------
                                  0.000000    0.000000   clock clk (rise edge)
                                  0.000000    0.000000   clock network delay (propagated)
                                  4.000000    4.000000 ^ input external delay
   202    0.854704    3.798108    2.501545    6.501545 ^ rst_n (in)
                                                         rst_n (net)
                      3.798757    0.000000    6.501545 ^ _1062_/RESET_B (sky130_fd_sc_hd__dfrtp_2)
                                              6.501545   data arrival time

                                  0.000000    0.000000   clock clk (rise edge)
                                  0.000000    0.000000   clock source latency
   202    0.502531    2.236611    1.617397    1.617397 ^ clk (in)
                                                         clk (net)
                      2.236717    0.000000    1.617397 ^ _1062_/CLK (sky130_fd_sc_hd__dfrtp_2)
                                  0.250000    1.867397   clock uncertainty
                                  0.000000    1.867397   clock reconvergence pessimism
                                  1.586828    3.454225   library removal time
                                              3.454225   data required time
---------------------------------------------------------------------------------------------
                                              3.454225   data required time
                                             -6.501545   data arrival time
---------------------------------------------------------------------------------------------
                                              3.047320   slack (MET)


Startpoint: rst_n (input port clocked by clk)
Endpoint: _1250_ (removal check against rising-edge clock clk)
Path Group: asynchronous
Path Type: min

Fanout         Cap        Slew       Delay        Time   Description
---------------------------------------------------------------------------------------------
                                  0.000000    0.000000   clock clk (rise edge)
                                  0.000000    0.000000   clock network delay (propagated)
                                  4.000000    4.000000 ^ input external delay
   202    0.854704    3.798108    2.499928    6.499928 ^ rst_n (in)
                                                         rst_n (net)
                      3.798704    0.000000    6.499928 ^ _1250_/RESET_B (sky130_fd_sc_hd__dfrtp_2)
                                              6.499928   data arrival time

                                  0.000000    0.000000   clock clk (rise edge)
                                  0.000000    0.000000   clock source latency
   202    0.502531    2.236611    1.615680    1.615680 ^ clk (in)
                                                         clk (net)
                      2.236691    0.000000    1.615680 ^ _1250_/CLK (sky130_fd_sc_hd__dfrtp_2)
                                  0.250000    1.865680   clock uncertainty
                                  0.000000    1.865680   clock reconvergence pessimism
                                  1.586812    3.452493   library removal time
                                              3.452493   data required time
---------------------------------------------------------------------------------------------
                                              3.452493   data required time
                                             -6.499928   data arrival time
---------------------------------------------------------------------------------------------
                                              3.047435   slack (MET)


Startpoint: rst_n (input port clocked by clk)
Endpoint: _1072_ (removal check against rising-edge clock clk)
Path Group: asynchronous
Path Type: min

Fanout         Cap        Slew       Delay        Time   Description
---------------------------------------------------------------------------------------------
                                  0.000000    0.000000   clock clk (rise edge)
                                  0.000000    0.000000   clock network delay (propagated)
                                  4.000000    4.000000 ^ input external delay
   202    0.854704    3.798108    2.499941    6.499941 ^ rst_n (in)
                                                         rst_n (net)
                      3.798704    0.000000    6.499941 ^ _1072_/RESET_B (sky130_fd_sc_hd__dfrtp_2)
                                              6.499941   data arrival time

                                  0.000000    0.000000   clock clk (rise edge)
                                  0.000000    0.000000   clock source latency
   202    0.502531    2.236611    1.615469    1.615469 ^ clk (in)
                                                         clk (net)
                      2.236688    0.000000    1.615469 ^ _1072_/CLK (sky130_fd_sc_hd__dfrtp_2)
                                  0.250000    1.865469   clock uncertainty
                                  0.000000    1.865469   clock reconvergence pessimism
                                  1.586812    3.452282   library removal time
                                              3.452282   data required time
---------------------------------------------------------------------------------------------
                                              3.452282   data required time
                                             -6.499941   data arrival time
---------------------------------------------------------------------------------------------
                                              3.047659   slack (MET)


Startpoint: rst_n (input port clocked by clk)
Endpoint: _1058_ (removal check against rising-edge clock clk)
Path Group: asynchronous
Path Type: min

Fanout         Cap        Slew       Delay        Time   Description
---------------------------------------------------------------------------------------------
                                  0.000000    0.000000   clock clk (rise edge)
                                  0.000000    0.000000   clock network delay (propagated)
                                  4.000000    4.000000 ^ input external delay
   202    0.854704    3.798108    2.503945    6.503945 ^ rst_n (in)
                                                         rst_n (net)
                      3.798839    0.000000    6.503945 ^ _1058_/RESET_B (sky130_fd_sc_hd__dfrtp_2)
                                              6.503945   data arrival time

                                  0.000000    0.000000   clock clk (rise edge)
                                  0.000000    0.000000   clock source latency
   202    0.502531    2.236611    1.616904    1.616904 ^ clk (in)
                                                         clk (net)
                      2.236709    0.000000    1.616904 ^ _1058_/CLK (sky130_fd_sc_hd__dfrtp_2)
                                  0.250000    1.866904   clock uncertainty
                                  0.000000    1.866904   clock reconvergence pessimism
                                  1.586848    3.453752   library removal time
                                              3.453752   data required time
---------------------------------------------------------------------------------------------
                                              3.453752   data required time
                                             -6.503945   data arrival time
---------------------------------------------------------------------------------------------
                                              3.050194   slack (MET)


Startpoint: rst_n (input port clocked by clk)
Endpoint: _1114_ (removal check against rising-edge clock clk)
Path Group: asynchronous
Path Type: min

Fanout         Cap        Slew       Delay        Time   Description
---------------------------------------------------------------------------------------------
                                  0.000000    0.000000   clock clk (rise edge)
                                  0.000000    0.000000   clock network delay (propagated)
                                  4.000000    4.000000 ^ input external delay
   202    0.854704    3.798108    2.504037    6.504036 ^ rst_n (in)
                                                         rst_n (net)
                      3.798842    0.000000    6.504036 ^ _1114_/RESET_B (sky130_fd_sc_hd__dfrtp_2)
                                              6.504036   data arrival time

                                  0.000000    0.000000   clock clk (rise edge)
                                  0.000000    0.000000   clock source latency
   202    0.502531    2.236611    1.616893    1.616893 ^ clk (in)
                                                         clk (net)
                      2.236709    0.000000    1.616893 ^ _1114_/CLK (sky130_fd_sc_hd__dfrtp_2)
                                  0.250000    1.866893   clock uncertainty
                                  0.000000    1.866893   clock reconvergence pessimism
                                  1.586848    3.453742   library removal time
                                              3.453742   data required time
---------------------------------------------------------------------------------------------
                                              3.453742   data required time
                                             -6.504036   data arrival time
---------------------------------------------------------------------------------------------
                                              3.050295   slack (MET)


Startpoint: rst_n (input port clocked by clk)
Endpoint: _1112_ (removal check against rising-edge clock clk)
Path Group: asynchronous
Path Type: min

Fanout         Cap        Slew       Delay        Time   Description
---------------------------------------------------------------------------------------------
                                  0.000000    0.000000   clock clk (rise edge)
                                  0.000000    0.000000   clock network delay (propagated)
                                  4.000000    4.000000 ^ input external delay
   202    0.854704    3.798108    2.504548    6.504548 ^ rst_n (in)
                                                         rst_n (net)
                      3.798861    0.000000    6.504548 ^ _1112_/RESET_B (sky130_fd_sc_hd__dfrtp_2)
                                              6.504548   data arrival time

                                  0.000000    0.000000   clock clk (rise edge)
                                  0.000000    0.000000   clock source latency
   202    0.502531    2.236611    1.616166    1.616166 ^ clk (in)
                                                         clk (net)
                      2.236698    0.000000    1.616166 ^ _1112_/CLK (sky130_fd_sc_hd__dfrtp_2)
                                  0.250000    1.866166   clock uncertainty
                                  0.000000    1.866166   clock reconvergence pessimism
                                  1.586852    3.453018   library removal time
                                              3.453018   data required time
---------------------------------------------------------------------------------------------
                                              3.453018   data required time
                                             -6.504548   data arrival time
---------------------------------------------------------------------------------------------
                                              3.051530   slack (MET)


Startpoint: rst_n (input port clocked by clk)
Endpoint: _1064_ (removal check against rising-edge clock clk)
Path Group: asynchronous
Path Type: min

Fanout         Cap        Slew       Delay        Time   Description
---------------------------------------------------------------------------------------------
                                  0.000000    0.000000   clock clk (rise edge)
                                  0.000000    0.000000   clock network delay (propagated)
                                  4.000000    4.000000 ^ input external delay
   202    0.854704    3.798108    2.504542    6.504542 ^ rst_n (in)
                                                         rst_n (net)
                      3.798861    0.000000    6.504542 ^ _1064_/RESET_B (sky130_fd_sc_hd__dfrtp_2)
                                              6.504542   data arrival time

                                  0.000000    0.000000   clock clk (rise edge)
                                  0.000000    0.000000   clock source latency
   202    0.502531    2.236611    1.616148    1.616148 ^ clk (in)
                                                         clk (net)
                      2.236698    0.000000    1.616148 ^ _1064_/CLK (sky130_fd_sc_hd__dfrtp_2)
                                  0.250000    1.866148   clock uncertainty
                                  0.000000    1.866148   clock reconvergence pessimism
                                  1.586852    3.453000   library removal time
                                              3.453000   data required time
---------------------------------------------------------------------------------------------
                                              3.453000   data required time
                                             -6.504542   data arrival time
---------------------------------------------------------------------------------------------
                                              3.051542   slack (MET)


Startpoint: rst_n (input port clocked by clk)
Endpoint: _1096_ (removal check against rising-edge clock clk)
Path Group: asynchronous
Path Type: min

Fanout         Cap        Slew       Delay        Time   Description
---------------------------------------------------------------------------------------------
                                  0.000000    0.000000   clock clk (rise edge)
                                  0.000000    0.000000   clock network delay (propagated)
                                  4.000000    4.000000 ^ input external delay
   202    0.854704    3.798108    2.504554    6.504553 ^ rst_n (in)
                                                         rst_n (net)
                      3.798861    0.000000    6.504553 ^ _1096_/RESET_B (sky130_fd_sc_hd__dfrtp_2)
                                              6.504553   data arrival time

                                  0.000000    0.000000   clock clk (rise edge)
                                  0.000000    0.000000   clock source latency
   202    0.502531    2.236611    1.616079    1.616079 ^ clk (in)
                                                         clk (net)
                      2.236697    0.000000    1.616079 ^ _1096_/CLK (sky130_fd_sc_hd__dfrtp_2)
                                  0.250000    1.866079   clock uncertainty
                                  0.000000    1.866079   clock reconvergence pessimism
                                  1.586852    3.452931   library removal time
                                              3.452931   data required time
---------------------------------------------------------------------------------------------
                                              3.452931   data required time
                                             -6.504553   data arrival time
---------------------------------------------------------------------------------------------
                                              3.051622   slack (MET)


Startpoint: rst_n (input port clocked by clk)
Endpoint: _1088_ (removal check against rising-edge clock clk)
Path Group: asynchronous
Path Type: min

Fanout         Cap        Slew       Delay        Time   Description
---------------------------------------------------------------------------------------------
                                  0.000000    0.000000   clock clk (rise edge)
                                  0.000000    0.000000   clock network delay (propagated)
                                  4.000000    4.000000 ^ input external delay
   202    0.854704    3.798108    2.504632    6.504632 ^ rst_n (in)
                                                         rst_n (net)
                      3.798864    0.000000    6.504632 ^ _1088_/RESET_B (sky130_fd_sc_hd__dfrtp_2)
                                              6.504632   data arrival time

                                  0.000000    0.000000   clock clk (rise edge)
                                  0.000000    0.000000   clock source latency
   202    0.502531    2.236611    1.615863    1.615863 ^ clk (in)
                                                         clk (net)
                      2.236694    0.000000    1.615863 ^ _1088_/CLK (sky130_fd_sc_hd__dfrtp_2)
                                  0.250000    1.865863   clock uncertainty
                                  0.000000    1.865863   clock reconvergence pessimism
                                  1.586852    3.452716   library removal time
                                              3.452716   data required time
---------------------------------------------------------------------------------------------
                                              3.452716   data required time
                                             -6.504632   data arrival time
---------------------------------------------------------------------------------------------
                                              3.051917   slack (MET)


Startpoint: rst_n (input port clocked by clk)
Endpoint: _1104_ (removal check against rising-edge clock clk)
Path Group: asynchronous
Path Type: min

Fanout         Cap        Slew       Delay        Time   Description
---------------------------------------------------------------------------------------------
                                  0.000000    0.000000   clock clk (rise edge)
                                  0.000000    0.000000   clock network delay (propagated)
                                  4.000000    4.000000 ^ input external delay
   202    0.854704    3.798108    2.504577    6.504577 ^ rst_n (in)
                                                         rst_n (net)
                      3.798862    0.000000    6.504577 ^ _1104_/RESET_B (sky130_fd_sc_hd__dfrtp_2)
                                              6.504577   data arrival time

                                  0.000000    0.000000   clock clk (rise edge)
                                  0.000000    0.000000   clock source latency
   202    0.502531    2.236611    1.615479    1.615479 ^ clk (in)
                                                         clk (net)
                      2.236688    0.000000    1.615479 ^ _1104_/CLK (sky130_fd_sc_hd__dfrtp_2)
                                  0.250000    1.865479   clock uncertainty
                                  0.000000    1.865479   clock reconvergence pessimism
                                  1.586851    3.452330   library removal time
                                              3.452330   data required time
---------------------------------------------------------------------------------------------
                                              3.452330   data required time
                                             -6.504577   data arrival time
---------------------------------------------------------------------------------------------
                                              3.052247   slack (MET)


Startpoint: rst_n (input port clocked by clk)
Endpoint: _1113_ (removal check against rising-edge clock clk)
Path Group: asynchronous
Path Type: min

Fanout         Cap        Slew       Delay        Time   Description
---------------------------------------------------------------------------------------------
                                  0.000000    0.000000   clock clk (rise edge)
                                  0.000000    0.000000   clock network delay (propagated)
                                  4.000000    4.000000 ^ input external delay
   202    0.854704    3.798108    2.504909    6.504909 ^ rst_n (in)
                                                         rst_n (net)
                      3.798874    0.000000    6.504909 ^ _1113_/RESET_B (sky130_fd_sc_hd__dfrtp_2)
                                              6.504909   data arrival time

                                  0.000000    0.000000   clock clk (rise edge)
                                  0.000000    0.000000   clock source latency
   202    0.502531    2.236611    1.614997    1.614997 ^ clk (in)
                                                         clk (net)
                      2.236682    0.000000    1.614997 ^ _1113_/CLK (sky130_fd_sc_hd__dfrtp_2)
                                  0.250000    1.864997   clock uncertainty
                                  0.000000    1.864997   clock reconvergence pessimism
                                  1.586854    3.451851   library removal time
                                              3.451851   data required time
---------------------------------------------------------------------------------------------
                                              3.451851   data required time
                                             -6.504909   data arrival time
---------------------------------------------------------------------------------------------
                                              3.053058   slack (MET)


Startpoint: rst_n (input port clocked by clk)
Endpoint: _1057_ (removal check against rising-edge clock clk)
Path Group: asynchronous
Path Type: min

Fanout         Cap        Slew       Delay        Time   Description
---------------------------------------------------------------------------------------------
                                  0.000000    0.000000   clock clk (rise edge)
                                  0.000000    0.000000   clock network delay (propagated)
                                  4.000000    4.000000 ^ input external delay
   202    0.854704    3.798108    2.505041    6.505041 ^ rst_n (in)
                                                         rst_n (net)
                      3.798879    0.000000    6.505041 ^ _1057_/RESET_B (sky130_fd_sc_hd__dfrtp_2)
                                              6.505041   data arrival time

                                  0.000000    0.000000   clock clk (rise edge)
                                  0.000000    0.000000   clock source latency
   202    0.502531    2.236611    1.614522    1.614522 ^ clk (in)
                                                         clk (net)
                      2.236676    0.000000    1.614522 ^ _1057_/CLK (sky130_fd_sc_hd__dfrtp_2)
                                  0.250000    1.864522   clock uncertainty
                                  0.000000    1.864522   clock reconvergence pessimism
                                  1.586855    3.451377   library removal time
                                              3.451377   data required time
---------------------------------------------------------------------------------------------
                                              3.451377   data required time
                                             -6.505041   data arrival time
---------------------------------------------------------------------------------------------
                                              3.053664   slack (MET)


Startpoint: rst_n (input port clocked by clk)
Endpoint: _1089_ (removal check against rising-edge clock clk)
Path Group: asynchronous
Path Type: min

Fanout         Cap        Slew       Delay        Time   Description
---------------------------------------------------------------------------------------------
                                  0.000000    0.000000   clock clk (rise edge)
                                  0.000000    0.000000   clock network delay (propagated)
                                  4.000000    4.000000 ^ input external delay
   202    0.854704    3.798108    2.505049    6.505049 ^ rst_n (in)
                                                         rst_n (net)
                      3.798879    0.000000    6.505049 ^ _1089_/RESET_B (sky130_fd_sc_hd__dfrtp_2)
                                              6.505049   data arrival time

                                  0.000000    0.000000   clock clk (rise edge)
                                  0.000000    0.000000   clock source latency
   202    0.502531    2.236611    1.614493    1.614493 ^ clk (in)
                                                         clk (net)
                      2.236676    0.000000    1.614493 ^ _1089_/CLK (sky130_fd_sc_hd__dfrtp_2)
                                  0.250000    1.864493   clock uncertainty
                                  0.000000    1.864493   clock reconvergence pessimism
                                  1.586854    3.451348   library removal time
                                              3.451348   data required time
---------------------------------------------------------------------------------------------
                                              3.451348   data required time
                                             -6.505049   data arrival time
---------------------------------------------------------------------------------------------
                                              3.053701   slack (MET)


Startpoint: rst_n (input port clocked by clk)
Endpoint: _1080_ (removal check against rising-edge clock clk)
Path Group: asynchronous
Path Type: min

Fanout         Cap        Slew       Delay        Time   Description
---------------------------------------------------------------------------------------------
                                  0.000000    0.000000   clock clk (rise edge)
                                  0.000000    0.000000   clock network delay (propagated)
                                  4.000000    4.000000 ^ input external delay
   202    0.854704    3.798108    2.505237    6.505238 ^ rst_n (in)
                                                         rst_n (net)
                      3.798886    0.000000    6.505238 ^ _1080_/RESET_B (sky130_fd_sc_hd__dfrtp_2)
                                              6.505238   data arrival time

                                  0.000000    0.000000   clock clk (rise edge)
                                  0.000000    0.000000   clock source latency
   202    0.502531    2.236611    1.614233    1.614233 ^ clk (in)
                                                         clk (net)
                      2.236673    0.000000    1.614233 ^ _1080_/CLK (sky130_fd_sc_hd__dfrtp_2)
                                  0.250000    1.864233   clock uncertainty
                                  0.000000    1.864233   clock reconvergence pessimism
                                  1.586856    3.451089   library removal time
                                              3.451089   data required time
---------------------------------------------------------------------------------------------
                                              3.451089   data required time
                                             -6.505238   data arrival time
---------------------------------------------------------------------------------------------
                                              3.054149   slack (MET)


Startpoint: rst_n (input port clocked by clk)
Endpoint: _1056_ (removal check against rising-edge clock clk)
Path Group: asynchronous
Path Type: min

Fanout         Cap        Slew       Delay        Time   Description
---------------------------------------------------------------------------------------------
                                  0.000000    0.000000   clock clk (rise edge)
                                  0.000000    0.000000   clock network delay (propagated)
                                  4.000000    4.000000 ^ input external delay
   202    0.854704    3.798108    2.505237    6.505238 ^ rst_n (in)
                                                         rst_n (net)
                      3.798886    0.000000    6.505238 ^ _1056_/RESET_B (sky130_fd_sc_hd__dfrtp_2)
                                              6.505238   data arrival time

                                  0.000000    0.000000   clock clk (rise edge)
                                  0.000000    0.000000   clock source latency
   202    0.502531    2.236611    1.614185    1.614185 ^ clk (in)
                                                         clk (net)
                      2.236672    0.000000    1.614185 ^ _1056_/CLK (sky130_fd_sc_hd__dfrtp_2)
                                  0.250000    1.864185   clock uncertainty
                                  0.000000    1.864185   clock reconvergence pessimism
                                  1.586856    3.451041   library removal time
                                              3.451041   data required time
---------------------------------------------------------------------------------------------
                                              3.451041   data required time
                                             -6.505238   data arrival time
---------------------------------------------------------------------------------------------
                                              3.054196   slack (MET)


Startpoint: rst_n (input port clocked by clk)
Endpoint: _1073_ (removal check against rising-edge clock clk)
Path Group: asynchronous
Path Type: min

Fanout         Cap        Slew       Delay        Time   Description
---------------------------------------------------------------------------------------------
                                  0.000000    0.000000   clock clk (rise edge)
                                  0.000000    0.000000   clock network delay (propagated)
                                  4.000000    4.000000 ^ input external delay
   202    0.854704    3.798108    2.505182    6.505181 ^ rst_n (in)
                                                         rst_n (net)
                      3.798883    0.000000    6.505181 ^ _1073_/RESET_B (sky130_fd_sc_hd__dfrtp_2)
                                              6.505181   data arrival time

                                  0.000000    0.000000   clock clk (rise edge)
                                  0.000000    0.000000   clock source latency
   202    0.502531    2.236611    1.613855    1.613855 ^ clk (in)
                                                         clk (net)
                      2.236668    0.000000    1.613855 ^ _1073_/CLK (sky130_fd_sc_hd__dfrtp_2)
                                  0.250000    1.863856   clock uncertainty
                                  0.000000    1.863856   clock reconvergence pessimism
                                  1.586855    3.450711   library removal time
                                              3.450711   data required time
---------------------------------------------------------------------------------------------
                                              3.450711   data required time
                                             -6.505181   data arrival time
---------------------------------------------------------------------------------------------
                                              3.054471   slack (MET)


Startpoint: rst_n (input port clocked by clk)
Endpoint: _1065_ (removal check against rising-edge clock clk)
Path Group: asynchronous
Path Type: min

Fanout         Cap        Slew       Delay        Time   Description
---------------------------------------------------------------------------------------------
                                  0.000000    0.000000   clock clk (rise edge)
                                  0.000000    0.000000   clock network delay (propagated)
                                  4.000000    4.000000 ^ input external delay
   202    0.854704    3.798108    2.505288    6.505288 ^ rst_n (in)
                                                         rst_n (net)
                      3.798887    0.000000    6.505288 ^ _1065_/RESET_B (sky130_fd_sc_hd__dfrtp_2)
                                              6.505288   data arrival time

                                  0.000000    0.000000   clock clk (rise edge)
                                  0.000000    0.000000   clock source latency
   202    0.502531    2.236611    1.611886    1.611886 ^ clk (in)
                                                         clk (net)
                      2.236648    0.000000    1.611886 ^ _1065_/CLK (sky130_fd_sc_hd__dfrtp_2)
                                  0.250000    1.861886   clock uncertainty
                                  0.000000    1.861886   clock reconvergence pessimism
                                  1.586854    3.448740   library removal time
                                              3.448740   data required time
---------------------------------------------------------------------------------------------
                                              3.448740   data required time
                                             -6.505288   data arrival time
---------------------------------------------------------------------------------------------
                                              3.056548   slack (MET)


Startpoint: rst_n (input port clocked by clk)
Endpoint: _1081_ (removal check against rising-edge clock clk)
Path Group: asynchronous
Path Type: min

Fanout         Cap        Slew       Delay        Time   Description
---------------------------------------------------------------------------------------------
                                  0.000000    0.000000   clock clk (rise edge)
                                  0.000000    0.000000   clock network delay (propagated)
                                  4.000000    4.000000 ^ input external delay
   202    0.854704    3.798108    2.505305    6.505305 ^ rst_n (in)
                                                         rst_n (net)
                      3.798888    0.000000    6.505305 ^ _1081_/RESET_B (sky130_fd_sc_hd__dfrtp_2)
                                              6.505305   data arrival time

                                  0.000000    0.000000   clock clk (rise edge)
                                  0.000000    0.000000   clock source latency
   202    0.502531    2.236611    1.611246    1.611246 ^ clk (in)
                                                         clk (net)
                      2.236642    0.000000    1.611246 ^ _1081_/CLK (sky130_fd_sc_hd__dfrtp_2)
                                  0.250000    1.861246   clock uncertainty
                                  0.000000    1.861246   clock reconvergence pessimism
                                  1.586854    3.448100   library removal time
                                              3.448100   data required time
---------------------------------------------------------------------------------------------
                                              3.448100   data required time
                                             -6.505305   data arrival time
---------------------------------------------------------------------------------------------
                                              3.057205   slack (MET)


Startpoint: rst_n (input port clocked by clk)
Endpoint: _1097_ (removal check against rising-edge clock clk)
Path Group: asynchronous
Path Type: min

Fanout         Cap        Slew       Delay        Time   Description
---------------------------------------------------------------------------------------------
                                  0.000000    0.000000   clock clk (rise edge)
                                  0.000000    0.000000   clock network delay (propagated)
                                  4.000000    4.000000 ^ input external delay
   202    0.854704    3.798108    2.505339    6.505339 ^ rst_n (in)
                                                         rst_n (net)
                      3.798889    0.000000    6.505339 ^ _1097_/RESET_B (sky130_fd_sc_hd__dfrtp_2)
                                              6.505339   data arrival time

                                  0.000000    0.000000   clock clk (rise edge)
                                  0.000000    0.000000   clock source latency
   202    0.502531    2.236611    1.610886    1.610886 ^ clk (in)
                                                         clk (net)
                      2.236639    0.000000    1.610886 ^ _1097_/CLK (sky130_fd_sc_hd__dfrtp_2)
                                  0.250000    1.860886   clock uncertainty
                                  0.000000    1.860886   clock reconvergence pessimism
                                  1.586854    3.447740   library removal time
                                              3.447740   data required time
---------------------------------------------------------------------------------------------
                                              3.447740   data required time
                                             -6.505339   data arrival time
---------------------------------------------------------------------------------------------
                                              3.057599   slack (MET)


Startpoint: rst_n (input port clocked by clk)
Endpoint: _1105_ (removal check against rising-edge clock clk)
Path Group: asynchronous
Path Type: min

Fanout         Cap        Slew       Delay        Time   Description
---------------------------------------------------------------------------------------------
                                  0.000000    0.000000   clock clk (rise edge)
                                  0.000000    0.000000   clock network delay (propagated)
                                  4.000000    4.000000 ^ input external delay
   202    0.854704    3.798108    2.505332    6.505332 ^ rst_n (in)
                                                         rst_n (net)
                      3.798889    0.000000    6.505332 ^ _1105_/RESET_B (sky130_fd_sc_hd__dfrtp_2)
                                              6.505332   data arrival time

                                  0.000000    0.000000   clock clk (rise edge)
                                  0.000000    0.000000   clock source latency
   202    0.502531    2.236611    1.610882    1.610882 ^ clk (in)
                                                         clk (net)
                      2.236639    0.000000    1.610882 ^ _1105_/CLK (sky130_fd_sc_hd__dfrtp_2)
                                  0.250000    1.860882   clock uncertainty
                                  0.000000    1.860882   clock reconvergence pessimism
                                  1.586854    3.447736   library removal time
                                              3.447736   data required time
---------------------------------------------------------------------------------------------
                                              3.447736   data required time
                                             -6.505332   data arrival time
---------------------------------------------------------------------------------------------
                                              3.057596   slack (MET)


Startpoint: rst_n (input port clocked by clk)
Endpoint: _1074_ (removal check against rising-edge clock clk)
Path Group: asynchronous
Path Type: min

Fanout         Cap        Slew       Delay        Time   Description
---------------------------------------------------------------------------------------------
                                  0.000000    0.000000   clock clk (rise edge)
                                  0.000000    0.000000   clock network delay (propagated)
                                  4.000000    4.000000 ^ input external delay
   202    0.854704    3.798108    2.503193    6.503193 ^ rst_n (in)
                                                         rst_n (net)
                      3.798812    0.000000    6.503193 ^ _1074_/RESET_B (sky130_fd_sc_hd__dfrtp_2)
                                              6.503193   data arrival time

                                  0.000000    0.000000   clock clk (rise edge)
                                  0.000000    0.000000   clock source latency
   202    0.502531    2.236611    1.608304    1.608304 ^ clk (in)
                                                         clk (net)
                      2.236622    0.000000    1.608304 ^ _1074_/CLK (sky130_fd_sc_hd__dfrtp_2)
                                  0.250000    1.858304   clock uncertainty
                                  0.000000    1.858304   clock reconvergence pessimism
                                  1.586833    3.445137   library removal time
                                              3.445137   data required time
---------------------------------------------------------------------------------------------
                                              3.445137   data required time
                                             -6.503193   data arrival time
---------------------------------------------------------------------------------------------
                                              3.058056   slack (MET)


Startpoint: rst_n (input port clocked by clk)
Endpoint: _1090_ (removal check against rising-edge clock clk)
Path Group: asynchronous
Path Type: min

Fanout         Cap        Slew       Delay        Time   Description
---------------------------------------------------------------------------------------------
                                  0.000000    0.000000   clock clk (rise edge)
                                  0.000000    0.000000   clock network delay (propagated)
                                  4.000000    4.000000 ^ input external delay
   202    0.854704    3.798108    2.503193    6.503193 ^ rst_n (in)
                                                         rst_n (net)
                      3.798812    0.000000    6.503193 ^ _1090_/RESET_B (sky130_fd_sc_hd__dfrtp_2)
                                              6.503193   data arrival time

                                  0.000000    0.000000   clock clk (rise edge)
                                  0.000000    0.000000   clock source latency
   202    0.502531    2.236611    1.608304    1.608304 ^ clk (in)
                                                         clk (net)
                      2.236622    0.000000    1.608304 ^ _1090_/CLK (sky130_fd_sc_hd__dfrtp_2)
                                  0.250000    1.858304   clock uncertainty
                                  0.000000    1.858304   clock reconvergence pessimism
                                  1.586833    3.445137   library removal time
                                              3.445137   data required time
---------------------------------------------------------------------------------------------
                                              3.445137   data required time
                                             -6.503193   data arrival time
---------------------------------------------------------------------------------------------
                                              3.058056   slack (MET)


Startpoint: rst_n (input port clocked by clk)
Endpoint: _1082_ (removal check against rising-edge clock clk)
Path Group: asynchronous
Path Type: min

Fanout         Cap        Slew       Delay        Time   Description
---------------------------------------------------------------------------------------------
                                  0.000000    0.000000   clock clk (rise edge)
                                  0.000000    0.000000   clock network delay (propagated)
                                  4.000000    4.000000 ^ input external delay
   202    0.854704    3.798108    2.503956    6.503956 ^ rst_n (in)
                                                         rst_n (net)
                      3.798840    0.000000    6.503956 ^ _1082_/RESET_B (sky130_fd_sc_hd__dfrtp_2)
                                              6.503956   data arrival time

                                  0.000000    0.000000   clock clk (rise edge)
                                  0.000000    0.000000   clock source latency
   202    0.502531    2.236611    1.608288    1.608288 ^ clk (in)
                                                         clk (net)
                      2.236622    0.000000    1.608288 ^ _1082_/CLK (sky130_fd_sc_hd__dfrtp_2)
                                  0.250000    1.858288   clock uncertainty
                                  0.000000    1.858288   clock reconvergence pessimism
                                  1.586840    3.445128   library removal time
                                              3.445128   data required time
---------------------------------------------------------------------------------------------
                                              3.445128   data required time
                                             -6.503956   data arrival time
---------------------------------------------------------------------------------------------
                                              3.058828   slack (MET)


Startpoint: rst_n (input port clocked by clk)
Endpoint: _1087_ (removal check against rising-edge clock clk)
Path Group: asynchronous
Path Type: min

Fanout         Cap        Slew       Delay        Time   Description
---------------------------------------------------------------------------------------------
                                  0.000000    0.000000   clock clk (rise edge)
                                  0.000000    0.000000   clock network delay (propagated)
                                  4.000000    4.000000 ^ input external delay
   202    0.854704    3.798108    2.504374    6.504374 ^ rst_n (in)
                                                         rst_n (net)
                      3.798854    0.000000    6.504374 ^ _1087_/RESET_B (sky130_fd_sc_hd__dfrtp_2)
                                              6.504374   data arrival time

                                  0.000000    0.000000   clock clk (rise edge)
                                  0.000000    0.000000   clock source latency
   202    0.502531    2.236611    1.608270    1.608270 ^ clk (in)
                                                         clk (net)
                      2.236622    0.000000    1.608270 ^ _1087_/CLK (sky130_fd_sc_hd__dfrtp_2)
                                  0.250000    1.858270   clock uncertainty
                                  0.000000    1.858270   clock reconvergence pessimism
                                  1.586843    3.445113   library removal time
                                              3.445113   data required time
---------------------------------------------------------------------------------------------
                                              3.445113   data required time
                                             -6.504374   data arrival time
---------------------------------------------------------------------------------------------
                                              3.059261   slack (MET)


Startpoint: rst_n (input port clocked by clk)
Endpoint: _1055_ (removal check against rising-edge clock clk)
Path Group: asynchronous
Path Type: min

Fanout         Cap        Slew       Delay        Time   Description
---------------------------------------------------------------------------------------------
                                  0.000000    0.000000   clock clk (rise edge)
                                  0.000000    0.000000   clock network delay (propagated)
                                  4.000000    4.000000 ^ input external delay
   202    0.854704    3.798108    2.505202    6.505202 ^ rst_n (in)
                                                         rst_n (net)
                      3.798884    0.000000    6.505202 ^ _1055_/RESET_B (sky130_fd_sc_hd__dfrtp_2)
                                              6.505202   data arrival time

                                  0.000000    0.000000   clock clk (rise edge)
                                  0.000000    0.000000   clock source latency
   202    0.502531    2.236611    1.609076    1.609076 ^ clk (in)
                                                         clk (net)
                      2.236626    0.000000    1.609076 ^ _1055_/CLK (sky130_fd_sc_hd__dfrtp_2)
                                  0.250000    1.859076   clock uncertainty
                                  0.000000    1.859076   clock reconvergence pessimism
                                  1.586851    3.445927   library removal time
                                              3.445927   data required time
---------------------------------------------------------------------------------------------
                                              3.445927   data required time
                                             -6.505202   data arrival time
---------------------------------------------------------------------------------------------
                                              3.059275   slack (MET)


Startpoint: rst_n (input port clocked by clk)
Endpoint: _1071_ (removal check against rising-edge clock clk)
Path Group: asynchronous
Path Type: min

Fanout         Cap        Slew       Delay        Time   Description
---------------------------------------------------------------------------------------------
                                  0.000000    0.000000   clock clk (rise edge)
                                  0.000000    0.000000   clock network delay (propagated)
                                  4.000000    4.000000 ^ input external delay
   202    0.854704    3.798108    2.504397    6.504397 ^ rst_n (in)
                                                         rst_n (net)
                      3.798855    0.000000    6.504397 ^ _1071_/RESET_B (sky130_fd_sc_hd__dfrtp_2)
                                              6.504397   data arrival time

                                  0.000000    0.000000   clock clk (rise edge)
                                  0.000000    0.000000   clock source latency
   202    0.502531    2.236611    1.608264    1.608264 ^ clk (in)
                                                         clk (net)
                      2.236622    0.000000    1.608264 ^ _1071_/CLK (sky130_fd_sc_hd__dfrtp_2)
                                  0.250000    1.858264   clock uncertainty
                                  0.000000    1.858264   clock reconvergence pessimism
                                  1.586844    3.445107   library removal time
                                              3.445107   data required time
---------------------------------------------------------------------------------------------
                                              3.445107   data required time
                                             -6.504397   data arrival time
---------------------------------------------------------------------------------------------
                                              3.059290   slack (MET)


Startpoint: rst_n (input port clocked by clk)
Endpoint: _1050_ (removal check against rising-edge clock clk)
Path Group: asynchronous
Path Type: min

Fanout         Cap        Slew       Delay        Time   Description
---------------------------------------------------------------------------------------------
                                  0.000000    0.000000   clock clk (rise edge)
                                  0.000000    0.000000   clock network delay (propagated)
                                  4.000000    4.000000 ^ input external delay
   202    0.854704    3.798108    2.504536    6.504536 ^ rst_n (in)
                                                         rst_n (net)
                      3.798860    0.000000    6.504536 ^ _1050_/RESET_B (sky130_fd_sc_hd__dfrtp_2)
                                              6.504536   data arrival time

                                  0.000000    0.000000   clock clk (rise edge)
                                  0.000000    0.000000   clock source latency
   202    0.502531    2.236611    1.608211    1.608211 ^ clk (in)
                                                         clk (net)
                      2.236621    0.000000    1.608211 ^ _1050_/CLK (sky130_fd_sc_hd__dfrtp_2)
                                  0.250000    1.858211   clock uncertainty
                                  0.000000    1.858211   clock reconvergence pessimism
                                  1.586845    3.445056   library removal time
                                              3.445056   data required time
---------------------------------------------------------------------------------------------
                                              3.445056   data required time
                                             -6.504536   data arrival time
---------------------------------------------------------------------------------------------
                                              3.059480   slack (MET)


Startpoint: rst_n (input port clocked by clk)
Endpoint: _1063_ (removal check against rising-edge clock clk)
Path Group: asynchronous
Path Type: min

Fanout         Cap        Slew       Delay        Time   Description
---------------------------------------------------------------------------------------------
                                  0.000000    0.000000   clock clk (rise edge)
                                  0.000000    0.000000   clock network delay (propagated)
                                  4.000000    4.000000 ^ input external delay
   202    0.854704    3.798108    2.505496    6.505496 ^ rst_n (in)
                                                         rst_n (net)
                      3.798895    0.000000    6.505496 ^ _1063_/RESET_B (sky130_fd_sc_hd__dfrtp_2)
                                              6.505496   data arrival time

                                  0.000000    0.000000   clock clk (rise edge)
                                  0.000000    0.000000   clock source latency
   202    0.502531    2.236611    1.609040    1.609040 ^ clk (in)
                                                         clk (net)
                      2.236626    0.000000    1.609040 ^ _1063_/CLK (sky130_fd_sc_hd__dfrtp_2)
                                  0.250000    1.859040   clock uncertainty
                                  0.000000    1.859040   clock reconvergence pessimism
                                  1.586854    3.445894   library removal time
                                              3.445894   data required time
---------------------------------------------------------------------------------------------
                                              3.445894   data required time
                                             -6.505496   data arrival time
---------------------------------------------------------------------------------------------
                                              3.059602   slack (MET)


Startpoint: rst_n (input port clocked by clk)
Endpoint: _1161_ (removal check against rising-edge clock clk)
Path Group: asynchronous
Path Type: min

Fanout         Cap        Slew       Delay        Time   Description
---------------------------------------------------------------------------------------------
                                  0.000000    0.000000   clock clk (rise edge)
                                  0.000000    0.000000   clock network delay (propagated)
                                  4.000000    4.000000 ^ input external delay
   202    0.854704    3.798108    2.504664    6.504663 ^ rst_n (in)
                                                         rst_n (net)
                      3.798865    0.000000    6.504663 ^ _1161_/RESET_B (sky130_fd_sc_hd__dfrtp_2)
                                              6.504663   data arrival time

                                  0.000000    0.000000   clock clk (rise edge)
                                  0.000000    0.000000   clock source latency
   202    0.502531    2.236611    1.608150    1.608150 ^ clk (in)
                                                         clk (net)
                      2.236621    0.000000    1.608150 ^ _1161_/CLK (sky130_fd_sc_hd__dfrtp_2)
                                  0.250000    1.858150   clock uncertainty
                                  0.000000    1.858150   clock reconvergence pessimism
                                  1.586846    3.444996   library removal time
                                              3.444996   data required time
---------------------------------------------------------------------------------------------
                                              3.444996   data required time
                                             -6.504663   data arrival time
---------------------------------------------------------------------------------------------
                                              3.059668   slack (MET)


Startpoint: rst_n (input port clocked by clk)
Endpoint: _1177_ (removal check against rising-edge clock clk)
Path Group: asynchronous
Path Type: min

Fanout         Cap        Slew       Delay        Time   Description
---------------------------------------------------------------------------------------------
                                  0.000000    0.000000   clock clk (rise edge)
                                  0.000000    0.000000   clock network delay (propagated)
                                  4.000000    4.000000 ^ input external delay
   202    0.854704    3.798108    2.504665    6.504665 ^ rst_n (in)
                                                         rst_n (net)
                      3.798865    0.000000    6.504665 ^ _1177_/RESET_B (sky130_fd_sc_hd__dfrtp_2)
                                              6.504665   data arrival time

                                  0.000000    0.000000   clock clk (rise edge)
                                  0.000000    0.000000   clock source latency
   202    0.502531    2.236611    1.608151    1.608151 ^ clk (in)
                                                         clk (net)
                      2.236621    0.000000    1.608151 ^ _1177_/CLK (sky130_fd_sc_hd__dfrtp_2)
                                  0.250000    1.858151   clock uncertainty
                                  0.000000    1.858151   clock reconvergence pessimism
                                  1.586846    3.444997   library removal time
                                              3.444997   data required time
---------------------------------------------------------------------------------------------
                                              3.444997   data required time
                                             -6.504665   data arrival time
---------------------------------------------------------------------------------------------
                                              3.059669   slack (MET)


Startpoint: rst_n (input port clocked by clk)
Endpoint: _1169_ (removal check against rising-edge clock clk)
Path Group: asynchronous
Path Type: min

Fanout         Cap        Slew       Delay        Time   Description
---------------------------------------------------------------------------------------------
                                  0.000000    0.000000   clock clk (rise edge)
                                  0.000000    0.000000   clock network delay (propagated)
                                  4.000000    4.000000 ^ input external delay
   202    0.854704    3.798108    2.504665    6.504665 ^ rst_n (in)
                                                         rst_n (net)
                      3.798865    0.000000    6.504665 ^ _1169_/RESET_B (sky130_fd_sc_hd__dfrtp_2)
                                              6.504665   data arrival time

                                  0.000000    0.000000   clock clk (rise edge)
                                  0.000000    0.000000   clock source latency
   202    0.502531    2.236611    1.608146    1.608146 ^ clk (in)
                                                         clk (net)
                      2.236621    0.000000    1.608146 ^ _1169_/CLK (sky130_fd_sc_hd__dfrtp_2)
                                  0.250000    1.858146   clock uncertainty
                                  0.000000    1.858146   clock reconvergence pessimism
                                  1.586846    3.444992   library removal time
                                              3.444992   data required time
---------------------------------------------------------------------------------------------
                                              3.444992   data required time
                                             -6.504665   data arrival time
---------------------------------------------------------------------------------------------
                                              3.059674   slack (MET)


Startpoint: rst_n (input port clocked by clk)
Endpoint: _1079_ (removal check against rising-edge clock clk)
Path Group: asynchronous
Path Type: min

Fanout         Cap        Slew       Delay        Time   Description
---------------------------------------------------------------------------------------------
                                  0.000000    0.000000   clock clk (rise edge)
                                  0.000000    0.000000   clock network delay (propagated)
                                  4.000000    4.000000 ^ input external delay
   202    0.854704    3.798108    2.505685    6.505685 ^ rst_n (in)
                                                         rst_n (net)
                      3.798902    0.000000    6.505685 ^ _1079_/RESET_B (sky130_fd_sc_hd__dfrtp_2)
                                              6.505685   data arrival time

                                  0.000000    0.000000   clock clk (rise edge)
                                  0.000000    0.000000   clock source latency
   202    0.502531    2.236611    1.608999    1.608999 ^ clk (in)
                                                         clk (net)
                      2.236626    0.000000    1.608999 ^ _1079_/CLK (sky130_fd_sc_hd__dfrtp_2)
                                  0.250000    1.858999   clock uncertainty
                                  0.000000    1.858999   clock reconvergence pessimism
                                  1.586856    3.445855   library removal time
                                              3.445855   data required time
---------------------------------------------------------------------------------------------
                                              3.445855   data required time
                                             -6.505685   data arrival time
---------------------------------------------------------------------------------------------
                                              3.059830   slack (MET)


Startpoint: rst_n (input port clocked by clk)
Endpoint: _1095_ (removal check against rising-edge clock clk)
Path Group: asynchronous
Path Type: min

Fanout         Cap        Slew       Delay        Time   Description
---------------------------------------------------------------------------------------------
                                  0.000000    0.000000   clock clk (rise edge)
                                  0.000000    0.000000   clock network delay (propagated)
                                  4.000000    4.000000 ^ input external delay
   202    0.854704    3.798108    2.505702    6.505702 ^ rst_n (in)
                                                         rst_n (net)
                      3.798903    0.000000    6.505702 ^ _1095_/RESET_B (sky130_fd_sc_hd__dfrtp_2)
                                              6.505702   data arrival time

                                  0.000000    0.000000   clock clk (rise edge)
                                  0.000000    0.000000   clock source latency
   202    0.502531    2.236611    1.608992    1.608992 ^ clk (in)
                                                         clk (net)
                      2.236626    0.000000    1.608992 ^ _1095_/CLK (sky130_fd_sc_hd__dfrtp_2)
                                  0.250000    1.858992   clock uncertainty
                                  0.000000    1.858992   clock reconvergence pessimism
                                  1.586856    3.445848   library removal time
                                              3.445848   data required time
---------------------------------------------------------------------------------------------
                                              3.445848   data required time
                                             -6.505702   data arrival time
---------------------------------------------------------------------------------------------
                                              3.059854   slack (MET)


Startpoint: rst_n (input port clocked by clk)
Endpoint: _1153_ (removal check against rising-edge clock clk)
Path Group: asynchronous
Path Type: min

Fanout         Cap        Slew       Delay        Time   Description
---------------------------------------------------------------------------------------------
                                  0.000000    0.000000   clock clk (rise edge)
                                  0.000000    0.000000   clock network delay (propagated)
                                  4.000000    4.000000 ^ input external delay
   202    0.854704    3.798108    2.504777    6.504777 ^ rst_n (in)
                                                         rst_n (net)
                      3.798869    0.000000    6.504777 ^ _1153_/RESET_B (sky130_fd_sc_hd__dfrtp_2)
                                              6.504777   data arrival time

                                  0.000000    0.000000   clock clk (rise edge)
                                  0.000000    0.000000   clock source latency
   202    0.502531    2.236611    1.608014    1.608014 ^ clk (in)
                                                         clk (net)
                      2.236620    0.000000    1.608014 ^ _1153_/CLK (sky130_fd_sc_hd__dfrtp_2)
                                  0.250000    1.858014   clock uncertainty
                                  0.000000    1.858014   clock reconvergence pessimism
                                  1.586847    3.444861   library removal time
                                              3.444861   data required time
---------------------------------------------------------------------------------------------
                                              3.444861   data required time
                                             -6.504777   data arrival time
---------------------------------------------------------------------------------------------
                                              3.059916   slack (MET)


Startpoint: rst_n (input port clocked by clk)
Endpoint: _1129_ (removal check against rising-edge clock clk)
Path Group: asynchronous
Path Type: min

Fanout         Cap        Slew       Delay        Time   Description
---------------------------------------------------------------------------------------------
                                  0.000000    0.000000   clock clk (rise edge)
                                  0.000000    0.000000   clock network delay (propagated)
                                  4.000000    4.000000 ^ input external delay
   202    0.854704    3.798108    2.504796    6.504796 ^ rst_n (in)
                                                         rst_n (net)
                      3.798870    0.000000    6.504796 ^ _1129_/RESET_B (sky130_fd_sc_hd__dfrtp_2)
                                              6.504796   data arrival time

                                  0.000000    0.000000   clock clk (rise edge)
                                  0.000000    0.000000   clock source latency
   202    0.502531    2.236611    1.607992    1.607992 ^ clk (in)
                                                         clk (net)
                      2.236620    0.000000    1.607992 ^ _1129_/CLK (sky130_fd_sc_hd__dfrtp_2)
                                  0.250000    1.857992   clock uncertainty
                                  0.000000    1.857992   clock reconvergence pessimism
                                  1.586847    3.444839   library removal time
                                              3.444839   data required time
---------------------------------------------------------------------------------------------
                                              3.444839   data required time
                                             -6.504796   data arrival time
---------------------------------------------------------------------------------------------
                                              3.059957   slack (MET)


Startpoint: rst_n (input port clocked by clk)
Endpoint: _1137_ (removal check against rising-edge clock clk)
Path Group: asynchronous
Path Type: min

Fanout         Cap        Slew       Delay        Time   Description
---------------------------------------------------------------------------------------------
                                  0.000000    0.000000   clock clk (rise edge)
                                  0.000000    0.000000   clock network delay (propagated)
                                  4.000000    4.000000 ^ input external delay
   202    0.854704    3.798108    2.504792    6.504792 ^ rst_n (in)
                                                         rst_n (net)
                      3.798869    0.000000    6.504792 ^ _1137_/RESET_B (sky130_fd_sc_hd__dfrtp_2)
                                              6.504792   data arrival time

                                  0.000000    0.000000   clock clk (rise edge)
                                  0.000000    0.000000   clock source latency
   202    0.502531    2.236611    1.607988    1.607988 ^ clk (in)
                                                         clk (net)
                      2.236620    0.000000    1.607988 ^ _1137_/CLK (sky130_fd_sc_hd__dfrtp_2)
                                  0.250000    1.857988   clock uncertainty
                                  0.000000    1.857988   clock reconvergence pessimism
                                  1.586847    3.444836   library removal time
                                              3.444836   data required time
---------------------------------------------------------------------------------------------
                                              3.444836   data required time
                                             -6.504792   data arrival time
---------------------------------------------------------------------------------------------
                                              3.059956   slack (MET)


Startpoint: rst_n (input port clocked by clk)
Endpoint: _1145_ (removal check against rising-edge clock clk)
Path Group: asynchronous
Path Type: min

Fanout         Cap        Slew       Delay        Time   Description
---------------------------------------------------------------------------------------------
                                  0.000000    0.000000   clock clk (rise edge)
                                  0.000000    0.000000   clock network delay (propagated)
                                  4.000000    4.000000 ^ input external delay
   202    0.854704    3.798108    2.504804    6.504804 ^ rst_n (in)
                                                         rst_n (net)
                      3.798870    0.000000    6.504804 ^ _1145_/RESET_B (sky130_fd_sc_hd__dfrtp_2)
                                              6.504804   data arrival time

                                  0.000000    0.000000   clock clk (rise edge)
                                  0.000000    0.000000   clock source latency
   202    0.502531    2.236611    1.607952    1.607952 ^ clk (in)
                                                         clk (net)
                      2.236620    0.000000    1.607952 ^ _1145_/CLK (sky130_fd_sc_hd__dfrtp_2)
                                  0.250000    1.857952   clock uncertainty
                                  0.000000    1.857952   clock reconvergence pessimism
                                  1.586847    3.444799   library removal time
                                              3.444799   data required time
---------------------------------------------------------------------------------------------
                                              3.444799   data required time
                                             -6.504804   data arrival time
---------------------------------------------------------------------------------------------
                                              3.060005   slack (MET)


Startpoint: rst_n (input port clocked by clk)
Endpoint: _1251_ (removal check against rising-edge clock clk)
Path Group: asynchronous
Path Type: min

Fanout         Cap        Slew       Delay        Time   Description
---------------------------------------------------------------------------------------------
                                  0.000000    0.000000   clock clk (rise edge)
                                  0.000000    0.000000   clock network delay (propagated)
                                  4.000000    4.000000 ^ input external delay
   202    0.854704    3.798108    2.505832    6.505833 ^ rst_n (in)
                                                         rst_n (net)
                      3.798908    0.000000    6.505833 ^ _1251_/RESET_B (sky130_fd_sc_hd__dfrtp_2)
                                              6.505833   data arrival time

                                  0.000000    0.000000   clock clk (rise edge)
                                  0.000000    0.000000   clock source latency
   202    0.502531    2.236611    1.608932    1.608932 ^ clk (in)
                                                         clk (net)
                      2.236625    0.000000    1.608932 ^ _1251_/CLK (sky130_fd_sc_hd__dfrtp_2)
                                  0.250000    1.858932   clock uncertainty
                                  0.000000    1.858932   clock reconvergence pessimism
                                  1.586857    3.445789   library removal time
                                              3.445789   data required time
---------------------------------------------------------------------------------------------
                                              3.445789   data required time
                                             -6.505833   data arrival time
---------------------------------------------------------------------------------------------
                                              3.060044   slack (MET)


Startpoint: rst_n (input port clocked by clk)
Endpoint: _1121_ (removal check against rising-edge clock clk)
Path Group: asynchronous
Path Type: min

Fanout         Cap        Slew       Delay        Time   Description
---------------------------------------------------------------------------------------------
                                  0.000000    0.000000   clock clk (rise edge)
                                  0.000000    0.000000   clock network delay (propagated)
                                  4.000000    4.000000 ^ input external delay
   202    0.854704    3.798108    2.505868    6.505868 ^ rst_n (in)
                                                         rst_n (net)
                      3.798909    0.000000    6.505868 ^ _1121_/RESET_B (sky130_fd_sc_hd__dfrtp_2)
                                              6.505868   data arrival time

                                  0.000000    0.000000   clock clk (rise edge)
                                  0.000000    0.000000   clock source latency
   202    0.502531    2.236611    1.608922    1.608922 ^ clk (in)
                                                         clk (net)
                      2.236625    0.000000    1.608922 ^ _1121_/CLK (sky130_fd_sc_hd__dfrtp_2)
                                  0.250000    1.858922   clock uncertainty
                                  0.000000    1.858922   clock reconvergence pessimism
                                  1.586857    3.445780   library removal time
                                              3.445780   data required time
---------------------------------------------------------------------------------------------
                                              3.445780   data required time
                                             -6.505868   data arrival time
---------------------------------------------------------------------------------------------
                                              3.060088   slack (MET)


Startpoint: rst_n (input port clocked by clk)
Endpoint: _1122_ (removal check against rising-edge clock clk)
Path Group: asynchronous
Path Type: min

Fanout         Cap        Slew       Delay        Time   Description
---------------------------------------------------------------------------------------------
                                  0.000000    0.000000   clock clk (rise edge)
                                  0.000000    0.000000   clock network delay (propagated)
                                  4.000000    4.000000 ^ input external delay
   202    0.854704    3.798108    2.504811    6.504811 ^ rst_n (in)
                                                         rst_n (net)
                      3.798870    0.000000    6.504811 ^ _1122_/RESET_B (sky130_fd_sc_hd__dfrtp_2)
                                              6.504811   data arrival time

                                  0.000000    0.000000   clock clk (rise edge)
                                  0.000000    0.000000   clock source latency
   202    0.502531    2.236611    1.607869    1.607869 ^ clk (in)
                                                         clk (net)
                      2.236620    0.000000    1.607869 ^ _1122_/CLK (sky130_fd_sc_hd__dfrtp_2)
                                  0.250000    1.857869   clock uncertainty
                                  0.000000    1.857869   clock reconvergence pessimism
                                  1.586847    3.444717   library removal time
                                              3.444717   data required time
---------------------------------------------------------------------------------------------
                                              3.444717   data required time
                                             -6.504811   data arrival time
---------------------------------------------------------------------------------------------
                                              3.060095   slack (MET)


Startpoint: rst_n (input port clocked by clk)
Endpoint: _1175_ (removal check against rising-edge clock clk)
Path Group: asynchronous
Path Type: min

Fanout         Cap        Slew       Delay        Time   Description
---------------------------------------------------------------------------------------------
                                  0.000000    0.000000   clock clk (rise edge)
                                  0.000000    0.000000   clock network delay (propagated)
                                  4.000000    4.000000 ^ input external delay
   202    0.854704    3.798108    2.505936    6.505937 ^ rst_n (in)
                                                         rst_n (net)
                      3.798912    0.000000    6.505937 ^ _1175_/RESET_B (sky130_fd_sc_hd__dfrtp_2)
                                              6.505937   data arrival time

                                  0.000000    0.000000   clock clk (rise edge)
                                  0.000000    0.000000   clock source latency
   202    0.502531    2.236611    1.608841    1.608841 ^ clk (in)
                                                         clk (net)
                      2.236625    0.000000    1.608841 ^ _1175_/CLK (sky130_fd_sc_hd__dfrtp_2)
                                  0.250000    1.858841   clock uncertainty
                                  0.000000    1.858841   clock reconvergence pessimism
                                  1.586858    3.445698   library removal time
                                              3.445698   data required time
---------------------------------------------------------------------------------------------
                                              3.445698   data required time
                                             -6.505937   data arrival time
---------------------------------------------------------------------------------------------
                                              3.060238   slack (MET)


Startpoint: rst_n (input port clocked by clk)
Endpoint: _1098_ (removal check against rising-edge clock clk)
Path Group: asynchronous
Path Type: min

Fanout         Cap        Slew       Delay        Time   Description
---------------------------------------------------------------------------------------------
                                  0.000000    0.000000   clock clk (rise edge)
                                  0.000000    0.000000   clock network delay (propagated)
                                  4.000000    4.000000 ^ input external delay
   202    0.854704    3.798108    2.504853    6.504853 ^ rst_n (in)
                                                         rst_n (net)
                      3.798872    0.000000    6.504853 ^ _1098_/RESET_B (sky130_fd_sc_hd__dfrtp_2)
                                              6.504853   data arrival time

                                  0.000000    0.000000   clock clk (rise edge)
                                  0.000000    0.000000   clock source latency
   202    0.502531    2.236611    1.607701    1.607701 ^ clk (in)
                                                         clk (net)
                      2.236619    0.000000    1.607701 ^ _1098_/CLK (sky130_fd_sc_hd__dfrtp_2)
                                  0.250000    1.857701   clock uncertainty
                                  0.000000    1.857701   clock reconvergence pessimism
                                  1.586848    3.444549   library removal time
                                              3.444549   data required time
---------------------------------------------------------------------------------------------
                                              3.444549   data required time
                                             -6.504853   data arrival time
---------------------------------------------------------------------------------------------
                                              3.060304   slack (MET)


Startpoint: rst_n (input port clocked by clk)
Endpoint: _1066_ (removal check against rising-edge clock clk)
Path Group: asynchronous
Path Type: min

Fanout         Cap        Slew       Delay        Time   Description
---------------------------------------------------------------------------------------------
                                  0.000000    0.000000   clock clk (rise edge)
                                  0.000000    0.000000   clock network delay (propagated)
                                  4.000000    4.000000 ^ input external delay
   202    0.854704    3.798108    2.504883    6.504883 ^ rst_n (in)
                                                         rst_n (net)
                      3.798873    0.000000    6.504883 ^ _1066_/RESET_B (sky130_fd_sc_hd__dfrtp_2)
                                              6.504883   data arrival time

                                  0.000000    0.000000   clock clk (rise edge)
                                  0.000000    0.000000   clock source latency
   202    0.502531    2.236611    1.607700    1.607700 ^ clk (in)
                                                         clk (net)
                      2.236619    0.000000    1.607700 ^ _1066_/CLK (sky130_fd_sc_hd__dfrtp_2)
                                  0.250000    1.857700   clock uncertainty
                                  0.000000    1.857700   clock reconvergence pessimism
                                  1.586848    3.444548   library removal time
                                              3.444548   data required time
---------------------------------------------------------------------------------------------
                                              3.444548   data required time
                                             -6.504883   data arrival time
---------------------------------------------------------------------------------------------
                                              3.060335   slack (MET)


Startpoint: rst_n (input port clocked by clk)
Endpoint: _1167_ (removal check against rising-edge clock clk)
Path Group: asynchronous
Path Type: min

Fanout         Cap        Slew       Delay        Time   Description
---------------------------------------------------------------------------------------------
                                  0.000000    0.000000   clock clk (rise edge)
                                  0.000000    0.000000   clock network delay (propagated)
                                  4.000000    4.000000 ^ input external delay
   202    0.854704    3.798108    2.506049    6.506049 ^ rst_n (in)
                                                         rst_n (net)
                      3.798916    0.000000    6.506049 ^ _1167_/RESET_B (sky130_fd_sc_hd__dfrtp_2)
                                              6.506049   data arrival time

                                  0.000000    0.000000   clock clk (rise edge)
                                  0.000000    0.000000   clock source latency
   202    0.502531    2.236611    1.608685    1.608685 ^ clk (in)
                                                         clk (net)
                      2.236624    0.000000    1.608685 ^ _1167_/CLK (sky130_fd_sc_hd__dfrtp_2)
                                  0.250000    1.858685   clock uncertainty
                                  0.000000    1.858685   clock reconvergence pessimism
                                  1.586859    3.445544   library removal time
                                              3.445544   data required time
---------------------------------------------------------------------------------------------
                                              3.445544   data required time
                                             -6.506049   data arrival time
---------------------------------------------------------------------------------------------
                                              3.060505   slack (MET)


Startpoint: rst_n (input port clocked by clk)
Endpoint: _1106_ (removal check against rising-edge clock clk)
Path Group: asynchronous
Path Type: min

Fanout         Cap        Slew       Delay        Time   Description
---------------------------------------------------------------------------------------------
                                  0.000000    0.000000   clock clk (rise edge)
                                  0.000000    0.000000   clock network delay (propagated)
                                  4.000000    4.000000 ^ input external delay
   202    0.854704    3.798108    2.505127    6.505127 ^ rst_n (in)
                                                         rst_n (net)
                      3.798882    0.000000    6.505127 ^ _1106_/RESET_B (sky130_fd_sc_hd__dfrtp_2)
                                              6.505127   data arrival time

                                  0.000000    0.000000   clock clk (rise edge)
                                  0.000000    0.000000   clock source latency
   202    0.502531    2.236611    1.607678    1.607678 ^ clk (in)
                                                         clk (net)
                      2.236619    0.000000    1.607678 ^ _1106_/CLK (sky130_fd_sc_hd__dfrtp_2)
                                  0.250000    1.857678   clock uncertainty
                                  0.000000    1.857678   clock reconvergence pessimism
                                  1.586850    3.444528   library removal time
                                              3.444528   data required time
---------------------------------------------------------------------------------------------
                                              3.444528   data required time
                                             -6.505127   data arrival time
---------------------------------------------------------------------------------------------
                                              3.060599   slack (MET)


Startpoint: rst_n (input port clocked by clk)
Endpoint: _1159_ (removal check against rising-edge clock clk)
Path Group: asynchronous
Path Type: min

Fanout         Cap        Slew       Delay        Time   Description
---------------------------------------------------------------------------------------------
                                  0.000000    0.000000   clock clk (rise edge)
                                  0.000000    0.000000   clock network delay (propagated)
                                  4.000000    4.000000 ^ input external delay
   202    0.854704    3.798108    2.506058    6.506058 ^ rst_n (in)
                                                         rst_n (net)
                      3.798916    0.000000    6.506058 ^ _1159_/RESET_B (sky130_fd_sc_hd__dfrtp_2)
                                              6.506058   data arrival time

                                  0.000000    0.000000   clock clk (rise edge)
                                  0.000000    0.000000   clock source latency
   202    0.502531    2.236611    1.608429    1.608429 ^ clk (in)
                                                         clk (net)
                      2.236623    0.000000    1.608429 ^ _1159_/CLK (sky130_fd_sc_hd__dfrtp_2)
                                  0.250000    1.858429   clock uncertainty
                                  0.000000    1.858429   clock reconvergence pessimism
                                  1.586859    3.445288   library removal time
                                              3.445288   data required time
---------------------------------------------------------------------------------------------
                                              3.445288   data required time
                                             -6.506058   data arrival time
---------------------------------------------------------------------------------------------
                                              3.060770   slack (MET)


Startpoint: rst_n (input port clocked by clk)
Endpoint: _1103_ (removal check against rising-edge clock clk)
Path Group: asynchronous
Path Type: min

Fanout         Cap        Slew       Delay        Time   Description
---------------------------------------------------------------------------------------------
                                  0.000000    0.000000   clock clk (rise edge)
                                  0.000000    0.000000   clock network delay (propagated)
                                  4.000000    4.000000 ^ input external delay
   202    0.854704    3.798108    2.505344    6.505344 ^ rst_n (in)
                                                         rst_n (net)
                      3.798889    0.000000    6.505344 ^ _1103_/RESET_B (sky130_fd_sc_hd__dfrtp_2)
                                              6.505344   data arrival time

                                  0.000000    0.000000   clock clk (rise edge)
                                  0.000000    0.000000   clock source latency
   202    0.502531    2.236611    1.607649    1.607649 ^ clk (in)
                                                         clk (net)
                      2.236619    0.000000    1.607649 ^ _1103_/CLK (sky130_fd_sc_hd__dfrtp_2)
                                  0.250000    1.857649   clock uncertainty
                                  0.000000    1.857649   clock reconvergence pessimism
                                  1.586852    3.444501   library removal time
                                              3.444501   data required time
---------------------------------------------------------------------------------------------
                                              3.444501   data required time
                                             -6.505344   data arrival time
---------------------------------------------------------------------------------------------
                                              3.060843   slack (MET)


Startpoint: rst_n (input port clocked by clk)
Endpoint: _1178_ (removal check against rising-edge clock clk)
Path Group: asynchronous
Path Type: min

Fanout         Cap        Slew       Delay        Time   Description
---------------------------------------------------------------------------------------------
                                  0.000000    0.000000   clock clk (rise edge)
                                  0.000000    0.000000   clock network delay (propagated)
                                  4.000000    4.000000 ^ input external delay
   202    0.854704    3.798108    2.505462    6.505462 ^ rst_n (in)
                                                         rst_n (net)
                      3.798894    0.000000    6.505462 ^ _1178_/RESET_B (sky130_fd_sc_hd__dfrtp_2)
                                              6.505462   data arrival time

                                  0.000000    0.000000   clock clk (rise edge)
                                  0.000000    0.000000   clock source latency
   202    0.502531    2.236611    1.607615    1.607615 ^ clk (in)
                                                         clk (net)
                      2.236619    0.000000    1.607615 ^ _1178_/CLK (sky130_fd_sc_hd__dfrtp_2)
                                  0.250000    1.857615   clock uncertainty
                                  0.000000    1.857615   clock reconvergence pessimism
                                  1.586853    3.444468   library removal time
                                              3.444468   data required time
---------------------------------------------------------------------------------------------
                                              3.444468   data required time
                                             -6.505462   data arrival time
---------------------------------------------------------------------------------------------
                                              3.060994   slack (MET)


Startpoint: rst_n (input port clocked by clk)
Endpoint: _1170_ (removal check against rising-edge clock clk)
Path Group: asynchronous
Path Type: min

Fanout         Cap        Slew       Delay        Time   Description
---------------------------------------------------------------------------------------------
                                  0.000000    0.000000   clock clk (rise edge)
                                  0.000000    0.000000   clock network delay (propagated)
                                  4.000000    4.000000 ^ input external delay
   202    0.854704    3.798108    2.505548    6.505548 ^ rst_n (in)
                                                         rst_n (net)
                      3.798897    0.000000    6.505548 ^ _1170_/RESET_B (sky130_fd_sc_hd__dfrtp_2)
                                              6.505548   data arrival time

                                  0.000000    0.000000   clock clk (rise edge)
                                  0.000000    0.000000   clock source latency
   202    0.502531    2.236611    1.607586    1.607586 ^ clk (in)
                                                         clk (net)
                      2.236619    0.000000    1.607586 ^ _1170_/CLK (sky130_fd_sc_hd__dfrtp_2)
                                  0.250000    1.857586   clock uncertainty
                                  0.000000    1.857586   clock reconvergence pessimism
                                  1.586854    3.444439   library removal time
                                              3.444439   data required time
---------------------------------------------------------------------------------------------
                                              3.444439   data required time
                                             -6.505548   data arrival time
---------------------------------------------------------------------------------------------
                                              3.061109   slack (MET)


Startpoint: rst_n (input port clocked by clk)
Endpoint: _1162_ (removal check against rising-edge clock clk)
Path Group: asynchronous
Path Type: min

Fanout         Cap        Slew       Delay        Time   Description
---------------------------------------------------------------------------------------------
                                  0.000000    0.000000   clock clk (rise edge)
                                  0.000000    0.000000   clock network delay (propagated)
                                  4.000000    4.000000 ^ input external delay
   202    0.854704    3.798108    2.505652    6.505652 ^ rst_n (in)
                                                         rst_n (net)
                      3.798901    0.000000    6.505652 ^ _1162_/RESET_B (sky130_fd_sc_hd__dfrtp_2)
                                              6.505652   data arrival time

                                  0.000000    0.000000   clock clk (rise edge)
                                  0.000000    0.000000   clock source latency
   202    0.502531    2.236611    1.607539    1.607539 ^ clk (in)
                                                         clk (net)
                      2.236618    0.000000    1.607539 ^ _1162_/CLK (sky130_fd_sc_hd__dfrtp_2)
                                  0.250000    1.857539   clock uncertainty
                                  0.000000    1.857539   clock reconvergence pessimism
                                  1.586855    3.444394   library removal time
                                              3.444394   data required time
---------------------------------------------------------------------------------------------
                                              3.444394   data required time
                                             -6.505652   data arrival time
---------------------------------------------------------------------------------------------
                                              3.061259   slack (MET)


Startpoint: rst_n (input port clocked by clk)
Endpoint: _1130_ (removal check against rising-edge clock clk)
Path Group: asynchronous
Path Type: min

Fanout         Cap        Slew       Delay        Time   Description
---------------------------------------------------------------------------------------------
                                  0.000000    0.000000   clock clk (rise edge)
                                  0.000000    0.000000   clock network delay (propagated)
                                  4.000000    4.000000 ^ input external delay
   202    0.854704    3.798108    2.505851    6.505851 ^ rst_n (in)
                                                         rst_n (net)
                      3.798908    0.000000    6.505851 ^ _1130_/RESET_B (sky130_fd_sc_hd__dfrtp_2)
                                              6.505851   data arrival time

                                  0.000000    0.000000   clock clk (rise edge)
                                  0.000000    0.000000   clock source latency
   202    0.502531    2.236611    1.607600    1.607600 ^ clk (in)
                                                         clk (net)
                      2.236619    0.000000    1.607600 ^ _1130_/CLK (sky130_fd_sc_hd__dfrtp_2)
                                  0.250000    1.857600   clock uncertainty
                                  0.000000    1.857600   clock reconvergence pessimism
                                  1.586857    3.444456   library removal time
                                              3.444456   data required time
---------------------------------------------------------------------------------------------
                                              3.444456   data required time
                                             -6.505851   data arrival time
---------------------------------------------------------------------------------------------
                                              3.061395   slack (MET)


Startpoint: rst_n (input port clocked by clk)
Endpoint: _1154_ (removal check against rising-edge clock clk)
Path Group: asynchronous
Path Type: min

Fanout         Cap        Slew       Delay        Time   Description
---------------------------------------------------------------------------------------------
                                  0.000000    0.000000   clock clk (rise edge)
                                  0.000000    0.000000   clock network delay (propagated)
                                  4.000000    4.000000 ^ input external delay
   202    0.854704    3.798108    2.505773    6.505773 ^ rst_n (in)
                                                         rst_n (net)
                      3.798905    0.000000    6.505773 ^ _1154_/RESET_B (sky130_fd_sc_hd__dfrtp_2)
                                              6.505773   data arrival time

                                  0.000000    0.000000   clock clk (rise edge)
                                  0.000000    0.000000   clock source latency
   202    0.502531    2.236611    1.607467    1.607467 ^ clk (in)
                                                         clk (net)
                      2.236618    0.000000    1.607467 ^ _1154_/CLK (sky130_fd_sc_hd__dfrtp_2)
                                  0.250000    1.857467   clock uncertainty
                                  0.000000    1.857467   clock reconvergence pessimism
                                  1.586856    3.444323   library removal time
                                              3.444323   data required time
---------------------------------------------------------------------------------------------
                                              3.444323   data required time
                                             -6.505773   data arrival time
---------------------------------------------------------------------------------------------
                                              3.061450   slack (MET)


Startpoint: rst_n (input port clocked by clk)
Endpoint: _1138_ (removal check against rising-edge clock clk)
Path Group: asynchronous
Path Type: min

Fanout         Cap        Slew       Delay        Time   Description
---------------------------------------------------------------------------------------------
                                  0.000000    0.000000   clock clk (rise edge)
                                  0.000000    0.000000   clock network delay (propagated)
                                  4.000000    4.000000 ^ input external delay
   202    0.854704    3.798108    2.505843    6.505843 ^ rst_n (in)
                                                         rst_n (net)
                      3.798908    0.000000    6.505843 ^ _1138_/RESET_B (sky130_fd_sc_hd__dfrtp_2)
                                              6.505843   data arrival time

                                  0.000000    0.000000   clock clk (rise edge)
                                  0.000000    0.000000   clock source latency
   202    0.502531    2.236611    1.607519    1.607519 ^ clk (in)
                                                         clk (net)
                      2.236618    0.000000    1.607519 ^ _1138_/CLK (sky130_fd_sc_hd__dfrtp_2)
                                  0.250000    1.857519   clock uncertainty
                                  0.000000    1.857519   clock reconvergence pessimism
                                  1.586857    3.444375   library removal time
                                              3.444375   data required time
---------------------------------------------------------------------------------------------
                                              3.444375   data required time
                                             -6.505843   data arrival time
---------------------------------------------------------------------------------------------
                                              3.061468   slack (MET)


Startpoint: rst_n (input port clocked by clk)
Endpoint: _1146_ (removal check against rising-edge clock clk)
Path Group: asynchronous
Path Type: min

Fanout         Cap        Slew       Delay        Time   Description
---------------------------------------------------------------------------------------------
                                  0.000000    0.000000   clock clk (rise edge)
                                  0.000000    0.000000   clock network delay (propagated)
                                  4.000000    4.000000 ^ input external delay
   202    0.854704    3.798108    2.505830    6.505830 ^ rst_n (in)
                                                         rst_n (net)
                      3.798908    0.000000    6.505830 ^ _1146_/RESET_B (sky130_fd_sc_hd__dfrtp_2)
                                              6.505830   data arrival time

                                  0.000000    0.000000   clock clk (rise edge)
                                  0.000000    0.000000   clock source latency
   202    0.502531    2.236611    1.607446    1.607446 ^ clk (in)
                                                         clk (net)
                      2.236618    0.000000    1.607446 ^ _1146_/CLK (sky130_fd_sc_hd__dfrtp_2)
                                  0.250000    1.857446   clock uncertainty
                                  0.000000    1.857446   clock reconvergence pessimism
                                  1.586856    3.444303   library removal time
                                              3.444303   data required time
---------------------------------------------------------------------------------------------
                                              3.444303   data required time
                                             -6.505830   data arrival time
---------------------------------------------------------------------------------------------
                                              3.061527   slack (MET)


Startpoint: rst_n (input port clocked by clk)
Endpoint: _1249_ (removal check against rising-edge clock clk)
Path Group: asynchronous
Path Type: min

Fanout         Cap        Slew       Delay        Time   Description
---------------------------------------------------------------------------------------------
                                  0.000000    0.000000   clock clk (rise edge)
                                  0.000000    0.000000   clock network delay (propagated)
                                  4.000000    4.000000 ^ input external delay
   202    0.854704    3.798108    2.505931    6.505931 ^ rst_n (in)
                                                         rst_n (net)
                      3.798911    0.000000    6.505931 ^ _1249_/RESET_B (sky130_fd_sc_hd__dfrtp_2)
                                              6.505931   data arrival time

                                  0.000000    0.000000   clock clk (rise edge)
                                  0.000000    0.000000   clock source latency
   202    0.502531    2.236611    1.606971    1.606971 ^ clk (in)
                                                         clk (net)
                      2.236616    0.000000    1.606971 ^ _1249_/CLK (sky130_fd_sc_hd__dfrtp_2)
                                  0.250000    1.856971   clock uncertainty
                                  0.000000    1.856971   clock reconvergence pessimism
                                  1.586857    3.443828   library removal time
                                              3.443828   data required time
---------------------------------------------------------------------------------------------
                                              3.443828   data required time
                                             -6.505931   data arrival time
---------------------------------------------------------------------------------------------
                                              3.062104   slack (MET)


Startpoint: rst_n (input port clocked by clk)
Endpoint: _1119_ (removal check against rising-edge clock clk)
Path Group: asynchronous
Path Type: min

Fanout         Cap        Slew       Delay        Time   Description
---------------------------------------------------------------------------------------------
                                  0.000000    0.000000   clock clk (rise edge)
                                  0.000000    0.000000   clock network delay (propagated)
                                  4.000000    4.000000 ^ input external delay
   202    0.854704    3.798108    2.505949    6.505949 ^ rst_n (in)
                                                         rst_n (net)
                      3.798912    0.000000    6.505949 ^ _1119_/RESET_B (sky130_fd_sc_hd__dfrtp_2)
                                              6.505949   data arrival time

                                  0.000000    0.000000   clock clk (rise edge)
                                  0.000000    0.000000   clock source latency
   202    0.502531    2.236611    1.606864    1.606864 ^ clk (in)
                                                         clk (net)
                      2.236616    0.000000    1.606864 ^ _1119_/CLK (sky130_fd_sc_hd__dfrtp_2)
                                  0.250000    1.856864   clock uncertainty
                                  0.000000    1.856864   clock reconvergence pessimism
                                  1.586857    3.443722   library removal time
                                              3.443722   data required time
---------------------------------------------------------------------------------------------
                                              3.443722   data required time
                                             -6.505949   data arrival time
---------------------------------------------------------------------------------------------
                                              3.062227   slack (MET)


Startpoint: rst_n (input port clocked by clk)
Endpoint: _1127_ (removal check against rising-edge clock clk)
Path Group: asynchronous
Path Type: min

Fanout         Cap        Slew       Delay        Time   Description
---------------------------------------------------------------------------------------------
                                  0.000000    0.000000   clock clk (rise edge)
                                  0.000000    0.000000   clock network delay (propagated)
                                  4.000000    4.000000 ^ input external delay
   202    0.854704    3.798108    2.505957    6.505957 ^ rst_n (in)
                                                         rst_n (net)
                      3.798912    0.000000    6.505957 ^ _1127_/RESET_B (sky130_fd_sc_hd__dfrtp_2)
                                              6.505957   data arrival time

                                  0.000000    0.000000   clock clk (rise edge)
                                  0.000000    0.000000   clock source latency
   202    0.502531    2.236611    1.606782    1.606782 ^ clk (in)
                                                         clk (net)
                      2.236615    0.000000    1.606782 ^ _1127_/CLK (sky130_fd_sc_hd__dfrtp_2)
                                  0.250000    1.856782   clock uncertainty
                                  0.000000    1.856782   clock reconvergence pessimism
                                  1.586857    3.443639   library removal time
                                              3.443639   data required time
---------------------------------------------------------------------------------------------
                                              3.443639   data required time
                                             -6.505957   data arrival time
---------------------------------------------------------------------------------------------
                                              3.062318   slack (MET)


Startpoint: rst_n (input port clocked by clk)
Endpoint: _1135_ (removal check against rising-edge clock clk)
Path Group: asynchronous
Path Type: min

Fanout         Cap        Slew       Delay        Time   Description
---------------------------------------------------------------------------------------------
                                  0.000000    0.000000   clock clk (rise edge)
                                  0.000000    0.000000   clock network delay (propagated)
                                  4.000000    4.000000 ^ input external delay
   202    0.854704    3.798108    2.505966    6.505966 ^ rst_n (in)
                                                         rst_n (net)
                      3.798912    0.000000    6.505966 ^ _1135_/RESET_B (sky130_fd_sc_hd__dfrtp_2)
                                              6.505966   data arrival time

                                  0.000000    0.000000   clock clk (rise edge)
                                  0.000000    0.000000   clock source latency
   202    0.502531    2.236611    1.606630    1.606630 ^ clk (in)
                                                         clk (net)
                      2.236615    0.000000    1.606630 ^ _1135_/CLK (sky130_fd_sc_hd__dfrtp_2)
                                  0.250000    1.856630   clock uncertainty
                                  0.000000    1.856630   clock reconvergence pessimism
                                  1.586857    3.443487   library removal time
                                              3.443487   data required time
---------------------------------------------------------------------------------------------
                                              3.443487   data required time
                                             -6.505966   data arrival time
---------------------------------------------------------------------------------------------
                                              3.062479   slack (MET)


Startpoint: rst_n (input port clocked by clk)
Endpoint: _1151_ (removal check against rising-edge clock clk)
Path Group: asynchronous
Path Type: min

Fanout         Cap        Slew       Delay        Time   Description
---------------------------------------------------------------------------------------------
                                  0.000000    0.000000   clock clk (rise edge)
                                  0.000000    0.000000   clock network delay (propagated)
                                  4.000000    4.000000 ^ input external delay
   202    0.854704    3.798108    2.506082    6.506082 ^ rst_n (in)
                                                         rst_n (net)
                      3.798917    0.000000    6.506082 ^ _1151_/RESET_B (sky130_fd_sc_hd__dfrtp_2)
                                              6.506082   data arrival time

                                  0.000000    0.000000   clock clk (rise edge)
                                  0.000000    0.000000   clock source latency
   202    0.502531    2.236611    1.606559    1.606559 ^ clk (in)
                                                         clk (net)
                      2.236615    0.000000    1.606559 ^ _1151_/CLK (sky130_fd_sc_hd__dfrtp_2)
                                  0.250000    1.856559   clock uncertainty
                                  0.000000    1.856559   clock reconvergence pessimism
                                  1.586858    3.443417   library removal time
                                              3.443417   data required time
---------------------------------------------------------------------------------------------
                                              3.443417   data required time
                                             -6.506082   data arrival time
---------------------------------------------------------------------------------------------
                                              3.062665   slack (MET)


Startpoint: rst_n (input port clocked by clk)
Endpoint: _1143_ (removal check against rising-edge clock clk)
Path Group: asynchronous
Path Type: min

Fanout         Cap        Slew       Delay        Time   Description
---------------------------------------------------------------------------------------------
                                  0.000000    0.000000   clock clk (rise edge)
                                  0.000000    0.000000   clock network delay (propagated)
                                  4.000000    4.000000 ^ input external delay
   202    0.854704    3.798108    2.506091    6.506091 ^ rst_n (in)
                                                         rst_n (net)
                      3.798917    0.000000    6.506091 ^ _1143_/RESET_B (sky130_fd_sc_hd__dfrtp_2)
                                              6.506091   data arrival time

                                  0.000000    0.000000   clock clk (rise edge)
                                  0.000000    0.000000   clock source latency
   202    0.502531    2.236611    1.606206    1.606206 ^ clk (in)
                                                         clk (net)
                      2.236614    0.000000    1.606206 ^ _1143_/CLK (sky130_fd_sc_hd__dfrtp_2)
                                  0.250000    1.856206   clock uncertainty
                                  0.000000    1.856206   clock reconvergence pessimism
                                  1.586859    3.443065   library removal time
                                              3.443065   data required time
---------------------------------------------------------------------------------------------
                                              3.443065   data required time
                                             -6.506091   data arrival time
---------------------------------------------------------------------------------------------
                                              3.063026   slack (MET)


Startpoint: rst_n (input port clocked by clk)
Endpoint: _1239_ (removal check against rising-edge clock clk)
Path Group: asynchronous
Path Type: min

Fanout         Cap        Slew       Delay        Time   Description
---------------------------------------------------------------------------------------------
                                  0.000000    0.000000   clock clk (rise edge)
                                  0.000000    0.000000   clock network delay (propagated)
                                  4.000000    4.000000 ^ input external delay
   202    0.854704    3.798108    2.476300    6.476301 ^ rst_n (in)
                                                         rst_n (net)
                      3.798189    0.000000    6.476301 ^ _1239_/SET_B (sky130_fd_sc_hd__dfstp_2)
                                              6.476301   data arrival time

                                  0.000000    0.000000   clock clk (rise edge)
                                  0.000000    0.000000   clock source latency
   202    0.502531    2.236611    1.627868    1.627868 ^ clk (in)
                                                         clk (net)
                      2.236947    0.000000    1.627868 ^ _1239_/CLK (sky130_fd_sc_hd__dfstp_2)
                                  0.250000    1.877868   clock uncertainty
                                  0.000000    1.877868   clock reconvergence pessimism
                                  0.482189    2.360057   library removal time
                                              2.360057   data required time
---------------------------------------------------------------------------------------------
                                              2.360057   data required time
                                             -6.476301   data arrival time
---------------------------------------------------------------------------------------------
                                              4.116243   slack (MET)


Startpoint: rst_n (input port clocked by clk)
Endpoint: _1061_ (removal check against rising-edge clock clk)
Path Group: asynchronous
Path Type: min

Fanout         Cap        Slew       Delay        Time   Description
---------------------------------------------------------------------------------------------
                                  0.000000    0.000000   clock clk (rise edge)
                                  0.000000    0.000000   clock network delay (propagated)
                                  4.000000    4.000000 ^ input external delay
   202    0.854704    3.798108    2.479084    6.479084 ^ rst_n (in)
                                                         rst_n (net)
                      3.798225    0.000000    6.479084 ^ _1061_/SET_B (sky130_fd_sc_hd__dfstp_2)
                                              6.479084   data arrival time

                                  0.000000    0.000000   clock clk (rise edge)
                                  0.000000    0.000000   clock source latency
   202    0.502531    2.236611    1.619497    1.619497 ^ clk (in)
                                                         clk (net)
                      2.236753    0.000000    1.619497 ^ _1061_/CLK (sky130_fd_sc_hd__dfstp_2)
                                  0.250000    1.869497   clock uncertainty
                                  0.000000    1.869497   clock reconvergence pessimism
                                  0.482172    2.351669   library removal time
                                              2.351669   data required time
---------------------------------------------------------------------------------------------
                                              2.351669   data required time
                                             -6.479084   data arrival time
---------------------------------------------------------------------------------------------
                                              4.127416   slack (MET)


Startpoint: rst_n (input port clocked by clk)
Endpoint: _1069_ (removal check against rising-edge clock clk)
Path Group: asynchronous
Path Type: min

Fanout         Cap        Slew       Delay        Time   Description
---------------------------------------------------------------------------------------------
                                  0.000000    0.000000   clock clk (rise edge)
                                  0.000000    0.000000   clock network delay (propagated)
                                  4.000000    4.000000 ^ input external delay
   202    0.854704    3.798108    2.499267    6.499267 ^ rst_n (in)
                                                         rst_n (net)
                      3.798683    0.000000    6.499267 ^ _1069_/SET_B (sky130_fd_sc_hd__dfstp_2)
                                              6.499267   data arrival time

                                  0.000000    0.000000   clock clk (rise edge)
                                  0.000000    0.000000   clock source latency
   202    0.502531    2.236611    1.619251    1.619251 ^ clk (in)
                                                         clk (net)
                      2.236748    0.000000    1.619251 ^ _1069_/CLK (sky130_fd_sc_hd__dfstp_2)
                                  0.250000    1.869251   clock uncertainty
                                  0.000000    1.869251   clock reconvergence pessimism
                                  0.482179    2.351430   library removal time
                                              2.351430   data required time
---------------------------------------------------------------------------------------------
                                              2.351430   data required time
                                             -6.499267   data arrival time
---------------------------------------------------------------------------------------------
                                              4.147837   slack (MET)


Startpoint: rst_n (input port clocked by clk)
Endpoint: _1084_ (removal check against rising-edge clock clk)
Path Group: asynchronous
Path Type: min

Fanout         Cap        Slew       Delay        Time   Description
---------------------------------------------------------------------------------------------
                                  0.000000    0.000000   clock clk (rise edge)
                                  0.000000    0.000000   clock network delay (propagated)
                                  4.000000    4.000000 ^ input external delay
   202    0.854704    3.798108    2.499799    6.499800 ^ rst_n (in)
                                                         rst_n (net)
                      3.798700    0.000000    6.499800 ^ _1084_/SET_B (sky130_fd_sc_hd__dfstp_2)
                                              6.499800   data arrival time

                                  0.000000    0.000000   clock clk (rise edge)
                                  0.000000    0.000000   clock source latency
   202    0.502531    2.236611    1.617121    1.617121 ^ clk (in)
                                                         clk (net)
                      2.236712    0.000000    1.617121 ^ _1084_/CLK (sky130_fd_sc_hd__dfstp_2)
                                  0.250000    1.867121   clock uncertainty
                                  0.000000    1.867121   clock reconvergence pessimism
                                  0.482176    2.349297   library removal time
                                              2.349297   data required time
---------------------------------------------------------------------------------------------
                                              2.349297   data required time
                                             -6.499800   data arrival time
---------------------------------------------------------------------------------------------
                                              4.150502   slack (MET)


Startpoint: rst_n (input port clocked by clk)
Endpoint: _1068_ (removal check against rising-edge clock clk)
Path Group: asynchronous
Path Type: min

Fanout         Cap        Slew       Delay        Time   Description
---------------------------------------------------------------------------------------------
                                  0.000000    0.000000   clock clk (rise edge)
                                  0.000000    0.000000   clock network delay (propagated)
                                  4.000000    4.000000 ^ input external delay
   202    0.854704    3.798108    2.499821    6.499821 ^ rst_n (in)
                                                         rst_n (net)
                      3.798700    0.000000    6.499821 ^ _1068_/SET_B (sky130_fd_sc_hd__dfstp_2)
                                              6.499821   data arrival time

                                  0.000000    0.000000   clock clk (rise edge)
                                  0.000000    0.000000   clock source latency
   202    0.502531    2.236611    1.617120    1.617120 ^ clk (in)
                                                         clk (net)
                      2.236712    0.000000    1.617120 ^ _1068_/CLK (sky130_fd_sc_hd__dfstp_2)
                                  0.250000    1.867120   clock uncertainty
                                  0.000000    1.867120   clock reconvergence pessimism
                                  0.482176    2.349296   library removal time
                                              2.349296   data required time
---------------------------------------------------------------------------------------------
                                              2.349296   data required time
                                             -6.499821   data arrival time
---------------------------------------------------------------------------------------------
                                              4.150526   slack (MET)


Startpoint: rst_n (input port clocked by clk)
Endpoint: _1102_ (removal check against rising-edge clock clk)
Path Group: asynchronous
Path Type: min

Fanout         Cap        Slew       Delay        Time   Description
---------------------------------------------------------------------------------------------
                                  0.000000    0.000000   clock clk (rise edge)
                                  0.000000    0.000000   clock network delay (propagated)
                                  4.000000    4.000000 ^ input external delay
   202    0.854704    3.798108    2.500365    6.500365 ^ rst_n (in)
                                                         rst_n (net)
                      3.798718    0.000000    6.500365 ^ _1102_/SET_B (sky130_fd_sc_hd__dfstp_2)
                                              6.500365   data arrival time

                                  0.000000    0.000000   clock clk (rise edge)
                                  0.000000    0.000000   clock source latency
   202    0.502531    2.236611    1.617427    1.617427 ^ clk (in)
                                                         clk (net)
                      2.236717    0.000000    1.617427 ^ _1102_/CLK (sky130_fd_sc_hd__dfstp_2)
                                  0.250000    1.867427   clock uncertainty
                                  0.000000    1.867427   clock reconvergence pessimism
                                  0.482177    2.349604   library removal time
                                              2.349604   data required time
---------------------------------------------------------------------------------------------
                                              2.349604   data required time
                                             -6.500365   data arrival time
---------------------------------------------------------------------------------------------
                                              4.150761   slack (MET)


Startpoint: rst_n (input port clocked by clk)
Endpoint: _1101_ (removal check against rising-edge clock clk)
Path Group: asynchronous
Path Type: min

Fanout         Cap        Slew       Delay        Time   Description
---------------------------------------------------------------------------------------------
                                  0.000000    0.000000   clock clk (rise edge)
                                  0.000000    0.000000   clock network delay (propagated)
                                  4.000000    4.000000 ^ input external delay
   202    0.854704    3.798108    2.499357    6.499357 ^ rst_n (in)
                                                         rst_n (net)
                      3.798686    0.000000    6.499357 ^ _1101_/SET_B (sky130_fd_sc_hd__dfstp_2)
                                              6.499357   data arrival time

                                  0.000000    0.000000   clock clk (rise edge)
                                  0.000000    0.000000   clock source latency
   202    0.502531    2.236611    1.616405    1.616405 ^ clk (in)
                                                         clk (net)
                      2.236701    0.000000    1.616405 ^ _1101_/CLK (sky130_fd_sc_hd__dfstp_2)
                                  0.250000    1.866405   clock uncertainty
                                  0.000000    1.866405   clock reconvergence pessimism
                                  0.482175    2.348580   library removal time
                                              2.348580   data required time
---------------------------------------------------------------------------------------------
                                              2.348580   data required time
                                             -6.499357   data arrival time
---------------------------------------------------------------------------------------------
                                              4.150777   slack (MET)


Startpoint: rst_n (input port clocked by clk)
Endpoint: _1093_ (removal check against rising-edge clock clk)
Path Group: asynchronous
Path Type: min

Fanout         Cap        Slew       Delay        Time   Description
---------------------------------------------------------------------------------------------
                                  0.000000    0.000000   clock clk (rise edge)
                                  0.000000    0.000000   clock network delay (propagated)
                                  4.000000    4.000000 ^ input external delay
   202    0.854704    3.798108    2.499362    6.499362 ^ rst_n (in)
                                                         rst_n (net)
                      3.798686    0.000000    6.499362 ^ _1093_/SET_B (sky130_fd_sc_hd__dfstp_2)
                                              6.499362   data arrival time

                                  0.000000    0.000000   clock clk (rise edge)
                                  0.000000    0.000000   clock source latency
   202    0.502531    2.236611    1.616404    1.616404 ^ clk (in)
                                                         clk (net)
                      2.236701    0.000000    1.616404 ^ _1093_/CLK (sky130_fd_sc_hd__dfstp_2)
                                  0.250000    1.866404   clock uncertainty
                                  0.000000    1.866404   clock reconvergence pessimism
                                  0.482175    2.348579   library removal time
                                              2.348579   data required time
---------------------------------------------------------------------------------------------
                                              2.348579   data required time
                                             -6.499362   data arrival time
---------------------------------------------------------------------------------------------
                                              4.150783   slack (MET)


Startpoint: rst_n (input port clocked by clk)
Endpoint: _1086_ (removal check against rising-edge clock clk)
Path Group: asynchronous
Path Type: min

Fanout         Cap        Slew       Delay        Time   Description
---------------------------------------------------------------------------------------------
                                  0.000000    0.000000   clock clk (rise edge)
                                  0.000000    0.000000   clock network delay (propagated)
                                  4.000000    4.000000 ^ input external delay
   202    0.854704    3.798108    2.500368    6.500368 ^ rst_n (in)
                                                         rst_n (net)
                      3.798718    0.000000    6.500368 ^ _1086_/SET_B (sky130_fd_sc_hd__dfstp_2)
                                              6.500368   data arrival time

                                  0.000000    0.000000   clock clk (rise edge)
                                  0.000000    0.000000   clock source latency
   202    0.502531    2.236611    1.617379    1.617379 ^ clk (in)
                                                         clk (net)
                      2.236717    0.000000    1.617379 ^ _1086_/CLK (sky130_fd_sc_hd__dfstp_2)
                                  0.250000    1.867379   clock uncertainty
                                  0.000000    1.867379   clock reconvergence pessimism
                                  0.482177    2.349556   library removal time
                                              2.349556   data required time
---------------------------------------------------------------------------------------------
                                              2.349556   data required time
                                             -6.500368   data arrival time
---------------------------------------------------------------------------------------------
                                              4.150811   slack (MET)


Startpoint: rst_n (input port clocked by clk)
Endpoint: _1052_ (removal check against rising-edge clock clk)
Path Group: asynchronous
Path Type: min

Fanout         Cap        Slew       Delay        Time   Description
---------------------------------------------------------------------------------------------
                                  0.000000    0.000000   clock clk (rise edge)
                                  0.000000    0.000000   clock network delay (propagated)
                                  4.000000    4.000000 ^ input external delay
   202    0.854704    3.798108    2.499624    6.499625 ^ rst_n (in)
                                                         rst_n (net)
                      3.798694    0.000000    6.499625 ^ _1052_/SET_B (sky130_fd_sc_hd__dfstp_2)
                                              6.499625   data arrival time

                                  0.000000    0.000000   clock clk (rise edge)
                                  0.000000    0.000000   clock source latency
   202    0.502531    2.236611    1.616321    1.616321 ^ clk (in)
                                                         clk (net)
                      2.236701    0.000000    1.616321 ^ _1052_/CLK (sky130_fd_sc_hd__dfstp_2)
                                  0.250000    1.866321   clock uncertainty
                                  0.000000    1.866321   clock reconvergence pessimism
                                  0.482175    2.348496   library removal time
                                              2.348496   data required time
---------------------------------------------------------------------------------------------
                                              2.348496   data required time
                                             -6.499625   data arrival time
---------------------------------------------------------------------------------------------
                                              4.151128   slack (MET)


Startpoint: rst_n (input port clocked by clk)
Endpoint: _1100_ (removal check against rising-edge clock clk)
Path Group: asynchronous
Path Type: min

Fanout         Cap        Slew       Delay        Time   Description
---------------------------------------------------------------------------------------------
                                  0.000000    0.000000   clock clk (rise edge)
                                  0.000000    0.000000   clock network delay (propagated)
                                  4.000000    4.000000 ^ input external delay
   202    0.854704    3.798108    2.499631    6.499631 ^ rst_n (in)
                                                         rst_n (net)
                      3.798694    0.000000    6.499631 ^ _1100_/SET_B (sky130_fd_sc_hd__dfstp_2)
                                              6.499631   data arrival time

                                  0.000000    0.000000   clock clk (rise edge)
                                  0.000000    0.000000   clock source latency
   202    0.502531    2.236611    1.616292    1.616292 ^ clk (in)
                                                         clk (net)
                      2.236700    0.000000    1.616292 ^ _1100_/CLK (sky130_fd_sc_hd__dfstp_2)
                                  0.250000    1.866292   clock uncertainty
                                  0.000000    1.866292   clock reconvergence pessimism
                                  0.482175    2.348467   library removal time
                                              2.348467   data required time
---------------------------------------------------------------------------------------------
                                              2.348467   data required time
                                             -6.499631   data arrival time
---------------------------------------------------------------------------------------------
                                              4.151165   slack (MET)


Startpoint: rst_n (input port clocked by clk)
Endpoint: _1078_ (removal check against rising-edge clock clk)
Path Group: asynchronous
Path Type: min

Fanout         Cap        Slew       Delay        Time   Description
---------------------------------------------------------------------------------------------
                                  0.000000    0.000000   clock clk (rise edge)
                                  0.000000    0.000000   clock network delay (propagated)
                                  4.000000    4.000000 ^ input external delay
   202    0.854704    3.798108    2.502050    6.502050 ^ rst_n (in)
                                                         rst_n (net)
                      3.798773    0.000000    6.502050 ^ _1078_/SET_B (sky130_fd_sc_hd__dfstp_2)
                                              6.502050   data arrival time

                                  0.000000    0.000000   clock clk (rise edge)
                                  0.000000    0.000000   clock source latency
   202    0.502531    2.236611    1.617385    1.617385 ^ clk (in)
                                                         clk (net)
                      2.236717    0.000000    1.617385 ^ _1078_/CLK (sky130_fd_sc_hd__dfstp_2)
                                  0.250000    1.867385   clock uncertainty
                                  0.000000    1.867385   clock reconvergence pessimism
                                  0.482178    2.349563   library removal time
                                              2.349563   data required time
---------------------------------------------------------------------------------------------
                                              2.349563   data required time
                                             -6.502050   data arrival time
---------------------------------------------------------------------------------------------
                                              4.152486   slack (MET)


Startpoint: rst_n (input port clocked by clk)
Endpoint: _1094_ (removal check against rising-edge clock clk)
Path Group: asynchronous
Path Type: min

Fanout         Cap        Slew       Delay        Time   Description
---------------------------------------------------------------------------------------------
                                  0.000000    0.000000   clock clk (rise edge)
                                  0.000000    0.000000   clock network delay (propagated)
                                  4.000000    4.000000 ^ input external delay
   202    0.854704    3.798108    2.502275    6.502275 ^ rst_n (in)
                                                         rst_n (net)
                      3.798781    0.000000    6.502275 ^ _1094_/SET_B (sky130_fd_sc_hd__dfstp_2)
                                              6.502275   data arrival time

                                  0.000000    0.000000   clock clk (rise edge)
                                  0.000000    0.000000   clock source latency
   202    0.502531    2.236611    1.617363    1.617363 ^ clk (in)
                                                         clk (net)
                      2.236716    0.000000    1.617363 ^ _1094_/CLK (sky130_fd_sc_hd__dfstp_2)
                                  0.250000    1.867363   clock uncertainty
                                  0.000000    1.867363   clock reconvergence pessimism
                                  0.482178    2.349541   library removal time
                                              2.349541   data required time
---------------------------------------------------------------------------------------------
                                              2.349541   data required time
                                             -6.502275   data arrival time
---------------------------------------------------------------------------------------------
                                              4.152733   slack (MET)


Startpoint: rst_n (input port clocked by clk)
Endpoint: _1111_ (removal check against rising-edge clock clk)
Path Group: asynchronous
Path Type: min

Fanout         Cap        Slew       Delay        Time   Description
---------------------------------------------------------------------------------------------
                                  0.000000    0.000000   clock clk (rise edge)
                                  0.000000    0.000000   clock network delay (propagated)
                                  4.000000    4.000000 ^ input external delay
   202    0.854704    3.798108    2.505229    6.505229 ^ rst_n (in)
                                                         rst_n (net)
                      3.798885    0.000000    6.505229 ^ _1111_/SET_B (sky130_fd_sc_hd__dfstp_2)
                                              6.505229   data arrival time

                                  0.000000    0.000000   clock clk (rise edge)
                                  0.000000    0.000000   clock source latency
   202    0.502531    2.236611    1.609073    1.609073 ^ clk (in)
                                                         clk (net)
                      2.236626    0.000000    1.609073 ^ _1111_/CLK (sky130_fd_sc_hd__dfstp_2)
                                  0.250000    1.859073   clock uncertainty
                                  0.000000    1.859073   clock reconvergence pessimism
                                  0.482171    2.341244   library removal time
                                              2.341244   data required time
---------------------------------------------------------------------------------------------
                                              2.341244   data required time
                                             -6.505229   data arrival time
---------------------------------------------------------------------------------------------
                                              4.163985   slack (MET)


Startpoint: _1228_ (rising edge-triggered flip-flop clocked by clk)
Endpoint: uo_out[0] (output port clocked by clk)
Path Group: clk
Path Type: min

Fanout         Cap        Slew       Delay        Time   Description
---------------------------------------------------------------------------------------------
                                  0.000000    0.000000   clock clk (rise edge)
                                  0.000000    0.000000   clock source latency
   202    0.502531    2.236611    1.473557    1.473557 ^ clk (in)
                                                         clk (net)
                      2.236970    0.000000    1.473557 ^ _1228_/CLK (sky130_fd_sc_hd__dfrtp_2)
     2    0.036493    0.116767    0.736744    2.210301 v _1228_/Q (sky130_fd_sc_hd__dfrtp_2)
                                                         uo_out[0] (net)
                      0.116767    0.000097    2.210399 v uo_out[0] (out)
                                              2.210399   data arrival time

                                  0.000000    0.000000   clock clk (rise edge)
                                  0.000000    0.000000   clock network delay (propagated)
                                  0.250000    0.250000   clock uncertainty
                                  0.000000    0.250000   clock reconvergence pessimism
                                 -4.000000   -3.750000   output external delay
                                             -3.750000   data required time
---------------------------------------------------------------------------------------------
                                             -3.750000   data required time
                                             -2.210399   data arrival time
---------------------------------------------------------------------------------------------
                                              5.960399   slack (MET)


Startpoint: _1229_ (rising edge-triggered flip-flop clocked by clk)
Endpoint: uo_out[1] (output port clocked by clk)
Path Group: clk
Path Type: min

Fanout         Cap        Slew       Delay        Time   Description
---------------------------------------------------------------------------------------------
                                  0.000000    0.000000   clock clk (rise edge)
                                  0.000000    0.000000   clock source latency
   202    0.502531    2.236611    1.473556    1.473556 ^ clk (in)
                                                         clk (net)
                      2.236970    0.000000    1.473556 ^ _1229_/CLK (sky130_fd_sc_hd__dfrtp_2)
     2    0.036697    0.115768    0.737175    2.210730 v _1229_/Q (sky130_fd_sc_hd__dfrtp_2)
                                                         uo_out[1] (net)
                      0.115768    0.000153    2.210883 v uo_out[1] (out)
                                              2.210883   data arrival time

                                  0.000000    0.000000   clock clk (rise edge)
                                  0.000000    0.000000   clock network delay (propagated)
                                  0.250000    0.250000   clock uncertainty
                                  0.000000    0.250000   clock reconvergence pessimism
                                 -4.000000   -3.750000   output external delay
                                             -3.750000   data required time
---------------------------------------------------------------------------------------------
                                             -3.750000   data required time
                                             -2.210883   data arrival time
---------------------------------------------------------------------------------------------
                                              5.960883   slack (MET)


Startpoint: _1231_ (rising edge-triggered flip-flop clocked by clk)
Endpoint: uo_out[3] (output port clocked by clk)
Path Group: clk
Path Type: min

Fanout         Cap        Slew       Delay        Time   Description
---------------------------------------------------------------------------------------------
                                  0.000000    0.000000   clock clk (rise edge)
                                  0.000000    0.000000   clock source latency
   202    0.502531    2.236611    1.475300    1.475300 ^ clk (in)
                                                         clk (net)
                      2.237029    0.000000    1.475300 ^ _1231_/CLK (sky130_fd_sc_hd__dfrtp_2)
     2    0.036375    0.117444    0.736475    2.211775 v _1231_/Q (sky130_fd_sc_hd__dfrtp_2)
                                                         uo_out[3] (net)
                      0.117444    0.000099    2.211874 v uo_out[3] (out)
                                              2.211874   data arrival time

                                  0.000000    0.000000   clock clk (rise edge)
                                  0.000000    0.000000   clock network delay (propagated)
                                  0.250000    0.250000   clock uncertainty
                                  0.000000    0.250000   clock reconvergence pessimism
                                 -4.000000   -3.750000   output external delay
                                             -3.750000   data required time
---------------------------------------------------------------------------------------------
                                             -3.750000   data required time
                                             -2.211874   data arrival time
---------------------------------------------------------------------------------------------
                                              5.961874   slack (MET)


Startpoint: _1230_ (rising edge-triggered flip-flop clocked by clk)
Endpoint: uo_out[2] (output port clocked by clk)
Path Group: clk
Path Type: min

Fanout         Cap        Slew       Delay        Time   Description
---------------------------------------------------------------------------------------------
                                  0.000000    0.000000   clock clk (rise edge)
                                  0.000000    0.000000   clock source latency
   202    0.502531    2.236611    1.475297    1.475297 ^ clk (in)
                                                         clk (net)
                      2.237029    0.000000    1.475297 ^ _1230_/CLK (sky130_fd_sc_hd__dfrtp_2)
     2    0.036433    0.117107    0.736602    2.211900 v _1230_/Q (sky130_fd_sc_hd__dfrtp_2)
                                                         uo_out[2] (net)
                      0.117107    0.000109    2.212008 v uo_out[2] (out)
                                              2.212008   data arrival time

                                  0.000000    0.000000   clock clk (rise edge)
                                  0.000000    0.000000   clock network delay (propagated)
                                  0.250000    0.250000   clock uncertainty
                                  0.000000    0.250000   clock reconvergence pessimism
                                 -4.000000   -3.750000   output external delay
                                             -3.750000   data required time
---------------------------------------------------------------------------------------------
                                             -3.750000   data required time
                                             -2.212008   data arrival time
---------------------------------------------------------------------------------------------
                                              5.962008   slack (MET)


Startpoint: _1233_ (rising edge-triggered flip-flop clocked by clk)
Endpoint: uo_out[5] (output port clocked by clk)
Path Group: clk
Path Type: min

Fanout         Cap        Slew       Delay        Time   Description
---------------------------------------------------------------------------------------------
                                  0.000000    0.000000   clock clk (rise edge)
                                  0.000000    0.000000   clock source latency
   202    0.502531    2.236611    1.475789    1.475789 ^ clk (in)
                                                         clk (net)
                      2.237046    0.000000    1.475789 ^ _1233_/CLK (sky130_fd_sc_hd__dfrtp_2)
     2    0.036476    0.116868    0.736700    2.212489 v _1233_/Q (sky130_fd_sc_hd__dfrtp_2)
                                                         uo_out[5] (net)
                      0.116868    0.000114    2.212603 v uo_out[5] (out)
                                              2.212603   data arrival time

                                  0.000000    0.000000   clock clk (rise edge)
                                  0.000000    0.000000   clock network delay (propagated)
                                  0.250000    0.250000   clock uncertainty
                                  0.000000    0.250000   clock reconvergence pessimism
                                 -4.000000   -3.750000   output external delay
                                             -3.750000   data required time
---------------------------------------------------------------------------------------------
                                             -3.750000   data required time
                                             -2.212603   data arrival time
---------------------------------------------------------------------------------------------
                                              5.962603   slack (MET)


Startpoint: _1232_ (rising edge-triggered flip-flop clocked by clk)
Endpoint: uo_out[4] (output port clocked by clk)
Path Group: clk
Path Type: min

Fanout         Cap        Slew       Delay        Time   Description
---------------------------------------------------------------------------------------------
                                  0.000000    0.000000   clock clk (rise edge)
                                  0.000000    0.000000   clock source latency
   202    0.502531    2.236611    1.475785    1.475785 ^ clk (in)
                                                         clk (net)
                      2.237046    0.000000    1.475785 ^ _1232_/CLK (sky130_fd_sc_hd__dfrtp_2)
     2    0.036502    0.116729    0.736754    2.212538 v _1232_/Q (sky130_fd_sc_hd__dfrtp_2)
                                                         uo_out[4] (net)
                      0.116729    0.000121    2.212660 v uo_out[4] (out)
                                              2.212660   data arrival time

                                  0.000000    0.000000   clock clk (rise edge)
                                  0.000000    0.000000   clock network delay (propagated)
                                  0.250000    0.250000   clock uncertainty
                                  0.000000    0.250000   clock reconvergence pessimism
                                 -4.000000   -3.750000   output external delay
                                             -3.750000   data required time
---------------------------------------------------------------------------------------------
                                             -3.750000   data required time
                                             -2.212660   data arrival time
---------------------------------------------------------------------------------------------
                                              5.962660   slack (MET)


Startpoint: _1235_ (rising edge-triggered flip-flop clocked by clk)
Endpoint: uo_out[7] (output port clocked by clk)
Path Group: clk
Path Type: min

Fanout         Cap        Slew       Delay        Time   Description
---------------------------------------------------------------------------------------------
                                  0.000000    0.000000   clock clk (rise edge)
                                  0.000000    0.000000   clock source latency
   202    0.502531    2.236611    1.475570    1.475570 ^ clk (in)
                                                         clk (net)
                      2.237039    0.000000    1.475570 ^ _1235_/CLK (sky130_fd_sc_hd__dfrtp_2)
     2    0.037222    0.114023    0.738277    2.213847 v _1235_/Q (sky130_fd_sc_hd__dfrtp_2)
                                                         uo_out[7] (net)
                      0.114023    0.000330    2.214177 v uo_out[7] (out)
                                              2.214177   data arrival time

                                  0.000000    0.000000   clock clk (rise edge)
                                  0.000000    0.000000   clock network delay (propagated)
                                  0.250000    0.250000   clock uncertainty
                                  0.000000    0.250000   clock reconvergence pessimism
                                 -4.000000   -3.750000   output external delay
                                             -3.750000   data required time
---------------------------------------------------------------------------------------------
                                             -3.750000   data required time
                                             -2.214177   data arrival time
---------------------------------------------------------------------------------------------
                                              5.964177   slack (MET)


Startpoint: _1234_ (rising edge-triggered flip-flop clocked by clk)
Endpoint: uo_out[6] (output port clocked by clk)
Path Group: clk
Path Type: min

Fanout         Cap        Slew       Delay        Time   Description
---------------------------------------------------------------------------------------------
                                  0.000000    0.000000   clock clk (rise edge)
                                  0.000000    0.000000   clock source latency
   202    0.502531    2.236611    1.475803    1.475803 ^ clk (in)
                                                         clk (net)
                      2.237047    0.000000    1.475803 ^ _1234_/CLK (sky130_fd_sc_hd__dfrtp_2)
     2    0.037337    0.113968    0.738570    2.214373 v _1234_/Q (sky130_fd_sc_hd__dfrtp_2)
                                                         uo_out[6] (net)
                      0.113968    0.000298    2.214671 v uo_out[6] (out)
                                              2.214671   data arrival time

                                  0.000000    0.000000   clock clk (rise edge)
                                  0.000000    0.000000   clock network delay (propagated)
                                  0.250000    0.250000   clock uncertainty
                                  0.000000    0.250000   clock reconvergence pessimism
                                 -4.000000   -3.750000   output external delay
                                             -3.750000   data required time
---------------------------------------------------------------------------------------------
                                             -3.750000   data required time
                                             -2.214671   data arrival time
---------------------------------------------------------------------------------------------
                                              5.964671   slack (MET)



